Well/XY,cell_id,total_distance,net_distance,linearity,spearmanrsq,progressivity,max_speed,min_speed,avg_speed,MSD_slope,hurst_RS,nongauss,disp_var,disp_skew,rw_linearity,rw_netdist,rw_kurtosis01,rw_kurtosis02,rw_kurtosis03,rw_kurtosis04,rw_kurtosis05,rw_kurtosis06,rw_kurtosis07,rw_kurtosis08,rw_kurtosis09,rw_kurtosis10,avg_moving_speed01,avg_moving_speed02,avg_moving_speed03,avg_moving_speed04,avg_moving_speed05,avg_moving_speed06,avg_moving_speed07,avg_moving_speed08,avg_moving_speed09,avg_moving_speed10,time_moving01,time_moving02,time_moving03,time_moving04,time_moving05,time_moving06,time_moving07,time_moving08,time_moving09,time_moving10,autocorr_1,autocorr_2,autocorr_3,autocorr_4,autocorr_5,autocorr_6,autocorr_7,autocorr_8,autocorr_9,autocorr_10,p_rturn_9_5,p_rturn_9_6,p_rturn_10_5,p_rturn_10_6,p_rturn_11_5,p_rturn_11_6,mean_theta_9_5,min_theta_9_5,max_theta_9_5,mean_theta_9_6,min_theta_9_6,max_theta_9_6,mean_theta_10_5,min_theta_10_5,max_theta_10_5,mean_theta_10_6,min_theta_10_6,max_theta_10_6,mean_theta_11_5,min_theta_11_5,max_theta_11_5,mean_theta_11_6,min_theta_11_6,max_theta_11_6
WellC02_Seq0019/xy25,0,1648.2257843966522,259.93684809968744,0.000436467673157,0.0202366668551,0.15770706329220524,32.36615819030736,0.19937903600930496,21.976343792,0.65420556235,0.81045588517,0.572736819283,387.844371035,1.848580381555637,-0.212466211255,-11.0057147107,3.4341221929252983,3.741453873005777,2.0283705392320748,0.3442683404366247,0.31814172473777536,0.01546048000483946,-0.510093509639236,-1.18186961015836,0.8037160965974004,-1.582495628799692,9.54841236518,10.4238523725,11.6013263129,12.6049121023,15.1922439139,16.39251826,17.0205482593,19.3316833308,20.2760135886,21.8549781277,0.9859154929577465,0.8873239436619719,0.7746478873239436,0.6901408450704225,0.5211267605633803,0.4647887323943662,0.43661971830985913,0.352112676056338,0.323943661971831,0.28169014084507044,0.352145347668,0.333846936772,0.136187227637,0.33668149742,-0.00173934706721,0.033624279845,0.165549703902,0.0708139485218,0.0642096497641,-0.0517273120224,0.52380952381,0.571428571429,0.65,0.65,0.45,0.5,0.5118849868,0.02242158901882954,1.7312856891094472,0.524684252713,0.009284361253218448,1.8352576231158602,0.466561549703,0.020897847486357844,1.9639058589470149,0.47854703453,0.02624012797030711,2.067877792953428,0.512493955724,0.002880494604715143,1.3669009640749026,0.547989388874,0.04598044672369702,1.6218029264485196
