Well/XY,cell_id,total_distance,net_distance,linearity,spearmanrsq,progressivity,max_speed,min_speed,avg_speed,MSD_slope,hurst_RS,nongauss,disp_var,disp_skew,rw_linearity,rw_netdist,rw_kurtosis01,rw_kurtosis02,rw_kurtosis03,rw_kurtosis04,rw_kurtosis05,rw_kurtosis06,rw_kurtosis07,rw_kurtosis08,rw_kurtosis09,rw_kurtosis10,avg_moving_speed01,avg_moving_speed02,avg_moving_speed03,avg_moving_speed04,avg_moving_speed05,avg_moving_speed06,avg_moving_speed07,avg_moving_speed08,avg_moving_speed09,avg_moving_speed10,time_moving01,time_moving02,time_moving03,time_moving04,time_moving05,time_moving06,time_moving07,time_moving08,time_moving09,time_moving10,autocorr_1,autocorr_2,autocorr_3,autocorr_4,autocorr_5,autocorr_6,autocorr_7,autocorr_8,autocorr_9,autocorr_10,p_rturn_9_5,p_rturn_9_6,p_rturn_10_5,p_rturn_10_6,p_rturn_11_5,p_rturn_11_6,mean_theta_9_5,min_theta_9_5,max_theta_9_5,mean_theta_9_6,min_theta_9_6,max_theta_9_6,mean_theta_10_5,min_theta_10_5,max_theta_10_5,mean_theta_10_6,min_theta_10_6,max_theta_10_6,mean_theta_11_5,min_theta_11_5,max_theta_11_5,mean_theta_11_6,min_theta_11_6,max_theta_11_6
WellE11_Seq0010/xy21,0,2052.5976830685727,407.0915254583421,0.744786693846,0.631527034833,0.19832991570454878,42.07862659355697,0.5652928444620668,27.0078642509,1.10546704297,0.706847183033,0.254562313858,488.787635639,1.4947060179078087,0.5147499049,71.9327442294,1.916442039794914,1.4667828203699278,1.6497542004588128,2.074842871820395,-1.2590372417787847,1.6840281414751512,1.0850537137286738,-0.6352158332312268,-0.944298528562133,-1.4818710890828763,12.3216970144,13.1341943552,14.0245142547,14.5848987493,15.3198246421,16.3338740975,16.7517012984,17.609425503,18.8282842899,19.6212967809,0.9861111111111112,0.9166666666666666,0.8472222222222222,0.8055555555555556,0.75,0.6805555555555556,0.6527777777777778,0.5972222222222222,0.5277777777777778,0.4861111111111111,0.00897083606454,0.0570025291014,0.10071022979,0.0979623897002,0.119809207205,0.010460037929,0.0159477506943,-0.00612418314193,0.0566863261252,-0.0349592135522,0.52380952381,0.52380952381,0.619047619048,0.619047619048,0.5,0.55,0.92292927065,0.012363081001321762,2.019732992151167,0.80204330905,0.012001016533967875,2.0720548736113655,1.0751405726,0.10489540561652093,2.1331060822169845,0.97574590284,0.17868835552317958,2.455759105624099,0.99485237471,0.004706620575549961,2.6804148119686197,0.911718844436,0.005860356407448406,2.680052747501249
