Well/XY,cell_id,total_distance,net_distance,linearity,spearmanrsq,progressivity,max_speed,min_speed,avg_speed,MSD_slope,hurst_RS,nongauss,disp_var,disp_skew,rw_linearity,rw_netdist,rw_kurtosis01,rw_kurtosis02,rw_kurtosis03,rw_kurtosis04,rw_kurtosis05,rw_kurtosis06,rw_kurtosis07,rw_kurtosis08,rw_kurtosis09,rw_kurtosis10,avg_moving_speed01,avg_moving_speed02,avg_moving_speed03,avg_moving_speed04,avg_moving_speed05,avg_moving_speed06,avg_moving_speed07,avg_moving_speed08,avg_moving_speed09,avg_moving_speed10,time_moving01,time_moving02,time_moving03,time_moving04,time_moving05,time_moving06,time_moving07,time_moving08,time_moving09,time_moving10,autocorr_1,autocorr_2,autocorr_3,autocorr_4,autocorr_5,autocorr_6,autocorr_7,autocorr_8,autocorr_9,autocorr_10,p_rturn_9_5,p_rturn_9_6,p_rturn_10_5,p_rturn_10_6,p_rturn_11_5,p_rturn_11_6,mean_theta_9_5,min_theta_9_5,max_theta_9_5,mean_theta_9_6,min_theta_9_6,max_theta_9_6,mean_theta_10_5,min_theta_10_5,max_theta_10_5,mean_theta_10_6,min_theta_10_6,max_theta_10_6,mean_theta_11_5,min_theta_11_5,max_theta_11_5,mean_theta_11_6,min_theta_11_6,max_theta_11_6
WellE11_Seq0010/xy02,0,2644.2642540041197,526.082585912136,0.00834819519062,0.0519827172844,0.1989523494542979,59.51470920705234,1.4235167719419668,34.7929507106,0.790854404199,0.668104903749,0.0196199942998,765.842322568,1.014515098535904,-0.2541455305,94.3134224128,0.3040127600189946,0.30470263869569436,-0.7680327991675955,-0.7992190156895047,-0.547367154067997,0.7109745317289486,-1.1474201678769225,-0.8892253192681134,-1.398544350619472,-1.3874672062268996,28.0206667504,28.0206667504,28.3750068966,29.0944700787,29.8191295645,30.5690202398,30.5690202398,31.6900861807,32.4564844419,32.8480770109,1.0,1.0,0.9861111111111112,0.9583333333333334,0.9305555555555556,0.9027777777777778,0.9027777777777778,0.8611111111111112,0.8333333333333334,0.8194444444444444,0.444751980468,-0.0328131567722,-0.0933189165965,-0.0748269550794,-0.119808602111,-0.0130583962699,-0.0325585335185,-0.176427073023,-0.135901483101,-0.123111929694,0.380952380952,0.428571428571,0.47619047619,0.47619047619,0.6,0.65,0.598459302858,0.0001571686251680269,2.3867181886417095,0.587427276929,0.014540977886048264,2.3205969657357457,0.643098600761,0.02896844606450743,2.3328435224839623,0.627818545847,0.018968182118626473,2.2667222995779985,0.520427866698,0.027993042172766314,2.195192131805395,0.507394557726,0.04237685143359657,2.003675694600783
