Well/XY,cell_id,total_distance,net_distance,linearity,spearmanrsq,progressivity,max_speed,min_speed,avg_speed,MSD_slope,hurst_RS,nongauss,disp_var,disp_skew,rw_linearity,rw_netdist,rw_kurtosis01,rw_kurtosis02,rw_kurtosis03,rw_kurtosis04,rw_kurtosis05,rw_kurtosis06,rw_kurtosis07,rw_kurtosis08,rw_kurtosis09,rw_kurtosis10,avg_moving_speed01,avg_moving_speed02,avg_moving_speed03,avg_moving_speed04,avg_moving_speed05,avg_moving_speed06,avg_moving_speed07,avg_moving_speed08,avg_moving_speed09,avg_moving_speed10,time_moving01,time_moving02,time_moving03,time_moving04,time_moving05,time_moving06,time_moving07,time_moving08,time_moving09,time_moving10,autocorr_1,autocorr_2,autocorr_3,autocorr_4,autocorr_5,autocorr_6,autocorr_7,autocorr_8,autocorr_9,autocorr_10,p_rturn_9_5,p_rturn_9_6,p_rturn_10_5,p_rturn_10_6,p_rturn_11_5,p_rturn_11_6,mean_theta_9_5,min_theta_9_5,max_theta_9_5,mean_theta_9_6,min_theta_9_6,max_theta_9_6,mean_theta_10_5,min_theta_10_5,max_theta_10_5,mean_theta_10_6,min_theta_10_6,max_theta_10_6,mean_theta_11_5,min_theta_11_5,max_theta_11_5,mean_theta_11_6,min_theta_11_6,max_theta_11_6
WellB08_Seq0006/xy18,0,86.27839756612626,20.553695531461116,0.856232670153,0.723447388396,0.23822528131341533,2.213089243568823,0.060299253726761,1.39158705752,0.957824441301,0.744295904759,-0.187523674354,0.660626736354,1.1361774966741012,0.639470892071,4.93316955216,0.8801412066295629,1.5170256790665206,0.1426306929831771,1.2775326433484189,-0.3243074442372875,1.607369314979831,-0.5474044585101612,0.6382622251539951,-0.6789185861201648,-0.17205709671756386,1.6943124368,2.32347558566,0.0,0.0,0.0,0.0,0.0,0.0,0.0,0.0,0.27586206896551724,0.10344827586206896,0.0,0.0,0.0,0.0,0.0,0.0,0.0,0.0,0.380234504601,0.121593649485,0.116341352867,-0.0357329482263,0.0474541841389,-0.016050356931,0.0562428453323,0.345802328347,0.203714847161,0.105466493214,0.375,0.375,0.1875,0.25,0.4,0.4,0.358233912428,0.0015373861631521684,1.3898367847292297,0.31952752828,0.001790984099259591,1.301142839484515,0.292171911205,0.012324434073287534,0.9360397257821311,0.288107473894,0.015696043831224957,0.9159215545473912,0.281251049643,0.004094481488751928,0.7764492850061714,0.267398011761,0.018519093231099612,0.6538648154586906
