Well/XY,cell_id,total_distance,net_distance,linearity,spearmanrsq,progressivity,max_speed,min_speed,avg_speed,MSD_slope,hurst_RS,nongauss,disp_var,disp_skew,rw_linearity,rw_netdist,rw_kurtosis01,rw_kurtosis02,rw_kurtosis03,rw_kurtosis04,rw_kurtosis05,rw_kurtosis06,rw_kurtosis07,rw_kurtosis08,rw_kurtosis09,rw_kurtosis10,avg_moving_speed01,avg_moving_speed02,avg_moving_speed03,avg_moving_speed04,avg_moving_speed05,avg_moving_speed06,avg_moving_speed07,avg_moving_speed08,avg_moving_speed09,avg_moving_speed10,time_moving01,time_moving02,time_moving03,time_moving04,time_moving05,time_moving06,time_moving07,time_moving08,time_moving09,time_moving10,autocorr_1,autocorr_2,autocorr_3,autocorr_4,autocorr_5,autocorr_6,autocorr_7,autocorr_8,autocorr_9,autocorr_10,p_rturn_9_5,p_rturn_9_6,p_rturn_10_5,p_rturn_10_6,p_rturn_11_5,p_rturn_11_6,mean_theta_9_5,min_theta_9_5,max_theta_9_5,mean_theta_9_6,min_theta_9_6,max_theta_9_6,mean_theta_10_5,min_theta_10_5,max_theta_10_5,mean_theta_10_6,min_theta_10_6,max_theta_10_6,mean_theta_11_5,min_theta_11_5,max_theta_11_5,mean_theta_11_6,min_theta_11_6,max_theta_11_6
WellG06_Seq0015/xy11,0,169.13351731989826,38.52482965569087,0.562343410686,0.533799048049,0.22777761774341398,2.4082059712574404,0.042520583250936286,2.72795995677,0.910493385792,0.617559655453,-0.0465702273626,2.9280559688,1.3695393098636774,0.342568900323,7.90355508645,2.280586626838863,0.2406250331335138,0.6987704909522554,-0.6629313606741802,-0.6699999778796215,-1.5025589420469494,-0.6658430315965616,-1.0408826693203235,-1.1147850922213671,-0.34480651832235143,1.69813081863,2.38926515039,3.29448326752,0.0,0.0,0.0,0.0,0.0,0.0,0.0,0.5172413793103449,0.13793103448275862,0.017241379310344827,0.0,0.0,0.0,0.0,0.0,0.0,0.0,-0.149178437928,0.198589065751,-0.191601780595,0.169443574371,-0.214223488505,0.0688786182698,-0.17093782453,0.176843412353,-0.0989068111952,0.251904713744,0.4375,0.375,0.375,0.3125,0.4375,0.375,0.711845099385,0.13187337738605037,1.777238046734282,0.667172516271,0.08501784787447948,1.7496245804740802,0.72774415627,0.27780646800333536,1.8192052666762735,0.675057270593,0.04750289582639275,1.7915918004160716,0.733066180458,0.10186331179491741,1.8996992258501437,0.691292095834,0.10039713376588784,1.8720857595899418
