Well/XY,cell_id,total_distance,net_distance,linearity,spearmanrsq,progressivity,max_speed,min_speed,avg_speed,MSD_slope,hurst_RS,nongauss,disp_var,disp_skew,rw_linearity,rw_netdist,rw_kurtosis01,rw_kurtosis02,rw_kurtosis03,rw_kurtosis04,rw_kurtosis05,rw_kurtosis06,rw_kurtosis07,rw_kurtosis08,rw_kurtosis09,rw_kurtosis10,avg_moving_speed01,avg_moving_speed02,avg_moving_speed03,avg_moving_speed04,avg_moving_speed05,avg_moving_speed06,avg_moving_speed07,avg_moving_speed08,avg_moving_speed09,avg_moving_speed10,time_moving01,time_moving02,time_moving03,time_moving04,time_moving05,time_moving06,time_moving07,time_moving08,time_moving09,time_moving10,autocorr_1,autocorr_2,autocorr_3,autocorr_4,autocorr_5,autocorr_6,autocorr_7,autocorr_8,autocorr_9,autocorr_10,p_rturn_9_5,p_rturn_9_6,p_rturn_10_5,p_rturn_10_6,p_rturn_11_5,p_rturn_11_6,mean_theta_9_5,min_theta_9_5,max_theta_9_5,mean_theta_9_6,min_theta_9_6,max_theta_9_6,mean_theta_10_5,min_theta_10_5,max_theta_10_5,mean_theta_10_6,min_theta_10_6,max_theta_10_6,mean_theta_11_5,min_theta_11_5,max_theta_11_5,mean_theta_11_6,min_theta_11_6,max_theta_11_6
WellG06_Seq0015/xy21,0,209.46341945227707,12.564457807641515,0.647267127517,0.684078550118,0.05998401936002066,4.999768394635901,0.02199999999997999,3.37844224923,0.642107262554,0.864542075348,-0.24165931231,4.28637171669,0.746504543517322,0.435623462141,-25.3584623852,-0.13918215547385238,1.9942380768991699,3.296328328776366,-0.7417830145444531,-0.43980920618520747,-1.534667628691664,0.7913634774420029,-1.1810813596382848,-0.0006958539517909479,-1.4596347709765685,2.35843263121,3.38350858029,3.9246043154,4.47898841995,0.0,0.0,0.0,0.0,0.0,0.0,0.6379310344827587,0.3103448275862069,0.1896551724137931,0.06896551724137931,0.0,0.0,0.0,0.0,0.0,0.0,0.111904530533,0.26913235198,0.215016475241,0.24403750286,0.08111215948,0.14257981991,0.0554443357372,0.232280902715,0.0602922849935,0.0358297755571,0.6875,0.6875,0.5625,0.5625,0.5625,0.5,0.788257804459,0.02592501235817538,2.6349291876458127,0.754129614689,0.0834509663652401,2.735992005596884,1.00890176018,0.014362416709586809,2.6022509255437423,0.971816790516,0.055795870331427064,2.6220492647053177,0.834833816835,0.020691065548544673,2.325683199769307,0.811860326094,0.03519390621035614,2.2882103824689106
