Well/XY,cell_id,total_distance,net_distance,linearity,spearmanrsq,progressivity,max_speed,min_speed,avg_speed,MSD_slope,hurst_RS,nongauss,disp_var,disp_skew,rw_linearity,rw_netdist,rw_kurtosis01,rw_kurtosis02,rw_kurtosis03,rw_kurtosis04,rw_kurtosis05,rw_kurtosis06,rw_kurtosis07,rw_kurtosis08,rw_kurtosis09,rw_kurtosis10,avg_moving_speed01,avg_moving_speed02,avg_moving_speed03,avg_moving_speed04,avg_moving_speed05,avg_moving_speed06,avg_moving_speed07,avg_moving_speed08,avg_moving_speed09,avg_moving_speed10,time_moving01,time_moving02,time_moving03,time_moving04,time_moving05,time_moving06,time_moving07,time_moving08,time_moving09,time_moving10,autocorr_1,autocorr_2,autocorr_3,autocorr_4,autocorr_5,autocorr_6,autocorr_7,autocorr_8,autocorr_9,autocorr_10,p_rturn_9_5,p_rturn_9_6,p_rturn_10_5,p_rturn_10_6,p_rturn_11_5,p_rturn_11_6,mean_theta_9_5,min_theta_9_5,max_theta_9_5,mean_theta_9_6,min_theta_9_6,max_theta_9_6,mean_theta_10_5,min_theta_10_5,max_theta_10_5,mean_theta_10_6,min_theta_10_6,max_theta_10_6,mean_theta_11_5,min_theta_11_5,max_theta_11_5,mean_theta_11_6,min_theta_11_6,max_theta_11_6
WellC09_Seq0010/xy04,0,1326.587763496413,40.51245364082508,0.277203562603,0.225053103306,0.030538841647422314,17.778560121674648,0.40496913462631035,17.6878368466,0.215840510485,0.71343392012,1.23057372493,360.216260293,2.3704283889229396,0.0391039349499,-177.557844638,5.569962261889755,2.726881591569903,6.049896338695184,-0.2575465666429899,-1.2459382389476656,0.5945735099835514,-0.6303692892723802,2.245115741138097,0.12655972506815605,-1.7383797186784387,4.49362325016,5.1992333356,6.45254209946,8.04691250255,10.6766131462,12.3098523663,13.7696897176,13.7696897176,14.5052769488,16.3778428133,0.9014084507042254,0.7323943661971831,0.49295774647887325,0.323943661971831,0.18309859154929578,0.14084507042253522,0.11267605633802817,0.11267605633802817,0.09859154929577464,0.07042253521126761,0.417916381706,0.0597648009414,0.0455216768179,-0.0399055560128,0.0251372642291,0.084021233509,0.0282589301339,-0.13102359816,-0.163541358949,-0.0800920997371,0.47619047619,0.428571428571,0.45,0.4,0.35,0.4,0.530617123708,0.013157015405939491,1.8971697537084042,0.539542992753,0.030603672317065317,1.8575110470665075,0.568393806773,0.08916716511777241,1.9215027775567244,0.570063908336,0.06536844047608344,1.8663474802265965,0.498205887909,0.05864285500088855,1.6714951078817342,0.505657577746,0.001915589869549416,1.6283537525903666
