Well/XY,cell_id,total_distance,net_distance,linearity,spearmanrsq,progressivity,max_speed,min_speed,avg_speed,MSD_slope,hurst_RS,nongauss,disp_var,disp_skew,rw_linearity,rw_netdist,rw_kurtosis01,rw_kurtosis02,rw_kurtosis03,rw_kurtosis04,rw_kurtosis05,rw_kurtosis06,rw_kurtosis07,rw_kurtosis08,rw_kurtosis09,rw_kurtosis10,avg_moving_speed01,avg_moving_speed02,avg_moving_speed03,avg_moving_speed04,avg_moving_speed05,avg_moving_speed06,avg_moving_speed07,avg_moving_speed08,avg_moving_speed09,avg_moving_speed10,time_moving01,time_moving02,time_moving03,time_moving04,time_moving05,time_moving06,time_moving07,time_moving08,time_moving09,time_moving10,autocorr_1,autocorr_2,autocorr_3,autocorr_4,autocorr_5,autocorr_6,autocorr_7,autocorr_8,autocorr_9,autocorr_10,p_rturn_9_5,p_rturn_9_6,p_rturn_10_5,p_rturn_10_6,p_rturn_11_5,p_rturn_11_6,mean_theta_9_5,min_theta_9_5,max_theta_9_5,mean_theta_9_6,min_theta_9_6,max_theta_9_6,mean_theta_10_5,min_theta_10_5,max_theta_10_5,mean_theta_10_6,min_theta_10_6,max_theta_10_6,mean_theta_11_5,min_theta_11_5,max_theta_11_5,mean_theta_11_6,min_theta_11_6,max_theta_11_6
WellC09_Seq0010/xy02,0,985.6498974319959,177.2702456702761,0.0384167858419,0.0574106480871,0.17985112780119444,31.397541305013004,1.0762899237658847,13.1419986324,0.816193339876,0.704843651137,5.11217872424,209.936679317,5.231135920416269,-0.188718060125,15.2448048768,33.78832954096441,11.658377333148273,10.727618202475654,1.7798831426015944,3.481733130396247,2.2174537891518566,-0.7004251526779579,-0.6616853956319857,-1.7276926901950065,-1.140906489120423,9.37344179606,9.48146138402,9.91053116054,10.6677580792,11.3750282211,11.4956829888,12.4307112481,13.0586744472,14.2302702477,15.666489584,1.0,0.9859154929577465,0.9295774647887324,0.8309859154929577,0.7464788732394366,0.7323943661971831,0.6197183098591549,0.5492957746478874,0.43661971830985913,0.3380281690140845,0.237869789192,0.00178742730712,-0.019566353182,-0.0129628720108,0.0784072713228,0.00407880299723,0.131956345158,-0.0998120335413,0.0125929209037,0.0495436645811,0.428571428571,0.380952380952,0.3,0.35,0.35,0.35,0.371663224074,0.015505528523560035,1.5850951589312572,0.353623790077,0.010760131858977456,1.6026843914239803,0.310863581889,0.007945943422225644,1.1439013325274165,0.29533607859,0.039962582015618614,1.1350293165375065,0.477469173595,0.00435620183219127,1.430055129908739,0.459799729416,0.020962441701186243,1.4476443624014623
