Well/XY,cell_id,total_distance,net_distance,linearity,spearmanrsq,progressivity,max_speed,min_speed,avg_speed,MSD_slope,hurst_RS,nongauss,disp_var,disp_skew,rw_linearity,rw_netdist,rw_kurtosis01,rw_kurtosis02,rw_kurtosis03,rw_kurtosis04,rw_kurtosis05,rw_kurtosis06,rw_kurtosis07,rw_kurtosis08,rw_kurtosis09,rw_kurtosis10,avg_moving_speed01,avg_moving_speed02,avg_moving_speed03,avg_moving_speed04,avg_moving_speed05,avg_moving_speed06,avg_moving_speed07,avg_moving_speed08,avg_moving_speed09,avg_moving_speed10,time_moving01,time_moving02,time_moving03,time_moving04,time_moving05,time_moving06,time_moving07,time_moving08,time_moving09,time_moving10,autocorr_1,autocorr_2,autocorr_3,autocorr_4,autocorr_5,autocorr_6,autocorr_7,autocorr_8,autocorr_9,autocorr_10,p_rturn_9_5,p_rturn_9_6,p_rturn_10_5,p_rturn_10_6,p_rturn_11_5,p_rturn_11_6,mean_theta_9_5,min_theta_9_5,max_theta_9_5,mean_theta_9_6,min_theta_9_6,max_theta_9_6,mean_theta_10_5,min_theta_10_5,max_theta_10_5,mean_theta_10_6,min_theta_10_6,max_theta_10_6,mean_theta_11_5,min_theta_11_5,max_theta_11_5,mean_theta_11_6,min_theta_11_6,max_theta_11_6
WellC09_Seq0010/xy19,0,747.7970941779744,210.53249535404268,0.590209327804,0.575418094388,0.2815369262506606,19.970805091432837,0.39145370096599286,9.97062792237,1.5064078404,0.83212805734,0.782662368476,99.067528088,1.9932895203917287,0.356174782692,87.6063385879,3.531361653743912,4.29390019034892,7.375963895942974,-0.15710131274292483,-1.0566808897962516,4.35885870141882,2.4441220325789255,-0.5953864908405966,1.8618730627448157,-0.9370832365764734,5.38281051392,6.06159989239,6.67747053622,7.45401319924,8.52511738435,9.20345622187,10.4097677379,11.0572531743,12.1860478391,13.5214546716,0.9154929577464789,0.7746478873239436,0.6619718309859155,0.5352112676056338,0.39436619718309857,0.323943661971831,0.22535211267605634,0.18309859154929578,0.1267605633802817,0.08450704225352113,0.548251668101,0.256373538691,0.360120180967,0.391095289822,0.282705029909,0.309837920201,0.253538681774,0.199956130583,0.23578081679,0.225606395088,0.571428571429,0.52380952381,0.45,0.45,0.6,0.55,0.848017292582,0.0038893866964134815,2.812307048805974,0.774494860934,0.00911600899570723,2.337339968965403,1.00369920453,0.023907021899430933,2.4679878026941986,1.07284110112,0.005821901221560136,2.543470743828805,0.813344252448,0.03869619230972005,2.3241009462513236,0.863200747688,0.0030521226746752085,2.333722202176175
