Well/XY,cell_id,total_distance,net_distance,linearity,spearmanrsq,progressivity,max_speed,min_speed,avg_speed,MSD_slope,hurst_RS,nongauss,disp_var,disp_skew,rw_linearity,rw_netdist,rw_kurtosis01,rw_kurtosis02,rw_kurtosis03,rw_kurtosis04,rw_kurtosis05,rw_kurtosis06,rw_kurtosis07,rw_kurtosis08,rw_kurtosis09,rw_kurtosis10,avg_moving_speed01,avg_moving_speed02,avg_moving_speed03,avg_moving_speed04,avg_moving_speed05,avg_moving_speed06,avg_moving_speed07,avg_moving_speed08,avg_moving_speed09,avg_moving_speed10,time_moving01,time_moving02,time_moving03,time_moving04,time_moving05,time_moving06,time_moving07,time_moving08,time_moving09,time_moving10,autocorr_1,autocorr_2,autocorr_3,autocorr_4,autocorr_5,autocorr_6,autocorr_7,autocorr_8,autocorr_9,autocorr_10,p_rturn_9_5,p_rturn_9_6,p_rturn_10_5,p_rturn_10_6,p_rturn_11_5,p_rturn_11_6,mean_theta_9_5,min_theta_9_5,max_theta_9_5,mean_theta_9_6,min_theta_9_6,max_theta_9_6,mean_theta_10_5,min_theta_10_5,max_theta_10_5,mean_theta_10_6,min_theta_10_6,max_theta_10_6,mean_theta_11_5,min_theta_11_5,max_theta_11_5,mean_theta_11_6,min_theta_11_6,max_theta_11_6
WellC06_Seq0015/xy23,0,1022.2584346048103,206.20164984790972,0.611350935593,0.43726741768,0.2017118596117274,20.86272120314128,0.08944271909999159,13.6301124614,0.73147432361,0.686776421684,1.65425974073,233.274362189,2.6179726274940167,0.354252927791,38.1583376097,7.962539197027512,7.724433876534453,4.242070339297132,5.040391454090852,-0.09780872814914332,4.866643765666807,-0.6571632290016938,-0.3825474899113006,1.0590991736873088,1.8176877064103039,5.34688884261,6.47602945748,8.03882430565,9.58389171485,11.4063675885,12.8952489972,13.8065473048,13.8065473048,15.9602412335,15.9602412335,0.9154929577464789,0.704225352112676,0.5070422535211268,0.38028169014084506,0.28169014084507044,0.22535211267605634,0.19718309859154928,0.19718309859154928,0.14084507042253522,0.14084507042253522,0.164804027908,0.134192256506,0.159039783561,0.0213075495115,-0.0811876097939,-0.0564350906736,-0.0034740564351,0.149963459463,0.0527284751362,-0.0351017801371,0.571428571429,0.52380952381,0.5,0.45,0.5,0.5,1.30224943104,0.4103868428927116,2.476762297844882,1.140955585,0.03785288505436354,2.560343388314509,1.34692621579,0.19252323359957635,2.4442243054963315,1.29969841839,0.09015853276579089,2.5278053959659585,1.33182953257,0.09065645440989892,2.4510233296315236,1.33231659496,0.23478193256310972,2.5006272850574054
