Well/XY,cell_id,total_distance,net_distance,linearity,spearmanrsq,progressivity,max_speed,min_speed,avg_speed,MSD_slope,hurst_RS,nongauss,disp_var,disp_skew,rw_linearity,rw_netdist,rw_kurtosis01,rw_kurtosis02,rw_kurtosis03,rw_kurtosis04,rw_kurtosis05,rw_kurtosis06,rw_kurtosis07,rw_kurtosis08,rw_kurtosis09,rw_kurtosis10,avg_moving_speed01,avg_moving_speed02,avg_moving_speed03,avg_moving_speed04,avg_moving_speed05,avg_moving_speed06,avg_moving_speed07,avg_moving_speed08,avg_moving_speed09,avg_moving_speed10,time_moving01,time_moving02,time_moving03,time_moving04,time_moving05,time_moving06,time_moving07,time_moving08,time_moving09,time_moving10,autocorr_1,autocorr_2,autocorr_3,autocorr_4,autocorr_5,autocorr_6,autocorr_7,autocorr_8,autocorr_9,autocorr_10,p_rturn_9_5,p_rturn_9_6,p_rturn_10_5,p_rturn_10_6,p_rturn_11_5,p_rturn_11_6,mean_theta_9_5,min_theta_9_5,max_theta_9_5,mean_theta_9_6,min_theta_9_6,max_theta_9_6,mean_theta_10_5,min_theta_10_5,max_theta_10_5,mean_theta_10_6,min_theta_10_6,max_theta_10_6,mean_theta_11_5,min_theta_11_5,max_theta_11_5,mean_theta_11_6,min_theta_11_6,max_theta_11_6
WellC06_Seq0015/xy17,0,1306.3731939035777,174.30940881088432,0.370334589601,0.448647033382,0.13343002568051007,28.745483123440472,0.8002499609497018,17.418309252,0.781642143175,0.73830894014,4.94500189123,627.702439214,4.4467604042991535,0.118735112816,-40.4379301118,20.975966865370026,12.287149036504005,5.939268726873552,3.826825309847978,0.7762797558511361,1.0862699741218558,0.2686754920537071,-0.3417690051610154,-0.07324317539015679,-0.49815871182761295,5.62934774892,5.94160568894,6.43239661753,7.80628989582,8.5589258984,10.7372895702,11.9731481127,14.5614726847,16.2589428284,19.007687339,0.971830985915493,0.9014084507042254,0.7887323943661971,0.5352112676056338,0.43661971830985913,0.2535211267605634,0.19718309859154928,0.1267605633802817,0.09859154929577464,0.07042253521126761,0.52139913192,0.202278540386,0.11981914145,-0.0823911153197,-0.112372811032,-0.0792137865658,-0.0432861905823,-0.0345144990127,-0.049324184498,-0.114059579066,0.52380952381,0.52380952381,0.4,0.35,0.55,0.6,0.867032056672,0.09301197125433062,2.100597637406528,0.708039082192,0.008485708755866777,1.7862873867297102,1.18700532565,0.001821010508373637,2.303014631704244,1.09301991659,0.05770494869014281,2.3720154354322074,0.746781203869,0.029508525520417116,1.9396476573437664,0.735438364981,0.055017736978045115,1.9499540848454469
