Well/XY,cell_id,total_distance,net_distance,linearity,spearmanrsq,progressivity,max_speed,min_speed,avg_speed,MSD_slope,hurst_RS,nongauss,disp_var,disp_skew,rw_linearity,rw_netdist,rw_kurtosis01,rw_kurtosis02,rw_kurtosis03,rw_kurtosis04,rw_kurtosis05,rw_kurtosis06,rw_kurtosis07,rw_kurtosis08,rw_kurtosis09,rw_kurtosis10,avg_moving_speed01,avg_moving_speed02,avg_moving_speed03,avg_moving_speed04,avg_moving_speed05,avg_moving_speed06,avg_moving_speed07,avg_moving_speed08,avg_moving_speed09,avg_moving_speed10,time_moving01,time_moving02,time_moving03,time_moving04,time_moving05,time_moving06,time_moving07,time_moving08,time_moving09,time_moving10,autocorr_1,autocorr_2,autocorr_3,autocorr_4,autocorr_5,autocorr_6,autocorr_7,autocorr_8,autocorr_9,autocorr_10,p_rturn_9_5,p_rturn_9_6,p_rturn_10_5,p_rturn_10_6,p_rturn_11_5,p_rturn_11_6,mean_theta_9_5,min_theta_9_5,max_theta_9_5,mean_theta_9_6,min_theta_9_6,max_theta_9_6,mean_theta_10_5,min_theta_10_5,max_theta_10_5,mean_theta_10_6,min_theta_10_6,max_theta_10_6,mean_theta_11_5,min_theta_11_5,max_theta_11_5,mean_theta_11_6,min_theta_11_6,max_theta_11_6
WellB02_Seq0000/xy13,0,339.6435991695609,123.8304280053979,0.368741581297,0.53105743176,0.3645893174732783,13.985613179263932,0.14001428498549837,5.47812256725,1.26684024375,0.69564315547,0.732259435791,12.9762019992,2.425863766739819,0.123500243165,62.3386546972,10.632556500748679,-0.3041451428494155,-1.3281012935071084,-1.220761635026337,-1.1187864077932757,-0.3306757767238784,0.058246722206207746,-1.4730775796711737,-0.6746702391142079,-1.4836063674480333,4.18086212691,4.59542703159,5.16862980941,5.9056637592,6.90574642386,7.83970111825,8.85214750024,14.9839034968,14.9839034968,14.9839034968,0.9137931034482759,0.7931034482758621,0.6206896551724138,0.43103448275862066,0.25862068965517243,0.15517241379310345,0.08620689655172414,0.017241379310344827,0.017241379310344827,0.017241379310344827,0.308419473074,0.194584681651,-0.013391442194,-0.0319607825768,0.0471108199039,0.083150060109,0.151628053114,0.0770295665385,0.104149857095,-0.0269929936985,0.6875,0.6875,0.75,0.75,0.75,0.6875,0.468405859794,0.0029744945266494084,2.565797569576463,0.490232646855,0.023090597510808508,2.658460333759818,0.468895850387,0.08320244434921478,2.4235245953294133,0.491094449264,0.08915503886373048,2.5161873595127675,0.465152071834,0.07633217975878163,2.486031070220197,0.48735067071,0.0668091216608429,2.578693834403551
