Well/XY,cell_id,total_distance,net_distance,linearity,spearmanrsq,progressivity,max_speed,min_speed,avg_speed,MSD_slope,hurst_RS,nongauss,disp_var,disp_skew,rw_linearity,rw_netdist,rw_kurtosis01,rw_kurtosis02,rw_kurtosis03,rw_kurtosis04,rw_kurtosis05,rw_kurtosis06,rw_kurtosis07,rw_kurtosis08,rw_kurtosis09,rw_kurtosis10,avg_moving_speed01,avg_moving_speed02,avg_moving_speed03,avg_moving_speed04,avg_moving_speed05,avg_moving_speed06,avg_moving_speed07,avg_moving_speed08,avg_moving_speed09,avg_moving_speed10,time_moving01,time_moving02,time_moving03,time_moving04,time_moving05,time_moving06,time_moving07,time_moving08,time_moving09,time_moving10,autocorr_1,autocorr_2,autocorr_3,autocorr_4,autocorr_5,autocorr_6,autocorr_7,autocorr_8,autocorr_9,autocorr_10,p_rturn_9_5,p_rturn_9_6,p_rturn_10_5,p_rturn_10_6,p_rturn_11_5,p_rturn_11_6,mean_theta_9_5,min_theta_9_5,max_theta_9_5,mean_theta_9_6,min_theta_9_6,max_theta_9_6,mean_theta_10_5,min_theta_10_5,max_theta_10_5,mean_theta_10_6,min_theta_10_6,max_theta_10_6,mean_theta_11_5,min_theta_11_5,max_theta_11_5,mean_theta_11_6,min_theta_11_6,max_theta_11_6
WellB02_Seq0000/xy03,0,133.66374597549597,67.14655612911217,0.17213445169,0.000504386823553,0.5023542894078539,3.3609522460160193,0.22803508501984754,2.15586687057,1.55178970827,0.716912954175,-0.121548080583,1.9704926826,1.0521652568515563,-0.0536584471142,42.9470105256,0.8834624867103233,0.6159201110982209,-0.9083054425676051,0.7398713440089923,-0.5603078146807361,-0.7694286808204702,-1.43237381210372,-1.3636929421071775,-0.8860407424707288,-1.1800361998100763,1.96989967352,2.51931224325,3.47850383867,4.351091817,0.0,0.0,0.0,0.0,0.0,0.0,0.5517241379310345,0.2413793103448276,0.05172413793103448,0.017241379310344827,0.0,0.0,0.0,0.0,0.0,0.0,0.245843253992,0.0755606351462,0.141124984285,0.15626706564,0.0866927706591,-0.0256022607096,-0.016318600571,-0.144401283781,0.10528398736,0.210286970758,0.4375,0.4375,0.375,0.375,0.3125,0.375,0.840576743863,0.05963998210282772,2.5507746752990053,0.830105117837,0.07496862393699104,2.7608889972922395,0.842821852442,0.04172743507881423,2.469479683601749,0.861223596097,0.08988239079049617,2.679594005594983,0.816367737422,0.057173557945461764,2.450833987246582,0.85513936207,0.07250219977962664,2.660948309239816
