Well/XY,cell_id,total_distance,net_distance,linearity,spearmanrsq,progressivity,max_speed,min_speed,avg_speed,MSD_slope,hurst_RS,nongauss,disp_var,disp_skew,rw_linearity,rw_netdist,rw_kurtosis01,rw_kurtosis02,rw_kurtosis03,rw_kurtosis04,rw_kurtosis05,rw_kurtosis06,rw_kurtosis07,rw_kurtosis08,rw_kurtosis09,rw_kurtosis10,avg_moving_speed01,avg_moving_speed02,avg_moving_speed03,avg_moving_speed04,avg_moving_speed05,avg_moving_speed06,avg_moving_speed07,avg_moving_speed08,avg_moving_speed09,avg_moving_speed10,time_moving01,time_moving02,time_moving03,time_moving04,time_moving05,time_moving06,time_moving07,time_moving08,time_moving09,time_moving10,autocorr_1,autocorr_2,autocorr_3,autocorr_4,autocorr_5,autocorr_6,autocorr_7,autocorr_8,autocorr_9,autocorr_10,p_rturn_9_5,p_rturn_9_6,p_rturn_10_5,p_rturn_10_6,p_rturn_11_5,p_rturn_11_6,mean_theta_9_5,min_theta_9_5,max_theta_9_5,mean_theta_9_6,min_theta_9_6,max_theta_9_6,mean_theta_10_5,min_theta_10_5,max_theta_10_5,mean_theta_10_6,min_theta_10_6,max_theta_10_6,mean_theta_11_5,min_theta_11_5,max_theta_11_5,mean_theta_11_6,min_theta_11_6,max_theta_11_6
WellB03_Seq0001/xy05,0,1580.406409736705,199.81989990989405,0.402120105051,0.36131195152,0.12643576910269805,24.538032602472434,1.0584819318250098,21.0720854632,0.978269242035,0.748027609004,0.0460828013718,268.353976633,1.1247684079417708,0.148468054563,-59.9742174918,0.8938793233003466,-0.18654292154145624,2.142985515894485,-0.46810961143813934,-0.7694752544722263,-1.41663484442443,1.6984794090202353,-1.2640519836866915,1.3362620268802567,-0.89018559621785,8.8504617218,9.28610472984,10.0916589439,10.8689747926,11.8556228529,12.9976303387,13.9324486048,14.5709862403,14.9875153442,15.8586737287,0.9859154929577465,0.9295774647887324,0.8309859154929577,0.7464788732394366,0.647887323943662,0.5492957746478874,0.4788732394366197,0.43661971830985913,0.4084507042253521,0.352112676056338,0.212399026572,0.332014820777,0.143839271935,-0.0228642017945,0.122323550012,-0.0353459223055,-0.180177748335,-0.0390964106281,-0.306841304002,-0.11500140849,0.47619047619,0.47619047619,0.55,0.55,0.6,0.6,0.767297410946,0.1707996675556843,1.6325202007937791,0.778662411507,0.20671657555663772,1.6122085447695251,0.648644328926,0.052627977999950774,1.4743008380652587,0.663705908122,0.12949253441971997,1.510169945055454,0.740668331906,0.04586856816969458,1.9141614432702716,0.773791689711,0.013915605585514045,1.954980719953903
