Well/XY,cell_id,total_distance,net_distance,linearity,spearmanrsq,progressivity,max_speed,min_speed,avg_speed,MSD_slope,hurst_RS,nongauss,disp_var,disp_skew,rw_linearity,rw_netdist,rw_kurtosis01,rw_kurtosis02,rw_kurtosis03,rw_kurtosis04,rw_kurtosis05,rw_kurtosis06,rw_kurtosis07,rw_kurtosis08,rw_kurtosis09,rw_kurtosis10,avg_moving_speed01,avg_moving_speed02,avg_moving_speed03,avg_moving_speed04,avg_moving_speed05,avg_moving_speed06,avg_moving_speed07,avg_moving_speed08,avg_moving_speed09,avg_moving_speed10,time_moving01,time_moving02,time_moving03,time_moving04,time_moving05,time_moving06,time_moving07,time_moving08,time_moving09,time_moving10,autocorr_1,autocorr_2,autocorr_3,autocorr_4,autocorr_5,autocorr_6,autocorr_7,autocorr_8,autocorr_9,autocorr_10,p_rturn_9_5,p_rturn_9_6,p_rturn_10_5,p_rturn_10_6,p_rturn_11_5,p_rturn_11_6,mean_theta_9_5,min_theta_9_5,max_theta_9_5,mean_theta_9_6,min_theta_9_6,max_theta_9_6,mean_theta_10_5,min_theta_10_5,max_theta_10_5,mean_theta_10_6,min_theta_10_6,max_theta_10_6,mean_theta_11_5,min_theta_11_5,max_theta_11_5,mean_theta_11_6,min_theta_11_6,max_theta_11_6
WellB03_Seq0001/xy12,0,1095.8182272288514,133.30552164107843,0.623807550203,0.380801767097,0.12164930125152848,21.27178422229784,0.19779787663164924,14.6109096964,0.944931127403,0.723945636768,0.26606468785,131.34732159,1.458018576054351,0.36438072584,-46.8298710159,2.61464248328587,1.6457801768590548,-0.6882812864112617,4.787665648283613,5.698274282077939,0.4663053320633468,1.6627570476788014,1.34059159271927,-1.4073358573768961,1.1211407799185142,4.32476991228,5.44732322655,6.09562660505,7.67165310384,8.77931047451,9.15678473843,10.5833213307,11.2729034679,12.9179520567,15.2063006342,0.8873239436619719,0.6338028169014085,0.5211267605633803,0.323943661971831,0.23943661971830985,0.2112676056338028,0.14084507042253522,0.11267605633802817,0.07042253521126761,0.04225352112676056,0.461915158589,0.328586944545,0.0917916739745,-0.0903653276025,-0.0543849320781,-0.208370226776,-0.123880552445,-0.121608083319,-0.128337874368,-0.00826946217271,0.619047619048,0.666666666667,0.55,0.6,0.6,0.65,0.708002181289,0.010317729966767011,1.8386109342070607,0.655603916747,0.0021370942602571357,1.4891421499643969,0.673995161183,0.0028684968135978266,1.68871590877175,0.68569867262,0.01532332104050253,1.6594726053111488,0.763781392346,0.04453768327406149,2.2939915298905817,0.704852538604,0.05699250750099203,2.1570338931948085
