Well/XY,cell_id,total_distance,net_distance,linearity,spearmanrsq,progressivity,max_speed,min_speed,avg_speed,MSD_slope,hurst_RS,nongauss,disp_var,disp_skew,rw_linearity,rw_netdist,rw_kurtosis01,rw_kurtosis02,rw_kurtosis03,rw_kurtosis04,rw_kurtosis05,rw_kurtosis06,rw_kurtosis07,rw_kurtosis08,rw_kurtosis09,rw_kurtosis10,avg_moving_speed01,avg_moving_speed02,avg_moving_speed03,avg_moving_speed04,avg_moving_speed05,avg_moving_speed06,avg_moving_speed07,avg_moving_speed08,avg_moving_speed09,avg_moving_speed10,time_moving01,time_moving02,time_moving03,time_moving04,time_moving05,time_moving06,time_moving07,time_moving08,time_moving09,time_moving10,autocorr_1,autocorr_2,autocorr_3,autocorr_4,autocorr_5,autocorr_6,autocorr_7,autocorr_8,autocorr_9,autocorr_10,p_rturn_9_5,p_rturn_9_6,p_rturn_10_5,p_rturn_10_6,p_rturn_11_5,p_rturn_11_6,mean_theta_9_5,min_theta_9_5,max_theta_9_5,mean_theta_9_6,min_theta_9_6,max_theta_9_6,mean_theta_10_5,min_theta_10_5,max_theta_10_5,mean_theta_10_6,min_theta_10_6,max_theta_10_6,mean_theta_11_5,min_theta_11_5,max_theta_11_5,mean_theta_11_6,min_theta_11_6,max_theta_11_6
WellB03_Seq0001/xy10,0,1665.1796739335914,212.99849764728395,0.340251113239,0.342468960072,0.12791322220750245,24.921715510774938,1.5289852844288476,22.2023956524,1.06509195116,0.724275460703,0.111359038727,318.66996819,1.273813436305922,0.1014288667,-60.7310196715,0.7305091380702353,0.4260058545609757,2.65471896715576,0.9515702643457242,-0.7631507184646482,-1.011254967249473,2.293028404723942,-0.18499720325050095,-0.7013995369030823,-0.9243607812858468,10.2213542552,10.3495255628,10.4591116624,10.7766375171,11.4095484844,12.3148810434,12.6708407787,13.2476903373,14.0079732634,15.0710169682,0.9859154929577465,0.971830985915493,0.9577464788732394,0.9154929577464789,0.8309859154929577,0.7183098591549296,0.676056338028169,0.6056338028169014,0.5211267605633803,0.4225352112676056,0.299513286887,0.193503332337,0.1763335148,0.108127842041,-0.0629157067181,-0.0678735269995,0.0295165737653,-0.0612101301647,-0.0641679371726,-0.0151545460763,0.380952380952,0.333333333333,0.45,0.4,0.4,0.4,1.03152910789,0.16439648961778688,2.061822250686505,0.934365513811,0.18267411080721105,2.1649334770639226,0.977456681703,0.06303134053040577,2.298693235481487,1.03747850044,0.07303900963893818,2.21683316912976,1.01974451587,0.16786386366786665,2.3777111292951414,1.04971500075,0.1469965372831572,2.295851062943414
