Well/XY,cell_id,total_distance,net_distance,linearity,spearmanrsq,progressivity,max_speed,min_speed,avg_speed,MSD_slope,hurst_RS,nongauss,disp_var,disp_skew,rw_linearity,rw_netdist,rw_kurtosis01,rw_kurtosis02,rw_kurtosis03,rw_kurtosis04,rw_kurtosis05,rw_kurtosis06,rw_kurtosis07,rw_kurtosis08,rw_kurtosis09,rw_kurtosis10,avg_moving_speed01,avg_moving_speed02,avg_moving_speed03,avg_moving_speed04,avg_moving_speed05,avg_moving_speed06,avg_moving_speed07,avg_moving_speed08,avg_moving_speed09,avg_moving_speed10,time_moving01,time_moving02,time_moving03,time_moving04,time_moving05,time_moving06,time_moving07,time_moving08,time_moving09,time_moving10,autocorr_1,autocorr_2,autocorr_3,autocorr_4,autocorr_5,autocorr_6,autocorr_7,autocorr_8,autocorr_9,autocorr_10,p_rturn_9_5,p_rturn_9_6,p_rturn_10_5,p_rturn_10_6,p_rturn_11_5,p_rturn_11_6,mean_theta_9_5,min_theta_9_5,max_theta_9_5,mean_theta_9_6,min_theta_9_6,max_theta_9_6,mean_theta_10_5,min_theta_10_5,max_theta_10_5,mean_theta_10_6,min_theta_10_6,max_theta_10_6,mean_theta_11_5,min_theta_11_5,max_theta_11_5,mean_theta_11_6,min_theta_11_6,max_theta_11_6
WellB03_Seq0001/xy24,0,839.0491678046717,32.50772984999093,0.0476924894307,0.0516723849672,0.038743533868278196,11.514599428551575,0.24600000000000363,11.1873222374,0.204241277235,0.771588217097,-0.265163674213,43.9889469447,0.7285608865666785,-0.141344171876,-105.418841862,-0.3961386524424806,0.2817054307133988,-0.7303171749389095,-0.4818138411727264,-1.0648127188184724,-1.454972272738761,-0.4877725819840171,-1.2153959882531673,-0.9486868954452299,-0.07120945488555241,4.67331218397,5.54681719238,5.81901986113,6.76941143764,7.10077962718,7.59547359907,8.43962537744,9.49802401129,10.7209453194,11.5564069294,0.8873239436619719,0.6901408450704225,0.6338028169014085,0.4507042253521127,0.39436619718309857,0.29577464788732394,0.16901408450704225,0.08450704225352113,0.04225352112676056,0.028169014084507043,0.350563738953,0.121680480335,0.28536805919,0.207185577039,0.120826794761,0.0395471111842,0.0205448742964,0.0621172652654,0.00792172531103,0.188488378406,0.666666666667,0.666666666667,0.55,0.65,0.5,0.55,0.832377485284,0.03752801910575943,2.1583301653245566,0.75594057302,0.024407212697940554,2.415024329415442,0.906370778971,0.034234783348226556,2.205254702691156,0.879853233859,0.1261841299161393,2.1456446745935596,0.786956134597,0.21538549067329868,2.3381957045162722,0.738895461612,0.061274029134424854,2.1975145193206416
