Well/XY,cell_id,total_distance,net_distance,linearity,spearmanrsq,progressivity,max_speed,min_speed,avg_speed,MSD_slope,hurst_RS,nongauss,disp_var,disp_skew,rw_linearity,rw_netdist,rw_kurtosis01,rw_kurtosis02,rw_kurtosis03,rw_kurtosis04,rw_kurtosis05,rw_kurtosis06,rw_kurtosis07,rw_kurtosis08,rw_kurtosis09,rw_kurtosis10,avg_moving_speed01,avg_moving_speed02,avg_moving_speed03,avg_moving_speed04,avg_moving_speed05,avg_moving_speed06,avg_moving_speed07,avg_moving_speed08,avg_moving_speed09,avg_moving_speed10,time_moving01,time_moving02,time_moving03,time_moving04,time_moving05,time_moving06,time_moving07,time_moving08,time_moving09,time_moving10,autocorr_1,autocorr_2,autocorr_3,autocorr_4,autocorr_5,autocorr_6,autocorr_7,autocorr_8,autocorr_9,autocorr_10,p_rturn_9_5,p_rturn_9_6,p_rturn_10_5,p_rturn_10_6,p_rturn_11_5,p_rturn_11_6,mean_theta_9_5,min_theta_9_5,max_theta_9_5,mean_theta_9_6,min_theta_9_6,max_theta_9_6,mean_theta_10_5,min_theta_10_5,max_theta_10_5,mean_theta_10_6,min_theta_10_6,max_theta_10_6,mean_theta_11_5,min_theta_11_5,max_theta_11_5,mean_theta_11_6,min_theta_11_6,max_theta_11_6
WellB03_Seq0001/xy25,0,474.02036576936115,115.35566739436781,0.872461911138,0.884197162923,0.243355930935877,5.205112871014434,0.38470768123342336,6.32027154359,1.06202382755,0.457382383416,-0.139629410312,12.474739,1.3135633751912674,0.638568281399,37.4341265826,2.8568543915913773,-0.19185199844451262,-1.3852077529389317,-1.058322921872324,-0.6131326962077668,-0.4441115443358217,1.2044700202488787,-0.8152006380197201,-1.0077288683164398,-1.8267203182347143,2.66749542288,3.5631498797,4.23845293418,4.67636029213,5.10488510007,0.0,0.0,0.0,0.0,0.0,0.7746478873239436,0.43661971830985913,0.2676056338028169,0.15492957746478872,0.028169014084507043,0.0,0.0,0.0,0.0,0.0,0.0524322430708,0.0209705557539,-0.124419016608,-0.131733420914,-0.30157112759,-0.126588797522,-0.112088006009,-0.0711093819711,0.112866137908,0.110062321301,0.380952380952,0.380952380952,0.5,0.45,0.5,0.55,0.586639533089,0.023187557518897263,1.8174124935521427,0.558836187512,0.042355416583481936,1.730262780502152,0.816893723517,0.1566117750300624,2.4153868771276557,0.800451931794,0.005283570694028927,2.4428592387809607,0.615842340591,0.002399252923378813,2.611220074813961,0.600837513545,0.04462172377390633,2.574083321510991
