Well/XY,cell_id,total_distance,net_distance,linearity,spearmanrsq,progressivity,max_speed,min_speed,avg_speed,MSD_slope,hurst_RS,nongauss,disp_var,disp_skew,rw_linearity,rw_netdist,rw_kurtosis01,rw_kurtosis02,rw_kurtosis03,rw_kurtosis04,rw_kurtosis05,rw_kurtosis06,rw_kurtosis07,rw_kurtosis08,rw_kurtosis09,rw_kurtosis10,avg_moving_speed01,avg_moving_speed02,avg_moving_speed03,avg_moving_speed04,avg_moving_speed05,avg_moving_speed06,avg_moving_speed07,avg_moving_speed08,avg_moving_speed09,avg_moving_speed10,time_moving01,time_moving02,time_moving03,time_moving04,time_moving05,time_moving06,time_moving07,time_moving08,time_moving09,time_moving10,autocorr_1,autocorr_2,autocorr_3,autocorr_4,autocorr_5,autocorr_6,autocorr_7,autocorr_8,autocorr_9,autocorr_10,p_rturn_9_5,p_rturn_9_6,p_rturn_10_5,p_rturn_10_6,p_rturn_11_5,p_rturn_11_6,mean_theta_9_5,min_theta_9_5,max_theta_9_5,mean_theta_9_6,min_theta_9_6,max_theta_9_6,mean_theta_10_5,min_theta_10_5,max_theta_10_5,mean_theta_10_6,min_theta_10_6,max_theta_10_6,mean_theta_11_5,min_theta_11_5,max_theta_11_5,mean_theta_11_6,min_theta_11_6,max_theta_11_6
WellC08_Seq0013/xy11,0,97.3544308407316,4.2916779935125815,0.0961591698219,0.0765840541389,0.04408302689924422,1.2603570922560068,0.045650848842062594,1.5702327555,0.168286117328,0.598855314432,-0.0669146254859,1.11992153589,1.1387770614953097,-0.167152506435,-13.3341409722,0.7572213791189184,0.7542067447992231,0.3524272955737189,-0.9000637933602742,-0.7660973545075231,-0.1755770200798752,-1.0663998066009068,0.741910846603365,-1.4700918694081344,-1.1744754053776798,1.21800227871,0.0,0.0,0.0,0.0,0.0,0.0,0.0,0.0,0.0,0.034482758620689655,0.0,0.0,0.0,0.0,0.0,0.0,0.0,0.0,0.0,0.092194083171,-0.144439106075,0.187719597482,-0.104038359103,-0.153929271365,0.0271292236352,0.104907555691,-0.188739264214,-0.181587911265,-0.115845170535,0.625,0.625,0.5,0.5625,0.375,0.3125,1.26968733015,0.12406427561635867,2.6869973547437955,1.28676003664,0.03204347911929743,2.5211933901013843,1.19537763578,0.00010786088683596606,2.72268330811656,1.1328840387,0.06179462521921734,2.3629243391214434,0.992282170876,0.051199466942991094,2.4366466585212296,0.97946740146,0.037387477459453027,2.44649040989958
