Well/XY,cell_id,total_distance,net_distance,linearity,spearmanrsq,progressivity,max_speed,min_speed,avg_speed,MSD_slope,hurst_RS,nongauss,disp_var,disp_skew,rw_linearity,rw_netdist,rw_kurtosis01,rw_kurtosis02,rw_kurtosis03,rw_kurtosis04,rw_kurtosis05,rw_kurtosis06,rw_kurtosis07,rw_kurtosis08,rw_kurtosis09,rw_kurtosis10,avg_moving_speed01,avg_moving_speed02,avg_moving_speed03,avg_moving_speed04,avg_moving_speed05,avg_moving_speed06,avg_moving_speed07,avg_moving_speed08,avg_moving_speed09,avg_moving_speed10,time_moving01,time_moving02,time_moving03,time_moving04,time_moving05,time_moving06,time_moving07,time_moving08,time_moving09,time_moving10,autocorr_1,autocorr_2,autocorr_3,autocorr_4,autocorr_5,autocorr_6,autocorr_7,autocorr_8,autocorr_9,autocorr_10,p_rturn_9_5,p_rturn_9_6,p_rturn_10_5,p_rturn_10_6,p_rturn_11_5,p_rturn_11_6,mean_theta_9_5,min_theta_9_5,max_theta_9_5,mean_theta_9_6,min_theta_9_6,max_theta_9_6,mean_theta_10_5,min_theta_10_5,max_theta_10_5,mean_theta_10_6,min_theta_10_6,max_theta_10_6,mean_theta_11_5,min_theta_11_5,max_theta_11_5,mean_theta_11_6,min_theta_11_6,max_theta_11_6
WellC08_Seq0013/xy08,0,53.23270224193839,3.417601498127071,0.702745319262,0.719410209833,0.06420116496424218,0.5727128425310414,0.028284271247436175,0.858591971644,0.966942037256,0.619927972895,-0.343159864864,0.227088476979,0.440968870379173,0.442510652136,-6.22006948065,-0.4524310691771558,-0.16497277357881313,0.02479916683601413,-0.6945646328174946,0.11186529512514731,-0.5370917663757551,0.7695554293167639,0.894395737230147,0.19694318739192251,-1.3606057620347338,0.0,0.0,0.0,0.0,0.0,0.0,0.0,0.0,0.0,0.0,0.0,0.0,0.0,0.0,0.0,0.0,0.0,0.0,0.0,0.0,0.102833939638,0.060591743101,-0.0234815425894,-0.155075427251,0.0968284748938,-0.137088863928,0.00433987674947,-0.144200828786,-0.151926871405,-0.104145645982,0.9375,0.9375,0.9375,0.9375,0.8125,0.75,0.500458086472,0.0478131860765641,1.1187647080137746,0.496739789401,0.011493746714979922,1.1098436517543993,0.428853830332,0.05178147321141338,0.9988897409862761,0.426796528014,0.001443833821832329,1.043862590211798,0.60629811471,0.0080934424200421,1.7384432906336293,0.58463543741,0.021251671361982038,1.7270291261984516
