Well/XY,cell_id,total_distance,net_distance,linearity,spearmanrsq,progressivity,max_speed,min_speed,avg_speed,MSD_slope,hurst_RS,nongauss,disp_var,disp_skew,rw_linearity,rw_netdist,rw_kurtosis01,rw_kurtosis02,rw_kurtosis03,rw_kurtosis04,rw_kurtosis05,rw_kurtosis06,rw_kurtosis07,rw_kurtosis08,rw_kurtosis09,rw_kurtosis10,avg_moving_speed01,avg_moving_speed02,avg_moving_speed03,avg_moving_speed04,avg_moving_speed05,avg_moving_speed06,avg_moving_speed07,avg_moving_speed08,avg_moving_speed09,avg_moving_speed10,time_moving01,time_moving02,time_moving03,time_moving04,time_moving05,time_moving06,time_moving07,time_moving08,time_moving09,time_moving10,autocorr_1,autocorr_2,autocorr_3,autocorr_4,autocorr_5,autocorr_6,autocorr_7,autocorr_8,autocorr_9,autocorr_10,p_rturn_9_5,p_rturn_9_6,p_rturn_10_5,p_rturn_10_6,p_rturn_11_5,p_rturn_11_6,mean_theta_9_5,min_theta_9_5,max_theta_9_5,mean_theta_9_6,min_theta_9_6,max_theta_9_6,mean_theta_10_5,min_theta_10_5,max_theta_10_5,mean_theta_10_6,min_theta_10_6,max_theta_10_6,mean_theta_11_5,min_theta_11_5,max_theta_11_5,mean_theta_11_6,min_theta_11_6,max_theta_11_6
WellC08_Seq0013/xy02,0,85.58144469254523,1.9104973174543753,0.103396897344,0.0369151244687,0.022323732957744678,0.8695401083331165,0.05800000000001154,1.38034588214,0.159372035831,0.804010429006,-0.199951675998,0.668177340999,0.8774061058923299,-0.127486422753,-13.5838467812,0.2965520926324947,0.12350574439428685,-1.0936767424939644,-0.974827958511419,-0.6865645757454804,-1.303731332977361,-1.3287918990264984,-1.372358669436525,-0.4394531295595039,-0.25704329283804883,0.0,0.0,0.0,0.0,0.0,0.0,0.0,0.0,0.0,0.0,0.0,0.0,0.0,0.0,0.0,0.0,0.0,0.0,0.0,0.0,0.337738413333,0.177808426604,0.289667261841,0.122677238306,0.0271384992446,0.0963628110792,0.0989050397782,0.0735200722296,-0.0960980322577,0.0720035339761,0.375,0.4375,0.357142857143,0.428571428571,0.4,0.4,0.807904436266,0.001866530347260576,1.75874522157531,0.814091249948,0.04553855938649109,1.773297868641052,0.808754994867,0.17398290574082056,1.6722548335741956,0.756188652312,0.1838732731813854,1.4542796467413963,0.632064151758,0.02812419836441982,1.2945481913362666,0.670778106015,0.10926585637760047,1.9457241713752678
