Well/XY,cell_id,total_distance,net_distance,linearity,spearmanrsq,progressivity,max_speed,min_speed,avg_speed,MSD_slope,hurst_RS,nongauss,disp_var,disp_skew,rw_linearity,rw_netdist,rw_kurtosis01,rw_kurtosis02,rw_kurtosis03,rw_kurtosis04,rw_kurtosis05,rw_kurtosis06,rw_kurtosis07,rw_kurtosis08,rw_kurtosis09,rw_kurtosis10,avg_moving_speed01,avg_moving_speed02,avg_moving_speed03,avg_moving_speed04,avg_moving_speed05,avg_moving_speed06,avg_moving_speed07,avg_moving_speed08,avg_moving_speed09,avg_moving_speed10,time_moving01,time_moving02,time_moving03,time_moving04,time_moving05,time_moving06,time_moving07,time_moving08,time_moving09,time_moving10,autocorr_1,autocorr_2,autocorr_3,autocorr_4,autocorr_5,autocorr_6,autocorr_7,autocorr_8,autocorr_9,autocorr_10,p_rturn_9_5,p_rturn_9_6,p_rturn_10_5,p_rturn_10_6,p_rturn_11_5,p_rturn_11_6,mean_theta_9_5,min_theta_9_5,max_theta_9_5,mean_theta_9_6,min_theta_9_6,max_theta_9_6,mean_theta_10_5,min_theta_10_5,max_theta_10_5,mean_theta_10_6,min_theta_10_6,max_theta_10_6,mean_theta_11_5,min_theta_11_5,max_theta_11_5,mean_theta_11_6,min_theta_11_6,max_theta_11_6
WellC08_Seq0011/xy22,0,1545.7859895844254,443.58479257071025,0.00125036317879,0.061159924393,0.2869639106316167,54.54900512383339,2.025699879054142,20.3392893366,1.03372393465,0.770187237479,0.302493160981,270.310395409,1.5596759759463554,-0.220279664277,191.180849712,2.0325745461751223,5.5259773508176995,9.36066567044915,8.096302845506994,4.584421964838509,2.799235014295901,1.1147271764981177,1.5528818814978065,0.32437492443655014,1.2826436948386366,14.3337490895,14.7057278914,15.063980491,15.5863560381,15.938870278,16.2818329259,16.6139401021,17.2811640608,17.9614424124,19.2858724403,1.0,0.9722222222222222,0.9444444444444444,0.9027777777777778,0.875,0.8472222222222222,0.8194444444444444,0.7638888888888888,0.7083333333333334,0.6111111111111112,0.350114071219,0.209454215947,0.0321438726816,-0.0508424130239,0.113169316154,-0.0217782108455,0.257815268086,0.0664234160329,0.039861712625,0.019198910734,0.333333333333,0.428571428571,0.380952380952,0.380952380952,0.35,0.35,0.283805220884,0.0005991824390344486,2.4061615677767922,0.237453707827,0.0019685408753898985,2.3656445371908355,0.517059199981,8.20006432803691e-05,2.704789609768637,0.482361302488,0.018370479354596247,2.79127267979526,0.692524062238,0.00988446206797833,2.946342152246834,0.634873366279,0.012174639671849402,2.9382243060742024
