Well/XY,cell_id,total_distance,net_distance,linearity,spearmanrsq,progressivity,max_speed,min_speed,avg_speed,MSD_slope,hurst_RS,nongauss,disp_var,disp_skew,rw_linearity,rw_netdist,rw_kurtosis01,rw_kurtosis02,rw_kurtosis03,rw_kurtosis04,rw_kurtosis05,rw_kurtosis06,rw_kurtosis07,rw_kurtosis08,rw_kurtosis09,rw_kurtosis10,avg_moving_speed01,avg_moving_speed02,avg_moving_speed03,avg_moving_speed04,avg_moving_speed05,avg_moving_speed06,avg_moving_speed07,avg_moving_speed08,avg_moving_speed09,avg_moving_speed10,time_moving01,time_moving02,time_moving03,time_moving04,time_moving05,time_moving06,time_moving07,time_moving08,time_moving09,time_moving10,autocorr_1,autocorr_2,autocorr_3,autocorr_4,autocorr_5,autocorr_6,autocorr_7,autocorr_8,autocorr_9,autocorr_10,p_rturn_9_5,p_rturn_9_6,p_rturn_10_5,p_rturn_10_6,p_rturn_11_5,p_rturn_11_6,mean_theta_9_5,min_theta_9_5,max_theta_9_5,mean_theta_9_6,min_theta_9_6,max_theta_9_6,mean_theta_10_5,min_theta_10_5,max_theta_10_5,mean_theta_10_6,min_theta_10_6,max_theta_10_6,mean_theta_11_5,min_theta_11_5,max_theta_11_5,mean_theta_11_6,min_theta_11_6,max_theta_11_6
WellC08_Seq0011/xy23,0,2289.9065626340125,594.7095210268624,0.0356582594289,0.0136555181061,0.25970907753667705,60.08436605307573,2.4587321936315227,30.1303495083,1.13338371202,0.545187601812,4.08940023142,777.513926504,5.294006848392634,-0.179689089386,220.801716789,36.60678978158175,-0.9707364245034702,7.254108119208221,-0.7458781261846914,3.4853508217158886,-0.8626240794890512,-1.0181388872554407,-1.520454366679755,-1.2001378221510168,-1.598474887902911,22.22851707,22.22851707,22.22851707,22.22851707,22.22851707,22.22851707,22.4446012225,22.4446012225,22.637680316,23.0271877153,1.0,1.0,1.0,1.0,1.0,1.0,0.9861111111111112,0.9861111111111112,0.9722222222222222,0.9444444444444444,0.0734823701515,0.0572908661469,0.0514100246812,-0.0360110950593,-0.0264003190462,-0.0244494880152,-0.0585022893026,-0.127468998928,-0.0694929158802,0.0843816706558,0.380952380952,0.380952380952,0.333333333333,0.333333333333,0.35,0.4,0.926181042922,0.023737028301622654,2.565863968472752,0.915874232261,0.013186987049911105,2.5808595807205563,0.912924822005,0.020341412436355934,2.4366507256798347,0.89954978717,0.03089145368805597,2.4516463379276385,0.940161143519,0.02135135728878387,2.202522917207417,0.93278776301,0.017608313558102825,2.2175185294552207
