Well/XY,cell_id,total_distance,net_distance,linearity,spearmanrsq,progressivity,max_speed,min_speed,avg_speed,MSD_slope,hurst_RS,nongauss,disp_var,disp_skew,rw_linearity,rw_netdist,rw_kurtosis01,rw_kurtosis02,rw_kurtosis03,rw_kurtosis04,rw_kurtosis05,rw_kurtosis06,rw_kurtosis07,rw_kurtosis08,rw_kurtosis09,rw_kurtosis10,avg_moving_speed01,avg_moving_speed02,avg_moving_speed03,avg_moving_speed04,avg_moving_speed05,avg_moving_speed06,avg_moving_speed07,avg_moving_speed08,avg_moving_speed09,avg_moving_speed10,time_moving01,time_moving02,time_moving03,time_moving04,time_moving05,time_moving06,time_moving07,time_moving08,time_moving09,time_moving10,autocorr_1,autocorr_2,autocorr_3,autocorr_4,autocorr_5,autocorr_6,autocorr_7,autocorr_8,autocorr_9,autocorr_10,p_rturn_9_5,p_rturn_9_6,p_rturn_10_5,p_rturn_10_6,p_rturn_11_5,p_rturn_11_6,mean_theta_9_5,min_theta_9_5,max_theta_9_5,mean_theta_9_6,min_theta_9_6,max_theta_9_6,mean_theta_10_5,min_theta_10_5,max_theta_10_5,mean_theta_10_6,min_theta_10_6,max_theta_10_6,mean_theta_11_5,min_theta_11_5,max_theta_11_5,mean_theta_11_6,min_theta_11_6,max_theta_11_6
WellC08_Seq0011/xy24,0,906.3500358735141,522.6534263735387,0.620141546309,0.495264380036,0.576657368220679,37.04668384619603,0.12806248474863993,11.9256583668,1.3427589577,0.966421361488,0.70125042023,270.662360818,1.5376669382839923,0.407528459426,374.659898029,0.8705160141326371,0.5297053781154064,-0.1465187541024351,0.058985131073603814,-0.0473868874807124,-0.7882152342240318,-1.121500887466808,-0.7986780898173769,-0.9700222977827506,-1.0700074217745925,19.9164263883,28.3287099363,28.3287099363,28.3287099363,28.3287099363,29.4365913348,29.4365913348,29.4365913348,29.4365913348,29.4365913348,0.4444444444444444,0.3055555555555556,0.3055555555555556,0.3055555555555556,0.3055555555555556,0.2916666666666667,0.2916666666666667,0.2916666666666667,0.2916666666666667,0.2916666666666667,0.799333701534,0.772142496285,0.732331978499,0.74151865039,0.636780456175,0.562647569939,0.554192021099,0.52009952933,0.440745353649,0.441065175493,0.47619047619,0.47619047619,0.428571428571,0.380952380952,0.6,0.6,1.17701174272,0.06018617869770659,2.2277251304639223,1.15373895591,0.039965997464690546,2.1456397862912593,1.252381693,0.16278363473085833,2.475039375199517,1.2312722748,0.06733068261556825,2.415812025894918,1.08814381735,0.07521668257038898,2.2776484526504763,1.09940785352,0.06048655982881094,2.356399241925349
