Well/XY,cell_id,total_distance,net_distance,linearity,spearmanrsq,progressivity,max_speed,min_speed,avg_speed,MSD_slope,hurst_RS,nongauss,disp_var,disp_skew,rw_linearity,rw_netdist,rw_kurtosis01,rw_kurtosis02,rw_kurtosis03,rw_kurtosis04,rw_kurtosis05,rw_kurtosis06,rw_kurtosis07,rw_kurtosis08,rw_kurtosis09,rw_kurtosis10,avg_moving_speed01,avg_moving_speed02,avg_moving_speed03,avg_moving_speed04,avg_moving_speed05,avg_moving_speed06,avg_moving_speed07,avg_moving_speed08,avg_moving_speed09,avg_moving_speed10,time_moving01,time_moving02,time_moving03,time_moving04,time_moving05,time_moving06,time_moving07,time_moving08,time_moving09,time_moving10,autocorr_1,autocorr_2,autocorr_3,autocorr_4,autocorr_5,autocorr_6,autocorr_7,autocorr_8,autocorr_9,autocorr_10,p_rturn_9_5,p_rturn_9_6,p_rturn_10_5,p_rturn_10_6,p_rturn_11_5,p_rturn_11_6,mean_theta_9_5,min_theta_9_5,max_theta_9_5,mean_theta_9_6,min_theta_9_6,max_theta_9_6,mean_theta_10_5,min_theta_10_5,max_theta_10_5,mean_theta_10_6,min_theta_10_6,max_theta_10_6,mean_theta_11_5,min_theta_11_5,max_theta_11_5,mean_theta_11_6,min_theta_11_6,max_theta_11_6
WellB06_Seq0004/xy22,0,1978.7957142117743,370.2632281229126,0.881313348133,0.841889881277,0.18711543868003666,46.23799844283918,0.6985699678629349,26.3839428562,0.661857788555,0.562450104818,0.130360232492,537.751966438,1.1257800587028173,0.657737370192,44.9801345309,0.29703492685429955,1.1558027390171155,-0.13031464456095732,-1.3715521018243753,-0.7500998685669606,1.6827871632541642,-1.2035820620486075,-0.9283783101739518,-0.40786662392774,-1.6563434657888945,8.90079469595,9.34776251154,10.5912231932,11.1356152452,11.8190883374,11.8190883374,12.7351088587,13.6375139865,14.9983854288,15.736244763,0.9859154929577465,0.9295774647887324,0.7887323943661971,0.7323943661971831,0.6619718309859155,0.6619718309859155,0.5633802816901409,0.4788732394366197,0.38028169014084506,0.3380281690140845,0.161509552112,0.275552514668,-0.0663056656474,-0.0205653772713,-0.104584511817,-0.174018349937,-0.119547684791,-0.287940351165,-0.18596282845,-0.257150440276,0.571428571429,0.52380952381,0.6,0.55,0.7,0.65,0.433231888543,0.03697969159304443,1.8425190517013885,0.451043096193,0.012878050359495245,1.8411397201240038,0.366093061751,0.040603707280977216,1.1370024369184804,0.358693925191,0.009254034671587854,1.1393720160788514,0.422651779418,0.008937629487090768,2.1789526884555697,0.426672307809,0.011307208647479862,2.1828006510407345
