Well/XY,cell_id,total_distance,net_distance,linearity,spearmanrsq,progressivity,max_speed,min_speed,avg_speed,MSD_slope,hurst_RS,nongauss,disp_var,disp_skew,rw_linearity,rw_netdist,rw_kurtosis01,rw_kurtosis02,rw_kurtosis03,rw_kurtosis04,rw_kurtosis05,rw_kurtosis06,rw_kurtosis07,rw_kurtosis08,rw_kurtosis09,rw_kurtosis10,avg_moving_speed01,avg_moving_speed02,avg_moving_speed03,avg_moving_speed04,avg_moving_speed05,avg_moving_speed06,avg_moving_speed07,avg_moving_speed08,avg_moving_speed09,avg_moving_speed10,time_moving01,time_moving02,time_moving03,time_moving04,time_moving05,time_moving06,time_moving07,time_moving08,time_moving09,time_moving10,autocorr_1,autocorr_2,autocorr_3,autocorr_4,autocorr_5,autocorr_6,autocorr_7,autocorr_8,autocorr_9,autocorr_10,p_rturn_9_5,p_rturn_9_6,p_rturn_10_5,p_rturn_10_6,p_rturn_11_5,p_rturn_11_6,mean_theta_9_5,min_theta_9_5,max_theta_9_5,mean_theta_9_6,min_theta_9_6,max_theta_9_6,mean_theta_10_5,min_theta_10_5,max_theta_10_5,mean_theta_10_6,min_theta_10_6,max_theta_10_6,mean_theta_11_5,min_theta_11_5,max_theta_11_5,mean_theta_11_6,min_theta_11_6,max_theta_11_6
WellB06_Seq0004/xy18,0,1756.3635402048699,437.55047297426165,0.814687548169,0.794352453432,0.2491229537383951,44.79045563510152,0.9880263154390013,23.4181805361,1.1159324792,0.626960758402,-0.0580276188977,303.124441821,0.9359605925162223,0.594298183981,148.831752933,0.35954232917545514,1.0668763833854857,0.3175778108033116,0.2992057312997791,-0.8635501028539752,-0.8751811940561938,-1.4836123385610576,-0.8152501677718162,-1.1985182529373468,-0.15773976599263806,17.3765348004,17.8402559532,18.0635837453,18.2804669702,18.7141323762,19.8143023806,20.5218557863,21.254857766,22.2746012628,23.0779047596,1.0,0.971830985915493,0.9577464788732394,0.9436619718309859,0.9154929577464789,0.8450704225352113,0.8028169014084507,0.7605633802816901,0.704225352112676,0.6619718309859155,0.505947080547,0.226655038443,-0.0524905961063,-0.121491160566,-0.117071007292,-0.206869879701,-0.276243266908,-0.234989122126,-0.193968149602,-0.0790692078575,0.666666666667,0.571428571429,0.75,0.65,0.75,0.7,0.796032806901,0.012404604342715855,2.461566767799139,0.785869912731,0.023203820355991844,2.4703017166613535,0.712859722922,0.02520104018543237,2.33859029222354,0.714293112156,0.04305778386600521,2.333568633028195,0.580194121899,0.0919184974185012,1.989158762685136,0.58554991683,0.08698076861620947,1.9918165041836788
