Well/XY,cell_id,total_distance,net_distance,linearity,spearmanrsq,progressivity,max_speed,min_speed,avg_speed,MSD_slope,hurst_RS,nongauss,disp_var,disp_skew,rw_linearity,rw_netdist,rw_kurtosis01,rw_kurtosis02,rw_kurtosis03,rw_kurtosis04,rw_kurtosis05,rw_kurtosis06,rw_kurtosis07,rw_kurtosis08,rw_kurtosis09,rw_kurtosis10,avg_moving_speed01,avg_moving_speed02,avg_moving_speed03,avg_moving_speed04,avg_moving_speed05,avg_moving_speed06,avg_moving_speed07,avg_moving_speed08,avg_moving_speed09,avg_moving_speed10,time_moving01,time_moving02,time_moving03,time_moving04,time_moving05,time_moving06,time_moving07,time_moving08,time_moving09,time_moving10,autocorr_1,autocorr_2,autocorr_3,autocorr_4,autocorr_5,autocorr_6,autocorr_7,autocorr_8,autocorr_9,autocorr_10,p_rturn_9_5,p_rturn_9_6,p_rturn_10_5,p_rturn_10_6,p_rturn_11_5,p_rturn_11_6,mean_theta_9_5,min_theta_9_5,max_theta_9_5,mean_theta_9_6,min_theta_9_6,max_theta_9_6,mean_theta_10_5,min_theta_10_5,max_theta_10_5,mean_theta_10_6,min_theta_10_6,max_theta_10_6,mean_theta_11_5,min_theta_11_5,max_theta_11_5,mean_theta_11_6,min_theta_11_6,max_theta_11_6
WellB06_Seq0004/xy07,0,828.8872854519574,63.21550442731585,0.00585040949432,0.0245430095415,0.07626550139787353,12.92007739914897,0.16124515496596536,11.0518304727,0.732142713328,0.534796036074,0.393470920471,81.1848019461,1.6607618414673986,-0.240859301131,-73.0406126213,3.356159406226455,0.360467013112828,0.11223805136030096,-0.7911889011030762,0.4825700803566302,-0.6225087474896887,-0.7825229862542988,-1.0007535645638537,-0.551935995225207,-1.0734889693471148,5.87153652027,6.41429535798,7.05306600915,8.23644910875,8.63191919117,9.1541139452,9.84165756765,10.4431268648,11.1425521468,11.9463827969,0.7887323943661971,0.704225352112676,0.6056338028169014,0.4507042253521127,0.4084507042253521,0.352112676056338,0.28169014084507044,0.22535211267605634,0.16901408450704225,0.11267605633802817,0.00600804518411,-0.144844280524,-0.0177253108782,-0.151336957894,-0.13873502495,0.0164491562369,0.0596897532192,0.0733524239535,-0.177490757987,-0.0294464470205,0.47619047619,0.52380952381,0.6,0.6,0.55,0.6,1.0814209048,0.010743512145032006,2.954259148949723,0.935553803873,0.011938064527763859,2.966767763092832,1.42744475362,0.01727595123376995,2.9986174292788568,1.32908193623,0.018470503616502158,3.0130063370835116,1.42277394286,0.01444396325692922,3.000016563446014,1.26245819812,0.020298207758623746,3.014405471250668
