Well/XY,cell_id,total_distance,net_distance,linearity,spearmanrsq,progressivity,max_speed,min_speed,avg_speed,MSD_slope,hurst_RS,nongauss,disp_var,disp_skew,rw_linearity,rw_netdist,rw_kurtosis01,rw_kurtosis02,rw_kurtosis03,rw_kurtosis04,rw_kurtosis05,rw_kurtosis06,rw_kurtosis07,rw_kurtosis08,rw_kurtosis09,rw_kurtosis10,avg_moving_speed01,avg_moving_speed02,avg_moving_speed03,avg_moving_speed04,avg_moving_speed05,avg_moving_speed06,avg_moving_speed07,avg_moving_speed08,avg_moving_speed09,avg_moving_speed10,time_moving01,time_moving02,time_moving03,time_moving04,time_moving05,time_moving06,time_moving07,time_moving08,time_moving09,time_moving10,autocorr_1,autocorr_2,autocorr_3,autocorr_4,autocorr_5,autocorr_6,autocorr_7,autocorr_8,autocorr_9,autocorr_10,p_rturn_9_5,p_rturn_9_6,p_rturn_10_5,p_rturn_10_6,p_rturn_11_5,p_rturn_11_6,mean_theta_9_5,min_theta_9_5,max_theta_9_5,mean_theta_9_6,min_theta_9_6,max_theta_9_6,mean_theta_10_5,min_theta_10_5,max_theta_10_5,mean_theta_10_6,min_theta_10_6,max_theta_10_6,mean_theta_11_5,min_theta_11_5,max_theta_11_5,mean_theta_11_6,min_theta_11_6,max_theta_11_6
WellB06_Seq0004/xy04,0,1614.864316133348,106.2483882230689,0.669604463212,0.856046776801,0.06579400334851129,39.91794082865498,0.7443117626371468,21.5315242151,0.922732272108,0.748865580418,1.96072172864,624.116279162,2.691300103734637,0.458756455555,-159.210070531,9.814009273477497,0.39988747765069155,6.000766107060285,-0.5676653925256803,5.844850783955611,4.34564804919434,1.0194409970692293,2.432846676573087,1.9555506865944627,1.071422835602342,8.96702536575,9.19422160075,9.72347801654,11.0527271358,12.111652743,13.631174924,14.756159017,16.1443261305,17.1476287704,19.3044591696,0.971830985915493,0.9436619718309859,0.8732394366197183,0.7183098591549296,0.6197183098591549,0.5070422535211268,0.43661971830985913,0.36619718309859156,0.323943661971831,0.2535211267605634,0.552511594516,0.243774449205,0.0219202611733,-0.0517208448123,0.0168885069649,0.0564704230639,0.0997528801876,0.128735722486,0.0926891237617,0.0761227108098,0.428571428571,0.47619047619,0.5,0.5,0.55,0.65,0.459481617588,0.017897811357698364,1.9919209422631865,0.46416047697,0.005212761821229453,2.067566183009404,0.489643443947,0.06116162239539547,1.9987777954119161,0.492722594067,0.0745155715247174,2.0744230361581333,0.351101552775,0.025518555781111188,1.1454172804553957,0.350279194694,0.03663015874047479,1.136743924782859
