Well/XY,cell_id,total_distance,net_distance,linearity,spearmanrsq,progressivity,max_speed,min_speed,avg_speed,MSD_slope,hurst_RS,nongauss,disp_var,disp_skew,rw_linearity,rw_netdist,rw_kurtosis01,rw_kurtosis02,rw_kurtosis03,rw_kurtosis04,rw_kurtosis05,rw_kurtosis06,rw_kurtosis07,rw_kurtosis08,rw_kurtosis09,rw_kurtosis10,avg_moving_speed01,avg_moving_speed02,avg_moving_speed03,avg_moving_speed04,avg_moving_speed05,avg_moving_speed06,avg_moving_speed07,avg_moving_speed08,avg_moving_speed09,avg_moving_speed10,time_moving01,time_moving02,time_moving03,time_moving04,time_moving05,time_moving06,time_moving07,time_moving08,time_moving09,time_moving10,autocorr_1,autocorr_2,autocorr_3,autocorr_4,autocorr_5,autocorr_6,autocorr_7,autocorr_8,autocorr_9,autocorr_10,p_rturn_9_5,p_rturn_9_6,p_rturn_10_5,p_rturn_10_6,p_rturn_11_5,p_rturn_11_6,mean_theta_9_5,min_theta_9_5,max_theta_9_5,mean_theta_9_6,min_theta_9_6,max_theta_9_6,mean_theta_10_5,min_theta_10_5,max_theta_10_5,mean_theta_10_6,min_theta_10_6,max_theta_10_6,mean_theta_11_5,min_theta_11_5,max_theta_11_5,mean_theta_11_6,min_theta_11_6,max_theta_11_6
WellC07_Seq0014/xy04,0,1715.5765906197933,435.5129574421408,0.848529913918,0.874179432654,0.25385806720806403,36.61412126488906,0.1256025477448601,22.8743545416,1.16064435345,0.82092157782,0.0170568935426,389.170360216,0.915178707554762,0.604085734034,153.498974552,-0.235433355628484,2.6557568868169925,2.9481350297289035,-0.49714689545844903,2.155515714261254,-1.157483365554125,-0.7584964117062865,-0.8470609083602882,-1.6025418391035617,-1.2082865119786785,9.31686445806,9.92176129333,10.7002011204,11.5301440669,12.1126784011,12.6998175398,13.3338770137,13.9782853426,15.5105531153,16.2363067459,0.971830985915493,0.9014084507042254,0.8169014084507042,0.7323943661971831,0.676056338028169,0.6197183098591549,0.5633802816901409,0.5070422535211268,0.39436619718309857,0.352112676056338,0.410756120962,0.306379078134,0.314266427667,0.281081158766,0.232036526357,0.0845257805116,-0.0222309538092,0.0292449773281,-0.033525666357,0.0251883130987,0.428571428571,0.47619047619,0.45,0.5,0.4,0.4,0.759605421872,0.02484786013676422,2.6235080093223626,0.782278711496,0.03886988252491202,2.6045123122442906,1.07800736165,0.012995276700211273,2.8049823255913005,1.09353493778,0.004428770401060409,2.714959379077166,1.02363078224,0.05580953149039778,2.666269820108388,1.04372699729,0.01328245023907714,2.495959787300824
