Well/XY,cell_id,total_distance,net_distance,linearity,spearmanrsq,progressivity,max_speed,min_speed,avg_speed,MSD_slope,hurst_RS,nongauss,disp_var,disp_skew,rw_linearity,rw_netdist,rw_kurtosis01,rw_kurtosis02,rw_kurtosis03,rw_kurtosis04,rw_kurtosis05,rw_kurtosis06,rw_kurtosis07,rw_kurtosis08,rw_kurtosis09,rw_kurtosis10,avg_moving_speed01,avg_moving_speed02,avg_moving_speed03,avg_moving_speed04,avg_moving_speed05,avg_moving_speed06,avg_moving_speed07,avg_moving_speed08,avg_moving_speed09,avg_moving_speed10,time_moving01,time_moving02,time_moving03,time_moving04,time_moving05,time_moving06,time_moving07,time_moving08,time_moving09,time_moving10,autocorr_1,autocorr_2,autocorr_3,autocorr_4,autocorr_5,autocorr_6,autocorr_7,autocorr_8,autocorr_9,autocorr_10,p_rturn_9_5,p_rturn_9_6,p_rturn_10_5,p_rturn_10_6,p_rturn_11_5,p_rturn_11_6,mean_theta_9_5,min_theta_9_5,max_theta_9_5,mean_theta_9_6,min_theta_9_6,max_theta_9_6,mean_theta_10_5,min_theta_10_5,max_theta_10_5,mean_theta_10_6,min_theta_10_6,max_theta_10_6,mean_theta_11_5,min_theta_11_5,max_theta_11_5,mean_theta_11_6,min_theta_11_6,max_theta_11_6
WellE11_Seq0010/xy08,0,359.1076725711808,111.86043625875952,0.274682502649,0.315163666826,0.31149553407714237,7.27747126411367,0.28319604517011954,4.78810230095,1.25074699764,0.67064976033,1.25621854619,21.093835388,2.697537084067476,0.0511397323389,52.8287465155,7.303437908408457,3.1652817154303774,1.742466020340263,3.5454824750412275,4.03540233608261,0.12700640184796708,0.6139220757169315,0.3631503657238482,-0.6985684710437332,1.133487534971458,2.881600596,3.21295266895,4.30819557526,5.55794722664,6.17194649307,7.01519503449,7.43772107768,0.0,0.0,0.0,0.9436619718309859,0.7605633802816901,0.29577464788732394,0.1267605633802817,0.08450704225352113,0.04225352112676056,0.028169014084507043,0.0,0.0,0.0,0.258104703814,0.347132650056,-0.0390333973128,-0.120139968503,-0.0678118933384,0.0411195846018,-0.0837472139073,0.0420338914812,-0.0534828271189,-0.0324370247218,0.619047619048,0.619047619048,0.6,0.6,0.5,0.45,0.600423826091,0.009514041357239999,2.4119749140403797,0.588365858502,0.006341908075818878,2.19490003639377,0.530962457251,0.0011014993606253355,2.2360726068016272,0.51354599231,0.01869910533744122,2.0189977291550174,0.697791339286,0.034042686083276444,2.463590931333631,0.664538258692,0.10837940185371026,2.409151734203341
