Well/XY,cell_id,total_distance,net_distance,linearity,spearmanrsq,progressivity,max_speed,min_speed,avg_speed,MSD_slope,hurst_RS,nongauss,disp_var,disp_skew,rw_linearity,rw_netdist,rw_kurtosis01,rw_kurtosis02,rw_kurtosis03,rw_kurtosis04,rw_kurtosis05,rw_kurtosis06,rw_kurtosis07,rw_kurtosis08,rw_kurtosis09,rw_kurtosis10,avg_moving_speed01,avg_moving_speed02,avg_moving_speed03,avg_moving_speed04,avg_moving_speed05,avg_moving_speed06,avg_moving_speed07,avg_moving_speed08,avg_moving_speed09,avg_moving_speed10,time_moving01,time_moving02,time_moving03,time_moving04,time_moving05,time_moving06,time_moving07,time_moving08,time_moving09,time_moving10,autocorr_1,autocorr_2,autocorr_3,autocorr_4,autocorr_5,autocorr_6,autocorr_7,autocorr_8,autocorr_9,autocorr_10,p_rturn_9_5,p_rturn_9_6,p_rturn_10_5,p_rturn_10_6,p_rturn_11_5,p_rturn_11_6,mean_theta_9_5,min_theta_9_5,max_theta_9_5,mean_theta_9_6,min_theta_9_6,max_theta_9_6,mean_theta_10_5,min_theta_10_5,max_theta_10_5,mean_theta_10_6,min_theta_10_6,max_theta_10_6,mean_theta_11_5,min_theta_11_5,max_theta_11_5,mean_theta_11_6,min_theta_11_6,max_theta_11_6
WellE11_Seq0010/xy25,0,1943.4762353471442,467.5491952725404,0.362854456267,0.215037682008,0.24057366216727966,35.00067427921925,1.2244182292011045,25.9130164713,1.43435266079,0.706123168128,-0.0288989225737,297.684435326,1.2360391868253868,0.153071211163,148.072072083,1.313534580891707,1.0794264759717995,1.4387913575080091,-0.704321467430923,-1.2585457108156015,-0.481659498720135,-1.1310472798228899,0.5977949416761854,0.13538913314248813,0.8488139114729658,16.9472113793,17.4039713701,17.8449845786,17.8449845786,17.8449845786,18.432785286,19.2268301426,19.2268301426,19.5839677251,19.9529266511,1.0,0.971830985915493,0.9436619718309859,0.9436619718309859,0.9436619718309859,0.9014084507042254,0.8450704225352113,0.8450704225352113,0.8169014084507042,0.7887323943661971,0.376415046471,0.0360245187838,-0.0725296003847,-0.0463255079423,-0.140113867543,-0.219408103611,-0.162565488108,-0.120307902535,-0.100567554197,-0.0685021338029,0.47619047619,0.52380952381,0.6,0.6,0.5,0.5,0.809809600578,0.0052268325619629265,1.7800713587541224,0.771858252601,0.05300398723950666,2.0270359133717335,0.926237673667,0.2078108956112874,2.2569666801651613,0.925133088635,0.16852789193376136,2.2976998559003987,1.00085320693,0.218107016557689,2.106761206614377,0.983921943819,0.13161721749304037,2.130466789036457
