Well/XY,cell_id,total_distance,net_distance,linearity,spearmanrsq,progressivity,max_speed,min_speed,avg_speed,MSD_slope,hurst_RS,nongauss,disp_var,disp_skew,rw_linearity,rw_netdist,rw_kurtosis01,rw_kurtosis02,rw_kurtosis03,rw_kurtosis04,rw_kurtosis05,rw_kurtosis06,rw_kurtosis07,rw_kurtosis08,rw_kurtosis09,rw_kurtosis10,avg_moving_speed01,avg_moving_speed02,avg_moving_speed03,avg_moving_speed04,avg_moving_speed05,avg_moving_speed06,avg_moving_speed07,avg_moving_speed08,avg_moving_speed09,avg_moving_speed10,time_moving01,time_moving02,time_moving03,time_moving04,time_moving05,time_moving06,time_moving07,time_moving08,time_moving09,time_moving10,autocorr_1,autocorr_2,autocorr_3,autocorr_4,autocorr_5,autocorr_6,autocorr_7,autocorr_8,autocorr_9,autocorr_10,p_rturn_9_5,p_rturn_9_6,p_rturn_10_5,p_rturn_10_6,p_rturn_11_5,p_rturn_11_6,mean_theta_9_5,min_theta_9_5,max_theta_9_5,mean_theta_9_6,min_theta_9_6,max_theta_9_6,mean_theta_10_5,min_theta_10_5,max_theta_10_5,mean_theta_10_6,min_theta_10_6,max_theta_10_6,mean_theta_11_5,min_theta_11_5,max_theta_11_5,mean_theta_11_6,min_theta_11_6,max_theta_11_6
WellE11_Seq0010/xy03,0,2606.8369312024256,610.2288784546337,0.170448257941,0.0791212685289,0.2340878599464833,55.41063049632264,0.3364401878491957,34.7578257494,1.09413949192,0.542629142218,1.83535942406,1792.34404887,2.6147243229319685,-0.061738701416,181.70562293,7.9205578885826355,1.29312468606578,-0.7985442706475907,-1.0553939574175633,-0.05312897094392488,-1.4550620462157462,-0.22939255466089392,-1.1499228177359095,-1.1014637789521668,-1.3954785675104011,22.8126291996,23.4462723193,23.4462723193,24.3706141821,24.999696827,24.999696827,25.3003450059,26.1988138721,26.4974106591,27.1093968384,0.9859154929577465,0.9577464788732394,0.9577464788732394,0.9154929577464789,0.8873239436619719,0.8873239436619719,0.8732394366197183,0.8309859154929577,0.8169014084507042,0.7887323943661971,0.0166418840144,-0.0132391626868,-0.105215678411,-0.187630297513,0.0704557936282,0.0160501067458,0.182224146399,-0.117568082713,-0.0765375682865,0.0100152143121,0.47619047619,0.52380952381,0.5,0.5,0.35,0.4,0.444253373621,0.004900078127276399,2.5217865441841454,0.433422477435,0.0032408988018940575,2.577364998126422,0.538036014571,0.02616166460804107,1.8344568655642701,0.529186188892,0.027820843933390543,1.8900353195065467,0.508251393802,0.03407210038536747,1.9079307175134277,0.497969451891,0.05087763096004105,1.963509171455704
