Well/XY,cell_id,total_distance,net_distance,linearity,spearmanrsq,progressivity,max_speed,min_speed,avg_speed,MSD_slope,hurst_RS,nongauss,disp_var,disp_skew,rw_linearity,rw_netdist,rw_kurtosis01,rw_kurtosis02,rw_kurtosis03,rw_kurtosis04,rw_kurtosis05,rw_kurtosis06,rw_kurtosis07,rw_kurtosis08,rw_kurtosis09,rw_kurtosis10,avg_moving_speed01,avg_moving_speed02,avg_moving_speed03,avg_moving_speed04,avg_moving_speed05,avg_moving_speed06,avg_moving_speed07,avg_moving_speed08,avg_moving_speed09,avg_moving_speed10,time_moving01,time_moving02,time_moving03,time_moving04,time_moving05,time_moving06,time_moving07,time_moving08,time_moving09,time_moving10,autocorr_1,autocorr_2,autocorr_3,autocorr_4,autocorr_5,autocorr_6,autocorr_7,autocorr_8,autocorr_9,autocorr_10,p_rturn_9_5,p_rturn_9_6,p_rturn_10_5,p_rturn_10_6,p_rturn_11_5,p_rturn_11_6,mean_theta_9_5,min_theta_9_5,max_theta_9_5,mean_theta_9_6,min_theta_9_6,max_theta_9_6,mean_theta_10_5,min_theta_10_5,max_theta_10_5,mean_theta_10_6,min_theta_10_6,max_theta_10_6,mean_theta_11_5,min_theta_11_5,max_theta_11_5,mean_theta_11_6,min_theta_11_6,max_theta_11_6
WellB02_Seq0000/xy08,0,76.86067384013418,1.8027756377319946,0.00800775064672,0.0194427713361,0.023455111016612542,0.6403124237432763,0.028284271247436175,1.23968828774,0.285344482909,0.556477042329,-0.131202617327,0.625901041442,1.1084870134478768,-0.226596378088,-12.1126908797,0.7598841951567255,0.6797219556765577,1.4992857216895512,-0.8666596216836355,-0.904011721040479,-1.0205321420198352,-0.36338681540346673,-0.10432599129481712,-0.756046555729506,-1.3128887668868883,0.0,0.0,0.0,0.0,0.0,0.0,0.0,0.0,0.0,0.0,0.0,0.0,0.0,0.0,0.0,0.0,0.0,0.0,0.0,0.0,0.369476434153,0.0479284641352,-0.030204571022,-0.22312186771,-0.141451228741,0.0731608347552,0.0939217565446,-0.14505106362,-0.232033749736,-0.249874110397,0.533333333333,0.666666666667,0.4,0.4,0.6875,0.75,0.559590053165,0.0736819302167523,1.188760674046159,0.557055222572,0.044755042454222786,1.0800805476847755,0.719718495468,0.06530060363901882,1.7247666655607934,0.725317006214,0.061583440563280564,1.6957362165505658,0.58393225402,0.008893224339343931,1.647739076619369,0.589286212655,0.011612562600851695,1.5087363598227057
