Well/XY,cell_id,total_distance,net_distance,linearity,spearmanrsq,progressivity,max_speed,min_speed,avg_speed,MSD_slope,hurst_RS,nongauss,disp_var,disp_skew,rw_linearity,rw_netdist,rw_kurtosis01,rw_kurtosis02,rw_kurtosis03,rw_kurtosis04,rw_kurtosis05,rw_kurtosis06,rw_kurtosis07,rw_kurtosis08,rw_kurtosis09,rw_kurtosis10,avg_moving_speed01,avg_moving_speed02,avg_moving_speed03,avg_moving_speed04,avg_moving_speed05,avg_moving_speed06,avg_moving_speed07,avg_moving_speed08,avg_moving_speed09,avg_moving_speed10,time_moving01,time_moving02,time_moving03,time_moving04,time_moving05,time_moving06,time_moving07,time_moving08,time_moving09,time_moving10,autocorr_1,autocorr_2,autocorr_3,autocorr_4,autocorr_5,autocorr_6,autocorr_7,autocorr_8,autocorr_9,autocorr_10,p_rturn_9_5,p_rturn_9_6,p_rturn_10_5,p_rturn_10_6,p_rturn_11_5,p_rturn_11_6,mean_theta_9_5,min_theta_9_5,max_theta_9_5,mean_theta_9_6,min_theta_9_6,max_theta_9_6,mean_theta_10_5,min_theta_10_5,max_theta_10_5,mean_theta_10_6,min_theta_10_6,max_theta_10_6,mean_theta_11_5,min_theta_11_5,max_theta_11_5,mean_theta_11_6,min_theta_11_6,max_theta_11_6
WellB02_Seq0000/xy12,0,84.04382088929405,2.322800034441132,0.105139315847,0.0646195330403,0.02763796326562567,1.003404205691783,0.06092618484690661,1.35554549821,0.294561478288,0.703415051718,0.209565704508,1.39203460832,1.2155240311720212,-0.118556960898,-12.8931604451,1.1395979449617588,0.3677744652397905,-0.04571346876287352,-0.5551429420544225,1.3785340130953445,0.21359607856066498,-1.1297248844287673,-1.5274942611559055,-1.0070713518627528,-0.2199757166464722,1.07591786296,0.0,0.0,0.0,0.0,0.0,0.0,0.0,0.0,0.0,0.034482758620689655,0.0,0.0,0.0,0.0,0.0,0.0,0.0,0.0,0.0,0.341021465823,0.0839381112232,-0.120263373808,-0.172988957208,-0.145674045933,0.0923559874835,0.0413913108612,0.0653469882667,0.160640327868,0.125168621453,0.4375,0.375,0.4375,0.4375,0.5625,0.5,0.695745090598,0.07581055408671038,1.5611822801405237,0.704370768052,0.1133569761829855,1.6344982356461828,0.647844471819,0.06258262503733163,1.4160054528202635,0.698826076144,0.012373293592849879,1.5660743850693253,0.665957129348,0.11342594718004116,1.2364868335861803,0.692894383231,0.16440982113723998,1.258789063603258
