Well/XY,cell_id,total_distance,net_distance,linearity,spearmanrsq,progressivity,max_speed,min_speed,avg_speed,MSD_slope,hurst_RS,nongauss,disp_var,disp_skew,rw_linearity,rw_netdist,rw_kurtosis01,rw_kurtosis02,rw_kurtosis03,rw_kurtosis04,rw_kurtosis05,rw_kurtosis06,rw_kurtosis07,rw_kurtosis08,rw_kurtosis09,rw_kurtosis10,avg_moving_speed01,avg_moving_speed02,avg_moving_speed03,avg_moving_speed04,avg_moving_speed05,avg_moving_speed06,avg_moving_speed07,avg_moving_speed08,avg_moving_speed09,avg_moving_speed10,time_moving01,time_moving02,time_moving03,time_moving04,time_moving05,time_moving06,time_moving07,time_moving08,time_moving09,time_moving10,autocorr_1,autocorr_2,autocorr_3,autocorr_4,autocorr_5,autocorr_6,autocorr_7,autocorr_8,autocorr_9,autocorr_10,p_rturn_9_5,p_rturn_9_6,p_rturn_10_5,p_rturn_10_6,p_rturn_11_5,p_rturn_11_6,mean_theta_9_5,min_theta_9_5,max_theta_9_5,mean_theta_9_6,min_theta_9_6,max_theta_9_6,mean_theta_10_5,min_theta_10_5,max_theta_10_5,mean_theta_10_6,min_theta_10_6,max_theta_10_6,mean_theta_11_5,min_theta_11_5,max_theta_11_5,mean_theta_11_6,min_theta_11_6,max_theta_11_6
WellC02_Seq0019/xy24,0,88.69330435345536,11.200002187499782,0.774148068421,0.413762920263,0.12627787710858296,1.863820635147062,0.04894118919683815,1.43053716699,0.63600328536,0.79271563838,-0.244153193142,0.684505647445,0.8877779329897313,0.558113775167,-4.85773768628,0.07731559109841557,0.07037027205870361,0.6049445731167395,4.645993864923975,-0.8036235883269973,-0.20568739284902726,2.3101301312580693,0.7195822722230028,-0.2732687265875482,0.8296850159593356,1.555264417,2.21052994601,0.0,0.0,0.0,0.0,0.0,0.0,0.0,0.0,0.1206896551724138,0.034482758620689655,0.0,0.0,0.0,0.0,0.0,0.0,0.0,0.0,0.158760678384,0.0199326815208,0.0301511299998,0.0183941226851,-0.0899617585957,0.00735505704382,0.207540614913,0.197566172353,-0.0313777607774,0.00118933183769,0.375,0.4375,0.5,0.5625,0.5625,0.625,0.777443183532,0.06951265278873066,1.726660605558787,0.739178835637,0.047881105236618426,1.7427577420538145,0.744621340724,0.05112773332535238,1.6296392075667794,0.708726648513,0.037865036784988995,1.7775797958022217,0.680773863416,0.0433664894906764,1.844073631810802,0.630101595245,0.03030208794247969,1.7922578132838263
