Well/XY,cell_id,total_distance,net_distance,linearity,spearmanrsq,progressivity,max_speed,min_speed,avg_speed,MSD_slope,hurst_RS,nongauss,disp_var,disp_skew,rw_linearity,rw_netdist,rw_kurtosis01,rw_kurtosis02,rw_kurtosis03,rw_kurtosis04,rw_kurtosis05,rw_kurtosis06,rw_kurtosis07,rw_kurtosis08,rw_kurtosis09,rw_kurtosis10,avg_moving_speed01,avg_moving_speed02,avg_moving_speed03,avg_moving_speed04,avg_moving_speed05,avg_moving_speed06,avg_moving_speed07,avg_moving_speed08,avg_moving_speed09,avg_moving_speed10,time_moving01,time_moving02,time_moving03,time_moving04,time_moving05,time_moving06,time_moving07,time_moving08,time_moving09,time_moving10,autocorr_1,autocorr_2,autocorr_3,autocorr_4,autocorr_5,autocorr_6,autocorr_7,autocorr_8,autocorr_9,autocorr_10,p_rturn_9_5,p_rturn_9_6,p_rturn_10_5,p_rturn_10_6,p_rturn_11_5,p_rturn_11_6,mean_theta_9_5,min_theta_9_5,max_theta_9_5,mean_theta_9_6,min_theta_9_6,max_theta_9_6,mean_theta_10_5,min_theta_10_5,max_theta_10_5,mean_theta_10_6,min_theta_10_6,max_theta_10_6,mean_theta_11_5,min_theta_11_5,max_theta_11_5,mean_theta_11_6,min_theta_11_6,max_theta_11_6
WellC02_Seq0019/xy22,0,240.78492217161778,197.6850841616535,0.96929179241,0.934731422206,0.8210027537386865,8.400672354044042,0.11320777358465824,3.88362777696,1.94201440478,0.945429823942,0.0365820746522,8.97274907729,1.15843184363566,0.757312741341,154.091470484,0.47388104873272363,-0.2456066333751954,-0.22557134415576696,-0.00967729915282245,-0.28993713072051364,-0.4031862174639347,0.20397708911215995,-1.0427281254752165,-0.3312695855268215,-0.49709040320635767,4.01411671119,4.98839992413,6.73602329546,7.22526568265,8.25454357831,8.50277980464,9.09491929941,9.24754589593,9.59127894479,10.2474482677,0.8620689655172413,0.6206896551724138,0.3620689655172414,0.3103448275862069,0.22413793103448276,0.20689655172413793,0.15517241379310345,0.13793103448275862,0.10344827586206896,0.017241379310344827,0.732409197223,0.671624215274,0.608028934647,0.527956016002,0.418906965577,0.43593300618,0.383368920919,0.318034927028,0.201034075933,0.0776870893108,0.375,0.375,0.375,0.375,0.375,0.375,0.119749549839,0.0015978183582545519,0.35752751899160184,0.126151405883,0.03377441694300843,0.3749209883527155,0.149565923872,0.006435623300150164,0.5894980434447427,0.140776336352,0.002786727760404516,0.5301815156674922,0.145989072002,0.0335922764552997,0.36869757614291415,0.14063414618,0.030294489076990866,0.38609104550402795
