Well/XY,cell_id,total_distance,net_distance,linearity,spearmanrsq,progressivity,max_speed,min_speed,avg_speed,MSD_slope,hurst_RS,nongauss,disp_var,disp_skew,rw_linearity,rw_netdist,rw_kurtosis01,rw_kurtosis02,rw_kurtosis03,rw_kurtosis04,rw_kurtosis05,rw_kurtosis06,rw_kurtosis07,rw_kurtosis08,rw_kurtosis09,rw_kurtosis10,avg_moving_speed01,avg_moving_speed02,avg_moving_speed03,avg_moving_speed04,avg_moving_speed05,avg_moving_speed06,avg_moving_speed07,avg_moving_speed08,avg_moving_speed09,avg_moving_speed10,time_moving01,time_moving02,time_moving03,time_moving04,time_moving05,time_moving06,time_moving07,time_moving08,time_moving09,time_moving10,autocorr_1,autocorr_2,autocorr_3,autocorr_4,autocorr_5,autocorr_6,autocorr_7,autocorr_8,autocorr_9,autocorr_10,p_rturn_9_5,p_rturn_9_6,p_rturn_10_5,p_rturn_10_6,p_rturn_11_5,p_rturn_11_6,mean_theta_9_5,min_theta_9_5,max_theta_9_5,mean_theta_9_6,min_theta_9_6,max_theta_9_6,mean_theta_10_5,min_theta_10_5,max_theta_10_5,mean_theta_10_6,min_theta_10_6,max_theta_10_6,mean_theta_11_5,min_theta_11_5,max_theta_11_5,mean_theta_11_6,min_theta_11_6,max_theta_11_6
WellC02_Seq0019/xy20,0,118.65172669806104,7.1281133548785816,0.0794314258987,0.0256253711745,0.06007593444482984,2.0771133815947413,0.08246211251237748,1.91373752739,0.475837769326,0.780642085362,-0.364261283086,1.05526074209,0.3676160482561201,-0.156624209858,-14.3535371122,-0.6287328159083301,0.36853549129038754,0.7073714098961026,4.769744881559124,-0.62970522735493,-1.4237325387072983,-1.337003861039649,-0.7061221394005375,-1.2237164804001062,-1.3718166555545044,1.43659548778,0.0,0.0,0.0,0.0,0.0,0.0,0.0,0.0,0.0,0.13793103448275862,0.0,0.0,0.0,0.0,0.0,0.0,0.0,0.0,0.0,0.120745518899,0.276074153465,0.00322620913654,0.126425272068,0.0436622995873,-0.0118528801888,0.01985230992,-0.0507101764029,0.128030237738,-0.163435627186,0.5,0.5,0.6,0.533333333333,0.466666666667,0.4,0.946366651465,0.0208289907869006,2.0394727086548925,0.952043107705,0.023710528606382713,1.9358808995380872,0.834196692572,0.173706738167039,1.9203531758462145,0.808466996969,0.07401637875234585,2.0047833232269445,0.825131872686,0.21344022576863605,2.154349314071937,0.819420670897,0.12532929139145746,2.050757504955132
