Well/XY,cell_id,total_distance,net_distance,linearity,spearmanrsq,progressivity,max_speed,min_speed,avg_speed,MSD_slope,hurst_RS,nongauss,disp_var,disp_skew,rw_linearity,rw_netdist,rw_kurtosis01,rw_kurtosis02,rw_kurtosis03,rw_kurtosis04,rw_kurtosis05,rw_kurtosis06,rw_kurtosis07,rw_kurtosis08,rw_kurtosis09,rw_kurtosis10,avg_moving_speed01,avg_moving_speed02,avg_moving_speed03,avg_moving_speed04,avg_moving_speed05,avg_moving_speed06,avg_moving_speed07,avg_moving_speed08,avg_moving_speed09,avg_moving_speed10,time_moving01,time_moving02,time_moving03,time_moving04,time_moving05,time_moving06,time_moving07,time_moving08,time_moving09,time_moving10,autocorr_1,autocorr_2,autocorr_3,autocorr_4,autocorr_5,autocorr_6,autocorr_7,autocorr_8,autocorr_9,autocorr_10,p_rturn_9_5,p_rturn_9_6,p_rturn_10_5,p_rturn_10_6,p_rturn_11_5,p_rturn_11_6,mean_theta_9_5,min_theta_9_5,max_theta_9_5,mean_theta_9_6,min_theta_9_6,max_theta_9_6,mean_theta_10_5,min_theta_10_5,max_theta_10_5,mean_theta_10_6,min_theta_10_6,max_theta_10_6,mean_theta_11_5,min_theta_11_5,max_theta_11_5,mean_theta_11_6,min_theta_11_6,max_theta_11_6
WellC02_Seq0019/xy08,0,47.37241301723712,3.9169503443367306,0.231027567328,0.232518775237,0.08268420574040619,0.6004031978595719,0.006000000000005912,0.764071177697,0.539977126912,0.739188571886,0.111687358789,0.247847684502,1.7195158007126505,0.0220290079403,-4.65972735382,3.812588045538911,3.9409458378372406,0.9050204775414064,-0.8024586550504034,-0.7048895457220161,-1.3178157354929414,-0.6909618297211164,-0.30593747746409194,0.6641042712074565,-0.7543499273936347,0.0,0.0,0.0,0.0,0.0,0.0,0.0,0.0,0.0,0.0,0.0,0.0,0.0,0.0,0.0,0.0,0.0,0.0,0.0,0.0,0.382173258742,0.147955075461,0.231620428099,0.145774741327,-0.0359269303881,0.0350576407823,0.285473813721,0.236888771278,-0.0122058161076,0.0292072682967,0.5,0.5,0.6875,0.6875,0.75,0.6875,0.503345161405,0.030566693443105745,1.376905168162849,0.423033712585,0.009109579889789879,0.7918775046886978,0.656547406764,0.06455375579915629,1.5690568311636726,0.633188803075,0.030487284303283294,1.5348325691403444,0.642267785762,0.023299829131682496,1.75320294243665,0.597028515382,0.03384715645704063,1.2004596296464853
