Well/XY,cell_id,total_distance,net_distance,linearity,spearmanrsq,progressivity,max_speed,min_speed,avg_speed,MSD_slope,hurst_RS,nongauss,disp_var,disp_skew,rw_linearity,rw_netdist,rw_kurtosis01,rw_kurtosis02,rw_kurtosis03,rw_kurtosis04,rw_kurtosis05,rw_kurtosis06,rw_kurtosis07,rw_kurtosis08,rw_kurtosis09,rw_kurtosis10,avg_moving_speed01,avg_moving_speed02,avg_moving_speed03,avg_moving_speed04,avg_moving_speed05,avg_moving_speed06,avg_moving_speed07,avg_moving_speed08,avg_moving_speed09,avg_moving_speed10,time_moving01,time_moving02,time_moving03,time_moving04,time_moving05,time_moving06,time_moving07,time_moving08,time_moving09,time_moving10,autocorr_1,autocorr_2,autocorr_3,autocorr_4,autocorr_5,autocorr_6,autocorr_7,autocorr_8,autocorr_9,autocorr_10,p_rturn_9_5,p_rturn_9_6,p_rturn_10_5,p_rturn_10_6,p_rturn_11_5,p_rturn_11_6,mean_theta_9_5,min_theta_9_5,max_theta_9_5,mean_theta_9_6,min_theta_9_6,max_theta_9_6,mean_theta_10_5,min_theta_10_5,max_theta_10_5,mean_theta_10_6,min_theta_10_6,max_theta_10_6,mean_theta_11_5,min_theta_11_5,max_theta_11_5,mean_theta_11_6,min_theta_11_6,max_theta_11_6
WellB10_Seq0008/xy12,0,1032.1499448976272,230.46488886596148,0.214369743871,0.294716777913,0.22328624828713228,20.768205025952522,0.5539819491644146,13.7619992653,1.40322762314,0.673702952194,0.255678552398,118.260676169,1.537169157486166,-0.0110912093145,60.7955669062,2.789901727231589,-0.0306207532679994,0.446423649901341,-0.4480907677575945,-0.9855782327466107,-1.5423028075765648,-1.466821326726156,-1.6524291682430705,-1.4893880612218617,-1.5455552673520694,8.56924121189,9.93464913451,10.6593391433,11.773709048,12.1207761586,12.2752118425,12.7396401305,13.1867040306,13.3176505192,13.9327647427,0.9577464788732394,0.8028169014084507,0.7323943661971831,0.6338028169014085,0.6056338028169014,0.5915492957746479,0.5492957746478874,0.5070422535211268,0.49295774647887325,0.4225352112676056,0.193812740401,-0.00166719882755,-0.0171360473516,-0.00829826117394,0.0321750200403,-0.059978119394,0.00377697942759,-0.0809843499881,-0.0164517083894,0.120315541471,0.333333333333,0.380952380952,0.35,0.35,0.3,0.3,0.776815083341,0.033195010140348015,2.1677389700893004,0.62270819005,0.023237417826746414,2.0509774563458607,0.867564496773,0.21566784619114282,2.0930264217538777,0.731437918094,0.012153963772591833,2.181755396650368,0.711768780953,0.053961622208554265,1.927193057541853,0.649430694764,0.019976265097824616,1.685818817245836
