Well/XY,cell_id,total_distance,net_distance,linearity,spearmanrsq,progressivity,max_speed,min_speed,avg_speed,MSD_slope,hurst_RS,nongauss,disp_var,disp_skew,rw_linearity,rw_netdist,rw_kurtosis01,rw_kurtosis02,rw_kurtosis03,rw_kurtosis04,rw_kurtosis05,rw_kurtosis06,rw_kurtosis07,rw_kurtosis08,rw_kurtosis09,rw_kurtosis10,avg_moving_speed01,avg_moving_speed02,avg_moving_speed03,avg_moving_speed04,avg_moving_speed05,avg_moving_speed06,avg_moving_speed07,avg_moving_speed08,avg_moving_speed09,avg_moving_speed10,time_moving01,time_moving02,time_moving03,time_moving04,time_moving05,time_moving06,time_moving07,time_moving08,time_moving09,time_moving10,autocorr_1,autocorr_2,autocorr_3,autocorr_4,autocorr_5,autocorr_6,autocorr_7,autocorr_8,autocorr_9,autocorr_10,p_rturn_9_5,p_rturn_9_6,p_rturn_10_5,p_rturn_10_6,p_rturn_11_5,p_rturn_11_6,mean_theta_9_5,min_theta_9_5,max_theta_9_5,mean_theta_9_6,min_theta_9_6,max_theta_9_6,mean_theta_10_5,min_theta_10_5,max_theta_10_5,mean_theta_10_6,min_theta_10_6,max_theta_10_6,mean_theta_11_5,min_theta_11_5,max_theta_11_5,mean_theta_11_6,min_theta_11_6,max_theta_11_6
WellB10_Seq0008/xy24,0,1652.2780312930681,478.78256453216846,0.22653821997,0.289717207045,0.28977118588054734,30.137504873496074,1.4261837188805808,22.0303737506,1.46665698307,0.81828853594,-0.123233788533,197.928738684,1.0106778217371992,-0.00273388847118,207.173875655,0.49271537239716023,-0.7038178714415402,-0.04771873351308287,0.8904491326584152,-0.2732393749831683,1.3438746262741397,-1.2209951578333549,-0.9885815136200136,0.1478919808530632,-0.15186714145566071,12.7412876676,12.7412876676,13.3630569254,13.5054617113,14.0762925674,14.6614273337,15.11354575,15.8880121388,16.358343916,17.3374293219,1.0,1.0,0.9436619718309859,0.9295774647887324,0.8732394366197183,0.8169014084507042,0.7746478873239436,0.704225352112676,0.6619718309859155,0.5774647887323944,0.315475261917,0.343093444138,0.14757503366,0.129619348829,0.157817544053,0.247006088013,0.168229165178,0.179237271608,0.0754866802469,-0.0311786170911,0.571428571429,0.571428571429,0.6,0.6,0.5,0.55,0.681970537729,0.0527906414275757,2.4326375616590448,0.688830342657,0.050344285386607145,2.5085106437261313,0.795006280232,0.028724950724384152,2.3231475850735643,0.813240820597,0.03378752581535687,2.4226752537473133,0.770505511107,0.04642386933585325,2.5198386170524585,0.755696268152,0.005218989503331055,2.5957116991195446
