Well/XY,cell_id,total_distance,net_distance,linearity,spearmanrsq,progressivity,max_speed,min_speed,avg_speed,MSD_slope,hurst_RS,nongauss,disp_var,disp_skew,rw_linearity,rw_netdist,rw_kurtosis01,rw_kurtosis02,rw_kurtosis03,rw_kurtosis04,rw_kurtosis05,rw_kurtosis06,rw_kurtosis07,rw_kurtosis08,rw_kurtosis09,rw_kurtosis10,avg_moving_speed01,avg_moving_speed02,avg_moving_speed03,avg_moving_speed04,avg_moving_speed05,avg_moving_speed06,avg_moving_speed07,avg_moving_speed08,avg_moving_speed09,avg_moving_speed10,time_moving01,time_moving02,time_moving03,time_moving04,time_moving05,time_moving06,time_moving07,time_moving08,time_moving09,time_moving10,autocorr_1,autocorr_2,autocorr_3,autocorr_4,autocorr_5,autocorr_6,autocorr_7,autocorr_8,autocorr_9,autocorr_10,p_rturn_9_5,p_rturn_9_6,p_rturn_10_5,p_rturn_10_6,p_rturn_11_5,p_rturn_11_6,mean_theta_9_5,min_theta_9_5,max_theta_9_5,mean_theta_9_6,min_theta_9_6,max_theta_9_6,mean_theta_10_5,min_theta_10_5,max_theta_10_5,mean_theta_10_6,min_theta_10_6,max_theta_10_6,mean_theta_11_5,min_theta_11_5,max_theta_11_5,mean_theta_11_6,min_theta_11_6,max_theta_11_6
WellB10_Seq0008/xy22,0,940.6527150059736,375.3349437502454,0.251584033911,0.123995947331,0.39901542595118306,24.970967141862957,0.7507329751649315,12.5420362001,1.54063227818,0.866871825476,0.0332503669281,71.3793225086,1.4986450419479385,0.00763596438951,220.706336595,2.0612654937405575,1.552600167289424,0.41616915028369883,1.3528984593293307,2.1395178411203677,-0.00431578768129226,-0.08749626906252894,-0.9290817359840706,-0.5456714918164947,0.48932032113070667,9.76105511224,10.2613280361,10.5095950083,10.8501855069,12.2947285098,13.8807798888,14.6847527448,15.8342288209,16.8915938709,19.0005272459,0.971830985915493,0.9154929577464789,0.8873239436619719,0.8450704225352113,0.6901408450704225,0.5633802816901409,0.5070422535211268,0.43661971830985913,0.38028169014084506,0.29577464788732394,0.431456157849,0.459101314549,0.417535837412,0.397366582956,0.0521595907884,0.217633096361,0.0478637442376,0.174564485012,0.0644861183471,0.142055210221,0.47619047619,0.47619047619,0.4,0.4,0.45,0.4,0.803173506337,0.030430088743978827,2.774780384338333,0.84341598577,0.040715511002642445,2.7388776810369793,0.927474209663,0.022178143987197,2.864497387501422,1.01205575453,0.022906406421912492,2.828594684200069,0.974517660355,0.0422167481200935,2.8140423362835354,1.00889095214,0.04874084327716939,2.7781396329821813
