Well/XY,cell_id,total_distance,net_distance,linearity,spearmanrsq,progressivity,max_speed,min_speed,avg_speed,MSD_slope,hurst_RS,nongauss,disp_var,disp_skew,rw_linearity,rw_netdist,rw_kurtosis01,rw_kurtosis02,rw_kurtosis03,rw_kurtosis04,rw_kurtosis05,rw_kurtosis06,rw_kurtosis07,rw_kurtosis08,rw_kurtosis09,rw_kurtosis10,avg_moving_speed01,avg_moving_speed02,avg_moving_speed03,avg_moving_speed04,avg_moving_speed05,avg_moving_speed06,avg_moving_speed07,avg_moving_speed08,avg_moving_speed09,avg_moving_speed10,time_moving01,time_moving02,time_moving03,time_moving04,time_moving05,time_moving06,time_moving07,time_moving08,time_moving09,time_moving10,autocorr_1,autocorr_2,autocorr_3,autocorr_4,autocorr_5,autocorr_6,autocorr_7,autocorr_8,autocorr_9,autocorr_10,p_rturn_9_5,p_rturn_9_6,p_rturn_10_5,p_rturn_10_6,p_rturn_11_5,p_rturn_11_6,mean_theta_9_5,min_theta_9_5,max_theta_9_5,mean_theta_9_6,min_theta_9_6,max_theta_9_6,mean_theta_10_5,min_theta_10_5,max_theta_10_5,mean_theta_10_6,min_theta_10_6,max_theta_10_6,mean_theta_11_5,min_theta_11_5,max_theta_11_5,mean_theta_11_6,min_theta_11_6,max_theta_11_6
WellB10_Seq0008/xy23,0,2152.0355416653338,583.2884036220847,0.373516149275,0.300330969847,0.27104032081677987,36.89297738052597,1.0688330084723268,28.6938072222,1.22708178984,0.605993918655,0.868298601337,758.049269819,2.048567819570892,0.126725316321,229.527389544,5.357432121865028,0.4822182825568966,0.1259829704747153,0.8941325466923513,-1.0202631747928823,-1.212293293979615,-0.4723493619487571,-0.8296060689672782,-1.3641324980100185,-1.6363943548527426,14.8270593033,15.2237276303,16.2362540514,16.6495762732,16.8580883361,17.8752857271,18.760015003,19.2127510512,19.9145313481,20.655208163,0.9859154929577465,0.9577464788732394,0.8873239436619719,0.8591549295774648,0.8450704225352113,0.7746478873239436,0.7183098591549296,0.6901408450704225,0.647887323943662,0.6056338028169014,0.127030031247,-0.14283631949,-0.0102781836145,0.273488504772,0.143805010344,-0.12608766093,-0.149250461459,0.0436989723434,-0.116749047886,-0.148047670871,0.52380952381,0.571428571429,0.45,0.5,0.3,0.35,0.950255517641,0.02772120243057808,2.9200459839304553,0.963272149598,0.003948975920117713,2.803707236535795,1.06742603587,0.03947840456181334,2.8498897650437875,1.10164315788,0.09722322004359366,2.8449574735974164,0.808498664586,0.043332348848642406,2.9669121976698465,0.83157562644,0.048264640295014385,2.8505734502751867
