Well/XY,cell_id,total_distance,net_distance,linearity,spearmanrsq,progressivity,max_speed,min_speed,avg_speed,MSD_slope,hurst_RS,nongauss,disp_var,disp_skew,rw_linearity,rw_netdist,rw_kurtosis01,rw_kurtosis02,rw_kurtosis03,rw_kurtosis04,rw_kurtosis05,rw_kurtosis06,rw_kurtosis07,rw_kurtosis08,rw_kurtosis09,rw_kurtosis10,avg_moving_speed01,avg_moving_speed02,avg_moving_speed03,avg_moving_speed04,avg_moving_speed05,avg_moving_speed06,avg_moving_speed07,avg_moving_speed08,avg_moving_speed09,avg_moving_speed10,time_moving01,time_moving02,time_moving03,time_moving04,time_moving05,time_moving06,time_moving07,time_moving08,time_moving09,time_moving10,autocorr_1,autocorr_2,autocorr_3,autocorr_4,autocorr_5,autocorr_6,autocorr_7,autocorr_8,autocorr_9,autocorr_10,p_rturn_9_5,p_rturn_9_6,p_rturn_10_5,p_rturn_10_6,p_rturn_11_5,p_rturn_11_6,mean_theta_9_5,min_theta_9_5,max_theta_9_5,mean_theta_9_6,min_theta_9_6,max_theta_9_6,mean_theta_10_5,min_theta_10_5,max_theta_10_5,mean_theta_10_6,min_theta_10_6,max_theta_10_6,mean_theta_11_5,min_theta_11_5,max_theta_11_5,mean_theta_11_6,min_theta_11_6,max_theta_11_6
WellB10_Seq0008/xy20,0,2347.9257741011656,804.6749518283765,0.701613151098,0.624996699167,0.3427173723736742,43.28291644517498,0.8088015825899433,31.305676988,1.56052711407,0.744749762426,-0.237724689607,363.670452529,0.7579852440666718,0.48302822793,418.712644634,-0.49920780174660173,2.3927005899660756,0.653932719226268,0.7681170357046261,-0.09283471309244717,-0.9104895571243388,1.494415617026128,-0.2072687886294986,0.25113936354022304,-0.5017827964994939,19.1565581818,19.4079412477,19.4079412477,19.4079412477,19.8430507559,19.8430507559,19.8430507559,20.2093116122,20.3968165887,20.5602822315,1.0,0.9859154929577465,0.9859154929577465,0.9859154929577465,0.9577464788732394,0.9577464788732394,0.9577464788732394,0.9295774647887324,0.9154929577464789,0.9014084507042254,0.422838203041,0.147028647133,0.0623429235955,0.182441336308,0.119564795955,0.0253721830613,-0.0162756999413,-0.0850875014734,-0.0454336142846,-0.0794492136372,0.761904761905,0.714285714286,0.65,0.65,0.7,0.65,0.365585821619,0.05194945229874108,1.3133692468546128,0.354170738411,0.019103159675667263,1.2561309671424048,0.367722492676,0.00426325394995037,1.007801452860671,0.368975962777,0.010585530067233073,1.059352892957388,0.307386583743,0.0010636318980803026,1.1434049064202696,0.304837790338,0.02817773128743269,0.986844275950074
