Well/XY,cell_id,total_distance,net_distance,linearity,spearmanrsq,progressivity,max_speed,min_speed,avg_speed,MSD_slope,hurst_RS,nongauss,disp_var,disp_skew,rw_linearity,rw_netdist,rw_kurtosis01,rw_kurtosis02,rw_kurtosis03,rw_kurtosis04,rw_kurtosis05,rw_kurtosis06,rw_kurtosis07,rw_kurtosis08,rw_kurtosis09,rw_kurtosis10,avg_moving_speed01,avg_moving_speed02,avg_moving_speed03,avg_moving_speed04,avg_moving_speed05,avg_moving_speed06,avg_moving_speed07,avg_moving_speed08,avg_moving_speed09,avg_moving_speed10,time_moving01,time_moving02,time_moving03,time_moving04,time_moving05,time_moving06,time_moving07,time_moving08,time_moving09,time_moving10,autocorr_1,autocorr_2,autocorr_3,autocorr_4,autocorr_5,autocorr_6,autocorr_7,autocorr_8,autocorr_9,autocorr_10,p_rturn_9_5,p_rturn_9_6,p_rturn_10_5,p_rturn_10_6,p_rturn_11_5,p_rturn_11_6,mean_theta_9_5,min_theta_9_5,max_theta_9_5,mean_theta_9_6,min_theta_9_6,max_theta_9_6,mean_theta_10_5,min_theta_10_5,max_theta_10_5,mean_theta_10_6,min_theta_10_6,max_theta_10_6,mean_theta_11_5,min_theta_11_5,max_theta_11_5,mean_theta_11_6,min_theta_11_6,max_theta_11_6
WellE08_Seq0013/xy20,0,662.3657784054851,66.35509324837098,0.00806371695607,0.0476602657084,0.100178927432072,15.265385681338023,0.08616263691416659,8.71533918955,0.723066457812,0.553021613103,0.235258371577,47.8820322262,1.4138245929469666,-0.220619686399,-41.799421808,2.2744590287859765,5.526759950858565,3.2746781043887117,0.9430437058761592,-0.2570021441982644,3.1594607228947247,0.31478763411481214,0.08658280967089027,-0.9043405538519624,-0.1873244445063449,3.99359999464,4.571904036,5.04074157719,5.71252889893,6.88056228599,8.07701580774,9.57746805941,10.2584336608,13.764886487,13.764886487,0.9722222222222222,0.7777777777777778,0.625,0.4305555555555556,0.20833333333333334,0.1111111111111111,0.05555555555555555,0.041666666666666664,0.013888888888888888,0.013888888888888888,0.148971574226,-0.25539913076,-0.0892649673526,0.196404098524,0.104401702856,-0.0854216473492,-0.0979047492966,0.138607700444,0.0524028552472,-0.155149919164,0.428571428571,0.428571428571,0.428571428571,0.428571428571,0.6,0.55,0.921683102257,0.008180987835118406,2.128159162441033,0.868029111681,0.03648869346002779,1.9720949041292892,1.01996617448,0.0024253536789667516,2.1927475043506073,0.986821025049,0.018769626008008976,2.0702605969192804,1.03832552526,0.0009653014457562475,2.1427212588054614,1.0526274814,0.022160281132782123,2.1742641514315912
