Well/XY,cell_id,total_distance,net_distance,linearity,spearmanrsq,progressivity,max_speed,min_speed,avg_speed,MSD_slope,hurst_RS,nongauss,disp_var,disp_skew,rw_linearity,rw_netdist,rw_kurtosis01,rw_kurtosis02,rw_kurtosis03,rw_kurtosis04,rw_kurtosis05,rw_kurtosis06,rw_kurtosis07,rw_kurtosis08,rw_kurtosis09,rw_kurtosis10,avg_moving_speed01,avg_moving_speed02,avg_moving_speed03,avg_moving_speed04,avg_moving_speed05,avg_moving_speed06,avg_moving_speed07,avg_moving_speed08,avg_moving_speed09,avg_moving_speed10,time_moving01,time_moving02,time_moving03,time_moving04,time_moving05,time_moving06,time_moving07,time_moving08,time_moving09,time_moving10,autocorr_1,autocorr_2,autocorr_3,autocorr_4,autocorr_5,autocorr_6,autocorr_7,autocorr_8,autocorr_9,autocorr_10,p_rturn_9_5,p_rturn_9_6,p_rturn_10_5,p_rturn_10_6,p_rturn_11_5,p_rturn_11_6,mean_theta_9_5,min_theta_9_5,max_theta_9_5,mean_theta_9_6,min_theta_9_6,max_theta_9_6,mean_theta_10_5,min_theta_10_5,max_theta_10_5,mean_theta_10_6,min_theta_10_6,max_theta_10_6,mean_theta_11_5,min_theta_11_5,max_theta_11_5,mean_theta_11_6,min_theta_11_6,max_theta_11_6
WellE08_Seq0013/xy01,0,669.8905730705067,288.8676686650827,0.722893563596,0.316359109982,0.4312162019850951,28.199872340136544,0.12806248474866833,8.81434964566,0.951931388983,0.824426764426,3.63415219911,193.354274589,3.3769032416638955,0.467999507341,179.484466161,13.221792056463599,7.034997425104903,7.318958618076115,0.7654784437033686,4.216214313216605,5.348275035122727,3.6670942790476984,1.4441158402189087,2.6826845894053726,1.9444393823431563,6.47685448252,9.88873182192,12.9232742836,13.3929260029,14.3322882843,16.6659963298,18.2120497728,18.2120497728,18.2120497728,18.9732797251,0.7222222222222222,0.4305555555555556,0.3055555555555556,0.2916666666666667,0.2638888888888889,0.20833333333333334,0.18055555555555555,0.18055555555555555,0.18055555555555555,0.16666666666666666,0.380362781318,0.295870029198,0.566354697896,0.358993173568,0.246140541632,0.250945011873,0.291083959364,0.272238732986,0.144680580014,0.0948313347629,0.428571428571,0.47619047619,0.52380952381,0.52380952381,0.45,0.5,1.07805126283,0.11633811730375011,2.6739013433196543,1.10206092431,0.12023413593451723,2.6992253090794485,1.08326183549,0.05042712758448247,2.5875898144601286,1.07361672135,0.054323146215253776,2.6129137802199227,0.992544962859,0.006345782371932298,2.5583361957482587,0.985180319024,0.09002371561722294,2.5836601615080528
