Well/XY,cell_id,total_distance,net_distance,linearity,spearmanrsq,progressivity,max_speed,min_speed,avg_speed,MSD_slope,hurst_RS,nongauss,disp_var,disp_skew,rw_linearity,rw_netdist,rw_kurtosis01,rw_kurtosis02,rw_kurtosis03,rw_kurtosis04,rw_kurtosis05,rw_kurtosis06,rw_kurtosis07,rw_kurtosis08,rw_kurtosis09,rw_kurtosis10,avg_moving_speed01,avg_moving_speed02,avg_moving_speed03,avg_moving_speed04,avg_moving_speed05,avg_moving_speed06,avg_moving_speed07,avg_moving_speed08,avg_moving_speed09,avg_moving_speed10,time_moving01,time_moving02,time_moving03,time_moving04,time_moving05,time_moving06,time_moving07,time_moving08,time_moving09,time_moving10,autocorr_1,autocorr_2,autocorr_3,autocorr_4,autocorr_5,autocorr_6,autocorr_7,autocorr_8,autocorr_9,autocorr_10,p_rturn_9_5,p_rturn_9_6,p_rturn_10_5,p_rturn_10_6,p_rturn_11_5,p_rturn_11_6,mean_theta_9_5,min_theta_9_5,max_theta_9_5,mean_theta_9_6,min_theta_9_6,max_theta_9_6,mean_theta_10_5,min_theta_10_5,max_theta_10_5,mean_theta_10_6,min_theta_10_6,max_theta_10_6,mean_theta_11_5,min_theta_11_5,max_theta_11_5,mean_theta_11_6,min_theta_11_6,max_theta_11_6
WellC03_Seq0018/xy01,0,136.09535103986158,3.0548486050867374,0.0433278094897,0.00877204922213,0.022446384698269296,1.6862455337227573,0.10198039027186105,2.19508630709,0.46583093316,0.531074577175,-0.336264339187,1.42861375585,0.45872593081718416,-0.184907551206,-21.5849340816,-0.3063763328905025,2.1433227298227004,-0.16598012076491475,1.926671991466514,-0.6182420446883965,-0.9295000890044882,-0.7289499199767007,-1.307379307846933,-0.1850962115925472,-1.3196411119432343,1.18478857272,0.0,0.0,0.0,0.0,0.0,0.0,0.0,0.0,0.0,0.06896551724137931,0.0,0.0,0.0,0.0,0.0,0.0,0.0,0.0,0.0,0.103295934538,-0.146873210375,-0.0767394946197,-0.0786621150586,-0.0878195233682,-0.281195687823,-0.10183748905,0.0646423004437,0.0529584632311,0.0681139292137,0.375,0.375,0.625,0.625,0.5,0.5625,0.68484117499,0.07110018012046872,2.2144940495221217,0.678481409938,0.08320265411211311,1.680400097891736,0.816652113644,0.07018150297282515,2.2160996728993863,0.803523306351,0.09452384959429067,1.8745584918678633,0.763319780426,0.16053258301712964,2.1500460998823065,0.808017492931,0.17881517382223128,2.1360771410625117
