Well/XY,cell_id,total_distance,net_distance,linearity,spearmanrsq,progressivity,max_speed,min_speed,avg_speed,MSD_slope,hurst_RS,nongauss,disp_var,disp_skew,rw_linearity,rw_netdist,rw_kurtosis01,rw_kurtosis02,rw_kurtosis03,rw_kurtosis04,rw_kurtosis05,rw_kurtosis06,rw_kurtosis07,rw_kurtosis08,rw_kurtosis09,rw_kurtosis10,avg_moving_speed01,avg_moving_speed02,avg_moving_speed03,avg_moving_speed04,avg_moving_speed05,avg_moving_speed06,avg_moving_speed07,avg_moving_speed08,avg_moving_speed09,avg_moving_speed10,time_moving01,time_moving02,time_moving03,time_moving04,time_moving05,time_moving06,time_moving07,time_moving08,time_moving09,time_moving10,autocorr_1,autocorr_2,autocorr_3,autocorr_4,autocorr_5,autocorr_6,autocorr_7,autocorr_8,autocorr_9,autocorr_10,p_rturn_9_5,p_rturn_9_6,p_rturn_10_5,p_rturn_10_6,p_rturn_11_5,p_rturn_11_6,mean_theta_9_5,min_theta_9_5,max_theta_9_5,mean_theta_9_6,min_theta_9_6,max_theta_9_6,mean_theta_10_5,min_theta_10_5,max_theta_10_5,mean_theta_10_6,min_theta_10_6,max_theta_10_6,mean_theta_11_5,min_theta_11_5,max_theta_11_5,mean_theta_11_6,min_theta_11_6,max_theta_11_6
WellC03_Seq0018/xy13,0,150.82333088647874,33.31087510108368,0.380104444048,0.227585668802,0.22086022703049843,3.94073292675361,0.02000000000000455,2.43263436914,0.880379088129,0.757572521366,0.0616831016155,3.03775878675,1.3440359980911016,0.136800813883,6.00462203128,1.586143109631048,-0.4917338675748866,-0.6572707689635493,-0.12934268670022275,-1.6431122670337062,-0.271449185187171,-1.12398958897902,-0.6237974787963219,-0.3080275050182282,0.7840836212631257,2.514890403,2.94349072686,3.58493319222,4.29220883506,0.0,0.0,0.0,0.0,0.0,0.0,0.5344827586206896,0.3793103448275862,0.13793103448275862,0.034482758620689655,0.0,0.0,0.0,0.0,0.0,0.0,0.23805437356,0.243230434702,0.0685100322789,0.0766810732265,0.135620574558,-0.113629563779,-0.200344268781,0.105146385374,0.00851708800418,-0.00418905516764,0.3125,0.3125,0.125,0.1875,0.1875,0.1875,0.534523634223,0.08329657681918608,1.7403945898501092,0.512237340656,0.055029913606888865,1.9260161017807038,0.582724922948,0.10551984662595364,2.683755578409122,0.540587757838,0.0099816748023106,2.7105701179869675,0.679866401512,0.06627564793845865,2.737163858515691,0.644874330538,0.04133696021896955,2.763978398093536
