Well/XY,cell_id,total_distance,net_distance,linearity,spearmanrsq,progressivity,max_speed,min_speed,avg_speed,MSD_slope,hurst_RS,nongauss,disp_var,disp_skew,rw_linearity,rw_netdist,rw_kurtosis01,rw_kurtosis02,rw_kurtosis03,rw_kurtosis04,rw_kurtosis05,rw_kurtosis06,rw_kurtosis07,rw_kurtosis08,rw_kurtosis09,rw_kurtosis10,avg_moving_speed01,avg_moving_speed02,avg_moving_speed03,avg_moving_speed04,avg_moving_speed05,avg_moving_speed06,avg_moving_speed07,avg_moving_speed08,avg_moving_speed09,avg_moving_speed10,time_moving01,time_moving02,time_moving03,time_moving04,time_moving05,time_moving06,time_moving07,time_moving08,time_moving09,time_moving10,autocorr_1,autocorr_2,autocorr_3,autocorr_4,autocorr_5,autocorr_6,autocorr_7,autocorr_8,autocorr_9,autocorr_10,p_rturn_9_5,p_rturn_9_6,p_rturn_10_5,p_rturn_10_6,p_rturn_11_5,p_rturn_11_6,mean_theta_9_5,min_theta_9_5,max_theta_9_5,mean_theta_9_6,min_theta_9_6,max_theta_9_6,mean_theta_10_5,min_theta_10_5,max_theta_10_5,mean_theta_10_6,min_theta_10_6,max_theta_10_6,mean_theta_11_5,min_theta_11_5,max_theta_11_5,mean_theta_11_6,min_theta_11_6,max_theta_11_6
WellC03_Seq0018/xy17,0,74.0202171049635,2.193171219946075,0.166595380739,0.223974750408,0.02962935405655558,0.7280109889280518,0.08944271910001192,1.19387446943,0.245755297383,0.638053785418,-0.094413909975,0.560580092998,1.198704332863082,-0.0848981132091,-11.2080364624,1.8466705368064673,0.680828776097143,-0.7425587933604061,-0.954862582155195,-0.28982269445569697,-1.0031025170022076,-0.47447870225764044,-0.28976969316450285,-0.27020645031896606,-0.7220983178638845,0.0,0.0,0.0,0.0,0.0,0.0,0.0,0.0,0.0,0.0,0.0,0.0,0.0,0.0,0.0,0.0,0.0,0.0,0.0,0.0,0.163159023078,-0.0437986673732,-0.0226277429563,-0.0988529943765,-0.115198689617,0.0488525660397,-0.0429084056456,0.0952125283678,0.0619082204132,-0.220214091374,0.4375,0.5,0.5625,0.625,0.25,0.3125,0.867255810507,0.033508089029129266,1.575454121846338,0.810962982923,0.058653068914213485,1.5013736327735512,0.716879748406,0.07387924043707882,1.4140002428957454,0.712289669464,0.05682668394764764,1.450603499405671,0.678820184767,0.1669926890865776,1.591268838423035,0.665656012177,0.11287358941283379,1.5444817788541836
