Well/XY,cell_id,total_distance,net_distance,linearity,spearmanrsq,progressivity,max_speed,min_speed,avg_speed,MSD_slope,hurst_RS,nongauss,disp_var,disp_skew,rw_linearity,rw_netdist,rw_kurtosis01,rw_kurtosis02,rw_kurtosis03,rw_kurtosis04,rw_kurtosis05,rw_kurtosis06,rw_kurtosis07,rw_kurtosis08,rw_kurtosis09,rw_kurtosis10,avg_moving_speed01,avg_moving_speed02,avg_moving_speed03,avg_moving_speed04,avg_moving_speed05,avg_moving_speed06,avg_moving_speed07,avg_moving_speed08,avg_moving_speed09,avg_moving_speed10,time_moving01,time_moving02,time_moving03,time_moving04,time_moving05,time_moving06,time_moving07,time_moving08,time_moving09,time_moving10,autocorr_1,autocorr_2,autocorr_3,autocorr_4,autocorr_5,autocorr_6,autocorr_7,autocorr_8,autocorr_9,autocorr_10,p_rturn_9_5,p_rturn_9_6,p_rturn_10_5,p_rturn_10_6,p_rturn_11_5,p_rturn_11_6,mean_theta_9_5,min_theta_9_5,max_theta_9_5,mean_theta_9_6,min_theta_9_6,max_theta_9_6,mean_theta_10_5,min_theta_10_5,max_theta_10_5,mean_theta_10_6,min_theta_10_6,max_theta_10_6,mean_theta_11_5,min_theta_11_5,max_theta_11_5,mean_theta_11_6,min_theta_11_6,max_theta_11_6
WellC03_Seq0018/xy08,0,215.23063304718454,32.7315199769274,0.114951336681,0.000551428834874,0.15207649354333191,6.608069006903605,0.16044936896104275,3.47146182334,0.630370904559,0.634180007843,-0.107818662484,5.88376098413,0.9096685847960905,-0.12963543014,-6.2355423457,0.36824256296952473,2.3841368358632504,6.4330438512185335,2.284359479094368,1.6279487818784952,1.4079864338710983,-1.6299197470292246,-0.9277146710650528,-1.2920795665783595,-0.7532916248857449,2.14038193013,2.84685244479,4.86936926107,5.59367703255,6.241315246,6.241315246,0.0,0.0,0.0,0.0,0.603448275862069,0.29310344827586204,0.05172413793103448,0.034482758620689655,0.017241379310344827,0.017241379310344827,0.0,0.0,0.0,0.0,0.153900456168,0.0554526854852,0.0942602794876,0.179412976897,-0.093336598445,-0.142884931589,0.104321252584,0.161605664036,-0.0572066903799,-0.166012533397,0.25,0.3125,0.3125,0.25,0.25,0.25,0.548167413116,0.06581410071237397,1.3641910792314136,0.561223744433,0.08873828687815283,1.394753631451109,0.600064043593,0.0181335480987581,1.6117381343285915,0.575257142505,0.03188386813612452,1.5717887742969732,0.817266917542,0.03287862818621517,2.3337196014287054,0.790187839988,0.07543260393623036,2.298358628246892
