Well/XY,cell_id,total_distance,net_distance,linearity,spearmanrsq,progressivity,max_speed,min_speed,avg_speed,MSD_slope,hurst_RS,nongauss,disp_var,disp_skew,rw_linearity,rw_netdist,rw_kurtosis01,rw_kurtosis02,rw_kurtosis03,rw_kurtosis04,rw_kurtosis05,rw_kurtosis06,rw_kurtosis07,rw_kurtosis08,rw_kurtosis09,rw_kurtosis10,avg_moving_speed01,avg_moving_speed02,avg_moving_speed03,avg_moving_speed04,avg_moving_speed05,avg_moving_speed06,avg_moving_speed07,avg_moving_speed08,avg_moving_speed09,avg_moving_speed10,time_moving01,time_moving02,time_moving03,time_moving04,time_moving05,time_moving06,time_moving07,time_moving08,time_moving09,time_moving10,autocorr_1,autocorr_2,autocorr_3,autocorr_4,autocorr_5,autocorr_6,autocorr_7,autocorr_8,autocorr_9,autocorr_10,p_rturn_9_5,p_rturn_9_6,p_rturn_10_5,p_rturn_10_6,p_rturn_11_5,p_rturn_11_6,mean_theta_9_5,min_theta_9_5,max_theta_9_5,mean_theta_9_6,min_theta_9_6,max_theta_9_6,mean_theta_10_5,min_theta_10_5,max_theta_10_5,mean_theta_10_6,min_theta_10_6,max_theta_10_6,mean_theta_11_5,min_theta_11_5,max_theta_11_5,mean_theta_11_6,min_theta_11_6,max_theta_11_6
WellC03_Seq0018/xy19,0,439.42436621420217,121.65967121441686,0.671044035162,0.924090250007,0.276861459146106,21.42927800930308,0.08121576201700745,7.08748977765,1.3797640847,0.848409697438,1.51494533736,65.414594745,2.4547520376058283,0.429594182689,42.1027957737,6.279133905559442,6.03293480037037,3.7463229896889807,5.0443555260339235,6.562821859381698,0.35306308395336394,2.8269526575644113,1.8128337140966675,-1.5315820443500636,0.945814865521033,5.42232943383,6.48940516093,9.07786431014,11.2357678124,14.5336365073,16.3802626097,17.4673398338,18.6974467656,18.6974467656,20.0059261301,0.896551724137931,0.7068965517241379,0.43103448275862066,0.3103448275862069,0.20689655172413793,0.1724137931034483,0.15517241379310345,0.13793103448275862,0.13793103448275862,0.1206896551724138,0.602826651206,0.34364787331,0.446946864593,0.374274203679,0.033809867636,-0.114714939973,-0.125871569664,-0.218823443191,-0.299954119713,-0.318716354979,0.6875,0.625,0.5,0.5,0.5,0.5625,0.347237636226,0.040881361568294194,1.7365692662582906,0.330073577792,0.02075139029915348,1.7387110232377063,0.292165766689,7.430243453805611e-05,2.0916726456171366,0.31705046176,0.007344773567179743,2.093814402596552,0.281727018218,0.01934868504168437,1.2457913763176915,0.267191499242,0.02030438026092287,1.2479331332971073
