Well/XY,cell_id,total_distance,net_distance,linearity,spearmanrsq,progressivity,max_speed,min_speed,avg_speed,MSD_slope,hurst_RS,nongauss,disp_var,disp_skew,rw_linearity,rw_netdist,rw_kurtosis01,rw_kurtosis02,rw_kurtosis03,rw_kurtosis04,rw_kurtosis05,rw_kurtosis06,rw_kurtosis07,rw_kurtosis08,rw_kurtosis09,rw_kurtosis10,avg_moving_speed01,avg_moving_speed02,avg_moving_speed03,avg_moving_speed04,avg_moving_speed05,avg_moving_speed06,avg_moving_speed07,avg_moving_speed08,avg_moving_speed09,avg_moving_speed10,time_moving01,time_moving02,time_moving03,time_moving04,time_moving05,time_moving06,time_moving07,time_moving08,time_moving09,time_moving10,autocorr_1,autocorr_2,autocorr_3,autocorr_4,autocorr_5,autocorr_6,autocorr_7,autocorr_8,autocorr_9,autocorr_10,p_rturn_9_5,p_rturn_9_6,p_rturn_10_5,p_rturn_10_6,p_rturn_11_5,p_rturn_11_6,mean_theta_9_5,min_theta_9_5,max_theta_9_5,mean_theta_9_6,min_theta_9_6,max_theta_9_6,mean_theta_10_5,min_theta_10_5,max_theta_10_5,mean_theta_10_6,min_theta_10_6,max_theta_10_6,mean_theta_11_5,min_theta_11_5,max_theta_11_5,mean_theta_11_6,min_theta_11_6,max_theta_11_6
WellB10_Seq0008/xy25,0,1484.3983054556854,82.2021897518552,0.171506054809,0.162618579921,0.05537744785192308,23.02312750257879,0.637021192740088,19.5315566507,0.889039776879,0.453042271948,-0.223128389602,105.34666167,1.2359973969988294,-0.0746791441193,-160.178054082,2.548050453714736,0.09694663984560892,1.5178524425597253,0.11138976993293381,-1.0782311485943674,-0.38629611392240193,-0.876884996579427,2.2513665106000307,-0.8053903054284524,-0.8910512637596799,8.0864489526,8.57927131111,9.08025561607,9.80283657919,10.3119006374,11.1155251338,12.0239352457,12.1691889663,13.0030853177,13.4348536685,0.9861111111111112,0.9166666666666666,0.8472222222222222,0.75,0.6805555555555556,0.5833333333333334,0.4861111111111111,0.4722222222222222,0.3888888888888889,0.3472222222222222,-0.0452402337453,-0.0325289290143,0.0110004209334,-0.0180109950722,0.0597963248485,0.0224821088496,-0.151787328414,-0.175759247267,-0.131647364948,-0.0223779078971,0.380952380952,0.333333333333,0.333333333333,0.380952380952,0.45,0.4,0.886259781232,0.015638765812489137,2.2170485916700864,0.879270131384,0.09471724838821302,2.1279815392463597,0.904550255913,0.04345759288294278,2.2651069020373162,0.871653203048,0.09553789382962855,2.1580605592662603,1.16126092761,0.2291965157441327,2.2243154521322235,1.09832546033,0.07822540601313431,2.1007622840792437
