Well/XY,cell_id,total_distance,net_distance,linearity,spearmanrsq,progressivity,max_speed,min_speed,avg_speed,MSD_slope,hurst_RS,nongauss,disp_var,disp_skew,rw_linearity,rw_netdist,rw_kurtosis01,rw_kurtosis02,rw_kurtosis03,rw_kurtosis04,rw_kurtosis05,rw_kurtosis06,rw_kurtosis07,rw_kurtosis08,rw_kurtosis09,rw_kurtosis10,avg_moving_speed01,avg_moving_speed02,avg_moving_speed03,avg_moving_speed04,avg_moving_speed05,avg_moving_speed06,avg_moving_speed07,avg_moving_speed08,avg_moving_speed09,avg_moving_speed10,time_moving01,time_moving02,time_moving03,time_moving04,time_moving05,time_moving06,time_moving07,time_moving08,time_moving09,time_moving10,autocorr_1,autocorr_2,autocorr_3,autocorr_4,autocorr_5,autocorr_6,autocorr_7,autocorr_8,autocorr_9,autocorr_10,p_rturn_9_5,p_rturn_9_6,p_rturn_10_5,p_rturn_10_6,p_rturn_11_5,p_rturn_11_6,mean_theta_9_5,min_theta_9_5,max_theta_9_5,mean_theta_9_6,min_theta_9_6,max_theta_9_6,mean_theta_10_5,min_theta_10_5,max_theta_10_5,mean_theta_10_6,min_theta_10_6,max_theta_10_6,mean_theta_11_5,min_theta_11_5,max_theta_11_5,mean_theta_11_6,min_theta_11_6,max_theta_11_6
WellC02_Seq0019/xy15,0,897.0411751888981,51.917630916674156,0.140949858718,0.142481207668,0.05787653047892856,11.143606059081623,0.4554953347730314,11.9605490025,0.370311028403,0.776834274993,0.0337616128259,122.451942455,0.8674634604889003,-0.0847738045792,-95.541920592,-0.4687528846015603,0.4359615637473073,1.5508097322270746,4.682309532501474,3.4954106068846427,2.7343743850393833,-0.3434198313292165,0.5363975584455414,-0.3827284944342,0.10529259285080705,3.60474051903,4.27902629973,5.46983306104,6.10008296065,7.10321085551,8.65373656991,10.3822056877,10.3822056877,11.0619491673,11.0619491673,0.8873239436619719,0.676056338028169,0.4084507042253521,0.30985915492957744,0.19718309859154928,0.09859154929577464,0.056338028169014086,0.056338028169014086,0.04225352112676056,0.04225352112676056,0.464858912252,0.210744946757,0.178222927157,0.0472997754601,0.0178511511453,0.0513503494332,-0.0528703297606,-0.114343042594,-0.0242035932903,-0.0781167937099,0.571428571429,0.571428571429,0.473684210526,0.473684210526,0.5,0.6,0.60237302127,0.16043140579738122,2.1241792575950518,0.587663942452,0.15738591606038801,2.0933552482785385,0.562245256509,0.09387971347966875,2.108358137694642,0.549861678536,0.027791403914053773,2.077534128378129,0.538579626342,0.031361899117788285,2.1034578883502575,0.526556775316,0.050099466561898724,2.072633879033744
