Well/XY,cell_id,total_distance,net_distance,linearity,spearmanrsq,progressivity,max_speed,min_speed,avg_speed,MSD_slope,hurst_RS,nongauss,disp_var,disp_skew,rw_linearity,rw_netdist,rw_kurtosis01,rw_kurtosis02,rw_kurtosis03,rw_kurtosis04,rw_kurtosis05,rw_kurtosis06,rw_kurtosis07,rw_kurtosis08,rw_kurtosis09,rw_kurtosis10,avg_moving_speed01,avg_moving_speed02,avg_moving_speed03,avg_moving_speed04,avg_moving_speed05,avg_moving_speed06,avg_moving_speed07,avg_moving_speed08,avg_moving_speed09,avg_moving_speed10,time_moving01,time_moving02,time_moving03,time_moving04,time_moving05,time_moving06,time_moving07,time_moving08,time_moving09,time_moving10,autocorr_1,autocorr_2,autocorr_3,autocorr_4,autocorr_5,autocorr_6,autocorr_7,autocorr_8,autocorr_9,autocorr_10,p_rturn_9_5,p_rturn_9_6,p_rturn_10_5,p_rturn_10_6,p_rturn_11_5,p_rturn_11_6,mean_theta_9_5,min_theta_9_5,max_theta_9_5,mean_theta_9_6,min_theta_9_6,max_theta_9_6,mean_theta_10_5,min_theta_10_5,max_theta_10_5,mean_theta_10_6,min_theta_10_6,max_theta_10_6,mean_theta_11_5,min_theta_11_5,max_theta_11_5,mean_theta_11_6,min_theta_11_6,max_theta_11_6
WellC02_Seq0019/xy07,0,1824.3431276067067,878.5900636815785,0.924818773843,0.924212962378,0.4815925526214856,32.21921017033161,1.3248396129343298,24.3245750348,1.66867613828,0.855145229322,0.686368987994,486.946497816,2.0736778631199804,0.684115302093,578.696561761,3.976210811803406,1.3860459889132137,-0.7491887587242463,-0.16603341908090963,-0.937214889034284,-0.442524169298637,-1.0566223163328428,-0.14003990477347372,-0.7666009729017715,-1.2016757700480556,15.4012449416,16.4588915783,16.4588915783,17.0785673901,17.0785673901,17.6480518196,18.4504901851,19.2896432603,19.7334435712,19.9505926181,1.0,0.9295774647887324,0.9295774647887324,0.8873239436619719,0.8873239436619719,0.8450704225352113,0.7887323943661971,0.7323943661971831,0.704225352112676,0.6901408450704225,0.562404981363,0.375622958215,0.480816746876,0.392905495296,0.200609296108,0.387449213151,0.278249053399,0.020679170745,0.000527061247058,0.0784624783822,0.47619047619,0.47619047619,0.4,0.45,0.45,0.45,0.420449019592,0.06211722863588138,1.6964159448208915,0.410022700676,0.0341497153984904,1.7192316632086877,0.521260072119,0.061066629906145364,1.388597428656597,0.515763446777,0.03309911666875133,1.3657817102688008,0.521575291952,0.06286163069296909,1.4534662096552464,0.518360238449,0.03489411745558084,1.4762819280430426
