Well/XY,cell_id,total_distance,net_distance,linearity,spearmanrsq,progressivity,max_speed,min_speed,avg_speed,MSD_slope,hurst_RS,nongauss,disp_var,disp_skew,rw_linearity,rw_netdist,rw_kurtosis01,rw_kurtosis02,rw_kurtosis03,rw_kurtosis04,rw_kurtosis05,rw_kurtosis06,rw_kurtosis07,rw_kurtosis08,rw_kurtosis09,rw_kurtosis10,avg_moving_speed01,avg_moving_speed02,avg_moving_speed03,avg_moving_speed04,avg_moving_speed05,avg_moving_speed06,avg_moving_speed07,avg_moving_speed08,avg_moving_speed09,avg_moving_speed10,time_moving01,time_moving02,time_moving03,time_moving04,time_moving05,time_moving06,time_moving07,time_moving08,time_moving09,time_moving10,autocorr_1,autocorr_2,autocorr_3,autocorr_4,autocorr_5,autocorr_6,autocorr_7,autocorr_8,autocorr_9,autocorr_10,p_rturn_9_5,p_rturn_9_6,p_rturn_10_5,p_rturn_10_6,p_rturn_11_5,p_rturn_11_6,mean_theta_9_5,min_theta_9_5,max_theta_9_5,mean_theta_9_6,min_theta_9_6,max_theta_9_6,mean_theta_10_5,min_theta_10_5,max_theta_10_5,mean_theta_10_6,min_theta_10_6,max_theta_10_6,mean_theta_11_5,min_theta_11_5,max_theta_11_5,mean_theta_11_6,min_theta_11_6,max_theta_11_6
WellC02_Seq0019/xy14,0,570.7662239942133,17.11203669935284,0.013760472095,0.010461808034,0.02998081522694715,9.1825305880242,0.47120271646075496,7.61021631992,1.13987452564,0.655707057487,0.406976190762,34.351616898,1.9496368511511124,-0.20645735413,-76.713011397,4.344504204399256,-0.10740665997559962,-0.8365046421589799,-0.46485591278495475,-0.7502181357708388,-0.705928777453543,-0.9001554989629956,-1.1524554584504743,-0.7428174095651872,-1.1098603526745427,4.09623881934,4.23685452106,4.77284047237,5.408814411,6.06689189133,6.89800972422,7.87729669415,8.97005707897,0.0,0.0,0.9577464788732394,0.9014084507042254,0.6901408450704225,0.4647887323943662,0.28169014084507044,0.11267605633802817,0.04225352112676056,0.014084507042253521,0.0,0.0,0.243277932482,0.05795687727,-0.058236261708,-0.111521556494,-0.0559419575061,0.0114452848009,-0.107835747562,0.130226219185,0.269304511197,0.0911706355384,0.52380952381,0.52380952381,0.55,0.6,0.5,0.5,0.68005694104,0.017999435236315774,2.517804903440362,0.678706230642,0.035451739887139795,2.556729587684401,0.805871116248,0.01838081591784874,2.5103980849582883,0.795290922854,0.039338457409124734,2.5493227692023273,1.04156559109,0.27457581524218927,2.7684740627776554,1.02462687595,0.2913975607023599,2.633266845860214
