Well/XY,cell_id,total_distance,net_distance,linearity,spearmanrsq,progressivity,max_speed,min_speed,avg_speed,MSD_slope,hurst_RS,nongauss,disp_var,disp_skew,rw_linearity,rw_netdist,rw_kurtosis01,rw_kurtosis02,rw_kurtosis03,rw_kurtosis04,rw_kurtosis05,rw_kurtosis06,rw_kurtosis07,rw_kurtosis08,rw_kurtosis09,rw_kurtosis10,avg_moving_speed01,avg_moving_speed02,avg_moving_speed03,avg_moving_speed04,avg_moving_speed05,avg_moving_speed06,avg_moving_speed07,avg_moving_speed08,avg_moving_speed09,avg_moving_speed10,time_moving01,time_moving02,time_moving03,time_moving04,time_moving05,time_moving06,time_moving07,time_moving08,time_moving09,time_moving10,autocorr_1,autocorr_2,autocorr_3,autocorr_4,autocorr_5,autocorr_6,autocorr_7,autocorr_8,autocorr_9,autocorr_10,p_rturn_9_5,p_rturn_9_6,p_rturn_10_5,p_rturn_10_6,p_rturn_11_5,p_rturn_11_6,mean_theta_9_5,min_theta_9_5,max_theta_9_5,mean_theta_9_6,min_theta_9_6,max_theta_9_6,mean_theta_10_5,min_theta_10_5,max_theta_10_5,mean_theta_10_6,min_theta_10_6,max_theta_10_6,mean_theta_11_5,min_theta_11_5,max_theta_11_5,mean_theta_11_6,min_theta_11_6,max_theta_11_6
WellC02_Seq0019/xy16,0,1680.3433967028498,713.8489270146729,0.732633238908,0.805255297389,0.42482324054439047,41.50041469672319,2.6362276077759055,22.4045786227,1.24312595949,0.684279366827,4.85157236158,492.886530308,5.6120827867382905,0.526582933151,437.62673063,38.5007442258475,13.123565248220359,4.254156012224025,0.399179434631022,-0.5063107442011359,-0.4095288686033829,-0.19367363027367457,-1.2340262379638964,-0.9560764234204253,0.4558695016116472,17.5730079249,17.8017113814,17.8017113814,17.8017113814,17.8017113814,18.3508983127,18.7173722733,18.8965661904,19.2213483563,19.3764655262,1.0,0.9859154929577465,0.9859154929577465,0.9859154929577465,0.9859154929577465,0.9436619718309859,0.9154929577464789,0.9014084507042254,0.8732394366197183,0.8591549295774648,-0.0510560111779,0.131048735154,0.206422037979,0.133529334206,0.0816852898738,0.0600895145575,-0.0181842496526,0.0307540488017,0.0256877778281,0.0257503690714,0.761904761905,0.666666666667,0.7,0.5,0.6,0.45,0.508128777255,0.0009604343490968671,2.672948596118785,0.466716184047,0.0024438797564639582,2.6478933581333,0.66003036875,0.006632571317732968,2.797329039053968,0.634561972886,0.00579453506937145,2.8327799209947337,0.679540413696,0.0007790951060746382,2.812130727050566,0.655424779888,0.017093269998207754,2.8475816089913324
