Well/XY,cell_id,total_distance,net_distance,linearity,spearmanrsq,progressivity,max_speed,min_speed,avg_speed,MSD_slope,hurst_RS,nongauss,disp_var,disp_skew,rw_linearity,rw_netdist,rw_kurtosis01,rw_kurtosis02,rw_kurtosis03,rw_kurtosis04,rw_kurtosis05,rw_kurtosis06,rw_kurtosis07,rw_kurtosis08,rw_kurtosis09,rw_kurtosis10,avg_moving_speed01,avg_moving_speed02,avg_moving_speed03,avg_moving_speed04,avg_moving_speed05,avg_moving_speed06,avg_moving_speed07,avg_moving_speed08,avg_moving_speed09,avg_moving_speed10,time_moving01,time_moving02,time_moving03,time_moving04,time_moving05,time_moving06,time_moving07,time_moving08,time_moving09,time_moving10,autocorr_1,autocorr_2,autocorr_3,autocorr_4,autocorr_5,autocorr_6,autocorr_7,autocorr_8,autocorr_9,autocorr_10,p_rturn_9_5,p_rturn_9_6,p_rturn_10_5,p_rturn_10_6,p_rturn_11_5,p_rturn_11_6,mean_theta_9_5,min_theta_9_5,max_theta_9_5,mean_theta_9_6,min_theta_9_6,max_theta_9_6,mean_theta_10_5,min_theta_10_5,max_theta_10_5,mean_theta_10_6,min_theta_10_6,max_theta_10_6,mean_theta_11_5,min_theta_11_5,max_theta_11_5,mean_theta_11_6,min_theta_11_6,max_theta_11_6
WellC02_Seq0019/xy01,0,2277.0702859490034,765.3212209262199,0.706030674301,0.772284153994,0.33609907680441264,35.47313625830117,0.314820583825128,30.360937146,1.38128914175,0.743351296693,-0.0510043114719,403.101815308,1.1571558177867265,0.456766459728,391.006448754,1.088414243513637,5.932819852915017,-0.14999124968999045,3.2667446660081163,-0.777185651311791,0.3941710433117387,-0.55868402964657,-0.5138017522347145,0.7759625693199572,-0.8861374811321241,14.6788246662,14.6788246662,15.0288805531,15.0288805531,15.1876598137,15.3316225372,16.0309856757,16.1626537529,16.5590473606,16.6846704966,1.0,1.0,0.971830985915493,0.971830985915493,0.9577464788732394,0.9436619718309859,0.8732394366197183,0.8591549295774648,0.8169014084507042,0.8028169014084507,0.425974496757,0.301433952433,0.131664261556,0.0472995838804,-0.0272345486778,-0.0177556095016,0.0607074289309,-0.0196574913446,0.0915714047719,0.0871201824191,0.428571428571,0.333333333333,0.5,0.5,0.45,0.4,0.460296491309,0.07754716786899947,1.7323183596263567,0.459914518732,0.013360516719400133,1.6775702900153675,0.371259629117,0.02378034039573509,1.252928007481335,0.389836127278,0.01438668531916623,1.3134790282954882,0.405173472018,0.03843327622040446,1.4058862546139628,0.404141804216,0.03638458561976399,1.4664372754281159
