Well/XY,cell_id,total_distance,net_distance,linearity,spearmanrsq,progressivity,max_speed,min_speed,avg_speed,MSD_slope,hurst_RS,nongauss,disp_var,disp_skew,rw_linearity,rw_netdist,rw_kurtosis01,rw_kurtosis02,rw_kurtosis03,rw_kurtosis04,rw_kurtosis05,rw_kurtosis06,rw_kurtosis07,rw_kurtosis08,rw_kurtosis09,rw_kurtosis10,avg_moving_speed01,avg_moving_speed02,avg_moving_speed03,avg_moving_speed04,avg_moving_speed05,avg_moving_speed06,avg_moving_speed07,avg_moving_speed08,avg_moving_speed09,avg_moving_speed10,time_moving01,time_moving02,time_moving03,time_moving04,time_moving05,time_moving06,time_moving07,time_moving08,time_moving09,time_moving10,autocorr_1,autocorr_2,autocorr_3,autocorr_4,autocorr_5,autocorr_6,autocorr_7,autocorr_8,autocorr_9,autocorr_10,p_rturn_9_5,p_rturn_9_6,p_rturn_10_5,p_rturn_10_6,p_rturn_11_5,p_rturn_11_6,mean_theta_9_5,min_theta_9_5,max_theta_9_5,mean_theta_9_6,min_theta_9_6,max_theta_9_6,mean_theta_10_5,min_theta_10_5,max_theta_10_5,mean_theta_10_6,min_theta_10_6,max_theta_10_6,mean_theta_11_5,min_theta_11_5,max_theta_11_5,mean_theta_11_6,min_theta_11_6,max_theta_11_6
WellB09_Seq0007/xy23,0,2758.048145070029,570.407749772038,0.859524053489,0.833819891056,0.20681573336260772,41.74382833425799,1.1172913675491942,36.7739752676,1.15462912892,0.747976384722,0.527848763034,1335.51049362,1.5836086444682134,0.588873203337,117.027733603,1.924488122678362,2.269160718052272,0.1826662719009975,-0.08911912351157447,0.035184674764405344,-0.4922906308273469,-1.2947816949579487,-1.0314755587565179,-1.01706358622942,-1.4603487196960248,13.1373981017,13.3067184581,13.7883200708,14.1158550993,15.0793834551,15.5956951346,16.1135767718,16.635915979,16.7971794021,17.460693083,1.0,0.9859154929577465,0.9436619718309859,0.9154929577464789,0.8309859154929577,0.7887323943661971,0.7464788732394366,0.704225352112676,0.6901408450704225,0.6338028169014085,0.346221282572,0.0837977522246,0.0764000897807,0.126395399329,0.193409112896,0.167111187048,-0.030453710172,-0.0794644526685,0.0623719650584,0.138806907157,0.666666666667,0.714285714286,0.9,0.9,0.9,0.9,0.721567206741,0.009227961377239092,2.0767261567909956,0.678654769427,0.007944865938848545,2.1337109520269895,0.662331655063,0.043544064686500246,1.8702106268505765,0.616372068307,0.031185951954586108,1.8991141172296913,0.668787836974,0.059388051016726645,1.8616913119288645,0.630330245193,0.10942553683889847,1.8747539288944328
