Well/XY,cell_id,total_distance,net_distance,linearity,spearmanrsq,progressivity,max_speed,min_speed,avg_speed,MSD_slope,hurst_RS,nongauss,disp_var,disp_skew,rw_linearity,rw_netdist,rw_kurtosis01,rw_kurtosis02,rw_kurtosis03,rw_kurtosis04,rw_kurtosis05,rw_kurtosis06,rw_kurtosis07,rw_kurtosis08,rw_kurtosis09,rw_kurtosis10,avg_moving_speed01,avg_moving_speed02,avg_moving_speed03,avg_moving_speed04,avg_moving_speed05,avg_moving_speed06,avg_moving_speed07,avg_moving_speed08,avg_moving_speed09,avg_moving_speed10,time_moving01,time_moving02,time_moving03,time_moving04,time_moving05,time_moving06,time_moving07,time_moving08,time_moving09,time_moving10,autocorr_1,autocorr_2,autocorr_3,autocorr_4,autocorr_5,autocorr_6,autocorr_7,autocorr_8,autocorr_9,autocorr_10,p_rturn_9_5,p_rturn_9_6,p_rturn_10_5,p_rturn_10_6,p_rturn_11_5,p_rturn_11_6,mean_theta_9_5,min_theta_9_5,max_theta_9_5,mean_theta_9_6,min_theta_9_6,max_theta_9_6,mean_theta_10_5,min_theta_10_5,max_theta_10_5,mean_theta_10_6,min_theta_10_6,max_theta_10_6,mean_theta_11_5,min_theta_11_5,max_theta_11_5,mean_theta_11_6,min_theta_11_6,max_theta_11_6
WellB09_Seq0007/xy16,0,678.2171079863213,19.703695084932587,0.353738668344,0.223759538243,0.029052194132103765,10.185814449517526,0.08634813257968496,9.04289477315,0.169032053083,0.595927215633,0.837422821045,66.9301108714,2.184086252337128,0.134292004951,-91.784599249,5.71393186990311,1.667291835398772,0.2911517161641717,-0.1563383822523856,-0.674979710261757,0.48029506840709324,0.8081346663840119,0.822195766614569,-1.7539524175386922,-0.8182223142526466,3.16514370571,3.81499732505,4.81524421435,6.10344650424,6.46093813585,8.06352428757,8.58040781247,8.58040781247,9.36454675892,0.0,0.8028169014084507,0.5774647887323944,0.323943661971831,0.16901408450704225,0.14084507042253522,0.056338028169014086,0.04225352112676056,0.04225352112676056,0.014084507042253521,0.0,0.310369855831,0.0549499379188,-0.100102171438,-0.0855179259033,-0.0412251495888,0.115005788386,0.13271433618,0.108624612391,-0.0594837141005,-0.0414909446237,0.52380952381,0.428571428571,0.45,0.4,0.3,0.2,0.402724901421,0.015942016008441768,1.0986872564162067,0.407607633552,0.00855090716449547,1.0920072572220993,0.278310028917,0.002505394509416339,1.4932512438803118,0.277999643574,0.0012093631018006304,1.4664022012859057,0.299451869151,0.006717009083811164,1.2024416306480379,0.294897357806,0.000674099760350247,1.1957616314539306
