Well/XY,cell_id,total_distance,net_distance,linearity,spearmanrsq,progressivity,max_speed,min_speed,avg_speed,MSD_slope,hurst_RS,nongauss,disp_var,disp_skew,rw_linearity,rw_netdist,rw_kurtosis01,rw_kurtosis02,rw_kurtosis03,rw_kurtosis04,rw_kurtosis05,rw_kurtosis06,rw_kurtosis07,rw_kurtosis08,rw_kurtosis09,rw_kurtosis10,avg_moving_speed01,avg_moving_speed02,avg_moving_speed03,avg_moving_speed04,avg_moving_speed05,avg_moving_speed06,avg_moving_speed07,avg_moving_speed08,avg_moving_speed09,avg_moving_speed10,time_moving01,time_moving02,time_moving03,time_moving04,time_moving05,time_moving06,time_moving07,time_moving08,time_moving09,time_moving10,autocorr_1,autocorr_2,autocorr_3,autocorr_4,autocorr_5,autocorr_6,autocorr_7,autocorr_8,autocorr_9,autocorr_10,p_rturn_9_5,p_rturn_9_6,p_rturn_10_5,p_rturn_10_6,p_rturn_11_5,p_rturn_11_6,mean_theta_9_5,min_theta_9_5,max_theta_9_5,mean_theta_9_6,min_theta_9_6,max_theta_9_6,mean_theta_10_5,min_theta_10_5,max_theta_10_5,mean_theta_10_6,min_theta_10_6,max_theta_10_6,mean_theta_11_5,min_theta_11_5,max_theta_11_5,mean_theta_11_6,min_theta_11_6,max_theta_11_6
WellB02_Seq0000/xy06,0,563.5106800846236,288.07511537791663,0.95556301793,0.933764735172,0.5112150054275028,11.022250223978771,0.35688093252515235,7.41461421164,1.78093014966,0.808510668232,-0.319973160597,18.936406365,0.41597551319908277,0.732386816412,196.062172801,-0.5607486492337621,-0.6285939649540735,-0.7794921364141443,-1.0551583182609987,-1.1935251737220434,-0.4839638971351401,-1.337907868389312,-1.384045086604328,-1.5642308430609548,-1.4128006139613394,5.72022522893,6.23402338042,7.30157856769,8.29656981218,9.05379244152,9.42632529356,10.053747531,10.1714194104,11.0828736997,11.5340630307,0.9027777777777778,0.8055555555555556,0.625,0.5,0.4166666666666667,0.375,0.3055555555555556,0.2916666666666667,0.19444444444444445,0.1527777777777778,0.288837650234,0.257361811753,0.179741712852,0.405227158776,0.135569342809,0.260802580879,0.285566382037,0.208531066742,0.12916727177,0.379051290637,0.52380952381,0.52380952381,0.571428571429,0.666666666667,0.6,0.5,0.417859988964,0.0006078409133671971,1.6465049707611037,0.400687885286,0.002233436724602193,1.9670108147542893,0.407881962301,0.0328892980803504,1.4814937209013397,0.381792567325,0.008975229736850502,1.4438884857547263,0.449494077124,0.04850521466640039,1.742024922473052,0.327317526707,0.012852314279038799,1.4666216544849568
