Well/XY,cell_id,total_distance,net_distance,linearity,spearmanrsq,progressivity,max_speed,min_speed,avg_speed,MSD_slope,hurst_RS,nongauss,disp_var,disp_skew,rw_linearity,rw_netdist,rw_kurtosis01,rw_kurtosis02,rw_kurtosis03,rw_kurtosis04,rw_kurtosis05,rw_kurtosis06,rw_kurtosis07,rw_kurtosis08,rw_kurtosis09,rw_kurtosis10,avg_moving_speed01,avg_moving_speed02,avg_moving_speed03,avg_moving_speed04,avg_moving_speed05,avg_moving_speed06,avg_moving_speed07,avg_moving_speed08,avg_moving_speed09,avg_moving_speed10,time_moving01,time_moving02,time_moving03,time_moving04,time_moving05,time_moving06,time_moving07,time_moving08,time_moving09,time_moving10,autocorr_1,autocorr_2,autocorr_3,autocorr_4,autocorr_5,autocorr_6,autocorr_7,autocorr_8,autocorr_9,autocorr_10,p_rturn_9_5,p_rturn_9_6,p_rturn_10_5,p_rturn_10_6,p_rturn_11_5,p_rturn_11_6,mean_theta_9_5,min_theta_9_5,max_theta_9_5,mean_theta_9_6,min_theta_9_6,max_theta_9_6,mean_theta_10_5,min_theta_10_5,max_theta_10_5,mean_theta_10_6,min_theta_10_6,max_theta_10_6,mean_theta_11_5,min_theta_11_5,max_theta_11_5,mean_theta_11_6,min_theta_11_6,max_theta_11_6
WellB02_Seq0000/xy24,0,1118.0752487686427,475.2454019767052,0.481012425828,0.329731831437,0.42505672359718355,32.33207948771623,0.1044030650891042,14.7115164312,1.54092969664,0.8666085213,0.313231151342,154.265615446,1.3847920394021365,0.235812475974,292.680284228,2.674621089959155,-0.17092131727057058,0.646050492322265,0.6440103844586975,-0.30900519505904134,-0.3950964421457299,-0.9453971867449522,-0.6304550045732986,-0.6838378844845785,-1.2806227435718385,12.2418059773,13.3693007316,13.9724422378,15.5308284406,16.5419306444,17.9982182909,18.6306653171,19.6495528433,19.9945210421,20.337669766,0.875,0.7916666666666666,0.75,0.6527777777777778,0.5972222222222222,0.5277777777777778,0.5,0.4583333333333333,0.4444444444444444,0.4305555555555556,0.506681922324,0.363898732062,0.222485160625,0.308286671545,0.310840915215,0.386116009591,0.314981519355,0.132390451424,0.0885296884539,0.0996825448328,0.285714285714,0.285714285714,0.190476190476,0.238095238095,0.2,0.2,0.360956926482,0.0036943507863744264,1.0961761938288972,0.381674982393,0.005376950878029024,1.225643368654805,0.311558916544,0.007435085142673068,0.987757615502067,0.328055735718,0.00911768523432325,1.3156174238806564,0.418304365874,0.029355455312416165,1.5326377422350623,0.426717502831,0.027672855220731374,1.4500041194733821
