Well/XY,cell_id,total_distance,net_distance,linearity,spearmanrsq,progressivity,max_speed,min_speed,avg_speed,MSD_slope,hurst_RS,nongauss,disp_var,disp_skew,rw_linearity,rw_netdist,rw_kurtosis01,rw_kurtosis02,rw_kurtosis03,rw_kurtosis04,rw_kurtosis05,rw_kurtosis06,rw_kurtosis07,rw_kurtosis08,rw_kurtosis09,rw_kurtosis10,avg_moving_speed01,avg_moving_speed02,avg_moving_speed03,avg_moving_speed04,avg_moving_speed05,avg_moving_speed06,avg_moving_speed07,avg_moving_speed08,avg_moving_speed09,avg_moving_speed10,time_moving01,time_moving02,time_moving03,time_moving04,time_moving05,time_moving06,time_moving07,time_moving08,time_moving09,time_moving10,autocorr_1,autocorr_2,autocorr_3,autocorr_4,autocorr_5,autocorr_6,autocorr_7,autocorr_8,autocorr_9,autocorr_10,p_rturn_9_5,p_rturn_9_6,p_rturn_10_5,p_rturn_10_6,p_rturn_11_5,p_rturn_11_6,mean_theta_9_5,min_theta_9_5,max_theta_9_5,mean_theta_9_6,min_theta_9_6,max_theta_9_6,mean_theta_10_5,min_theta_10_5,max_theta_10_5,mean_theta_10_6,min_theta_10_6,max_theta_10_6,mean_theta_11_5,min_theta_11_5,max_theta_11_5,mean_theta_11_6,min_theta_11_6,max_theta_11_6
WellB02_Seq0000/xy07,0,3081.337555446683,549.105183457596,0.0752210840129,0.0637691037537,0.17820351505695245,60.037881375011885,1.767823520603796,40.5439152032,0.881545421473,0.652208494949,0.606069784452,1145.00324012,2.0492387237940837,-0.178114771141,45.9684274546,5.179873953483151,0.2672991581403248,-0.8434490358519304,-1.464026549710887,-0.4020811140107652,-0.5362121671431974,-1.2551215217719998,-0.05763659693697365,-0.030537681311774367,-1.264798875378037,29.4223432608,29.8188003254,29.8188003254,30.1983091435,31.7528036973,32.5817190002,32.9997337276,33.4150116423,34.2480336039,34.667642808,1.0,0.9861111111111112,0.9861111111111112,0.9722222222222222,0.9166666666666666,0.8888888888888888,0.875,0.8611111111111112,0.8333333333333334,0.8194444444444444,0.0993890630194,-0.115526020053,-0.231126330493,0.0242992909463,0.102848992209,0.18959405301,0.199582013239,-0.119232235377,-0.27612317313,-0.0401331522742,0.428571428571,0.428571428571,0.52380952381,0.52380952381,0.45,0.45,1.18402055412,0.008606607523755213,2.875416454203929,1.11966816263,0.013142857597994913,2.8790668796456234,1.30436760052,0.16953017772390533,2.90952728757611,1.24705192986,0.16646497213067826,2.9131777130178036,1.16283716808,0.007071293860599742,2.641040859140844,1.11645188137,0.01013649945380991,2.5617424714928734
