Well/XY,cell_id,total_distance,net_distance,linearity,spearmanrsq,progressivity,max_speed,min_speed,avg_speed,MSD_slope,hurst_RS,nongauss,disp_var,disp_skew,rw_linearity,rw_netdist,rw_kurtosis01,rw_kurtosis02,rw_kurtosis03,rw_kurtosis04,rw_kurtosis05,rw_kurtosis06,rw_kurtosis07,rw_kurtosis08,rw_kurtosis09,rw_kurtosis10,avg_moving_speed01,avg_moving_speed02,avg_moving_speed03,avg_moving_speed04,avg_moving_speed05,avg_moving_speed06,avg_moving_speed07,avg_moving_speed08,avg_moving_speed09,avg_moving_speed10,time_moving01,time_moving02,time_moving03,time_moving04,time_moving05,time_moving06,time_moving07,time_moving08,time_moving09,time_moving10,autocorr_1,autocorr_2,autocorr_3,autocorr_4,autocorr_5,autocorr_6,autocorr_7,autocorr_8,autocorr_9,autocorr_10,p_rturn_9_5,p_rturn_9_6,p_rturn_10_5,p_rturn_10_6,p_rturn_11_5,p_rturn_11_6,mean_theta_9_5,min_theta_9_5,max_theta_9_5,mean_theta_9_6,min_theta_9_6,max_theta_9_6,mean_theta_10_5,min_theta_10_5,max_theta_10_5,mean_theta_10_6,min_theta_10_6,max_theta_10_6,mean_theta_11_5,min_theta_11_5,max_theta_11_5,mean_theta_11_6,min_theta_11_6,max_theta_11_6
WellB07_Seq0005/xy23,0,106.77370690727898,2.195449840010048,0.258701930199,0.274032414946,0.02056170852920327,1.1892854997854603,0.044721359549995794,1.72215656302,0.487739145437,0.941993542517,-0.124179937415,1.43968535882,0.9134116749859096,0.0127553592277,-17.1357096356,-0.014725251168545395,-0.07316445953033135,0.6059362947088083,1.688800383548048,0.3584128523089647,-0.9162030060476467,0.8958101095277611,-0.6445078588623794,-0.09759049240856532,0.5659856780047483,1.16697763758,0.0,0.0,0.0,0.0,0.0,0.0,0.0,0.0,0.0,0.05172413793103448,0.0,0.0,0.0,0.0,0.0,0.0,0.0,0.0,0.0,0.396193246784,0.320894760143,0.399122465943,0.113635320551,-0.0109469208759,0.063020240579,-0.0820946952188,-0.0670804004213,0.104074396646,0.206429366168,0.4,0.4,0.5625,0.5,0.5,0.5,1.04202556406,0.27720446079388583,1.9405630254725708,1.0627469236,0.31202523862112386,1.98453601990545,0.787590872626,0.18099611901067747,1.5668084325272758,0.826788586848,0.07764340027582864,1.8868180538909338,0.741970464445,0.016788953635037598,2.100646940258936,0.767083105882,0.03594190404696011,1.8305863490050456
