Well/XY,cell_id,total_distance,net_distance,linearity,spearmanrsq,progressivity,max_speed,min_speed,avg_speed,MSD_slope,hurst_RS,nongauss,disp_var,disp_skew,rw_linearity,rw_netdist,rw_kurtosis01,rw_kurtosis02,rw_kurtosis03,rw_kurtosis04,rw_kurtosis05,rw_kurtosis06,rw_kurtosis07,rw_kurtosis08,rw_kurtosis09,rw_kurtosis10,avg_moving_speed01,avg_moving_speed02,avg_moving_speed03,avg_moving_speed04,avg_moving_speed05,avg_moving_speed06,avg_moving_speed07,avg_moving_speed08,avg_moving_speed09,avg_moving_speed10,time_moving01,time_moving02,time_moving03,time_moving04,time_moving05,time_moving06,time_moving07,time_moving08,time_moving09,time_moving10,autocorr_1,autocorr_2,autocorr_3,autocorr_4,autocorr_5,autocorr_6,autocorr_7,autocorr_8,autocorr_9,autocorr_10,p_rturn_9_5,p_rturn_9_6,p_rturn_10_5,p_rturn_10_6,p_rturn_11_5,p_rturn_11_6,mean_theta_9_5,min_theta_9_5,max_theta_9_5,mean_theta_9_6,min_theta_9_6,max_theta_9_6,mean_theta_10_5,min_theta_10_5,max_theta_10_5,mean_theta_10_6,min_theta_10_6,max_theta_10_6,mean_theta_11_5,min_theta_11_5,max_theta_11_5,mean_theta_11_6,min_theta_11_6,max_theta_11_6
WellB07_Seq0005/xy18,0,187.82092314576383,34.71500540112308,0.00341691402014,0.125314314285,0.18483034168765905,5.809267079417163,0.12092973166264817,3.02936972816,0.637895920924,0.917069137441,0.130535958283,6.08971808764,1.1793520615791282,-0.235245865543,0.710414539234,0.6949658882215628,0.4592999319386495,-0.622221433354285,-0.6223485417026025,-0.6429731303978583,-1.4544553100152404,-0.36147387836875033,-0.7130446207958268,-0.8513874807289077,0.15602885443833703,3.09270322303,4.03437504025,4.57265948653,5.13451072463,5.92645721428,7.0369550233,7.0369550233,0.0,0.0,0.0,0.603448275862069,0.39655172413793105,0.27586206896551724,0.1724137931034483,0.06896551724137931,0.017241379310344827,0.017241379310344827,0.0,0.0,0.0,0.629979569446,0.498750421685,0.468932998145,0.274883362476,0.230818799349,0.236045541715,0.281375769691,0.475802134083,0.595643060384,0.614337574507,0.6875,0.625,0.75,0.6875,0.625,0.625,0.508434493715,0.0409601559869252,2.224216259058035,0.488159641298,0.006465933438476979,2.1759005540404255,0.387247786661,0.0334500659070252,1.0406278897748007,0.375934554721,0.02337725879488891,0.9909962444117768,0.398444809862,0.0012737475612629291,1.8190596389259668,0.391818135484,0.012106858658027504,1.7823387732343814
