Well/XY,cell_id,total_distance,net_distance,linearity,spearmanrsq,progressivity,max_speed,min_speed,avg_speed,MSD_slope,hurst_RS,nongauss,disp_var,disp_skew,rw_linearity,rw_netdist,rw_kurtosis01,rw_kurtosis02,rw_kurtosis03,rw_kurtosis04,rw_kurtosis05,rw_kurtosis06,rw_kurtosis07,rw_kurtosis08,rw_kurtosis09,rw_kurtosis10,avg_moving_speed01,avg_moving_speed02,avg_moving_speed03,avg_moving_speed04,avg_moving_speed05,avg_moving_speed06,avg_moving_speed07,avg_moving_speed08,avg_moving_speed09,avg_moving_speed10,time_moving01,time_moving02,time_moving03,time_moving04,time_moving05,time_moving06,time_moving07,time_moving08,time_moving09,time_moving10,autocorr_1,autocorr_2,autocorr_3,autocorr_4,autocorr_5,autocorr_6,autocorr_7,autocorr_8,autocorr_9,autocorr_10,p_rturn_9_5,p_rturn_9_6,p_rturn_10_5,p_rturn_10_6,p_rturn_11_5,p_rturn_11_6,mean_theta_9_5,min_theta_9_5,max_theta_9_5,mean_theta_9_6,min_theta_9_6,max_theta_9_6,mean_theta_10_5,min_theta_10_5,max_theta_10_5,mean_theta_10_6,min_theta_10_6,max_theta_10_6,mean_theta_11_5,min_theta_11_5,max_theta_11_5,mean_theta_11_6,min_theta_11_6,max_theta_11_6
WellB07_Seq0005/xy20,0,332.41287963200256,28.911236569887414,0.0131359346081,0.0077490034032,0.08697387598787862,8.589886145927652,0.18054362353737347,5.36149805858,1.52000424817,0.842709626669,-0.277352450642,10.2506790961,0.6035137717802841,-0.223740833452,-31.2714298753,-0.08290398348254202,-0.47158717598304634,-0.6484633914134865,-1.057789357512881,-1.0641222477780221,-0.7073416091784592,0.20664506934970595,-0.9148149338796867,-0.747347309896742,-0.8360013800915334,5.38451437179,5.90928766447,6.08581438678,6.42848092655,6.80411416034,7.47671068805,8.26234676232,9.0223469788,10.0281292085,10.1161779344,0.8620689655172413,0.7586206896551724,0.7241379310344828,0.6379310344827587,0.5344827586206896,0.3448275862068966,0.1896551724137931,0.08620689655172414,0.034482758620689655,0.017241379310344827,0.489900881274,0.484407775965,0.289118229832,0.242978066617,0.178098370223,0.198060681962,0.148849082843,0.0498890979597,0.102773969343,-0.11464111041,0.4375,0.4375,0.3125,0.3125,0.333333333333,0.333333333333,1.45722600888,0.014109214838119033,3.0197488768721765,1.14608036919,0.0029319309303162244,3.0255905492157327,1.53093598171,0.005752809673608524,2.9798369296070697,1.24072962271,0.002282430546455648,2.9834641806303575,1.50282553383,0.01833610473876948,2.969520847129059,1.19362241644,0.02389259898744604,2.9753625194726148
