Well/XY,cell_id,total_distance,net_distance,linearity,spearmanrsq,progressivity,max_speed,min_speed,avg_speed,MSD_slope,hurst_RS,nongauss,disp_var,disp_skew,rw_linearity,rw_netdist,rw_kurtosis01,rw_kurtosis02,rw_kurtosis03,rw_kurtosis04,rw_kurtosis05,rw_kurtosis06,rw_kurtosis07,rw_kurtosis08,rw_kurtosis09,rw_kurtosis10,avg_moving_speed01,avg_moving_speed02,avg_moving_speed03,avg_moving_speed04,avg_moving_speed05,avg_moving_speed06,avg_moving_speed07,avg_moving_speed08,avg_moving_speed09,avg_moving_speed10,time_moving01,time_moving02,time_moving03,time_moving04,time_moving05,time_moving06,time_moving07,time_moving08,time_moving09,time_moving10,autocorr_1,autocorr_2,autocorr_3,autocorr_4,autocorr_5,autocorr_6,autocorr_7,autocorr_8,autocorr_9,autocorr_10,p_rturn_9_5,p_rturn_9_6,p_rturn_10_5,p_rturn_10_6,p_rturn_11_5,p_rturn_11_6,mean_theta_9_5,min_theta_9_5,max_theta_9_5,mean_theta_9_6,min_theta_9_6,max_theta_9_6,mean_theta_10_5,min_theta_10_5,max_theta_10_5,mean_theta_10_6,min_theta_10_6,max_theta_10_6,mean_theta_11_5,min_theta_11_5,max_theta_11_5,mean_theta_11_6,min_theta_11_6,max_theta_11_6
WellD07_Seq0005/xy14,0,2777.3707288985343,874.3485003132332,0.152120451117,0.196497982544,0.31481159184679225,56.083030624245,3.960202015049237,37.0316097186,1.43902919933,0.825907771739,-0.0249671686452,525.853217091,1.492865010131382,-0.0680439621802,417.792153309,3.0082578213711093,0.5363475396329718,0.32202272260381504,0.013319512360756569,-0.9162211172930861,-0.5703248313926315,-0.9296609314288973,-0.6523083671591912,-0.6750771791079941,-1.5647268676552601,25.6014434354,25.6014434354,25.6014434354,25.6014434354,25.6014434354,26.1788705033,26.1788705033,26.4500470847,27.0036986912,27.2723658184,1.0,1.0,1.0,1.0,1.0,0.971830985915493,0.971830985915493,0.9577464788732394,0.9295774647887324,0.9154929577464789,0.475142034137,0.365411604936,0.322230970693,0.018182826215,0.044234968008,0.0552722016699,-0.139345750331,-0.000349620236872,-0.0753206184482,-0.0698353379953,0.47619047619,0.52380952381,0.3,0.35,0.45,0.5,0.542765257048,0.029388569010840637,2.5987397699243724,0.508830482346,0.02026624344611392,2.6200473807845235,0.383021275881,0.045375235964246134,1.2693853522322862,0.348329140269,0.03702293769373568,0.9841554550443039,0.406004326167,0.05969741701392317,1.2421959883343128,0.370816888093,0.05057509144920603,0.9956046715157544
