Well/XY,cell_id,total_distance,net_distance,linearity,spearmanrsq,progressivity,max_speed,min_speed,avg_speed,MSD_slope,hurst_RS,nongauss,disp_var,disp_skew,rw_linearity,rw_netdist,rw_kurtosis01,rw_kurtosis02,rw_kurtosis03,rw_kurtosis04,rw_kurtosis05,rw_kurtosis06,rw_kurtosis07,rw_kurtosis08,rw_kurtosis09,rw_kurtosis10,avg_moving_speed01,avg_moving_speed02,avg_moving_speed03,avg_moving_speed04,avg_moving_speed05,avg_moving_speed06,avg_moving_speed07,avg_moving_speed08,avg_moving_speed09,avg_moving_speed10,time_moving01,time_moving02,time_moving03,time_moving04,time_moving05,time_moving06,time_moving07,time_moving08,time_moving09,time_moving10,autocorr_1,autocorr_2,autocorr_3,autocorr_4,autocorr_5,autocorr_6,autocorr_7,autocorr_8,autocorr_9,autocorr_10,p_rturn_9_5,p_rturn_9_6,p_rturn_10_5,p_rturn_10_6,p_rturn_11_5,p_rturn_11_6,mean_theta_9_5,min_theta_9_5,max_theta_9_5,mean_theta_9_6,min_theta_9_6,max_theta_9_6,mean_theta_10_5,min_theta_10_5,max_theta_10_5,mean_theta_10_6,min_theta_10_6,max_theta_10_6,mean_theta_11_5,min_theta_11_5,max_theta_11_5,mean_theta_11_6,min_theta_11_6,max_theta_11_6
WellD07_Seq0005/xy25,0,1109.1717551054314,40.98902292077723,0.242851632769,0.170244940003,0.03695462197996653,21.935541935407038,0.45122056690714796,14.7889567347,1.13546567308,0.578486787582,1.09077265998,174.935292274,2.485025566378455,0.00614148789412,-141.341481049,8.87436182504846,1.0661343120345848,1.6857985359999272,2.096518149914041,-0.3991126501065869,0.1525354475161369,-1.17510326997394,1.6108888583342909,-0.4216691013589804,-0.7229654577959539,7.42992899661,8.07822697005,8.64844701462,9.23270104287,10.1264231056,11.5583100415,12.7164476776,14.9574377578,15.3052009196,15.3052009196,0.9859154929577465,0.8873239436619719,0.8028169014084507,0.7183098591549296,0.6056338028169014,0.4647887323943662,0.38028169014084506,0.2676056338028169,0.2535211267605634,0.2535211267605634,0.233854308805,0.0901502139372,0.159978725264,0.0456220701487,-0.0398268975335,-0.0209286828152,-0.0971934926277,-0.0658821988887,-0.131748020864,-0.0962774542558,0.428571428571,0.47619047619,0.5,0.55,0.4,0.5,0.737668879855,0.08234238845318163,2.651074757061967,0.714230939977,0.01593652658078481,2.6010165470654423,0.765954223149,0.0373355062893242,2.526652071457296,0.72815337353,0.005063830919519813,2.4765938614607714,0.882524559425,0.028268551639344688,2.5407597288685757,0.857297347405,0.09532637610573087,2.490701518872051
