Well/XY,cell_id,total_distance,net_distance,linearity,spearmanrsq,progressivity,max_speed,min_speed,avg_speed,MSD_slope,hurst_RS,nongauss,disp_var,disp_skew,rw_linearity,rw_netdist,rw_kurtosis01,rw_kurtosis02,rw_kurtosis03,rw_kurtosis04,rw_kurtosis05,rw_kurtosis06,rw_kurtosis07,rw_kurtosis08,rw_kurtosis09,rw_kurtosis10,avg_moving_speed01,avg_moving_speed02,avg_moving_speed03,avg_moving_speed04,avg_moving_speed05,avg_moving_speed06,avg_moving_speed07,avg_moving_speed08,avg_moving_speed09,avg_moving_speed10,time_moving01,time_moving02,time_moving03,time_moving04,time_moving05,time_moving06,time_moving07,time_moving08,time_moving09,time_moving10,autocorr_1,autocorr_2,autocorr_3,autocorr_4,autocorr_5,autocorr_6,autocorr_7,autocorr_8,autocorr_9,autocorr_10,p_rturn_9_5,p_rturn_9_6,p_rturn_10_5,p_rturn_10_6,p_rturn_11_5,p_rturn_11_6,mean_theta_9_5,min_theta_9_5,max_theta_9_5,mean_theta_9_6,min_theta_9_6,max_theta_9_6,mean_theta_10_5,min_theta_10_5,max_theta_10_5,mean_theta_10_6,min_theta_10_6,max_theta_10_6,mean_theta_11_5,min_theta_11_5,max_theta_11_5,mean_theta_11_6,min_theta_11_6,max_theta_11_6
WellB07_Seq0005/xy12,0,1904.9542219797424,458.70167080576465,0.428676107323,0.604843762921,0.24079406502958084,46.1549626367523,1.1991080018080151,25.3993896264,1.07979271627,0.802525871099,0.760026604942,696.858374583,1.7508738340813617,0.167650780719,145.556964646,3.4694458023495507,2.3130359831263254,0.9357110155248267,0.41838365763211094,-0.40419037138872405,0.21231205130194608,-0.8968556160439816,-1.5666483136311538,-0.792391269064983,-0.9542387746679206,16.5442489392,17.4381674329,18.3803390162,18.3803390162,19.5788239041,20.9191912361,21.1884955382,21.4580320738,22.5514248821,23.4509521924,1.0,0.9436619718309859,0.8873239436619719,0.8873239436619719,0.8169014084507042,0.7464788732394366,0.7323943661971831,0.7183098591549296,0.6619718309859155,0.6197183098591549,0.409814038663,0.153766206687,0.19437276964,0.0626039419284,-0.0793629839296,-0.105481606679,0.0292152526415,0.0574089478756,-0.0216459070235,0.0997074078591,0.47619047619,0.428571428571,0.4,0.35,0.45,0.5,0.960507451088,0.13440265720402958,2.3244156027621856,0.897925660117,0.035642225741022215,2.582590011171822,0.95078614771,0.04914318910000304,2.295604505555309,0.876877718477,0.0013357106461342242,2.5642684811135803,0.979338644643,0.018276355228564994,2.3183095040144686,0.931119761756,0.056447283321469324,2.545577182848194
