Well/XY,cell_id,total_distance,net_distance,linearity,spearmanrsq,progressivity,max_speed,min_speed,avg_speed,MSD_slope,hurst_RS,nongauss,disp_var,disp_skew,rw_linearity,rw_netdist,rw_kurtosis01,rw_kurtosis02,rw_kurtosis03,rw_kurtosis04,rw_kurtosis05,rw_kurtosis06,rw_kurtosis07,rw_kurtosis08,rw_kurtosis09,rw_kurtosis10,avg_moving_speed01,avg_moving_speed02,avg_moving_speed03,avg_moving_speed04,avg_moving_speed05,avg_moving_speed06,avg_moving_speed07,avg_moving_speed08,avg_moving_speed09,avg_moving_speed10,time_moving01,time_moving02,time_moving03,time_moving04,time_moving05,time_moving06,time_moving07,time_moving08,time_moving09,time_moving10,autocorr_1,autocorr_2,autocorr_3,autocorr_4,autocorr_5,autocorr_6,autocorr_7,autocorr_8,autocorr_9,autocorr_10,p_rturn_9_5,p_rturn_9_6,p_rturn_10_5,p_rturn_10_6,p_rturn_11_5,p_rturn_11_6,mean_theta_9_5,min_theta_9_5,max_theta_9_5,mean_theta_9_6,min_theta_9_6,max_theta_9_6,mean_theta_10_5,min_theta_10_5,max_theta_10_5,mean_theta_10_6,min_theta_10_6,max_theta_10_6,mean_theta_11_5,min_theta_11_5,max_theta_11_5,mean_theta_11_6,min_theta_11_6,max_theta_11_6
WellB07_Seq0005/xy19,0,194.2974311685423,15.147607071745648,0.370736297128,0.385230791454,0.0779609230067789,1.4525962962915755,0.16224672569886694,2.59063241558,0.648702185802,0.725712475392,-0.319996074219,2.33546250306,0.37765668543730785,0.109637686638,-16.7918544066,-0.428180308552089,-1.002665891586266,-0.5963313003971003,-0.9967250145980451,-1.0568140316329289,-0.2811716813693397,-1.2362594027813365,-0.9507897926055304,-0.31151510233648017,-1.6038810516380444,1.21247016061,0.0,0.0,0.0,0.0,0.0,0.0,0.0,0.0,0.0,0.16901408450704225,0.0,0.0,0.0,0.0,0.0,0.0,0.0,0.0,0.0,0.239652927723,-0.0253465271284,0.0154497444136,0.0620735492495,-0.0470229562387,0.0220220936946,0.0609022577864,-0.0194148249132,0.103947981548,-0.200757643512,0.47619047619,0.428571428571,0.35,0.35,0.25,0.2,0.967135834688,0.1424835111552846,2.3837864752755458,0.901666473143,0.08849073141406838,2.3924727179791474,0.823119981532,0.22358266788896594,2.4770057297263914,0.876847895643,0.06133054388700672,2.485691972429993,0.706320079417,0.1868871247666878,1.529862271000373,0.749408415542,0.05175107749393122,1.686754970634174
