Well/XY,cell_id,total_distance,net_distance,linearity,spearmanrsq,progressivity,max_speed,min_speed,avg_speed,MSD_slope,hurst_RS,nongauss,disp_var,disp_skew,rw_linearity,rw_netdist,rw_kurtosis01,rw_kurtosis02,rw_kurtosis03,rw_kurtosis04,rw_kurtosis05,rw_kurtosis06,rw_kurtosis07,rw_kurtosis08,rw_kurtosis09,rw_kurtosis10,avg_moving_speed01,avg_moving_speed02,avg_moving_speed03,avg_moving_speed04,avg_moving_speed05,avg_moving_speed06,avg_moving_speed07,avg_moving_speed08,avg_moving_speed09,avg_moving_speed10,time_moving01,time_moving02,time_moving03,time_moving04,time_moving05,time_moving06,time_moving07,time_moving08,time_moving09,time_moving10,autocorr_1,autocorr_2,autocorr_3,autocorr_4,autocorr_5,autocorr_6,autocorr_7,autocorr_8,autocorr_9,autocorr_10,p_rturn_9_5,p_rturn_9_6,p_rturn_10_5,p_rturn_10_6,p_rturn_11_5,p_rturn_11_6,mean_theta_9_5,min_theta_9_5,max_theta_9_5,mean_theta_9_6,min_theta_9_6,max_theta_9_6,mean_theta_10_5,min_theta_10_5,max_theta_10_5,mean_theta_10_6,min_theta_10_6,max_theta_10_6,mean_theta_11_5,min_theta_11_5,max_theta_11_5,mean_theta_11_6,min_theta_11_6,max_theta_11_6
WellB07_Seq0005/xy03,0,779.3237251273721,417.10098645292135,0.559758507405,0.771197456397,0.5352088907401743,13.80736093538512,0.6300349196671364,10.3909830017,1.69193126107,0.663126731553,0.859487013221,90.2634658057,2.257963005615454,0.355741928657,288.992344212,5.445949675034074,2.174124878931467,0.21745612205985188,0.028858048528142444,-0.9964215596374664,-0.4161459299524539,-0.6013695447920293,-0.21432674140377506,-0.6733857393368949,-1.35410850537619,8.12066535001,8.42102071525,8.51207983009,8.753681678,9.13140918362,9.6353066657,10.0595190455,10.8268736214,11.5820500628,12.5997508864,0.971830985915493,0.9295774647887324,0.9154929577464789,0.8732394366197183,0.8028169014084507,0.704225352112676,0.6197183098591549,0.4788732394366197,0.36619718309859156,0.23943661971830985,0.0934523597623,-0.00246054627485,-0.130937633431,-0.179642287237,0.269823413472,0.0759786571788,-0.000777816472781,-0.0615418468156,-0.057080515754,0.0624381378863,0.285714285714,0.285714285714,0.4,0.35,0.45,0.35,0.338659962373,0.00010721770484265985,1.6581130359232312,0.302141193206,0.0012961683821890763,1.6921376779447728,0.271639348154,0.033536895385588156,1.218270654078984,0.226615239654,0.0004877466362945772,0.6204696319517985,0.274272434853,0.01246121646681145,1.167561988136495,0.22919955169,0.00035805534980572884,0.6541885531384255
