Well/XY,cell_id,total_distance,net_distance,linearity,spearmanrsq,progressivity,max_speed,min_speed,avg_speed,MSD_slope,hurst_RS,nongauss,disp_var,disp_skew,rw_linearity,rw_netdist,rw_kurtosis01,rw_kurtosis02,rw_kurtosis03,rw_kurtosis04,rw_kurtosis05,rw_kurtosis06,rw_kurtosis07,rw_kurtosis08,rw_kurtosis09,rw_kurtosis10,avg_moving_speed01,avg_moving_speed02,avg_moving_speed03,avg_moving_speed04,avg_moving_speed05,avg_moving_speed06,avg_moving_speed07,avg_moving_speed08,avg_moving_speed09,avg_moving_speed10,time_moving01,time_moving02,time_moving03,time_moving04,time_moving05,time_moving06,time_moving07,time_moving08,time_moving09,time_moving10,autocorr_1,autocorr_2,autocorr_3,autocorr_4,autocorr_5,autocorr_6,autocorr_7,autocorr_8,autocorr_9,autocorr_10,p_rturn_9_5,p_rturn_9_6,p_rturn_10_5,p_rturn_10_6,p_rturn_11_5,p_rturn_11_6,mean_theta_9_5,min_theta_9_5,max_theta_9_5,mean_theta_9_6,min_theta_9_6,max_theta_9_6,mean_theta_10_5,min_theta_10_5,max_theta_10_5,mean_theta_10_6,min_theta_10_6,max_theta_10_6,mean_theta_11_5,min_theta_11_5,max_theta_11_5,mean_theta_11_6,min_theta_11_6,max_theta_11_6
WellC10_Seq0011/xy23,0,1362.6122354623863,782.4027060280404,0.4008397352,0.447505844282,0.5741932192195098,20.38769236573869,2.6200763347658675,18.1681631395,1.72661848962,0.825058756659,-0.236953434757,77.476136622,1.4298592097673732,0.170295827582,558.410547497,3.316722050440898,-0.9982920294866084,-0.9036101086283339,-0.9493687941159705,-0.752022668185456,-0.7331493588002633,-0.056030477388528954,-0.9789578188406134,-0.001584285076526637,0.7078005663363882,15.9180310878,15.9180310878,15.9180310878,15.9180310878,15.9180310878,15.9180310878,15.9180310878,16.0324439039,16.2547391645,16.2547391645,1.0,1.0,1.0,1.0,1.0,1.0,1.0,0.9859154929577465,0.9577464788732394,0.9577464788732394,0.183917640982,-0.0171696144502,0.0237608514203,0.166379775196,0.154376346218,0.149613090333,0.0817287786638,0.00685518849687,0.0291137408751,0.136124485904,0.571428571429,0.619047619048,0.55,0.55,0.5,0.55,0.457186521823,0.0605356693093537,2.4741363221736674,0.442069194447,0.028449934434840583,2.4034705354322408,0.587327248669,0.09592669142232017,2.46018806992554,0.574565438473,0.09217275091447695,2.487702672546892,0.599534442356,0.07574945074236603,2.40126925317549,0.58677263216,0.09478749751176338,2.3711798915901667
