Well/XY,cell_id,total_distance,net_distance,linearity,spearmanrsq,progressivity,max_speed,min_speed,avg_speed,MSD_slope,hurst_RS,nongauss,disp_var,disp_skew,rw_linearity,rw_netdist,rw_kurtosis01,rw_kurtosis02,rw_kurtosis03,rw_kurtosis04,rw_kurtosis05,rw_kurtosis06,rw_kurtosis07,rw_kurtosis08,rw_kurtosis09,rw_kurtosis10,avg_moving_speed01,avg_moving_speed02,avg_moving_speed03,avg_moving_speed04,avg_moving_speed05,avg_moving_speed06,avg_moving_speed07,avg_moving_speed08,avg_moving_speed09,avg_moving_speed10,time_moving01,time_moving02,time_moving03,time_moving04,time_moving05,time_moving06,time_moving07,time_moving08,time_moving09,time_moving10,autocorr_1,autocorr_2,autocorr_3,autocorr_4,autocorr_5,autocorr_6,autocorr_7,autocorr_8,autocorr_9,autocorr_10,p_rturn_9_5,p_rturn_9_6,p_rturn_10_5,p_rturn_10_6,p_rturn_11_5,p_rturn_11_6,mean_theta_9_5,min_theta_9_5,max_theta_9_5,mean_theta_9_6,min_theta_9_6,max_theta_9_6,mean_theta_10_5,min_theta_10_5,max_theta_10_5,mean_theta_10_6,min_theta_10_6,max_theta_10_6,mean_theta_11_5,min_theta_11_5,max_theta_11_5,mean_theta_11_6,min_theta_11_6,max_theta_11_6
WellC10_Seq0011/xy09,0,2270.5324600578106,135.69255838106977,0.0486924722747,0.0327602576939,0.059762439325626235,45.02899510315548,1.7857928211301384,30.2737661341,0.735098034319,0.701243431415,0.0294318783445,555.65490413,1.08544443498072,-0.170958815333,-237.547497378,0.6626595260349943,-1.1299956049683235,0.16468216031961935,-0.011396470760758781,-0.9844655419647426,-0.6794987831526367,1.714719763085074,-0.14620009904610143,0.8296888835520595,-1.3956816695137269,19.8062567921,20.6175602458,21.7623060031,22.0648933568,22.3581925663,22.6458142346,22.6458142346,23.1652399279,23.4245857425,24.1907711914,0.9859154929577465,0.9436619718309859,0.8873239436619719,0.8732394366197183,0.8591549295774648,0.8450704225352113,0.8450704225352113,0.8169014084507042,0.8028169014084507,0.7605633802816901,0.414217454098,0.152418144012,0.0109502449398,0.0149379833233,-0.107453862233,-0.17954263289,-0.19250913066,-0.111073794082,-0.0685896394201,-0.0473509851334,0.380952380952,0.380952380952,0.45,0.45,0.5,0.5,0.724855241052,0.0015792990685154162,2.305745529414569,0.729052590707,0.0217958532577398,2.2350298339051573,0.913154350418,0.01871227140759848,2.314157730847501,0.92649400219,0.07984382133429443,2.2434420353380893,0.987914491314,0.04707252530693783,2.274515143791969,1.01076796278,0.10820407523362761,2.2104531302447676
