Well/XY,cell_id,total_distance,net_distance,linearity,spearmanrsq,progressivity,max_speed,min_speed,avg_speed,MSD_slope,hurst_RS,nongauss,disp_var,disp_skew,rw_linearity,rw_netdist,rw_kurtosis01,rw_kurtosis02,rw_kurtosis03,rw_kurtosis04,rw_kurtosis05,rw_kurtosis06,rw_kurtosis07,rw_kurtosis08,rw_kurtosis09,rw_kurtosis10,avg_moving_speed01,avg_moving_speed02,avg_moving_speed03,avg_moving_speed04,avg_moving_speed05,avg_moving_speed06,avg_moving_speed07,avg_moving_speed08,avg_moving_speed09,avg_moving_speed10,time_moving01,time_moving02,time_moving03,time_moving04,time_moving05,time_moving06,time_moving07,time_moving08,time_moving09,time_moving10,autocorr_1,autocorr_2,autocorr_3,autocorr_4,autocorr_5,autocorr_6,autocorr_7,autocorr_8,autocorr_9,autocorr_10,p_rturn_9_5,p_rturn_9_6,p_rturn_10_5,p_rturn_10_6,p_rturn_11_5,p_rturn_11_6,mean_theta_9_5,min_theta_9_5,max_theta_9_5,mean_theta_9_6,min_theta_9_6,max_theta_9_6,mean_theta_10_5,min_theta_10_5,max_theta_10_5,mean_theta_10_6,min_theta_10_6,max_theta_10_6,mean_theta_11_5,min_theta_11_5,max_theta_11_5,mean_theta_11_6,min_theta_11_6,max_theta_11_6
WellC10_Seq0011/xy10,0,885.362292174177,358.80483218596726,0.851600350469,0.908992153035,0.4052632864054478,44.63750391766995,0.1332066064427809,11.8048305623,1.27298935935,0.80251267309,3.95599706687,295.38825894,3.8773538439686916,0.605736167409,213.265106544,15.819629332525068,6.847321566391466,10.269883606175885,7.0633569808939995,3.4985057465490828,4.025859282707408,1.159147293571241,-0.12885852800508468,0.8678739906397377,1.431042304759079,7.896760048,8.62269181664,9.53638174745,10.9656859841,12.6922765989,13.9234677071,17.2838612648,20.5145767906,22.3742597263,23.4520277556,0.9577464788732394,0.8591549295774648,0.7464788732394366,0.6056338028169014,0.4788732394366197,0.4084507042253521,0.28169014084507044,0.2112676056338028,0.18309859154929578,0.16901408450704225,0.528873390063,0.349703277634,0.454301583274,0.20808715501,0.0756107570481,0.219969277696,0.129554500044,0.105232076447,0.0860339836735,0.103715106375,0.666666666667,0.714285714286,0.75,0.7,0.75,0.75,0.763216147741,0.07754390551559756,2.7631024158139432,0.747316265317,0.00025131967175708476,2.7834946837346366,0.693690300987,0.0007055788986249017,2.6492607066601415,0.689796730729,0.007664530611568692,2.703469501256052,0.587160608501,0.05392720384301302,2.300994850998486,0.569067052354,0.007216104670232438,2.2409036316355726
