Well/XY,cell_id,total_distance,net_distance,linearity,spearmanrsq,progressivity,max_speed,min_speed,avg_speed,MSD_slope,hurst_RS,nongauss,disp_var,disp_skew,rw_linearity,rw_netdist,rw_kurtosis01,rw_kurtosis02,rw_kurtosis03,rw_kurtosis04,rw_kurtosis05,rw_kurtosis06,rw_kurtosis07,rw_kurtosis08,rw_kurtosis09,rw_kurtosis10,avg_moving_speed01,avg_moving_speed02,avg_moving_speed03,avg_moving_speed04,avg_moving_speed05,avg_moving_speed06,avg_moving_speed07,avg_moving_speed08,avg_moving_speed09,avg_moving_speed10,time_moving01,time_moving02,time_moving03,time_moving04,time_moving05,time_moving06,time_moving07,time_moving08,time_moving09,time_moving10,autocorr_1,autocorr_2,autocorr_3,autocorr_4,autocorr_5,autocorr_6,autocorr_7,autocorr_8,autocorr_9,autocorr_10,p_rturn_9_5,p_rturn_9_6,p_rturn_10_5,p_rturn_10_6,p_rturn_11_5,p_rturn_11_6,mean_theta_9_5,min_theta_9_5,max_theta_9_5,mean_theta_9_6,min_theta_9_6,max_theta_9_6,mean_theta_10_5,min_theta_10_5,max_theta_10_5,mean_theta_10_6,min_theta_10_6,max_theta_10_6,mean_theta_11_5,min_theta_11_5,max_theta_11_5,mean_theta_11_6,min_theta_11_6,max_theta_11_6
WellC09_Seq0010/xy22,0,2206.7652742188184,676.6598817722238,0.911783720807,0.684711381363,0.3066297488353207,47.17466951659547,0.2478790027412686,29.0363851871,1.40773648822,0.832577200658,-0.275340627861,306.967170257,0.565748833398783,0.665300400126,316.327817741,-0.03197695395954536,0.8485995633525003,2.508457030812881,-0.1403169057115301,-0.9335881305447002,0.9200559220081299,1.6115405042816962,1.6035971546775105,0.7405202064097676,0.46342103111354094,18.2677246913,19.000441112,20.572813788,20.572813788,20.8370135367,21.6258989758,22.4302176997,23.2811575957,24.5127410294,25.4947845459,1.0,0.9583333333333334,0.875,0.875,0.8611111111111112,0.8194444444444444,0.7777777777777778,0.7361111111111112,0.6805555555555556,0.6388888888888888,0.355200966989,0.168877095514,0.325887155088,0.364730433374,0.220155842848,0.040405484575,0.152033189203,0.174836333015,-0.0533136121703,-0.0849392609574,0.380952380952,0.380952380952,0.380952380952,0.380952380952,0.3,0.3,0.944842976568,0.09307063151768719,2.4582346170181997,0.971700231561,0.010500247886729954,2.4750944276441866,0.76949427837,0.03559991580015921,2.0989117199102836,0.79219498047,0.06384110701933843,2.1435671416485143,0.875358270258,0.024531425583538328,2.280787461637738,0.90551749826,0.003709765635668907,2.3254428833759686
