Well/XY,cell_id,total_distance,net_distance,linearity,spearmanrsq,progressivity,max_speed,min_speed,avg_speed,MSD_slope,hurst_RS,nongauss,disp_var,disp_skew,rw_linearity,rw_netdist,rw_kurtosis01,rw_kurtosis02,rw_kurtosis03,rw_kurtosis04,rw_kurtosis05,rw_kurtosis06,rw_kurtosis07,rw_kurtosis08,rw_kurtosis09,rw_kurtosis10,avg_moving_speed01,avg_moving_speed02,avg_moving_speed03,avg_moving_speed04,avg_moving_speed05,avg_moving_speed06,avg_moving_speed07,avg_moving_speed08,avg_moving_speed09,avg_moving_speed10,time_moving01,time_moving02,time_moving03,time_moving04,time_moving05,time_moving06,time_moving07,time_moving08,time_moving09,time_moving10,autocorr_1,autocorr_2,autocorr_3,autocorr_4,autocorr_5,autocorr_6,autocorr_7,autocorr_8,autocorr_9,autocorr_10,p_rturn_9_5,p_rturn_9_6,p_rturn_10_5,p_rturn_10_6,p_rturn_11_5,p_rturn_11_6,mean_theta_9_5,min_theta_9_5,max_theta_9_5,mean_theta_9_6,min_theta_9_6,max_theta_9_6,mean_theta_10_5,min_theta_10_5,max_theta_10_5,mean_theta_10_6,min_theta_10_6,max_theta_10_6,mean_theta_11_5,min_theta_11_5,max_theta_11_5,mean_theta_11_6,min_theta_11_6,max_theta_11_6
WellC09_Seq0010/xy23,0,825.6281529755664,141.36173456773935,0.42774151476,0.465276990574,0.17121719270142524,8.283960405506507,0.200997512422416,10.8635283286,1.238409735,0.590499204577,-0.0715407158798,50.3741262315,1.2033644728196387,0.189720527866,6.54889336552,1.4776096951869384,0.1141205478547973,-0.2757327756108281,-1.0872044995690104,1.6452424168318194,-1.3170105739032893,0.6873506692558826,-0.0867249523377347,-0.9066135126567691,-1.3726064785380734,3.70167242008,4.19397491056,5.03945918896,6.13441550793,7.47514359128,8.13250155049,8.64444195366,9.36300219404,10.0782124215,10.9171608031,0.9166666666666666,0.75,0.4861111111111111,0.2916666666666667,0.16666666666666666,0.125,0.09722222222222222,0.05555555555555555,0.027777777777777776,0.013888888888888888,0.1246252213,0.0290993739303,-0.143864589598,0.12929555783,0.0906321414999,-0.153542738417,-0.202628701589,-0.102210215394,-0.0282131395114,-0.139261103087,0.428571428571,0.47619047619,0.571428571429,0.47619047619,0.25,0.35,0.448618894396,0.00977006720324933,1.714150683167855,0.431262737981,0.014089063544248048,1.585371319615827,0.520182699224,0.03205222619093796,1.8285097577373413,0.546395342301,0.04851649054963802,1.6997303941853135,0.538043948868,0.012917368511743466,1.6984439319340443,0.548296821092,0.016700061775844068,1.5696645683820163
