Well/XY,cell_id,total_distance,net_distance,linearity,spearmanrsq,progressivity,max_speed,min_speed,avg_speed,MSD_slope,hurst_RS,nongauss,disp_var,disp_skew,rw_linearity,rw_netdist,rw_kurtosis01,rw_kurtosis02,rw_kurtosis03,rw_kurtosis04,rw_kurtosis05,rw_kurtosis06,rw_kurtosis07,rw_kurtosis08,rw_kurtosis09,rw_kurtosis10,avg_moving_speed01,avg_moving_speed02,avg_moving_speed03,avg_moving_speed04,avg_moving_speed05,avg_moving_speed06,avg_moving_speed07,avg_moving_speed08,avg_moving_speed09,avg_moving_speed10,time_moving01,time_moving02,time_moving03,time_moving04,time_moving05,time_moving06,time_moving07,time_moving08,time_moving09,time_moving10,autocorr_1,autocorr_2,autocorr_3,autocorr_4,autocorr_5,autocorr_6,autocorr_7,autocorr_8,autocorr_9,autocorr_10,p_rturn_9_5,p_rturn_9_6,p_rturn_10_5,p_rturn_10_6,p_rturn_11_5,p_rturn_11_6,mean_theta_9_5,min_theta_9_5,max_theta_9_5,mean_theta_9_6,min_theta_9_6,max_theta_9_6,mean_theta_10_5,min_theta_10_5,max_theta_10_5,mean_theta_10_6,min_theta_10_6,max_theta_10_6,mean_theta_11_5,min_theta_11_5,max_theta_11_5,mean_theta_11_6,min_theta_11_6,max_theta_11_6
WellC09_Seq0010/xy09,0,671.8645387285762,365.27010553835356,0.790154543014,0.528002990535,0.5436662965269514,26.36200758667669,0.04882622246290345,8.84032287801,1.6250770924,0.979893010527,1.01918069239,199.753059979,1.7609773929851604,0.558923896902,255.564583697,1.8503953653065972,0.4455128768594756,0.038682719820409606,-0.39727171503113734,-0.012935223900884196,-0.43633402380351427,-0.24955612299090335,-0.6190770537269779,-0.527071211847908,-0.8923948630236991,16.404503658,19.3612729836,21.6972578803,22.5686260298,22.5686260298,22.5686260298,22.5686260298,22.5686260298,23.2671821866,23.2671821866,0.4166666666666667,0.3472222222222222,0.3055555555555556,0.2916666666666667,0.2916666666666667,0.2916666666666667,0.2916666666666667,0.2916666666666667,0.2777777777777778,0.2777777777777778,0.638302655835,0.7126910171,0.647416180268,0.532014927754,0.503414292367,0.428513085513,0.390451563242,0.359790158482,0.246999280139,0.341142677094,0.52380952381,0.47619047619,0.380952380952,0.428571428571,0.4,0.4,0.622570392719,0.023734913264981217,2.066888614718583,0.557985960724,0.003400812425312763,1.955569367379806,0.757677919922,0.08471919267356354,2.3965731972938706,0.755221770959,0.033604606851408446,2.498827025820923,0.748101846567,0.00955154581971915,2.1803977412325035,0.84235698696,0.00872482412058527,2.2826515697595564
