Well/XY,cell_id,total_distance,net_distance,linearity,spearmanrsq,progressivity,max_speed,min_speed,avg_speed,MSD_slope,hurst_RS,nongauss,disp_var,disp_skew,rw_linearity,rw_netdist,rw_kurtosis01,rw_kurtosis02,rw_kurtosis03,rw_kurtosis04,rw_kurtosis05,rw_kurtosis06,rw_kurtosis07,rw_kurtosis08,rw_kurtosis09,rw_kurtosis10,avg_moving_speed01,avg_moving_speed02,avg_moving_speed03,avg_moving_speed04,avg_moving_speed05,avg_moving_speed06,avg_moving_speed07,avg_moving_speed08,avg_moving_speed09,avg_moving_speed10,time_moving01,time_moving02,time_moving03,time_moving04,time_moving05,time_moving06,time_moving07,time_moving08,time_moving09,time_moving10,autocorr_1,autocorr_2,autocorr_3,autocorr_4,autocorr_5,autocorr_6,autocorr_7,autocorr_8,autocorr_9,autocorr_10,p_rturn_9_5,p_rturn_9_6,p_rturn_10_5,p_rturn_10_6,p_rturn_11_5,p_rturn_11_6,mean_theta_9_5,min_theta_9_5,max_theta_9_5,mean_theta_9_6,min_theta_9_6,max_theta_9_6,mean_theta_10_5,min_theta_10_5,max_theta_10_5,mean_theta_10_6,min_theta_10_6,max_theta_10_6,mean_theta_11_5,min_theta_11_5,max_theta_11_5,mean_theta_11_6,min_theta_11_6,max_theta_11_6
WellC02_Seq0019/xy19,0,2449.873565947748,541.7142528123105,0.877684520707,0.840123231835,0.22111926931329012,53.6778198141467,0.3255764119219885,32.6649808793,1.24878256849,0.776914606466,1.32710607513,1391.51181558,2.308531979026867,0.632455588085,138.993321734,5.309549617724558,8.594063255949656,1.5830970050948805,3.4488834895558638,-0.2835173738240635,0.2529721640537419,0.6573120894421614,1.594183146750633,-0.9053060647781734,1.2481751032250328,17.0204851143,17.0204851143,18.1403121931,18.6084730379,19.0730233127,19.2981341877,20.9928212543,21.5319188549,22.6457279444,24.2259948723,0.9859154929577465,0.9859154929577465,0.9154929577464789,0.8873239436619719,0.8591549295774648,0.8450704225352113,0.7464788732394366,0.7183098591549296,0.6619718309859155,0.5915492957746479,0.212959858348,0.146683781365,0.00705624368291,0.351013711807,0.142064031315,0.0483885420758,-0.112451397928,0.11684908808,0.0279322150224,0.00367315131519,0.666666666667,0.619047619048,0.6,0.55,0.65,0.65,0.555066483214,0.000692373328952539,2.5042938015712704,0.491328193754,0.008107689272459943,2.4301809033201187,0.3726251952,0.0035315266714186304,2.456305623814815,0.369998720104,0.00159772455360234,2.3821927255636637,0.43439276673,0.007508103176499776,2.387483333905285,0.429872687234,0.002721107454177881,2.313370435654134
