Well/XY,cell_id,total_distance,net_distance,linearity,spearmanrsq,progressivity,max_speed,min_speed,avg_speed,MSD_slope,hurst_RS,nongauss,disp_var,disp_skew,rw_linearity,rw_netdist,rw_kurtosis01,rw_kurtosis02,rw_kurtosis03,rw_kurtosis04,rw_kurtosis05,rw_kurtosis06,rw_kurtosis07,rw_kurtosis08,rw_kurtosis09,rw_kurtosis10,avg_moving_speed01,avg_moving_speed02,avg_moving_speed03,avg_moving_speed04,avg_moving_speed05,avg_moving_speed06,avg_moving_speed07,avg_moving_speed08,avg_moving_speed09,avg_moving_speed10,time_moving01,time_moving02,time_moving03,time_moving04,time_moving05,time_moving06,time_moving07,time_moving08,time_moving09,time_moving10,autocorr_1,autocorr_2,autocorr_3,autocorr_4,autocorr_5,autocorr_6,autocorr_7,autocorr_8,autocorr_9,autocorr_10,p_rturn_9_5,p_rturn_9_6,p_rturn_10_5,p_rturn_10_6,p_rturn_11_5,p_rturn_11_6,mean_theta_9_5,min_theta_9_5,max_theta_9_5,mean_theta_9_6,min_theta_9_6,max_theta_9_6,mean_theta_10_5,min_theta_10_5,max_theta_10_5,mean_theta_10_6,min_theta_10_6,max_theta_10_6,mean_theta_11_5,min_theta_11_5,max_theta_11_5,mean_theta_11_6,min_theta_11_6,max_theta_11_6
WellC02_Seq0019/xy25,0,1745.9018180890473,673.0301627713279,0.736566656815,0.940595034968,0.38549141526640013,35.00798194697889,0.335046265461974,23.2786909079,1.50534700042,0.624486356586,0.368881990337,376.437774186,1.6274507060338919,0.484939318919,386.031186365,2.8171902931482258,0.8950512365137455,0.5012033910452147,0.11405949349727296,-0.3217704292103334,-0.2487757958621124,0.7217308726389691,-1.1344741074229372,-0.9439345976759177,-1.0417757817596702,12.5144695435,12.8414444917,13.6512754116,13.9866618712,14.4811033469,15.1396553096,16.0013808157,17.4342574399,17.6563179807,18.2965120749,0.9859154929577465,0.9577464788732394,0.8873239436619719,0.8591549295774648,0.8169014084507042,0.7605633802816901,0.6901408450704225,0.5915492957746479,0.5774647887323944,0.5352112676056338,0.235626258262,-0.0728997444735,0.117535322936,0.0993812870786,-0.0133328278862,0.0708463888465,-0.190245942819,-0.163589032133,-0.198224258827,-0.288698058373,0.333333333333,0.380952380952,0.4,0.4,0.4,0.4,0.470055033183,0.028978530990079163,2.2529937484863294,0.500298058189,0.005840830807037719,2.316023142280398,0.407429631188,0.002854565793629441,2.208091822666214,0.394702249217,0.009276456453410228,2.271121216460283,0.413859219227,0.022602920639912007,2.1684003241711203,0.399034303266,0.0682065141877272,2.2314297179651894
