Well/XY,cell_id,total_distance,net_distance,linearity,spearmanrsq,progressivity,max_speed,min_speed,avg_speed,MSD_slope,hurst_RS,nongauss,disp_var,disp_skew,rw_linearity,rw_netdist,rw_kurtosis01,rw_kurtosis02,rw_kurtosis03,rw_kurtosis04,rw_kurtosis05,rw_kurtosis06,rw_kurtosis07,rw_kurtosis08,rw_kurtosis09,rw_kurtosis10,avg_moving_speed01,avg_moving_speed02,avg_moving_speed03,avg_moving_speed04,avg_moving_speed05,avg_moving_speed06,avg_moving_speed07,avg_moving_speed08,avg_moving_speed09,avg_moving_speed10,time_moving01,time_moving02,time_moving03,time_moving04,time_moving05,time_moving06,time_moving07,time_moving08,time_moving09,time_moving10,autocorr_1,autocorr_2,autocorr_3,autocorr_4,autocorr_5,autocorr_6,autocorr_7,autocorr_8,autocorr_9,autocorr_10,p_rturn_9_5,p_rturn_9_6,p_rturn_10_5,p_rturn_10_6,p_rturn_11_5,p_rturn_11_6,mean_theta_9_5,min_theta_9_5,max_theta_9_5,mean_theta_9_6,min_theta_9_6,max_theta_9_6,mean_theta_10_5,min_theta_10_5,max_theta_10_5,mean_theta_10_6,min_theta_10_6,max_theta_10_6,mean_theta_11_5,min_theta_11_5,max_theta_11_5,mean_theta_11_6,min_theta_11_6,max_theta_11_6
WellC02_Seq0019/xy07,0,1487.0246213546595,223.37692360671466,0.988517383317,0.973762196485,0.15021736721697404,20.20717694285869,0.197989898732214,19.8269949514,0.766438652059,0.785560045679,0.540402419281,559.7796536,1.4414879419503803,0.785395721922,-21.0666870236,0.9462279560189306,-0.5097591247344821,-0.5363187545780903,-0.2584579778845404,-1.110494941823878,-1.3024686283174225,-0.1586045433738561,-1.6485709160584863,-0.33373682499887636,-1.6093841864965288,7.65337014094,8.54012858156,9.42362016735,11.1658197124,12.1923247753,13.1271021146,13.3764542593,14.3279633378,14.5755913129,15.6722857981,0.9014084507042254,0.7887323943661971,0.6901408450704225,0.5352112676056338,0.4647887323943662,0.4084507042253521,0.39436619718309857,0.3380281690140845,0.323943661971831,0.2676056338028169,0.109950396161,0.169207636995,0.0878586439392,0.0881928341694,0.00439196382064,0.210266692834,0.0708934374373,0.101947627095,-0.136614596683,0.0695665437635,0.47619047619,0.52380952381,0.5,0.5,0.5,0.5,0.136669197938,0.007292085253879451,0.7076730685990804,0.138748042037,0.007919900123775147,0.7278043883041522,0.18771437493,0.011802012231036477,1.6236052374437058,0.195352670555,0.01635121325706645,1.6312263218249827,0.128649055558,0.0013721343619963482,0.46682496517666294,0.136411512261,0.0007676539958934054,0.45920388079538593
