Well/XY,cell_id,total_distance,net_distance,linearity,spearmanrsq,progressivity,max_speed,min_speed,avg_speed,MSD_slope,hurst_RS,nongauss,disp_var,disp_skew,rw_linearity,rw_netdist,rw_kurtosis01,rw_kurtosis02,rw_kurtosis03,rw_kurtosis04,rw_kurtosis05,rw_kurtosis06,rw_kurtosis07,rw_kurtosis08,rw_kurtosis09,rw_kurtosis10,avg_moving_speed01,avg_moving_speed02,avg_moving_speed03,avg_moving_speed04,avg_moving_speed05,avg_moving_speed06,avg_moving_speed07,avg_moving_speed08,avg_moving_speed09,avg_moving_speed10,time_moving01,time_moving02,time_moving03,time_moving04,time_moving05,time_moving06,time_moving07,time_moving08,time_moving09,time_moving10,autocorr_1,autocorr_2,autocorr_3,autocorr_4,autocorr_5,autocorr_6,autocorr_7,autocorr_8,autocorr_9,autocorr_10,p_rturn_9_5,p_rturn_9_6,p_rturn_10_5,p_rturn_10_6,p_rturn_11_5,p_rturn_11_6,mean_theta_9_5,min_theta_9_5,max_theta_9_5,mean_theta_9_6,min_theta_9_6,max_theta_9_6,mean_theta_10_5,min_theta_10_5,max_theta_10_5,mean_theta_10_6,min_theta_10_6,max_theta_10_6,mean_theta_11_5,min_theta_11_5,max_theta_11_5,mean_theta_11_6,min_theta_11_6,max_theta_11_6
WellC02_Seq0019/xy02,0,1183.0576076269424,38.43399016495687,0.11911024516,0.158498463691,0.032486998027129364,24.821913624859782,1.0744766167767534,15.774101435,1.1429955753,0.672989454514,-0.364261014525,93.5271063472,0.1183136712236558,-0.144919216779,-156.042193376,-1.23594535139184,-1.08612896780837,-1.0417189887711091,-1.31704276161087,-0.9604047452821507,-1.1553899011849142,-1.2686292684107527,-1.420611480142367,-1.1860389601434007,-1.2349526261187593,11.3258184572,12.2444811002,12.5689144805,13.1888363543,13.6718692229,14.8611557761,15.4048501082,16.8382681955,17.7952247561,18.6074847676,0.9859154929577465,0.9014084507042254,0.8732394366197183,0.8169014084507042,0.7746478873239436,0.676056338028169,0.6338028169014085,0.5352112676056338,0.4788732394366197,0.43661971830985913,0.572233756432,0.221719827811,0.0728059913084,-0.0885054724235,-0.184542885567,-0.304477652367,-0.418383795955,-0.385926263534,-0.243485203109,-0.206740076039,0.333333333333,0.333333333333,0.3,0.25,0.3,0.25,0.506900535167,0.013990929565215702,2.467930904679159,0.47351003816,0.0011324011187356373,2.447473079678337,0.485985412854,0.007314542696958379,2.4383052008692334,0.515648629466,0.010073117393037038,2.4178473758684107,0.75454950874,0.0013328225094997011,2.7951797067402353,0.780376811745,0.018720482599582432,2.7918860198227415
