Well/XY,cell_id,total_distance,net_distance,linearity,spearmanrsq,progressivity,max_speed,min_speed,avg_speed,MSD_slope,hurst_RS,nongauss,disp_var,disp_skew,rw_linearity,rw_netdist,rw_kurtosis01,rw_kurtosis02,rw_kurtosis03,rw_kurtosis04,rw_kurtosis05,rw_kurtosis06,rw_kurtosis07,rw_kurtosis08,rw_kurtosis09,rw_kurtosis10,avg_moving_speed01,avg_moving_speed02,avg_moving_speed03,avg_moving_speed04,avg_moving_speed05,avg_moving_speed06,avg_moving_speed07,avg_moving_speed08,avg_moving_speed09,avg_moving_speed10,time_moving01,time_moving02,time_moving03,time_moving04,time_moving05,time_moving06,time_moving07,time_moving08,time_moving09,time_moving10,autocorr_1,autocorr_2,autocorr_3,autocorr_4,autocorr_5,autocorr_6,autocorr_7,autocorr_8,autocorr_9,autocorr_10,p_rturn_9_5,p_rturn_9_6,p_rturn_10_5,p_rturn_10_6,p_rturn_11_5,p_rturn_11_6,mean_theta_9_5,min_theta_9_5,max_theta_9_5,mean_theta_9_6,min_theta_9_6,max_theta_9_6,mean_theta_10_5,min_theta_10_5,max_theta_10_5,mean_theta_10_6,min_theta_10_6,max_theta_10_6,mean_theta_11_5,min_theta_11_5,max_theta_11_5,mean_theta_11_6,min_theta_11_6,max_theta_11_6
WellC02_Seq0019/xy17,0,856.9365128282266,264.70466637367764,0.037691437763,0.0462655416828,0.30889647297213235,36.540113902394985,0.24686838598733557,11.425820171,0.698333748025,0.695575151818,1.16612716308,130.263713075,2.4050006941903104,-0.205401508058,123.837694658,6.405977723315392,9.361533896533306,13.433252774690196,10.81665474965265,7.383391295773931,5.576766267582082,4.122097715156183,2.8226604077620916,2.6367534619527264,1.5680775820252695,6.775625917,7.39310019455,8.02815393849,8.75451895315,10.2074595545,11.5107145729,13.6313477655,16.6976529827,20.9406998141,24.808176983,0.9154929577464789,0.8169014084507042,0.7183098591549296,0.6197183098591549,0.4647887323943662,0.36619718309859156,0.2535211267605634,0.16901408450704225,0.11267605633802817,0.08450704225352113,0.533553253221,0.216284012621,0.033959398803,-0.129427635567,-0.119909794547,-0.102978300963,-0.158623228771,-0.108451657107,-0.0469199520739,-0.109626349849,0.619047619048,0.619047619048,0.6,0.6,0.7,0.7,0.719131938806,0.0003180144172529323,2.4621793196407435,0.736598892433,0.013738553633807509,2.3946482649266616,0.693706681183,0.03705185552493189,2.299803238319962,0.731013879938,0.03750785532507226,2.382476129592501,0.728656852136,0.11637358317126789,2.3283626525353607,0.742750763496,0.07191976317472522,2.4110355438079005
