Well/XY,cell_id,total_distance,net_distance,linearity,spearmanrsq,progressivity,max_speed,min_speed,avg_speed,MSD_slope,hurst_RS,nongauss,disp_var,disp_skew,rw_linearity,rw_netdist,rw_kurtosis01,rw_kurtosis02,rw_kurtosis03,rw_kurtosis04,rw_kurtosis05,rw_kurtosis06,rw_kurtosis07,rw_kurtosis08,rw_kurtosis09,rw_kurtosis10,avg_moving_speed01,avg_moving_speed02,avg_moving_speed03,avg_moving_speed04,avg_moving_speed05,avg_moving_speed06,avg_moving_speed07,avg_moving_speed08,avg_moving_speed09,avg_moving_speed10,time_moving01,time_moving02,time_moving03,time_moving04,time_moving05,time_moving06,time_moving07,time_moving08,time_moving09,time_moving10,autocorr_1,autocorr_2,autocorr_3,autocorr_4,autocorr_5,autocorr_6,autocorr_7,autocorr_8,autocorr_9,autocorr_10,p_rturn_9_5,p_rturn_9_6,p_rturn_10_5,p_rturn_10_6,p_rturn_11_5,p_rturn_11_6,mean_theta_9_5,min_theta_9_5,max_theta_9_5,mean_theta_9_6,min_theta_9_6,max_theta_9_6,mean_theta_10_5,min_theta_10_5,max_theta_10_5,mean_theta_10_6,min_theta_10_6,max_theta_10_6,mean_theta_11_5,min_theta_11_5,max_theta_11_5,mean_theta_11_6,min_theta_11_6,max_theta_11_6
WellC02_Seq0019/xy12,0,598.432226578264,193.32329502675054,0.164758658997,0.0279119876548,0.3230496060216225,13.388751099337105,0.4883605225650359,7.97909635438,1.58589695165,0.742793170147,1.1527809962,59.8518360654,2.3668456256961767,-0.0893815302921,94.9503884308,7.490336341615501,0.21977794782013937,1.6770872484020245,-0.523046733306407,0.104980055400822,-0.49233949739928073,1.1341671031498164,-0.3030007711210536,-0.815062908631651,0.6432425947954306,5.56721481196,6.07488190284,7.7378350251,8.48137271671,8.86571729062,10.0339355027,10.802862224,11.6676129965,12.4676097446,13.4531768656,0.9295774647887324,0.8309859154929577,0.5633802816901409,0.4788732394366197,0.43661971830985913,0.323943661971831,0.2676056338028169,0.2112676056338028,0.16901408450704225,0.1267605633802817,0.139402341728,0.105633111294,0.0933939525346,0.191414204258,0.220709492079,0.103387930133,0.265838553874,0.0933070894713,-0.0431514669433,-0.102328255804,0.333333333333,0.333333333333,0.45,0.45,0.45,0.45,0.699112383115,0.03384413067439749,2.2795183167065463,0.668928521693,0.05107707107657837,2.035933913451114,0.689068933925,0.053706981554014814,1.9109623625373953,0.710523352646,0.05121906042957881,1.9566534215459808,0.695335377404,0.0014223226879669986,2.0087625045857784,0.721334833864,0.046872700084839354,2.0261866018247456
