Well/XY,cell_id,total_distance,net_distance,linearity,spearmanrsq,progressivity,max_speed,min_speed,avg_speed,MSD_slope,hurst_RS,nongauss,disp_var,disp_skew,rw_linearity,rw_netdist,rw_kurtosis01,rw_kurtosis02,rw_kurtosis03,rw_kurtosis04,rw_kurtosis05,rw_kurtosis06,rw_kurtosis07,rw_kurtosis08,rw_kurtosis09,rw_kurtosis10,avg_moving_speed01,avg_moving_speed02,avg_moving_speed03,avg_moving_speed04,avg_moving_speed05,avg_moving_speed06,avg_moving_speed07,avg_moving_speed08,avg_moving_speed09,avg_moving_speed10,time_moving01,time_moving02,time_moving03,time_moving04,time_moving05,time_moving06,time_moving07,time_moving08,time_moving09,time_moving10,autocorr_1,autocorr_2,autocorr_3,autocorr_4,autocorr_5,autocorr_6,autocorr_7,autocorr_8,autocorr_9,autocorr_10,p_rturn_9_5,p_rturn_9_6,p_rturn_10_5,p_rturn_10_6,p_rturn_11_5,p_rturn_11_6,mean_theta_9_5,min_theta_9_5,max_theta_9_5,mean_theta_9_6,min_theta_9_6,max_theta_9_6,mean_theta_10_5,min_theta_10_5,max_theta_10_5,mean_theta_10_6,min_theta_10_6,max_theta_10_6,mean_theta_11_5,min_theta_11_5,max_theta_11_5,mean_theta_11_6,min_theta_11_6,max_theta_11_6
WellD03_Seq0001/xy12,0,2012.411870332038,225.2237156695538,0.324583979776,0.240177362289,0.11191730628799809,53.11256725107531,1.3582341477079498,26.479103557,1.33517813074,0.66501291105,0.292125554256,598.638708959,1.364725385005782,0.0953452209865,-103.373317911,1.0774090253352213,0.8355150319916014,0.6055873299169807,0.30228031615078876,-0.12095653627720848,-1.0695830981215235,-1.0352372711404652,-1.43162489222698,-1.1550928595529082,-1.7306086745829867,18.6866801355,19.4172006259,20.1855035448,21.8584036502,24.1423617291,25.2376441072,26.0087682732,27.2437164637,28.5836894909,30.0493488621,1.0,0.9583333333333334,0.9166666666666666,0.8333333333333334,0.7361111111111112,0.6944444444444444,0.6666666666666666,0.625,0.5833333333333334,0.5416666666666666,0.376334674836,0.248338942326,0.0301998655122,-0.00381136964304,-0.0517092428925,0.0610123890822,-0.163155825464,-0.0687532166263,-0.112787276814,-0.00663619454646,0.52380952381,0.52380952381,0.619047619048,0.619047619048,0.5,0.5,0.901224747717,0.019777711526715473,2.531359160815042,0.827420349987,0.030218907519871784,2.611672641662498,0.828594195513,0.05928342946226991,2.6252556934685,0.921220036074,0.08171185455264238,2.632599762505668,0.724948312005,0.09630395952432691,2.6494338776996567,0.843571413457,0.06773166727540625,2.6567779467368253
