Well/XY,cell_id,total_distance,net_distance,linearity,spearmanrsq,progressivity,max_speed,min_speed,avg_speed,MSD_slope,hurst_RS,nongauss,disp_var,disp_skew,rw_linearity,rw_netdist,rw_kurtosis01,rw_kurtosis02,rw_kurtosis03,rw_kurtosis04,rw_kurtosis05,rw_kurtosis06,rw_kurtosis07,rw_kurtosis08,rw_kurtosis09,rw_kurtosis10,avg_moving_speed01,avg_moving_speed02,avg_moving_speed03,avg_moving_speed04,avg_moving_speed05,avg_moving_speed06,avg_moving_speed07,avg_moving_speed08,avg_moving_speed09,avg_moving_speed10,time_moving01,time_moving02,time_moving03,time_moving04,time_moving05,time_moving06,time_moving07,time_moving08,time_moving09,time_moving10,autocorr_1,autocorr_2,autocorr_3,autocorr_4,autocorr_5,autocorr_6,autocorr_7,autocorr_8,autocorr_9,autocorr_10,p_rturn_9_5,p_rturn_9_6,p_rturn_10_5,p_rturn_10_6,p_rturn_11_5,p_rturn_11_6,mean_theta_9_5,min_theta_9_5,max_theta_9_5,mean_theta_9_6,min_theta_9_6,max_theta_9_6,mean_theta_10_5,min_theta_10_5,max_theta_10_5,mean_theta_10_6,min_theta_10_6,max_theta_10_6,mean_theta_11_5,min_theta_11_5,max_theta_11_5,mean_theta_11_6,min_theta_11_6,max_theta_11_6
WellD03_Seq0001/xy24,0,2517.383057732485,384.26632691402983,0.440196902002,0.495372613619,0.1526451549491856,52.61580994340009,5.308776130145244,33.123461286,1.32614681983,0.595778878466,0.0120542918114,626.213700786,1.1572306584724732,0.200639061365,-26.7850176703,0.538839072486379,-0.21781025611340477,-0.7900800188880592,-0.6239917555016294,-0.7379636437005903,-0.8980719950484524,0.6992178697466414,-0.8976608560774064,-1.668437527610175,-0.15888749261122737,31.3105671564,31.3105671564,31.3105671564,31.7036486805,31.7036486805,31.7036486805,32.0585124602,32.0585124602,32.3973481792,32.3973481792,1.0,1.0,1.0,0.9861111111111112,0.9861111111111112,0.9861111111111112,0.9722222222222222,0.9722222222222222,0.9583333333333334,0.9583333333333334,0.347672130236,-0.0962103745863,-0.220540696948,-0.164781143504,0.0225063563793,0.0481868903246,0.0246386460303,-0.0368955811576,-0.0250942882885,-0.115720096919,0.52380952381,0.571428571429,0.571428571429,0.571428571429,0.55,0.6,0.645988985427,0.0014425393862502885,1.705937586270698,0.619024834236,0.0038568808283640497,1.638570439303897,0.656016104584,0.025354331861794574,1.6977333504817849,0.629051953393,0.02776867330406666,1.5447812261071012,0.730736605314,0.05803270360686242,1.6908339025347667,0.713506257236,0.060447045049138455,1.5061257887030248
