Well/XY,cell_id,total_distance,net_distance,linearity,spearmanrsq,progressivity,max_speed,min_speed,avg_speed,MSD_slope,hurst_RS,nongauss,disp_var,disp_skew,rw_linearity,rw_netdist,rw_kurtosis01,rw_kurtosis02,rw_kurtosis03,rw_kurtosis04,rw_kurtosis05,rw_kurtosis06,rw_kurtosis07,rw_kurtosis08,rw_kurtosis09,rw_kurtosis10,avg_moving_speed01,avg_moving_speed02,avg_moving_speed03,avg_moving_speed04,avg_moving_speed05,avg_moving_speed06,avg_moving_speed07,avg_moving_speed08,avg_moving_speed09,avg_moving_speed10,time_moving01,time_moving02,time_moving03,time_moving04,time_moving05,time_moving06,time_moving07,time_moving08,time_moving09,time_moving10,autocorr_1,autocorr_2,autocorr_3,autocorr_4,autocorr_5,autocorr_6,autocorr_7,autocorr_8,autocorr_9,autocorr_10,p_rturn_9_5,p_rturn_9_6,p_rturn_10_5,p_rturn_10_6,p_rturn_11_5,p_rturn_11_6,mean_theta_9_5,min_theta_9_5,max_theta_9_5,mean_theta_9_6,min_theta_9_6,max_theta_9_6,mean_theta_10_5,min_theta_10_5,max_theta_10_5,mean_theta_10_6,min_theta_10_6,max_theta_10_6,mean_theta_11_5,min_theta_11_5,max_theta_11_5,mean_theta_11_6,min_theta_11_6,max_theta_11_6
WellD03_Seq0001/xy23,0,1865.9286463590638,498.35277665525257,0.503954811219,0.491524924001,0.26708029678823725,29.61488821522039,0.24964775184245802,24.5516927153,0.962199382883,0.790462299003,-0.295691899559,214.786554426,0.47153473689875064,0.277260154005,193.674282602,-0.15429470080086682,-1.0241346786454177,-1.4658361252750784,-1.5357254747457647,-1.4079199164660503,-1.3970195743212737,-0.5334780822543692,-0.7857605412112565,-1.2603624731221108,-1.4553115204753013,16.3258008333,16.9701251316,17.8601905044,18.55237619,20.0621943988,20.3290179934,21.1340282934,21.1340282934,21.1340282934,21.5876928632,1.0,0.9583333333333334,0.9027777777777778,0.8611111111111112,0.7777777777777778,0.7638888888888888,0.7222222222222222,0.7222222222222222,0.7222222222222222,0.6944444444444444,0.0137964576669,0.190892606571,0.200705584481,0.259333132143,0.188540628504,0.0542308629025,0.0567009193398,0.15625412632,0.0115888831573,-0.060934603753,0.52380952381,0.428571428571,0.571428571429,0.47619047619,0.5,0.4,0.616314049521,0.008731358842377105,1.5215859159351262,0.653028368487,0.07982030108926637,1.3259041368738087,0.631794057846,0.038006750052030504,1.3914220391576677,0.641844409718,0.04247530957844764,1.2591780870857392,0.632234109211,0.007070215106438522,1.5017215591789592,0.694488831747,0.026400196838751232,1.4942350147079928
