Well/XY,cell_id,total_distance,net_distance,linearity,spearmanrsq,progressivity,max_speed,min_speed,avg_speed,MSD_slope,hurst_RS,nongauss,disp_var,disp_skew,rw_linearity,rw_netdist,rw_kurtosis01,rw_kurtosis02,rw_kurtosis03,rw_kurtosis04,rw_kurtosis05,rw_kurtosis06,rw_kurtosis07,rw_kurtosis08,rw_kurtosis09,rw_kurtosis10,avg_moving_speed01,avg_moving_speed02,avg_moving_speed03,avg_moving_speed04,avg_moving_speed05,avg_moving_speed06,avg_moving_speed07,avg_moving_speed08,avg_moving_speed09,avg_moving_speed10,time_moving01,time_moving02,time_moving03,time_moving04,time_moving05,time_moving06,time_moving07,time_moving08,time_moving09,time_moving10,autocorr_1,autocorr_2,autocorr_3,autocorr_4,autocorr_5,autocorr_6,autocorr_7,autocorr_8,autocorr_9,autocorr_10,p_rturn_9_5,p_rturn_9_6,p_rturn_10_5,p_rturn_10_6,p_rturn_11_5,p_rturn_11_6,mean_theta_9_5,min_theta_9_5,max_theta_9_5,mean_theta_9_6,min_theta_9_6,max_theta_9_6,mean_theta_10_5,min_theta_10_5,max_theta_10_5,mean_theta_10_6,min_theta_10_6,max_theta_10_6,mean_theta_11_5,min_theta_11_5,max_theta_11_5,mean_theta_11_6,min_theta_11_6,max_theta_11_6
WellD03_Seq0001/xy04,0,101.75488512535081,5.020956084253375,0.112457076385,0.0883109492461,0.049343636701747635,0.9160785992479157,0.028284271247436175,1.33888006744,0.120796380002,0.780992477178,-0.185954041486,0.72338561536,0.853938932206163,-0.132412725404,-11.5941086038,0.2535154419163712,-0.5645424138216253,0.0198147801906563,2.187316064097792,-1.5079493361734404,-1.0142210778652807,-0.859450911034799,-1.3749384862238552,-1.1932288966759177,-0.09114883003005403,0.0,0.0,0.0,0.0,0.0,0.0,0.0,0.0,0.0,0.0,0.0,0.0,0.0,0.0,0.0,0.0,0.0,0.0,0.0,0.0,0.369366848306,0.00118447479501,0.0211054940929,0.207427105793,0.160932121977,0.096871838907,0.107996395243,0.0946192137117,0.00590917238922,-0.0523895593542,0.714285714286,0.666666666667,0.47619047619,0.52380952381,0.45,0.5,0.885359495895,0.09252502944545186,2.0693873335234203,0.865877449603,0.050803704058114414,1.829507915614049,0.746377596658,0.021377088191002175,1.7216481682715514,0.770983666585,0.01220940549011338,1.5218869273521982,0.791349284593,0.0076793148181365355,1.647204206675105,0.755201123525,0.0014883678828337737,1.7349499796623273
