Well/XY,cell_id,total_distance,net_distance,linearity,spearmanrsq,progressivity,max_speed,min_speed,avg_speed,MSD_slope,hurst_RS,nongauss,disp_var,disp_skew,rw_linearity,rw_netdist,rw_kurtosis01,rw_kurtosis02,rw_kurtosis03,rw_kurtosis04,rw_kurtosis05,rw_kurtosis06,rw_kurtosis07,rw_kurtosis08,rw_kurtosis09,rw_kurtosis10,avg_moving_speed01,avg_moving_speed02,avg_moving_speed03,avg_moving_speed04,avg_moving_speed05,avg_moving_speed06,avg_moving_speed07,avg_moving_speed08,avg_moving_speed09,avg_moving_speed10,time_moving01,time_moving02,time_moving03,time_moving04,time_moving05,time_moving06,time_moving07,time_moving08,time_moving09,time_moving10,autocorr_1,autocorr_2,autocorr_3,autocorr_4,autocorr_5,autocorr_6,autocorr_7,autocorr_8,autocorr_9,autocorr_10,p_rturn_9_5,p_rturn_9_6,p_rturn_10_5,p_rturn_10_6,p_rturn_11_5,p_rturn_11_6,mean_theta_9_5,min_theta_9_5,max_theta_9_5,mean_theta_9_6,min_theta_9_6,max_theta_9_6,mean_theta_10_5,min_theta_10_5,max_theta_10_5,mean_theta_10_6,min_theta_10_6,max_theta_10_6,mean_theta_11_5,min_theta_11_5,max_theta_11_5,mean_theta_11_6,min_theta_11_6,max_theta_11_6
WellD03_Seq0001/xy01,0,296.3486728926869,7.58023746329882,0.371701502209,0.344787618191,0.025578779851812457,3.2045817199753417,0.025612496949722303,3.89932464332,0.272578920872,0.762691652139,-0.0185603020691,6.24909996692,1.4317462654769133,0.139265388044,-40.8091088001,2.525788967436972,2.668192001775833,-0.7046650753510044,-0.7657495128157357,-0.06237239282437246,-1.2541845355498473,-0.8053441681803326,0.0644679621018236,-0.7772078700884753,-0.020670156437488263,1.55617205782,2.52484043351,3.13789738519,0.0,0.0,0.0,0.0,0.0,0.0,0.0,0.4305555555555556,0.06944444444444445,0.013888888888888888,0.0,0.0,0.0,0.0,0.0,0.0,0.0,0.279813556822,0.233581640685,0.26612924131,0.0817379957609,-0.0748365421932,0.0365110906469,-0.0822455787092,-0.0910081807922,-0.0607390168917,-0.047006711876,0.666666666667,0.619047619048,0.47619047619,0.380952380952,0.75,0.7,0.931902974117,0.04465119487754534,2.3695047827324944,0.943084295967,0.02372381951279786,2.404452948714716,1.02612050178,0.08097081220774752,2.538733466852098,0.982168657643,0.04751645674064184,2.396980261725163,0.874436958852,0.06764833314141337,2.087106052669109,0.827422564457,0.09623715864077978,2.1532533351520136
