Well/XY,cell_id,total_distance,net_distance,linearity,spearmanrsq,progressivity,max_speed,min_speed,avg_speed,MSD_slope,hurst_RS,nongauss,disp_var,disp_skew,rw_linearity,rw_netdist,rw_kurtosis01,rw_kurtosis02,rw_kurtosis03,rw_kurtosis04,rw_kurtosis05,rw_kurtosis06,rw_kurtosis07,rw_kurtosis08,rw_kurtosis09,rw_kurtosis10,avg_moving_speed01,avg_moving_speed02,avg_moving_speed03,avg_moving_speed04,avg_moving_speed05,avg_moving_speed06,avg_moving_speed07,avg_moving_speed08,avg_moving_speed09,avg_moving_speed10,time_moving01,time_moving02,time_moving03,time_moving04,time_moving05,time_moving06,time_moving07,time_moving08,time_moving09,time_moving10,autocorr_1,autocorr_2,autocorr_3,autocorr_4,autocorr_5,autocorr_6,autocorr_7,autocorr_8,autocorr_9,autocorr_10,p_rturn_9_5,p_rturn_9_6,p_rturn_10_5,p_rturn_10_6,p_rturn_11_5,p_rturn_11_6,mean_theta_9_5,min_theta_9_5,max_theta_9_5,mean_theta_9_6,min_theta_9_6,max_theta_9_6,mean_theta_10_5,min_theta_10_5,max_theta_10_5,mean_theta_10_6,min_theta_10_6,max_theta_10_6,mean_theta_11_5,min_theta_11_5,max_theta_11_5,mean_theta_11_6,min_theta_11_6,max_theta_11_6
WellB11_Seq0009/xy06,0,2004.2840276234936,142.35890031887715,0.028419343254,0.0124775034079,0.0710273086832279,47.43486548942666,0.5289234349128359,26.723787035,1.24291969026,0.569361646502,-0.0215419075422,377.775890998,1.1107019801267586,-0.216153946431,-187.114073703,0.5709738191790823,-0.34107978915986026,0.050040492348689014,0.2693871818715503,0.5177704141522614,-0.19059934863577244,0.559606715611316,0.36317573473304154,-1.4141890348439088,1.064212656246168,16.7842393955,16.7842393955,17.4181706347,18.0702973282,18.7312263185,19.1765994149,19.3901641438,20.2556323727,21.1609756511,21.8931987116,1.0,1.0,0.9577464788732394,0.9154929577464789,0.8732394366197183,0.8450704225352113,0.8309859154929577,0.7746478873239436,0.7183098591549296,0.676056338028169,0.0985751277198,0.135466370095,0.00774651491582,-0.130083387307,-0.185198511102,-0.303752078796,-0.170066416577,-0.127828495085,0.263229878113,-0.0145775622272,0.761904761905,0.666666666667,0.7,0.55,0.65,0.55,0.716340832594,0.009114002616990217,2.066869586798801,0.673974321454,0.017064697463853848,2.048035755888087,0.645209245405,0.002607628595973796,1.9135008582527526,0.653213387722,0.0016995752554353294,1.8946670273420385,0.802465678639,0.07982329561265197,2.613543521733014,0.808193285505,0.004918013578905569,2.6140235918718204
