Well/XY,cell_id,total_distance,net_distance,linearity,spearmanrsq,progressivity,max_speed,min_speed,avg_speed,MSD_slope,hurst_RS,nongauss,disp_var,disp_skew,rw_linearity,rw_netdist,rw_kurtosis01,rw_kurtosis02,rw_kurtosis03,rw_kurtosis04,rw_kurtosis05,rw_kurtosis06,rw_kurtosis07,rw_kurtosis08,rw_kurtosis09,rw_kurtosis10,avg_moving_speed01,avg_moving_speed02,avg_moving_speed03,avg_moving_speed04,avg_moving_speed05,avg_moving_speed06,avg_moving_speed07,avg_moving_speed08,avg_moving_speed09,avg_moving_speed10,time_moving01,time_moving02,time_moving03,time_moving04,time_moving05,time_moving06,time_moving07,time_moving08,time_moving09,time_moving10,autocorr_1,autocorr_2,autocorr_3,autocorr_4,autocorr_5,autocorr_6,autocorr_7,autocorr_8,autocorr_9,autocorr_10,p_rturn_9_5,p_rturn_9_6,p_rturn_10_5,p_rturn_10_6,p_rturn_11_5,p_rturn_11_6,mean_theta_9_5,min_theta_9_5,max_theta_9_5,mean_theta_9_6,min_theta_9_6,max_theta_9_6,mean_theta_10_5,min_theta_10_5,max_theta_10_5,mean_theta_10_6,min_theta_10_6,max_theta_10_6,mean_theta_11_5,min_theta_11_5,max_theta_11_5,mean_theta_11_6,min_theta_11_6,max_theta_11_6
WellB11_Seq0009/xy05,0,865.4519444848451,273.01785527690305,0.742087391564,0.849824372526,0.3154627556350518,14.688018518506842,0.20789420386341123,11.5393592598,1.32591474951,0.689576555149,2.55657261422,180.856960533,3.2084365117428977,0.522915414714,130.751079664,13.563074575680606,14.263861240076295,0.5472626450427036,0.2591458580264767,0.7725396647029847,-0.5133080329520481,-1.5432443371165785,-0.48072924462327116,-1.0053321562972513,-1.0417663780137945,4.8324461563,5.4269129748,6.57443596005,7.9212619338,9.34393158837,9.75816081734,10.4350784172,10.4350784172,11.8329672719,12.1328759173,0.9295774647887324,0.7887323943661971,0.5633802816901409,0.39436619718309857,0.28169014084507044,0.2535211267605634,0.2112676056338028,0.2112676056338028,0.1267605633802817,0.11267605633802817,0.278135339982,0.0404151241238,0.163799034012,0.113556434017,0.164189425599,0.151444504416,-0.124666098549,-0.122266377253,-0.0344405069363,0.0459979797198,0.666666666667,0.714285714286,0.65,0.7,0.7,0.7,0.564293097582,0.023277824967006908,2.3980606784458955,0.605370846608,0.04162755924573932,2.462595281859517,0.597344660029,0.07030235738365259,2.4929283229410966,0.626583731453,0.030526753607183908,2.65709612439584,0.573939548719,0.0044823949298074825,2.3324012774018033,0.646226223847,0.170190797963654,2.496569078856547
