Well/XY,cell_id,total_distance,net_distance,linearity,spearmanrsq,progressivity,max_speed,min_speed,avg_speed,MSD_slope,hurst_RS,nongauss,disp_var,disp_skew,rw_linearity,rw_netdist,rw_kurtosis01,rw_kurtosis02,rw_kurtosis03,rw_kurtosis04,rw_kurtosis05,rw_kurtosis06,rw_kurtosis07,rw_kurtosis08,rw_kurtosis09,rw_kurtosis10,avg_moving_speed01,avg_moving_speed02,avg_moving_speed03,avg_moving_speed04,avg_moving_speed05,avg_moving_speed06,avg_moving_speed07,avg_moving_speed08,avg_moving_speed09,avg_moving_speed10,time_moving01,time_moving02,time_moving03,time_moving04,time_moving05,time_moving06,time_moving07,time_moving08,time_moving09,time_moving10,autocorr_1,autocorr_2,autocorr_3,autocorr_4,autocorr_5,autocorr_6,autocorr_7,autocorr_8,autocorr_9,autocorr_10,p_rturn_9_5,p_rturn_9_6,p_rturn_10_5,p_rturn_10_6,p_rturn_11_5,p_rturn_11_6,mean_theta_9_5,min_theta_9_5,max_theta_9_5,mean_theta_9_6,min_theta_9_6,max_theta_9_6,mean_theta_10_5,min_theta_10_5,max_theta_10_5,mean_theta_10_6,min_theta_10_6,max_theta_10_6,mean_theta_11_5,min_theta_11_5,max_theta_11_5,mean_theta_11_6,min_theta_11_6,max_theta_11_6
WellB11_Seq0009/xy21,0,1030.1229742909704,36.439374308569086,0.825112527786,0.78434173513,0.0353738099411385,11.650978499679745,0.2611972434770362,13.7349729905,0.364812427205,0.749948351303,0.863405085453,180.753972128,2.0663499390651543,0.62873697214,-132.896745358,4.6417751582779685,0.2990583131192408,-0.6095807959948352,2.537889414682268,0.4363968109581533,-1.515180511047913,-0.6708964369435519,-0.8745699326515401,2.153835463749239,-1.4274588237126158,4.11565904221,4.89155892315,5.44720810237,6.19981477351,7.12229559934,9.93307242679,10.4761407415,10.4761407415,10.9571786161,11.37340009,0.9154929577464789,0.704225352112676,0.5774647887323944,0.4225352112676056,0.28169014084507044,0.09859154929577464,0.08450704225352113,0.08450704225352113,0.07042253521126761,0.056338028169014086,0.412506352067,0.193024579858,0.041678981319,0.00717789756764,0.0135946549831,0.0022168212517,0.118937839383,-0.0329446316239,-0.11666051594,-0.135734864982,0.571428571429,0.571428571429,0.65,0.6,0.7,0.7,0.378496910195,0.0023079573983134146,1.1067685685365865,0.303091630903,0.011368852028335149,1.1136733203020914,0.546465852399,0.04595343028241118,2.69635267066983,0.507843172481,0.007831621586229095,2.693327504814439,0.699694346568,0.0022790994451019676,2.6189699711708467,0.642317734388,0.02335137740623875,2.49443591652409
