Well/XY,cell_id,total_distance,net_distance,linearity,spearmanrsq,progressivity,max_speed,min_speed,avg_speed,MSD_slope,hurst_RS,nongauss,disp_var,disp_skew,rw_linearity,rw_netdist,rw_kurtosis01,rw_kurtosis02,rw_kurtosis03,rw_kurtosis04,rw_kurtosis05,rw_kurtosis06,rw_kurtosis07,rw_kurtosis08,rw_kurtosis09,rw_kurtosis10,avg_moving_speed01,avg_moving_speed02,avg_moving_speed03,avg_moving_speed04,avg_moving_speed05,avg_moving_speed06,avg_moving_speed07,avg_moving_speed08,avg_moving_speed09,avg_moving_speed10,time_moving01,time_moving02,time_moving03,time_moving04,time_moving05,time_moving06,time_moving07,time_moving08,time_moving09,time_moving10,autocorr_1,autocorr_2,autocorr_3,autocorr_4,autocorr_5,autocorr_6,autocorr_7,autocorr_8,autocorr_9,autocorr_10,p_rturn_9_5,p_rturn_9_6,p_rturn_10_5,p_rturn_10_6,p_rturn_11_5,p_rturn_11_6,mean_theta_9_5,min_theta_9_5,max_theta_9_5,mean_theta_9_6,min_theta_9_6,max_theta_9_6,mean_theta_10_5,min_theta_10_5,max_theta_10_5,mean_theta_10_6,min_theta_10_6,max_theta_10_6,mean_theta_11_5,min_theta_11_5,max_theta_11_5,mean_theta_11_6,min_theta_11_6,max_theta_11_6
WellB05_Seq0003/xy25,0,1240.1979666079699,20.8609587507382,0.100100199844,0.0557644641641,0.016820668403282755,7.570448863838935,0.35608987629531424,16.5359728881,0.0181240043856,0.763932216274,-0.354433763996,75.3194439742,0.4306295587992313,-0.131335707453,-183.008206898,0.12400669257442631,0.9399917333441321,-0.83135692211623,-0.8327093907414596,-1.1674006555138758,-1.557174131051038,-1.3838155210467784,-1.2051998826444479,-1.0330452123370648,-1.4369306591933708,3.62271851037,4.12018877686,4.80068574557,5.34706473683,6.0065022918,6.55408265579,7.18610189104,0.0,0.0,0.0,0.9014084507042254,0.7183098591549296,0.5070422535211268,0.352112676056338,0.18309859154929578,0.08450704225352113,0.028169014084507043,0.0,0.0,0.0,0.269866844434,0.328228526568,0.329221589871,-0.0226937616932,0.0485717822614,-0.00172125108084,0.0615787713906,-0.147869340372,0.0904320671693,-0.0225618188165,0.571428571429,0.619047619048,0.45,0.4,0.55,0.55,0.723039414096,0.025404577325760742,1.8389279867731672,0.725604044343,0.05327891593823126,1.7563812030271966,0.893089205315,0.26901521328097106,2.1724084866113693,0.888855834495,0.1902935605325642,2.0967630067198044,0.678457090076,0.026816068925686908,1.9845032633405888,0.69139522737,0.06601445411697085,1.9598552529939004
