Well/XY,cell_id,total_distance,net_distance,linearity,spearmanrsq,progressivity,max_speed,min_speed,avg_speed,MSD_slope,hurst_RS,nongauss,disp_var,disp_skew,rw_linearity,rw_netdist,rw_kurtosis01,rw_kurtosis02,rw_kurtosis03,rw_kurtosis04,rw_kurtosis05,rw_kurtosis06,rw_kurtosis07,rw_kurtosis08,rw_kurtosis09,rw_kurtosis10,avg_moving_speed01,avg_moving_speed02,avg_moving_speed03,avg_moving_speed04,avg_moving_speed05,avg_moving_speed06,avg_moving_speed07,avg_moving_speed08,avg_moving_speed09,avg_moving_speed10,time_moving01,time_moving02,time_moving03,time_moving04,time_moving05,time_moving06,time_moving07,time_moving08,time_moving09,time_moving10,autocorr_1,autocorr_2,autocorr_3,autocorr_4,autocorr_5,autocorr_6,autocorr_7,autocorr_8,autocorr_9,autocorr_10,p_rturn_9_5,p_rturn_9_6,p_rturn_10_5,p_rturn_10_6,p_rturn_11_5,p_rturn_11_6,mean_theta_9_5,min_theta_9_5,max_theta_9_5,mean_theta_9_6,min_theta_9_6,max_theta_9_6,mean_theta_10_5,min_theta_10_5,max_theta_10_5,mean_theta_10_6,min_theta_10_6,max_theta_10_6,mean_theta_11_5,min_theta_11_5,max_theta_11_5,mean_theta_11_6,min_theta_11_6,max_theta_11_6
WellB05_Seq0003/xy08,0,1175.0907176389087,384.90788105727313,0.972847184202,0.965013667363,0.3275558859239927,30.824742269806556,0.7302739212103857,15.6678762352,1.34180435143,0.608712845914,0.941035627164,245.577545992,2.075252330024766,0.720415236426,191.741329735,5.224298575488451,4.0899673407720565,0.28131777053920803,0.9733783618763212,-0.5325164659635968,-0.583020602565461,-1.3217937265613595,-1.3948199005867528,-1.2925599915495822,-1.4187994538769422,10.9858341007,11.7293407737,13.0287639006,14.1699700465,15.0304101953,16.1889330463,16.952092615,16.952092615,17.9719596977,18.2314221934,0.971830985915493,0.9014084507042254,0.7887323943661971,0.704225352112676,0.647887323943662,0.5774647887323944,0.5352112676056338,0.5352112676056338,0.4788732394366197,0.4647887323943662,0.253931715914,-0.0797464002369,-0.0441124937853,-0.0998418600352,-0.285694849179,-0.188047918641,0.159469467324,0.151991545721,0.0836872492404,0.0596779737695,0.428571428571,0.47619047619,0.45,0.45,0.4,0.45,0.375996950198,0.010529928004473887,1.8278267964497708,0.371429383727,0.022072192532841938,1.794265589387252,0.387666964307,0.006730158649294319,1.9086491493721944,0.373811174425,0.012227070332794186,1.8750879423096756,0.285169659356,0.019694749977761734,2.242367718445735,0.280295270405,0.01918452899478821,2.2430760352386554
