Well/XY,cell_id,total_distance,net_distance,linearity,spearmanrsq,progressivity,max_speed,min_speed,avg_speed,MSD_slope,hurst_RS,nongauss,disp_var,disp_skew,rw_linearity,rw_netdist,rw_kurtosis01,rw_kurtosis02,rw_kurtosis03,rw_kurtosis04,rw_kurtosis05,rw_kurtosis06,rw_kurtosis07,rw_kurtosis08,rw_kurtosis09,rw_kurtosis10,avg_moving_speed01,avg_moving_speed02,avg_moving_speed03,avg_moving_speed04,avg_moving_speed05,avg_moving_speed06,avg_moving_speed07,avg_moving_speed08,avg_moving_speed09,avg_moving_speed10,time_moving01,time_moving02,time_moving03,time_moving04,time_moving05,time_moving06,time_moving07,time_moving08,time_moving09,time_moving10,autocorr_1,autocorr_2,autocorr_3,autocorr_4,autocorr_5,autocorr_6,autocorr_7,autocorr_8,autocorr_9,autocorr_10,p_rturn_9_5,p_rturn_9_6,p_rturn_10_5,p_rturn_10_6,p_rturn_11_5,p_rturn_11_6,mean_theta_9_5,min_theta_9_5,max_theta_9_5,mean_theta_9_6,min_theta_9_6,max_theta_9_6,mean_theta_10_5,min_theta_10_5,max_theta_10_5,mean_theta_10_6,min_theta_10_6,max_theta_10_6,mean_theta_11_5,min_theta_11_5,max_theta_11_5,mean_theta_11_6,min_theta_11_6,max_theta_11_6
WellC07_Seq0014/xy08,0,53.50173444186279,1.1166467659918564,0.00034131308778,0.00228860577973,0.02087122553391706,0.5727128425310414,0.02400000000000091,0.862931200675,0.248752325581,0.592478687507,0.120720982957,0.362562779203,1.598933547158091,-0.234633820473,-8.56973193786,2.8112298624831276,2.276132478784368,0.80787520206608,0.021507906122535392,0.7575675849825325,-0.8148439561086169,-1.4747008591986646,-0.8029607545057531,-1.7387291798215114,-1.538323399415841,0.0,0.0,0.0,0.0,0.0,0.0,0.0,0.0,0.0,0.0,0.0,0.0,0.0,0.0,0.0,0.0,0.0,0.0,0.0,0.0,0.160333466394,-0.105494036418,-0.0723076576758,-0.00740383482652,0.0375468926653,-0.0690343031133,-0.137056683806,-0.0828776358205,0.0215142675502,0.0602116655204,0.375,0.375,0.4375,0.5625,0.375,0.3125,0.562639785024,0.01737434617275629,1.2047835685094415,0.581350375837,0.003756048383310143,1.1650087883488012,0.671056813325,0.0144690068119733,1.5389853476572766,0.662005617617,0.03163769307646962,1.5455603670878821,0.633205865428,0.102529639192432,1.7880493504928925,0.593829077914,0.030946596555769132,1.720253145672422
