Well/XY,cell_id,total_distance,net_distance,linearity,spearmanrsq,progressivity,max_speed,min_speed,avg_speed,MSD_slope,hurst_RS,nongauss,disp_var,disp_skew,rw_linearity,rw_netdist,rw_kurtosis01,rw_kurtosis02,rw_kurtosis03,rw_kurtosis04,rw_kurtosis05,rw_kurtosis06,rw_kurtosis07,rw_kurtosis08,rw_kurtosis09,rw_kurtosis10,avg_moving_speed01,avg_moving_speed02,avg_moving_speed03,avg_moving_speed04,avg_moving_speed05,avg_moving_speed06,avg_moving_speed07,avg_moving_speed08,avg_moving_speed09,avg_moving_speed10,time_moving01,time_moving02,time_moving03,time_moving04,time_moving05,time_moving06,time_moving07,time_moving08,time_moving09,time_moving10,autocorr_1,autocorr_2,autocorr_3,autocorr_4,autocorr_5,autocorr_6,autocorr_7,autocorr_8,autocorr_9,autocorr_10,p_rturn_9_5,p_rturn_9_6,p_rturn_10_5,p_rturn_10_6,p_rturn_11_5,p_rturn_11_6,mean_theta_9_5,min_theta_9_5,max_theta_9_5,mean_theta_9_6,min_theta_9_6,max_theta_9_6,mean_theta_10_5,min_theta_10_5,max_theta_10_5,mean_theta_10_6,min_theta_10_6,max_theta_10_6,mean_theta_11_5,min_theta_11_5,max_theta_11_5,mean_theta_11_6,min_theta_11_6,max_theta_11_6
WellC07_Seq0014/xy01,0,433.12056949881134,35.31713465161064,0.0221025089439,0.0180267870727,0.08154111612034062,7.988016024019993,0.3883297567789642,6.98581563708,0.842308215018,0.659186261044,-0.433399114173,13.5182945276,-0.06340610610693012,-0.234483132848,-43.0984513917,-0.860344168631944,-0.9869149789133704,-0.8497444723736369,-1.247500220745733,-1.3218780438052127,-1.4524065556658992,-0.4866835101528566,0.04692956769583079,-0.7684733350802433,-0.01976704669306395,5.14020739789,5.74687247456,5.96958999781,6.44820100196,6.84690568878,7.29333368154,7.9603025131,8.6141798463,0.0,0.0,0.9482758620689655,0.8103448275862069,0.7586206896551724,0.6379310344827587,0.5344827586206896,0.39655172413793105,0.22413793103448276,0.1206896551724138,0.0,0.0,0.258654158742,0.048885931109,-0.133959796145,-0.0653518581207,-0.248702621307,0.00772323760741,-0.0889558997438,0.032736734031,0.0191569477109,0.36556115222,0.3125,0.375,0.25,0.25,0.25,0.25,0.557626590233,0.01111235770255278,1.2111087816198736,0.539947877814,0.02864770982100607,1.3912170245801496,0.713070742594,0.03267892754807331,1.8932661910180952,0.700570863568,0.019653354610662265,1.9465558827014209,0.698361608834,0.0006481294850346873,1.6593800669181193,0.711124064023,0.007889555803789531,1.8038531978097727
