Well/XY,cell_id,total_distance,net_distance,linearity,spearmanrsq,progressivity,max_speed,min_speed,avg_speed,MSD_slope,hurst_RS,nongauss,disp_var,disp_skew,rw_linearity,rw_netdist,rw_kurtosis01,rw_kurtosis02,rw_kurtosis03,rw_kurtosis04,rw_kurtosis05,rw_kurtosis06,rw_kurtosis07,rw_kurtosis08,rw_kurtosis09,rw_kurtosis10,avg_moving_speed01,avg_moving_speed02,avg_moving_speed03,avg_moving_speed04,avg_moving_speed05,avg_moving_speed06,avg_moving_speed07,avg_moving_speed08,avg_moving_speed09,avg_moving_speed10,time_moving01,time_moving02,time_moving03,time_moving04,time_moving05,time_moving06,time_moving07,time_moving08,time_moving09,time_moving10,autocorr_1,autocorr_2,autocorr_3,autocorr_4,autocorr_5,autocorr_6,autocorr_7,autocorr_8,autocorr_9,autocorr_10,p_rturn_9_5,p_rturn_9_6,p_rturn_10_5,p_rturn_10_6,p_rturn_11_5,p_rturn_11_6,mean_theta_9_5,min_theta_9_5,max_theta_9_5,mean_theta_9_6,min_theta_9_6,max_theta_9_6,mean_theta_10_5,min_theta_10_5,max_theta_10_5,mean_theta_10_6,min_theta_10_6,max_theta_10_6,mean_theta_11_5,min_theta_11_5,max_theta_11_5,mean_theta_11_6,min_theta_11_6,max_theta_11_6
WellC07_Seq0014/xy18,0,304.3915692796508,13.636715146984765,0.304443964649,0.329650120246,0.0447999107835225,10.490757837258428,0.1414213562373095,4.90954143999,0.771875849053,0.879224562786,0.114419770577,12.2190837312,1.5353851880004377,0.0610125799734,-41.4727508369,2.562697015010065,3.205449565671131,1.3847148220677328,2.1685708831330466,-1.2294828693698308,1.6065337404195121,-0.1739969861579178,0.2776251525114395,-1.26274693548593,-1.4754347251823139,3.95897642484,5.32679074287,6.76409644196,7.53254192791,8.1500578697,8.56070659728,9.15989761197,10.4304123639,11.5957470466,12.2154178736,0.8793103448275862,0.5689655172413793,0.3793103448275862,0.3103448275862069,0.25862068965517243,0.22413793103448276,0.1724137931034483,0.10344827586206896,0.06896551724137931,0.05172413793103448,0.563450413984,0.281747638396,0.195822848574,0.246319662201,0.0128730358124,-0.049551614819,0.033883886692,0.0789981503565,0.127111437013,0.308373237702,0.5,0.4375,0.5,0.5,0.625,0.625,0.521719691808,0.032448529921046805,1.5332401404192573,0.52476952339,0.008387043277789028,1.5887187749427845,0.529315127745,0.01017490029374365,1.4773475941525456,0.544427532133,0.018413623501116378,1.6156009753339706,0.617479286333,0.06715361521020942,2.044948863571798,0.632593516287,0.017115386007180333,1.8879551606914333
