Well/XY,cell_id,total_distance,net_distance,linearity,spearmanrsq,progressivity,max_speed,min_speed,avg_speed,MSD_slope,hurst_RS,nongauss,disp_var,disp_skew,rw_linearity,rw_netdist,rw_kurtosis01,rw_kurtosis02,rw_kurtosis03,rw_kurtosis04,rw_kurtosis05,rw_kurtosis06,rw_kurtosis07,rw_kurtosis08,rw_kurtosis09,rw_kurtosis10,avg_moving_speed01,avg_moving_speed02,avg_moving_speed03,avg_moving_speed04,avg_moving_speed05,avg_moving_speed06,avg_moving_speed07,avg_moving_speed08,avg_moving_speed09,avg_moving_speed10,time_moving01,time_moving02,time_moving03,time_moving04,time_moving05,time_moving06,time_moving07,time_moving08,time_moving09,time_moving10,autocorr_1,autocorr_2,autocorr_3,autocorr_4,autocorr_5,autocorr_6,autocorr_7,autocorr_8,autocorr_9,autocorr_10,p_rturn_9_5,p_rturn_9_6,p_rturn_10_5,p_rturn_10_6,p_rturn_11_5,p_rturn_11_6,mean_theta_9_5,min_theta_9_5,max_theta_9_5,mean_theta_9_6,min_theta_9_6,max_theta_9_6,mean_theta_10_5,min_theta_10_5,max_theta_10_5,mean_theta_10_6,min_theta_10_6,max_theta_10_6,mean_theta_11_5,min_theta_11_5,max_theta_11_5,mean_theta_11_6,min_theta_11_6,max_theta_11_6
WellC07_Seq0014/xy19,0,455.2835456475153,361.1728706589131,0.943914737254,0.98832154751,0.7932921672915815,18.886206606939357,0.45596929721199864,7.34328299431,1.82624889838,0.941013185267,0.304745459603,37.2384848204,1.4744486511541333,0.699172633198,278.744723482,2.8043426531494875,2.4221605628104976,2.135141484280944,1.4446588528421085,1.0136780195907464,-0.5173943769844969,-0.45286960447173197,-0.7076640684496986,-1.5917581107449037,-1.2596672418315886,7.65421071183,9.81450632426,10.227931491,10.6100582212,10.6100582212,10.9151229303,11.5351192805,12.010042519,13.146002004,14.026093023,0.8793103448275862,0.6551724137931034,0.6206896551724138,0.5862068965517241,0.5862068965517241,0.5517241379310345,0.4827586206896552,0.43103448275862066,0.3275862068965517,0.25862068965517243,0.887787054772,0.718179294486,0.504522693923,0.304660454107,0.177036352851,0.118083873378,0.103638232186,0.145848644325,0.17239915659,0.203053343971,0.375,0.375,0.3125,0.375,0.375,0.3125,0.24050387417,0.0072197701318268736,0.9132350473593083,0.217200800144,0.006032470199029631,0.8534690677997024,0.257638365349,0.03803042559862529,0.8825917343443715,0.229100450105,0.007020692982624647,0.795902888471257,0.393104072896,0.009709153564030066,2.408494765846988,0.371679451605,0.01992973755713507,2.421555849580687
