Well/XY,cell_id,total_distance,net_distance,linearity,spearmanrsq,progressivity,max_speed,min_speed,avg_speed,MSD_slope,hurst_RS,nongauss,disp_var,disp_skew,rw_linearity,rw_netdist,rw_kurtosis01,rw_kurtosis02,rw_kurtosis03,rw_kurtosis04,rw_kurtosis05,rw_kurtosis06,rw_kurtosis07,rw_kurtosis08,rw_kurtosis09,rw_kurtosis10,avg_moving_speed01,avg_moving_speed02,avg_moving_speed03,avg_moving_speed04,avg_moving_speed05,avg_moving_speed06,avg_moving_speed07,avg_moving_speed08,avg_moving_speed09,avg_moving_speed10,time_moving01,time_moving02,time_moving03,time_moving04,time_moving05,time_moving06,time_moving07,time_moving08,time_moving09,time_moving10,autocorr_1,autocorr_2,autocorr_3,autocorr_4,autocorr_5,autocorr_6,autocorr_7,autocorr_8,autocorr_9,autocorr_10,p_rturn_9_5,p_rturn_9_6,p_rturn_10_5,p_rturn_10_6,p_rturn_11_5,p_rturn_11_6,mean_theta_9_5,min_theta_9_5,max_theta_9_5,mean_theta_9_6,min_theta_9_6,max_theta_9_6,mean_theta_10_5,min_theta_10_5,max_theta_10_5,mean_theta_10_6,min_theta_10_6,max_theta_10_6,mean_theta_11_5,min_theta_11_5,max_theta_11_5,mean_theta_11_6,min_theta_11_6,max_theta_11_6
WellB10_Seq0008/xy04,0,681.0929514177202,94.99963157823281,0.0523104170721,0.00920503073348,0.1394811550765392,12.233233423751894,0.2668332812825601,9.08123935224,0.830440165617,0.779281243411,0.621796265224,55.3487310317,2.0587926155339846,-0.179588493248,-16.9614064762,6.372321935772019,3.3220887119780382,1.0268190772506651,0.8288222429557703,-0.25042508791521456,-0.6926441181714806,0.022494312057594446,-1.003268191148462,-0.15984176729313937,-1.2198209512829914,5.09559193281,5.64741114154,6.51229257104,7.78419032618,8.15638710717,9.19325141616,10.1695344102,10.925714329,11.5404628597,11.8521333444,0.8450704225352113,0.7323943661971831,0.5774647887323944,0.4084507042253521,0.36619718309859156,0.2676056338028169,0.19718309859154928,0.15492957746478872,0.1267605633802817,0.11267605633802817,0.389334192174,0.279880481643,0.152035888633,-0.00531325782148,-0.0378143617362,0.019962341554,0.08488270704,-0.00538708849832,0.263713332578,0.404615595291,0.55,0.5,0.3,0.3,0.35,0.35,0.938850959005,0.006245802230957977,2.371170200638059,0.981996538136,0.016978931655004335,2.4299538435764223,1.05572851369,0.032220237471120294,2.2477580948985745,1.11786581213,0.07746885847321591,2.40285655136461,1.25774791405,0.0871850019278329,2.3954889591593775,1.3672555639,0.07369982114844717,2.4542726020977406
