Well/XY,cell_id,total_distance,net_distance,linearity,spearmanrsq,progressivity,max_speed,min_speed,avg_speed,MSD_slope,hurst_RS,nongauss,disp_var,disp_skew,rw_linearity,rw_netdist,rw_kurtosis01,rw_kurtosis02,rw_kurtosis03,rw_kurtosis04,rw_kurtosis05,rw_kurtosis06,rw_kurtosis07,rw_kurtosis08,rw_kurtosis09,rw_kurtosis10,avg_moving_speed01,avg_moving_speed02,avg_moving_speed03,avg_moving_speed04,avg_moving_speed05,avg_moving_speed06,avg_moving_speed07,avg_moving_speed08,avg_moving_speed09,avg_moving_speed10,time_moving01,time_moving02,time_moving03,time_moving04,time_moving05,time_moving06,time_moving07,time_moving08,time_moving09,time_moving10,autocorr_1,autocorr_2,autocorr_3,autocorr_4,autocorr_5,autocorr_6,autocorr_7,autocorr_8,autocorr_9,autocorr_10,p_rturn_9_5,p_rturn_9_6,p_rturn_10_5,p_rturn_10_6,p_rturn_11_5,p_rturn_11_6,mean_theta_9_5,min_theta_9_5,max_theta_9_5,mean_theta_9_6,min_theta_9_6,max_theta_9_6,mean_theta_10_5,min_theta_10_5,max_theta_10_5,mean_theta_10_6,min_theta_10_6,max_theta_10_6,mean_theta_11_5,min_theta_11_5,max_theta_11_5,mean_theta_11_6,min_theta_11_6,max_theta_11_6
WellB03_Seq0001/xy23,0,369.76569767172447,206.4381137290302,0.737131178332,0.236319569153,0.558294387578116,14.326234676285333,0.23436723320465833,5.96396286567,1.68786633154,0.910903281528,0.241971653692,27.5209585109,1.3853555682747252,0.489620667914,139.492796597,1.0331109042078266,0.8557555919446638,0.2646392259172452,-0.19391028280015066,-0.8953155597225995,-0.2465943529218526,0.5986316940778704,-1.2781943764248802,0.5904082255266503,-1.6831840403962859,5.90819868774,6.83888984596,7.28542227324,8.10729382825,9.48069624709,12.0578222256,12.0578222256,12.8236853083,13.214995926,13.5370078899,0.896551724137931,0.7413793103448276,0.6724137931034483,0.5517241379310345,0.39655172413793105,0.2413793103448276,0.2413793103448276,0.20689655172413793,0.1896551724137931,0.1724137931034483,0.831546428783,0.692973604923,0.527397479294,0.35280855076,0.194529732668,0.0970784020825,-0.0147772208074,-0.1049879913,-0.105829629433,-0.141885516209,0.4375,0.4375,0.4375,0.4375,0.4375,0.5,0.959232231112,0.07209866116665967,2.987684107208743,0.972219268227,0.010421375692615571,3.0035979228421477,1.34300826442,0.08538206278307194,3.001498531911694,1.35172709831,0.011463168800581673,3.0174123475450974,1.36586627235,0.08396056537159742,2.9695501260087136,1.37683223481,0.017977028560872438,2.9854639416421165
