Well/XY,cell_id,total_distance,net_distance,linearity,spearmanrsq,progressivity,max_speed,min_speed,avg_speed,MSD_slope,hurst_RS,nongauss,disp_var,disp_skew,rw_linearity,rw_netdist,rw_kurtosis01,rw_kurtosis02,rw_kurtosis03,rw_kurtosis04,rw_kurtosis05,rw_kurtosis06,rw_kurtosis07,rw_kurtosis08,rw_kurtosis09,rw_kurtosis10,avg_moving_speed01,avg_moving_speed02,avg_moving_speed03,avg_moving_speed04,avg_moving_speed05,avg_moving_speed06,avg_moving_speed07,avg_moving_speed08,avg_moving_speed09,avg_moving_speed10,time_moving01,time_moving02,time_moving03,time_moving04,time_moving05,time_moving06,time_moving07,time_moving08,time_moving09,time_moving10,autocorr_1,autocorr_2,autocorr_3,autocorr_4,autocorr_5,autocorr_6,autocorr_7,autocorr_8,autocorr_9,autocorr_10,p_rturn_9_5,p_rturn_9_6,p_rturn_10_5,p_rturn_10_6,p_rturn_11_5,p_rturn_11_6,mean_theta_9_5,min_theta_9_5,max_theta_9_5,mean_theta_9_6,min_theta_9_6,max_theta_9_6,mean_theta_10_5,min_theta_10_5,max_theta_10_5,mean_theta_10_6,min_theta_10_6,max_theta_10_6,mean_theta_11_5,min_theta_11_5,max_theta_11_5,mean_theta_11_6,min_theta_11_6,max_theta_11_6
WellB03_Seq0001/xy17,0,72.52525942630483,3.167349049283948,0.0327141932677,0.0344019685325,0.04367235738746153,0.7463618425402138,0.037363083384526735,1.16976224881,0.452261038784,0.679632557589,-0.296397281735,0.390490823282,0.7182819267656493,-0.200918311562,-9.96319962782,1.0604330119777048,-0.17716542383186118,-0.5649821519357983,-0.44630773325665407,-0.7625427954725241,-1.4490149184507362,-0.27401901807167306,-0.6004287177724827,-1.2855706000047071,-0.5645748209307384,0.0,0.0,0.0,0.0,0.0,0.0,0.0,0.0,0.0,0.0,0.0,0.0,0.0,0.0,0.0,0.0,0.0,0.0,0.0,0.0,0.0591349242206,-0.0769645235886,0.0423421428553,-0.0332299040337,-0.0451065152219,0.0769764446666,0.134255202495,0.133959640804,-0.0798776395599,-0.163207193721,0.625,0.625,0.625,0.625,0.375,0.375,0.6997380288,0.006485472421205619,1.3236460838573256,0.681191804245,0.005624827044417223,1.2348216715986045,1.02498226664,0.1498880188612013,1.8183957101077275,1.00821702726,0.10598592881828321,1.7697080607928288,0.724341086637,0.04612802032420401,1.818514123369494,0.693340484202,0.003876731779638097,1.7698264740545953
