Well/XY,cell_id,total_distance,net_distance,linearity,spearmanrsq,progressivity,max_speed,min_speed,avg_speed,MSD_slope,hurst_RS,nongauss,disp_var,disp_skew,rw_linearity,rw_netdist,rw_kurtosis01,rw_kurtosis02,rw_kurtosis03,rw_kurtosis04,rw_kurtosis05,rw_kurtosis06,rw_kurtosis07,rw_kurtosis08,rw_kurtosis09,rw_kurtosis10,avg_moving_speed01,avg_moving_speed02,avg_moving_speed03,avg_moving_speed04,avg_moving_speed05,avg_moving_speed06,avg_moving_speed07,avg_moving_speed08,avg_moving_speed09,avg_moving_speed10,time_moving01,time_moving02,time_moving03,time_moving04,time_moving05,time_moving06,time_moving07,time_moving08,time_moving09,time_moving10,autocorr_1,autocorr_2,autocorr_3,autocorr_4,autocorr_5,autocorr_6,autocorr_7,autocorr_8,autocorr_9,autocorr_10,p_rturn_9_5,p_rturn_9_6,p_rturn_10_5,p_rturn_10_6,p_rturn_11_5,p_rturn_11_6,mean_theta_9_5,min_theta_9_5,max_theta_9_5,mean_theta_9_6,min_theta_9_6,max_theta_9_6,mean_theta_10_5,min_theta_10_5,max_theta_10_5,mean_theta_10_6,min_theta_10_6,max_theta_10_6,mean_theta_11_5,min_theta_11_5,max_theta_11_5,mean_theta_11_6,min_theta_11_6,max_theta_11_6
WellB03_Seq0001/xy10,0,102.77295664525285,3.0742316113136834,0.238074896252,0.241683435263,0.029912845865913737,0.7988016024019674,0.02690724809415675,1.65762833299,0.275459952347,0.737766078939,-0.266169608296,1.066307246,0.6057237747420395,-0.00617035015085,-15.5326002786,-0.767299655088971,-0.016557141940624742,-0.106600622351539,-1.1688124079012974,0.9538896428957515,-1.5206025590767804,-0.720328918244098,-1.3107584916162653,-0.768050219977118,-1.4968175962960226,0.0,0.0,0.0,0.0,0.0,0.0,0.0,0.0,0.0,0.0,0.0,0.0,0.0,0.0,0.0,0.0,0.0,0.0,0.0,0.0,0.230515983846,0.0540794654766,0.0329998592491,-0.109957438525,0.134701549657,0.0697536572636,0.226936801532,0.220500263264,-0.00104109315379,0.255782541982,0.25,0.3125,0.375,0.4375,0.375,0.375,0.420838453186,0.03018980331655386,1.7263619559823473,0.419464350183,0.0007217570722716833,1.6223159734803303,0.568477120492,0.03418847522518079,2.0754264420142934,0.559915385885,0.017790503093446805,1.9713804595122764,0.921387188402,0.11094124133923605,2.0593457732080664,0.918978731556,0.0570890704858714,2.0570033633037355
