Well/XY,cell_id,total_distance,net_distance,linearity,spearmanrsq,progressivity,max_speed,min_speed,avg_speed,MSD_slope,hurst_RS,nongauss,disp_var,disp_skew,rw_linearity,rw_netdist,rw_kurtosis01,rw_kurtosis02,rw_kurtosis03,rw_kurtosis04,rw_kurtosis05,rw_kurtosis06,rw_kurtosis07,rw_kurtosis08,rw_kurtosis09,rw_kurtosis10,avg_moving_speed01,avg_moving_speed02,avg_moving_speed03,avg_moving_speed04,avg_moving_speed05,avg_moving_speed06,avg_moving_speed07,avg_moving_speed08,avg_moving_speed09,avg_moving_speed10,time_moving01,time_moving02,time_moving03,time_moving04,time_moving05,time_moving06,time_moving07,time_moving08,time_moving09,time_moving10,autocorr_1,autocorr_2,autocorr_3,autocorr_4,autocorr_5,autocorr_6,autocorr_7,autocorr_8,autocorr_9,autocorr_10,p_rturn_9_5,p_rturn_9_6,p_rturn_10_5,p_rturn_10_6,p_rturn_11_5,p_rturn_11_6,mean_theta_9_5,min_theta_9_5,max_theta_9_5,mean_theta_9_6,min_theta_9_6,max_theta_9_6,mean_theta_10_5,min_theta_10_5,max_theta_10_5,mean_theta_10_6,min_theta_10_6,max_theta_10_6,mean_theta_11_5,min_theta_11_5,max_theta_11_5,mean_theta_11_6,min_theta_11_6,max_theta_11_6
WellB03_Seq0001/xy22,0,79.93703743173187,5.0189739987371045,0.0553965120242,0.0753445208393,0.06278659004624018,0.8444288010246884,0.046690470119717345,1.28930705535,0.660317611613,0.578608026939,0.385608006761,0.971185085183,1.8566630159649038,-0.193935721617,-9.45346180368,4.367197684726111,0.2807768287787895,2.441628628303638,0.7833580939262834,-1.034147563357821,-0.8818322583435099,-0.7792737327741737,-1.4397870196812632,-0.31676851439226983,-0.4051963228262827,0.0,0.0,0.0,0.0,0.0,0.0,0.0,0.0,0.0,0.0,0.0,0.0,0.0,0.0,0.0,0.0,0.0,0.0,0.0,0.0,0.263568288838,-0.126716553234,-0.0824517040256,0.194925912536,0.0348442434594,-0.244326681302,-0.314566716461,-0.104619005902,-0.149991528033,-0.11056837634,0.5625,0.5625,0.6875,0.75,0.666666666667,0.666666666667,0.611045957233,0.009775067814874068,1.588471010919901,0.680230472502,0.017127538131062575,1.7089443037261896,0.615186406274,0.0792295364271517,1.5482720175753082,0.645140902118,0.003924044241868425,1.8179917717119054,0.408568499691,0.08288166544389221,1.0491706172480622,0.440008500835,0.1103120011095743,1.0048238935132559
