Well/XY,cell_id,total_distance,net_distance,linearity,spearmanrsq,progressivity,max_speed,min_speed,avg_speed,MSD_slope,hurst_RS,nongauss,disp_var,disp_skew,rw_linearity,rw_netdist,rw_kurtosis01,rw_kurtosis02,rw_kurtosis03,rw_kurtosis04,rw_kurtosis05,rw_kurtosis06,rw_kurtosis07,rw_kurtosis08,rw_kurtosis09,rw_kurtosis10,avg_moving_speed01,avg_moving_speed02,avg_moving_speed03,avg_moving_speed04,avg_moving_speed05,avg_moving_speed06,avg_moving_speed07,avg_moving_speed08,avg_moving_speed09,avg_moving_speed10,time_moving01,time_moving02,time_moving03,time_moving04,time_moving05,time_moving06,time_moving07,time_moving08,time_moving09,time_moving10,autocorr_1,autocorr_2,autocorr_3,autocorr_4,autocorr_5,autocorr_6,autocorr_7,autocorr_8,autocorr_9,autocorr_10,p_rturn_9_5,p_rturn_9_6,p_rturn_10_5,p_rturn_10_6,p_rturn_11_5,p_rturn_11_6,mean_theta_9_5,min_theta_9_5,max_theta_9_5,mean_theta_9_6,min_theta_9_6,max_theta_9_6,mean_theta_10_5,min_theta_10_5,max_theta_10_5,mean_theta_10_6,min_theta_10_6,max_theta_10_6,mean_theta_11_5,min_theta_11_5,max_theta_11_5,mean_theta_11_6,min_theta_11_6,max_theta_11_6
WellB03_Seq0001/xy08,0,147.99400190807202,28.078653974149123,0.0484303302573,0.00397360910784,0.18972832420323674,2.9440732599580506,0.08091081509909145,2.38700003078,0.647509344537,0.603284524025,0.088379600731,2.4426249845,1.5633028039348658,-0.197405119067,1.28464508201,3.607467165765911,-0.18713782833739367,-0.5801106034971761,-0.7140646376310245,-0.3045548394087696,-1.0093502896446145,-0.4109930764321952,-0.7089546412688348,-1.2307828314800195,-0.44738255046492403,1.68788808633,2.39966713429,3.07061104017,0.0,0.0,0.0,0.0,0.0,0.0,0.0,0.6551724137931034,0.1896551724137931,0.017241379310344827,0.0,0.0,0.0,0.0,0.0,0.0,0.0,0.119447397542,-0.198577507286,0.113056466351,-0.0528242527524,0.0790527168209,0.166201611004,0.0189513335019,-0.0110573016855,-0.0380747224848,-0.160927541735,0.3125,0.375,0.5,0.5,0.4375,0.5625,0.833990245175,0.020858477950875743,2.004770515077695,0.80378749488,0.014311075697705681,1.981704509885423,0.681963100557,0.0074398387524088234,2.0200957542078166,0.710582165717,0.05029815374467916,1.9499172113625425,0.656632612212,0.00993482199359324,1.987404043265834,0.660768422062,0.020932089901960955,1.9172255004205596
