Well/XY,cell_id,total_distance,net_distance,linearity,spearmanrsq,progressivity,max_speed,min_speed,avg_speed,MSD_slope,hurst_RS,nongauss,disp_var,disp_skew,rw_linearity,rw_netdist,rw_kurtosis01,rw_kurtosis02,rw_kurtosis03,rw_kurtosis04,rw_kurtosis05,rw_kurtosis06,rw_kurtosis07,rw_kurtosis08,rw_kurtosis09,rw_kurtosis10,avg_moving_speed01,avg_moving_speed02,avg_moving_speed03,avg_moving_speed04,avg_moving_speed05,avg_moving_speed06,avg_moving_speed07,avg_moving_speed08,avg_moving_speed09,avg_moving_speed10,time_moving01,time_moving02,time_moving03,time_moving04,time_moving05,time_moving06,time_moving07,time_moving08,time_moving09,time_moving10,autocorr_1,autocorr_2,autocorr_3,autocorr_4,autocorr_5,autocorr_6,autocorr_7,autocorr_8,autocorr_9,autocorr_10,p_rturn_9_5,p_rturn_9_6,p_rturn_10_5,p_rturn_10_6,p_rturn_11_5,p_rturn_11_6,mean_theta_9_5,min_theta_9_5,max_theta_9_5,mean_theta_9_6,min_theta_9_6,max_theta_9_6,mean_theta_10_5,min_theta_10_5,max_theta_10_5,mean_theta_10_6,min_theta_10_6,max_theta_10_6,mean_theta_11_5,min_theta_11_5,max_theta_11_5,mean_theta_11_6,min_theta_11_6,max_theta_11_6
WellB03_Seq0001/xy11,0,139.0444746657609,11.029052543169787,0.0447959806355,0.0372169441539,0.07932032229027251,2.26874414599792,0.0632455532033532,2.24265281719,0.406581912411,0.645075772948,0.134668607421,2.57555784606,1.5576523243059694,-0.206803855206,-14.1446628951,2.4536613931674607,-0.26934880632282754,3.0748620087038336,1.1704886732976316,1.6763516565055943,-0.3499370753923392,-1.4568317671798254,-1.6526349455196714,0.5079986015608684,-1.0754107859077848,1.3216584534,2.07624661348,0.0,0.0,0.0,0.0,0.0,0.0,0.0,0.0,0.20689655172413793,0.017241379310344827,0.0,0.0,0.0,0.0,0.0,0.0,0.0,0.0,-0.0603269230599,0.232879222734,-0.081806697355,0.128118312303,-0.139714094807,-0.0289378057338,-0.208460079232,-0.0792977350869,-0.168275347962,0.0870188191225,0.375,0.4375,0.3125,0.375,0.3125,0.375,1.44247089384,0.07172426167695785,2.758955900492858,1.13523038103,0.03726515018316822,2.7801570652555485,1.25878967893,0.12508831145281488,2.473986464588129,1.04727426147,0.013364043898393964,2.5376928431227115,1.007042029,0.016019991217412405,2.279065900681407,0.866391106663,0.020735612304704033,2.288286767374573
