Well/XY,cell_id,total_distance,net_distance,linearity,spearmanrsq,progressivity,max_speed,min_speed,avg_speed,MSD_slope,hurst_RS,nongauss,disp_var,disp_skew,rw_linearity,rw_netdist,rw_kurtosis01,rw_kurtosis02,rw_kurtosis03,rw_kurtosis04,rw_kurtosis05,rw_kurtosis06,rw_kurtosis07,rw_kurtosis08,rw_kurtosis09,rw_kurtosis10,avg_moving_speed01,avg_moving_speed02,avg_moving_speed03,avg_moving_speed04,avg_moving_speed05,avg_moving_speed06,avg_moving_speed07,avg_moving_speed08,avg_moving_speed09,avg_moving_speed10,time_moving01,time_moving02,time_moving03,time_moving04,time_moving05,time_moving06,time_moving07,time_moving08,time_moving09,time_moving10,autocorr_1,autocorr_2,autocorr_3,autocorr_4,autocorr_5,autocorr_6,autocorr_7,autocorr_8,autocorr_9,autocorr_10,p_rturn_9_5,p_rturn_9_6,p_rturn_10_5,p_rturn_10_6,p_rturn_11_5,p_rturn_11_6,mean_theta_9_5,min_theta_9_5,max_theta_9_5,mean_theta_9_6,min_theta_9_6,max_theta_9_6,mean_theta_10_5,min_theta_10_5,max_theta_10_5,mean_theta_10_6,min_theta_10_6,max_theta_10_6,mean_theta_11_5,min_theta_11_5,max_theta_11_5,mean_theta_11_6,min_theta_11_6,max_theta_11_6
WellB03_Seq0001/xy02,0,81.34988339112768,9.008107459394648,0.0157033835861,0.0192118590143,0.11073288717678857,1.076544471910005,0.05635601121442106,1.31209489341,0.702495382382,0.851820831912,-0.129426342426,0.7497742829,0.8712844821785783,-0.186172557681,-5.72012119078,1.1220915219550598,2.329597121244591,-0.6587224094769919,0.7501006450643168,-0.1850714624549532,0.2835885828684277,-1.584583618330122,0.22034023933922375,-1.4032368737401033,-1.4161889449813871,1.05002296114,0.0,0.0,0.0,0.0,0.0,0.0,0.0,0.0,0.0,0.034482758620689655,0.0,0.0,0.0,0.0,0.0,0.0,0.0,0.0,0.0,0.378792002336,0.40173844931,0.275123257267,0.250950132191,0.182788623309,0.344064049192,0.295882869105,0.254789173793,0.178634412297,0.347114210205,0.5625,0.5625,0.625,0.625,0.4375,0.5,0.699478585462,0.1834441190415539,2.074780813828217,0.628123067038,0.14343066124842868,1.5067783194713134,0.951764793514,0.13044284632812786,2.444087216786857,0.85618802525,0.0826936576328044,1.6652497642740753,0.859328500998,0.05991277215335358,1.6693679384190365,0.75118953483,0.11893725637873553,1.476830626410519
