Well/XY,cell_id,total_distance,net_distance,linearity,spearmanrsq,progressivity,max_speed,min_speed,avg_speed,MSD_slope,hurst_RS,nongauss,disp_var,disp_skew,rw_linearity,rw_netdist,rw_kurtosis01,rw_kurtosis02,rw_kurtosis03,rw_kurtosis04,rw_kurtosis05,rw_kurtosis06,rw_kurtosis07,rw_kurtosis08,rw_kurtosis09,rw_kurtosis10,avg_moving_speed01,avg_moving_speed02,avg_moving_speed03,avg_moving_speed04,avg_moving_speed05,avg_moving_speed06,avg_moving_speed07,avg_moving_speed08,avg_moving_speed09,avg_moving_speed10,time_moving01,time_moving02,time_moving03,time_moving04,time_moving05,time_moving06,time_moving07,time_moving08,time_moving09,time_moving10,autocorr_1,autocorr_2,autocorr_3,autocorr_4,autocorr_5,autocorr_6,autocorr_7,autocorr_8,autocorr_9,autocorr_10,p_rturn_9_5,p_rturn_9_6,p_rturn_10_5,p_rturn_10_6,p_rturn_11_5,p_rturn_11_6,mean_theta_9_5,min_theta_9_5,max_theta_9_5,mean_theta_9_6,min_theta_9_6,max_theta_9_6,mean_theta_10_5,min_theta_10_5,max_theta_10_5,mean_theta_10_6,min_theta_10_6,max_theta_10_6,mean_theta_11_5,min_theta_11_5,max_theta_11_5,mean_theta_11_6,min_theta_11_6,max_theta_11_6
WellB03_Seq0001/xy12,0,127.96000123571314,37.43027651514225,0.301152077076,0.325144811697,0.2925154435267043,2.6801410410648154,0.042379240200842314,2.06387098767,1.58250544145,0.650275159638,0.383687734178,2.44763645429,1.8684548138573043,0.070485844182,14.263382136,5.086146276885573,1.6371479234228703,-0.0220578535612157,0.21004605401931498,-1.3051902689515213,-1.1047077341802292,-0.89817238143422,-1.2509501483650511,-1.3302537310197122,-0.7042393862135787,1.55983137982,2.38044416417,0.0,0.0,0.0,0.0,0.0,0.0,0.0,0.0,0.5344827586206896,0.06896551724137931,0.0,0.0,0.0,0.0,0.0,0.0,0.0,0.0,0.0838661093527,0.268757584396,-0.0197839669225,0.0178487298968,-0.0705090384209,0.0133683293116,-0.101888919175,-0.0597264747993,-0.295425204749,-0.0633795903133,0.25,0.25,0.3125,0.3125,0.3125,0.25,0.352984643886,0.04283270056349922,1.5600559922128545,0.321296017454,0.0025776218835183748,1.6310506384910728,0.357753204676,0.04729614374024798,1.2175849393890024,0.326423268211,0.0014979716185235027,1.2885795856672204,0.335953440675,0.014216081796426173,1.0534133012335933,0.308568949785,0.002850994012545756,1.1244079475118116
