Well/XY,cell_id,total_distance,net_distance,linearity,spearmanrsq,progressivity,max_speed,min_speed,avg_speed,MSD_slope,hurst_RS,nongauss,disp_var,disp_skew,rw_linearity,rw_netdist,rw_kurtosis01,rw_kurtosis02,rw_kurtosis03,rw_kurtosis04,rw_kurtosis05,rw_kurtosis06,rw_kurtosis07,rw_kurtosis08,rw_kurtosis09,rw_kurtosis10,avg_moving_speed01,avg_moving_speed02,avg_moving_speed03,avg_moving_speed04,avg_moving_speed05,avg_moving_speed06,avg_moving_speed07,avg_moving_speed08,avg_moving_speed09,avg_moving_speed10,time_moving01,time_moving02,time_moving03,time_moving04,time_moving05,time_moving06,time_moving07,time_moving08,time_moving09,time_moving10,autocorr_1,autocorr_2,autocorr_3,autocorr_4,autocorr_5,autocorr_6,autocorr_7,autocorr_8,autocorr_9,autocorr_10,p_rturn_9_5,p_rturn_9_6,p_rturn_10_5,p_rturn_10_6,p_rturn_11_5,p_rturn_11_6,mean_theta_9_5,min_theta_9_5,max_theta_9_5,mean_theta_9_6,min_theta_9_6,max_theta_9_6,mean_theta_10_5,min_theta_10_5,max_theta_10_5,mean_theta_10_6,min_theta_10_6,max_theta_10_6,mean_theta_11_5,min_theta_11_5,max_theta_11_5,mean_theta_11_6,min_theta_11_6,max_theta_11_6
WellB03_Seq0001/xy16,0,110.31144348089256,8.335562368550818,0.284095300951,0.222129829655,0.07556389532691275,1.134705248071061,0.03799999999999955,1.77921683034,0.361699519381,0.801308675551,0.243061222641,1.79855876146,1.5159603064116787,0.0148133724831,-11.6360970192,2.8996875520473733,0.019476851752746605,0.04358584450493952,1.1236181307923845,-0.8610625584621046,-1.0690292633538123,-0.979406466061914,-1.1744248634579937,-1.3914409386191293,-0.2468386681659096,1.21252681369,0.0,0.0,0.0,0.0,0.0,0.0,0.0,0.0,0.0,0.05172413793103448,0.0,0.0,0.0,0.0,0.0,0.0,0.0,0.0,0.0,0.0980757578544,0.324349424314,0.105742762598,0.266269603309,-0.119370791757,0.159394795703,-0.0274601409115,-0.120951279186,-0.117921128902,-0.0796214749341,0.375,0.375,0.428571428571,0.428571428571,0.25,0.375,1.55085294639,0.5964749987459796,2.3916696242644244,1.33934504699,0.07220721217521503,2.208476691232034,1.1997062066,0.005158876938495615,2.191561787798697,1.12762854784,0.008248545239158463,1.910954228714765,1.08068480861,0.3390065043546384,2.2087610620448204,1.04011823523,0.23253306029406412,1.7546716869356507
