Well/XY,cell_id,total_distance,net_distance,linearity,spearmanrsq,progressivity,max_speed,min_speed,avg_speed,MSD_slope,hurst_RS,nongauss,disp_var,disp_skew,rw_linearity,rw_netdist,rw_kurtosis01,rw_kurtosis02,rw_kurtosis03,rw_kurtosis04,rw_kurtosis05,rw_kurtosis06,rw_kurtosis07,rw_kurtosis08,rw_kurtosis09,rw_kurtosis10,avg_moving_speed01,avg_moving_speed02,avg_moving_speed03,avg_moving_speed04,avg_moving_speed05,avg_moving_speed06,avg_moving_speed07,avg_moving_speed08,avg_moving_speed09,avg_moving_speed10,time_moving01,time_moving02,time_moving03,time_moving04,time_moving05,time_moving06,time_moving07,time_moving08,time_moving09,time_moving10,autocorr_1,autocorr_2,autocorr_3,autocorr_4,autocorr_5,autocorr_6,autocorr_7,autocorr_8,autocorr_9,autocorr_10,p_rturn_9_5,p_rturn_9_6,p_rturn_10_5,p_rturn_10_6,p_rturn_11_5,p_rturn_11_6,mean_theta_9_5,min_theta_9_5,max_theta_9_5,mean_theta_9_6,min_theta_9_6,max_theta_9_6,mean_theta_10_5,min_theta_10_5,max_theta_10_5,mean_theta_10_6,min_theta_10_6,max_theta_10_6,mean_theta_11_5,min_theta_11_5,max_theta_11_5,mean_theta_11_6,min_theta_11_6,max_theta_11_6
WellB03_Seq0001/xy25,0,548.0560889792351,28.124928444353426,0.145422746138,0.150718118066,0.051317609656954345,6.433077335148395,0.2039607805437132,7.21126432867,0.537242976678,0.755009499426,-0.193892793256,17.2597885901,1.0472033445260907,-0.117392229197,-61.3645084495,1.8786743540306512,1.7212061965585157,-0.12406990077863522,0.4704977105854513,0.6251212577398038,0.5444859788930305,-1.0604439747959813,0.8434576949558714,0.994817753082486,-0.7925363161504406,2.80072023778,3.3606120613,4.3482623091,5.12518090932,5.92675492712,6.54151884741,7.06243838911,0.0,0.0,0.0,0.8333333333333334,0.5694444444444444,0.2777777777777778,0.1527777777777778,0.06944444444444445,0.027777777777777776,0.013888888888888888,0.0,0.0,0.0,0.24927212967,0.13553827991,0.197240215779,0.119181079271,0.129376420293,0.066611878953,-0.0092232598575,0.0461341533011,0.00358064380414,0.0262014996233,0.428571428571,0.428571428571,0.571428571429,0.52380952381,0.55,0.55,0.632213469405,0.04959305693268988,1.6461607458529612,0.63727729751,0.0789226844502989,1.6940429185295685,0.832435796282,0.008832682512165353,2.5429009553342006,0.782600417518,0.017256832270203942,2.083226047379647,0.845892401412,0.10237458994621797,1.87803645739818,0.817373625563,0.12805373008176074,1.7818340150306748
