Well/XY,cell_id,total_distance,net_distance,linearity,spearmanrsq,progressivity,max_speed,min_speed,avg_speed,MSD_slope,hurst_RS,nongauss,disp_var,disp_skew,rw_linearity,rw_netdist,rw_kurtosis01,rw_kurtosis02,rw_kurtosis03,rw_kurtosis04,rw_kurtosis05,rw_kurtosis06,rw_kurtosis07,rw_kurtosis08,rw_kurtosis09,rw_kurtosis10,avg_moving_speed01,avg_moving_speed02,avg_moving_speed03,avg_moving_speed04,avg_moving_speed05,avg_moving_speed06,avg_moving_speed07,avg_moving_speed08,avg_moving_speed09,avg_moving_speed10,time_moving01,time_moving02,time_moving03,time_moving04,time_moving05,time_moving06,time_moving07,time_moving08,time_moving09,time_moving10,autocorr_1,autocorr_2,autocorr_3,autocorr_4,autocorr_5,autocorr_6,autocorr_7,autocorr_8,autocorr_9,autocorr_10,p_rturn_9_5,p_rturn_9_6,p_rturn_10_5,p_rturn_10_6,p_rturn_11_5,p_rturn_11_6,mean_theta_9_5,min_theta_9_5,max_theta_9_5,mean_theta_9_6,min_theta_9_6,max_theta_9_6,mean_theta_10_5,min_theta_10_5,max_theta_10_5,mean_theta_10_6,min_theta_10_6,max_theta_10_6,mean_theta_11_5,min_theta_11_5,max_theta_11_5,mean_theta_11_6,min_theta_11_6,max_theta_11_6
WellB03_Seq0001/xy16,0,882.5663146075898,131.9463542505059,0.389321207821,0.227447037547,0.14950304817510784,15.81279342810754,0.4401136216933125,11.6127146659,1.31155382584,0.782983870526,-0.327148716765,40.2768911824,0.5444435624584874,0.189115715886,-12.1636448972,-0.3731384319537123,-1.1719674795135588,-0.5687713036951445,-0.9470286858009964,-0.9111244674520926,-1.2257349175531944,-0.9778225318009115,-1.573061376794022,-0.5327732974298724,-0.9369494448389579,7.92135192289,8.19691618077,8.65267539877,9.192766358,9.96596411474,10.7263149093,11.4120813718,12.2000948685,12.5676610725,13.0627334253,1.0,0.9583333333333334,0.8888888888888888,0.8055555555555556,0.6944444444444444,0.5972222222222222,0.5138888888888888,0.4305555555555556,0.3888888888888889,0.3333333333333333,0.112949210707,0.123033652049,0.194525702456,-0.0988955622994,-0.0237472653389,0.0419163297834,0.0601908726046,-0.107001726927,0.124820941493,0.00131806323845,0.619047619048,0.619047619048,0.571428571429,0.571428571429,0.6,0.6,0.378856821685,0.00703484429650847,1.102592908904605,0.360314760517,0.014877145597224693,1.1332073502878035,0.397892202021,0.03940094134895625,1.116377467559441,0.41435558491,0.024778088523995073,1.1635590962855464,0.477678918168,0.0017660648652224734,1.01580039912874,0.496406038544,0.03559835141709761,1.1308809569414906
