Well/XY,cell_id,total_distance,net_distance,linearity,spearmanrsq,progressivity,max_speed,min_speed,avg_speed,MSD_slope,hurst_RS,nongauss,disp_var,disp_skew,rw_linearity,rw_netdist,rw_kurtosis01,rw_kurtosis02,rw_kurtosis03,rw_kurtosis04,rw_kurtosis05,rw_kurtosis06,rw_kurtosis07,rw_kurtosis08,rw_kurtosis09,rw_kurtosis10,avg_moving_speed01,avg_moving_speed02,avg_moving_speed03,avg_moving_speed04,avg_moving_speed05,avg_moving_speed06,avg_moving_speed07,avg_moving_speed08,avg_moving_speed09,avg_moving_speed10,time_moving01,time_moving02,time_moving03,time_moving04,time_moving05,time_moving06,time_moving07,time_moving08,time_moving09,time_moving10,autocorr_1,autocorr_2,autocorr_3,autocorr_4,autocorr_5,autocorr_6,autocorr_7,autocorr_8,autocorr_9,autocorr_10,p_rturn_9_5,p_rturn_9_6,p_rturn_10_5,p_rturn_10_6,p_rturn_11_5,p_rturn_11_6,mean_theta_9_5,min_theta_9_5,max_theta_9_5,mean_theta_9_6,min_theta_9_6,max_theta_9_6,mean_theta_10_5,min_theta_10_5,max_theta_10_5,mean_theta_10_6,min_theta_10_6,max_theta_10_6,mean_theta_11_5,min_theta_11_5,max_theta_11_5,mean_theta_11_6,min_theta_11_6,max_theta_11_6
WellB03_Seq0001/xy10,0,792.989056600405,33.75159255501873,0.331367098363,0.170708466266,0.042562494745783726,13.768848898873141,0.12165525060595092,10.4340665342,0.495871158263,0.917332833793,0.37092782418,116.88968867,1.2724108973067738,0.108790483146,-95.7317679352,0.8777722846011318,0.4545937839029679,0.40486201572038594,-0.9109008734954718,-1.391524298649929,-1.208122826192736,-1.0131675294753686,0.5573458959939099,1.1735034817626495,-1.6605398584632218,5.04201751804,5.77240588923,6.73684654885,7.26916432189,7.5308543648,8.53766001572,8.83940840942,9.51669514443,10.0106345672,10.3623488451,0.5833333333333334,0.4861111111111111,0.375,0.3194444444444444,0.2916666666666667,0.19444444444444445,0.16666666666666666,0.1111111111111111,0.06944444444444445,0.041666666666666664,0.402661557106,0.586998041673,0.531928737204,0.524355143268,0.54545224696,0.586450449657,0.404303246806,0.530943187487,0.42699211243,0.607047688255,0.52380952381,0.52380952381,0.333333333333,0.333333333333,0.4,0.4,0.805988465143,0.016697700424605992,2.1865279145721486,0.830631452049,0.08620134707724651,2.2123792249073877,0.879899310667,0.10152504879993106,2.0851344324187786,0.898798957967,0.11915459064132397,2.1109857427540177,0.758384347386,0.06806248023405653,2.1959336635353397,0.798888704404,0.0734858574426964,2.349758303309587
