Well/XY,cell_id,total_distance,net_distance,linearity,spearmanrsq,progressivity,max_speed,min_speed,avg_speed,MSD_slope,hurst_RS,nongauss,disp_var,disp_skew,rw_linearity,rw_netdist,rw_kurtosis01,rw_kurtosis02,rw_kurtosis03,rw_kurtosis04,rw_kurtosis05,rw_kurtosis06,rw_kurtosis07,rw_kurtosis08,rw_kurtosis09,rw_kurtosis10,avg_moving_speed01,avg_moving_speed02,avg_moving_speed03,avg_moving_speed04,avg_moving_speed05,avg_moving_speed06,avg_moving_speed07,avg_moving_speed08,avg_moving_speed09,avg_moving_speed10,time_moving01,time_moving02,time_moving03,time_moving04,time_moving05,time_moving06,time_moving07,time_moving08,time_moving09,time_moving10,autocorr_1,autocorr_2,autocorr_3,autocorr_4,autocorr_5,autocorr_6,autocorr_7,autocorr_8,autocorr_9,autocorr_10,p_rturn_9_5,p_rturn_9_6,p_rturn_10_5,p_rturn_10_6,p_rturn_11_5,p_rturn_11_6,mean_theta_9_5,min_theta_9_5,max_theta_9_5,mean_theta_9_6,min_theta_9_6,max_theta_9_6,mean_theta_10_5,min_theta_10_5,max_theta_10_5,mean_theta_10_6,min_theta_10_6,max_theta_10_6,mean_theta_11_5,min_theta_11_5,max_theta_11_5,mean_theta_11_6,min_theta_11_6,max_theta_11_6
WellB03_Seq0001/xy06,0,502.17310966800153,4.689658836205524,0.890637563114,0.672246511585,0.009338729505659848,5.875945540932114,0.09024411338142334,6.60754091668,0.516881459785,0.706641442135,0.522483224468,51.8963023885,1.5546698969538375,0.645487328088,-77.3077675424,1.023461949712579,-0.9239217583135688,-0.7517461088721582,-0.5193513676270998,3.5826682138221697,-1.6724931267102983,-1.767308103638501,-1.6228312306640276,-0.8295759132634046,0.5840749706116246,3.55667692654,4.68899740023,4.8085826674,5.10885706109,5.42431732753,0.0,0.0,0.0,0.0,0.0,0.4166666666666667,0.2777777777777778,0.2638888888888889,0.20833333333333334,0.125,0.0,0.0,0.0,0.0,0.0,0.261263191191,0.0606105534209,-0.136765847232,-0.0137921365073,0.00574891172677,-0.114078867157,0.153490077115,0.264408962651,0.395113730543,-0.0158782072721,0.380952380952,0.380952380952,0.4,0.45,0.55,0.5,0.787282889699,0.019494141642738813,2.1194629704095123,0.735053520969,0.027347674139893013,2.04883543468837,0.661911678072,0.04576323090513284,2.1728547089109376,0.643825019785,0.006456003000067321,2.1022271731897955,1.04459717403,0.016238233810183567,2.1739631043245864,0.980711523159,0.07502362975104758,2.2346487115366904
