Well/XY,cell_id,total_distance,net_distance,linearity,spearmanrsq,progressivity,max_speed,min_speed,avg_speed,MSD_slope,hurst_RS,nongauss,disp_var,disp_skew,rw_linearity,rw_netdist,rw_kurtosis01,rw_kurtosis02,rw_kurtosis03,rw_kurtosis04,rw_kurtosis05,rw_kurtosis06,rw_kurtosis07,rw_kurtosis08,rw_kurtosis09,rw_kurtosis10,avg_moving_speed01,avg_moving_speed02,avg_moving_speed03,avg_moving_speed04,avg_moving_speed05,avg_moving_speed06,avg_moving_speed07,avg_moving_speed08,avg_moving_speed09,avg_moving_speed10,time_moving01,time_moving02,time_moving03,time_moving04,time_moving05,time_moving06,time_moving07,time_moving08,time_moving09,time_moving10,autocorr_1,autocorr_2,autocorr_3,autocorr_4,autocorr_5,autocorr_6,autocorr_7,autocorr_8,autocorr_9,autocorr_10,p_rturn_9_5,p_rturn_9_6,p_rturn_10_5,p_rturn_10_6,p_rturn_11_5,p_rturn_11_6,mean_theta_9_5,min_theta_9_5,max_theta_9_5,mean_theta_9_6,min_theta_9_6,max_theta_9_6,mean_theta_10_5,min_theta_10_5,max_theta_10_5,mean_theta_10_6,min_theta_10_6,max_theta_10_6,mean_theta_11_5,min_theta_11_5,max_theta_11_5,mean_theta_11_6,min_theta_11_6,max_theta_11_6
WellB03_Seq0001/xy13,0,1652.7694988474725,455.18862430864857,0.319368084485,0.290167366789,0.2754096228337138,37.91888737819188,1.3035397960936983,21.7469670901,1.30966974236,0.771132477541,-0.185153163269,153.015443877,1.146166000211465,0.0877999362517,185.31585993,1.8678874382198734,2.0960770873433816,2.3321405779796596,1.7475291219492366,-0.3050436189853678,0.09737335811765746,2.0025320932698953,-1.020234283600924,-0.931804970433308,-1.2929043389909731,15.7323563388,16.1453928923,16.3439744674,16.538093348,16.538093348,16.8740978438,17.0267340581,17.8115309818,18.1335263489,18.2801186644,1.0,0.9722222222222222,0.9583333333333334,0.9444444444444444,0.9444444444444444,0.9166666666666666,0.9027777777777778,0.8333333333333334,0.8055555555555556,0.7916666666666666,0.36338661557,0.218554663177,-0.0219349627628,0.0318683500007,0.11133913357,0.0921386984328,0.0854077190257,0.0471984939465,0.0270732418491,0.0997983869555,0.380952380952,0.380952380952,0.285714285714,0.285714285714,0.4,0.4,0.836888659049,0.0012635663536093382,2.1910536113438757,0.759078916558,0.05522111467511268,2.1610111494070368,0.959655753251,0.11958200989240232,2.1615837442250654,0.872594057046,0.05415854566823651,2.216815938649013,0.929950718441,0.09677506281970935,2.096935101803379,0.870159244704,0.004375789489228392,2.088884126184183
