Well/XY,cell_id,total_distance,net_distance,linearity,spearmanrsq,progressivity,max_speed,min_speed,avg_speed,MSD_slope,hurst_RS,nongauss,disp_var,disp_skew,rw_linearity,rw_netdist,rw_kurtosis01,rw_kurtosis02,rw_kurtosis03,rw_kurtosis04,rw_kurtosis05,rw_kurtosis06,rw_kurtosis07,rw_kurtosis08,rw_kurtosis09,rw_kurtosis10,avg_moving_speed01,avg_moving_speed02,avg_moving_speed03,avg_moving_speed04,avg_moving_speed05,avg_moving_speed06,avg_moving_speed07,avg_moving_speed08,avg_moving_speed09,avg_moving_speed10,time_moving01,time_moving02,time_moving03,time_moving04,time_moving05,time_moving06,time_moving07,time_moving08,time_moving09,time_moving10,autocorr_1,autocorr_2,autocorr_3,autocorr_4,autocorr_5,autocorr_6,autocorr_7,autocorr_8,autocorr_9,autocorr_10,p_rturn_9_5,p_rturn_9_6,p_rturn_10_5,p_rturn_10_6,p_rturn_11_5,p_rturn_11_6,mean_theta_9_5,min_theta_9_5,max_theta_9_5,mean_theta_9_6,min_theta_9_6,max_theta_9_6,mean_theta_10_5,min_theta_10_5,max_theta_10_5,mean_theta_10_6,min_theta_10_6,max_theta_10_6,mean_theta_11_5,min_theta_11_5,max_theta_11_5,mean_theta_11_6,min_theta_11_6,max_theta_11_6
WellB06_Seq0004/xy25,0,318.68584938956957,17.40265508478523,0.0244768495452,0.021555722637,0.05460755511460375,5.6801242556831415,0.16829985145565934,4.19323486039,0.291787239192,0.669130695261,1.84620345159,22.9431544782,2.7731059023422047,-0.235660937413,-34.6340210536,8.955113817653865,4.850292272922058,2.1825629984404653,5.147491497228584,0.8311316567586875,0.28406117210976767,-1.3319857126779895,0.8605471016793138,-1.4493157889348323,-1.036470420995937,2.26400891687,3.12801099307,4.26170706405,5.63475148872,5.97258982461,6.78920743828,0.0,0.0,0.0,0.0,0.5972222222222222,0.2916666666666667,0.1111111111111111,0.041666666666666664,0.027777777777777776,0.013888888888888888,0.0,0.0,0.0,0.0,0.405534299383,-0.0472872517042,-0.190806752712,-0.103427909532,-0.0844975435672,-0.109196618913,-0.125559924068,0.0737285499439,0.229837909505,0.164235219858,0.47619047619,0.428571428571,0.333333333333,0.333333333333,0.5,0.5,0.775739747215,0.001324428613842782,2.2614615823659427,0.730254479411,0.02314773729488376,2.274925873792686,0.757943687313,0.020352576209726022,2.3352052589213037,0.775827048669,0.03675490900042968,2.3486695503480464,0.730099610887,0.0038584598647197887,2.2642545285675704,0.773016918129,0.012543872925986303,2.2777188199943135
