Well/XY,cell_id,total_distance,net_distance,linearity,spearmanrsq,progressivity,max_speed,min_speed,avg_speed,MSD_slope,hurst_RS,nongauss,disp_var,disp_skew,rw_linearity,rw_netdist,rw_kurtosis01,rw_kurtosis02,rw_kurtosis03,rw_kurtosis04,rw_kurtosis05,rw_kurtosis06,rw_kurtosis07,rw_kurtosis08,rw_kurtosis09,rw_kurtosis10,avg_moving_speed01,avg_moving_speed02,avg_moving_speed03,avg_moving_speed04,avg_moving_speed05,avg_moving_speed06,avg_moving_speed07,avg_moving_speed08,avg_moving_speed09,avg_moving_speed10,time_moving01,time_moving02,time_moving03,time_moving04,time_moving05,time_moving06,time_moving07,time_moving08,time_moving09,time_moving10,autocorr_1,autocorr_2,autocorr_3,autocorr_4,autocorr_5,autocorr_6,autocorr_7,autocorr_8,autocorr_9,autocorr_10,p_rturn_9_5,p_rturn_9_6,p_rturn_10_5,p_rturn_10_6,p_rturn_11_5,p_rturn_11_6,mean_theta_9_5,min_theta_9_5,max_theta_9_5,mean_theta_9_6,min_theta_9_6,max_theta_9_6,mean_theta_10_5,min_theta_10_5,max_theta_10_5,mean_theta_10_6,min_theta_10_6,max_theta_10_6,mean_theta_11_5,min_theta_11_5,max_theta_11_5,mean_theta_11_6,min_theta_11_6,max_theta_11_6
WellB06_Seq0004/xy15,0,2705.8478375798218,646.5889508799235,0.475356269377,0.486377716638,0.23895983428922185,46.19802458980253,2.572243378842642,35.6032610208,1.36198742346,0.706623313114,-0.36413631028,472.227047388,0.10322751381891017,0.233255491194,204.764100879,-1.120131863171373,-1.121330997197808,-1.5199292579460102,-1.012963995974938,-0.3134797637842608,-0.38274279536502487,-0.8909183185462992,-1.5022814797929736,-0.04702308090792373,-1.3707922274704332,29.9897667683,29.9897667683,30.3804649045,31.1598084063,31.1598084063,31.9199421623,32.3021519812,33.4836312955,34.3066891404,34.7269086316,1.0,1.0,0.9861111111111112,0.9583333333333334,0.9583333333333334,0.9305555555555556,0.9166666666666666,0.875,0.8472222222222222,0.8333333333333334,0.535293328774,0.343927011856,0.115652953269,-0.00459318530891,-0.0548830735027,-0.128588504852,-0.239031991738,-0.366897874362,-0.461078742672,-0.301226776168,0.52380952381,0.571428571429,0.52380952381,0.571428571429,0.55,0.5,0.820452232064,0.1578794663795943,1.9856599251844318,0.838950426266,0.0031099356907668394,1.9548461522643854,0.79865434042,0.034273475575755066,1.9191033523452146,0.81996318269,0.020892334618237533,1.8882895794251682,0.776592445128,0.02678634792599302,1.7323530782280943,0.806992559129,0.038670000748142745,1.7911273628653743
