Well/XY,cell_id,total_distance,net_distance,linearity,spearmanrsq,progressivity,max_speed,min_speed,avg_speed,MSD_slope,hurst_RS,nongauss,disp_var,disp_skew,rw_linearity,rw_netdist,rw_kurtosis01,rw_kurtosis02,rw_kurtosis03,rw_kurtosis04,rw_kurtosis05,rw_kurtosis06,rw_kurtosis07,rw_kurtosis08,rw_kurtosis09,rw_kurtosis10,avg_moving_speed01,avg_moving_speed02,avg_moving_speed03,avg_moving_speed04,avg_moving_speed05,avg_moving_speed06,avg_moving_speed07,avg_moving_speed08,avg_moving_speed09,avg_moving_speed10,time_moving01,time_moving02,time_moving03,time_moving04,time_moving05,time_moving06,time_moving07,time_moving08,time_moving09,time_moving10,autocorr_1,autocorr_2,autocorr_3,autocorr_4,autocorr_5,autocorr_6,autocorr_7,autocorr_8,autocorr_9,autocorr_10,p_rturn_9_5,p_rturn_9_6,p_rturn_10_5,p_rturn_10_6,p_rturn_11_5,p_rturn_11_6,mean_theta_9_5,min_theta_9_5,max_theta_9_5,mean_theta_9_6,min_theta_9_6,max_theta_9_6,mean_theta_10_5,min_theta_10_5,max_theta_10_5,mean_theta_10_6,min_theta_10_6,max_theta_10_6,mean_theta_11_5,min_theta_11_5,max_theta_11_5,mean_theta_11_6,min_theta_11_6,max_theta_11_6
WellB06_Seq0004/xy06,0,3372.4268715061203,857.7996269525884,0.11218129501,0.169015708155,0.25435677618399966,55.10113497923616,14.118356844902332,44.374037783,1.25556690219,0.565651266834,-0.343838812346,574.137836619,0.5341711934064024,-0.122001205662,307.132299711,-0.5629393287941222,0.947124010577884,-0.16482278431354347,-0.18964797003931677,-0.4952894506269834,-1.5002226055870072,-1.165385917648888,0.20136936881566614,-0.7547090830647747,-1.1501342707981415,37.5560609816,37.5560609816,37.5560609816,37.5560609816,37.5560609816,37.5560609816,37.5560609816,37.5560609816,37.5560609816,37.5560609816,1.0,1.0,1.0,1.0,1.0,1.0,1.0,1.0,1.0,1.0,0.212817821094,-0.286692035269,-0.378277749935,-0.146036553974,0.0414694801518,0.254394462226,0.189701961455,-0.0332198680405,-0.182840571372,-0.119937703534,0.333333333333,0.333333333333,0.47619047619,0.380952380952,0.45,0.45,0.989592961379,0.05656136197829777,2.447858672232265,0.876681298856,0.014208155361956222,2.448258224134644,0.972641479791,0.029052431636848133,2.3904452588578944,0.927079305046,0.056197650085806385,2.390844810760273,1.09152467751,0.1859019350955909,2.6544770800659134,1.05740462192,0.13560320758197086,2.5565527131205625
