Well/XY,cell_id,total_distance,net_distance,linearity,spearmanrsq,progressivity,max_speed,min_speed,avg_speed,MSD_slope,hurst_RS,nongauss,disp_var,disp_skew,rw_linearity,rw_netdist,rw_kurtosis01,rw_kurtosis02,rw_kurtosis03,rw_kurtosis04,rw_kurtosis05,rw_kurtosis06,rw_kurtosis07,rw_kurtosis08,rw_kurtosis09,rw_kurtosis10,avg_moving_speed01,avg_moving_speed02,avg_moving_speed03,avg_moving_speed04,avg_moving_speed05,avg_moving_speed06,avg_moving_speed07,avg_moving_speed08,avg_moving_speed09,avg_moving_speed10,time_moving01,time_moving02,time_moving03,time_moving04,time_moving05,time_moving06,time_moving07,time_moving08,time_moving09,time_moving10,autocorr_1,autocorr_2,autocorr_3,autocorr_4,autocorr_5,autocorr_6,autocorr_7,autocorr_8,autocorr_9,autocorr_10,p_rturn_9_5,p_rturn_9_6,p_rturn_10_5,p_rturn_10_6,p_rturn_11_5,p_rturn_11_6,mean_theta_9_5,min_theta_9_5,max_theta_9_5,mean_theta_9_6,min_theta_9_6,max_theta_9_6,mean_theta_10_5,min_theta_10_5,max_theta_10_5,mean_theta_10_6,min_theta_10_6,max_theta_10_6,mean_theta_11_5,min_theta_11_5,max_theta_11_5,mean_theta_11_6,min_theta_11_6,max_theta_11_6
WellB06_Seq0004/xy02,0,2216.295118061894,231.15129763858124,0.605723889597,0.633049058453,0.10429626260275232,37.02224244964101,0.3240308627276144,29.1617778692,1.4869174301,0.804453046592,-0.334814807396,292.820937353,0.34732073671206926,0.363273180966,-130.736848656,-0.5756143934127222,-0.8729656082510626,-0.6483023464160413,-1.0101944727841865,-1.4003015520445499,-1.3832712330863999,-0.8457633617586224,-1.2604177564772794,-0.5222174862424058,-1.1106935414861965,22.6663146276,22.9609635263,23.8664867065,25.4795654552,26.1599127838,26.8586765687,26.8586765687,27.5277118327,27.8700556237,27.8700556237,1.0,0.9861111111111112,0.9444444444444444,0.875,0.8472222222222222,0.8194444444444444,0.8194444444444444,0.7916666666666666,0.7777777777777778,0.7777777777777778,0.255591997961,0.239648762323,0.192521035916,0.0291743076119,0.0780003400985,0.147506674949,0.228053759848,0.0696950817497,0.0444312575278,-0.0369565816095,0.52380952381,0.571428571429,0.571428571429,0.571428571429,0.6,0.65,0.967647035878,0.05821385693865605,2.5322500516042195,0.888560075471,0.07616345388322208,2.526170959152844,0.977028490818,0.056462340713471545,2.5392199284513977,0.876247412451,0.02162574808754963,2.5356824835758944,0.989962583178,0.0896615378794159,2.5521866456650546,0.953177093573,0.08846979731608638,2.5486492007895514
