Well/XY,cell_id,total_distance,net_distance,linearity,spearmanrsq,progressivity,max_speed,min_speed,avg_speed,MSD_slope,hurst_RS,nongauss,disp_var,disp_skew,rw_linearity,rw_netdist,rw_kurtosis01,rw_kurtosis02,rw_kurtosis03,rw_kurtosis04,rw_kurtosis05,rw_kurtosis06,rw_kurtosis07,rw_kurtosis08,rw_kurtosis09,rw_kurtosis10,avg_moving_speed01,avg_moving_speed02,avg_moving_speed03,avg_moving_speed04,avg_moving_speed05,avg_moving_speed06,avg_moving_speed07,avg_moving_speed08,avg_moving_speed09,avg_moving_speed10,time_moving01,time_moving02,time_moving03,time_moving04,time_moving05,time_moving06,time_moving07,time_moving08,time_moving09,time_moving10,autocorr_1,autocorr_2,autocorr_3,autocorr_4,autocorr_5,autocorr_6,autocorr_7,autocorr_8,autocorr_9,autocorr_10,p_rturn_9_5,p_rturn_9_6,p_rturn_10_5,p_rturn_10_6,p_rturn_11_5,p_rturn_11_6,mean_theta_9_5,min_theta_9_5,max_theta_9_5,mean_theta_9_6,min_theta_9_6,max_theta_9_6,mean_theta_10_5,min_theta_10_5,max_theta_10_5,mean_theta_10_6,min_theta_10_6,max_theta_10_6,mean_theta_11_5,min_theta_11_5,max_theta_11_5,mean_theta_11_6,min_theta_11_6,max_theta_11_6
WellC06_Seq0015/xy24,0,640.56340719334,307.5270166993463,0.834574759466,0.906231121082,0.48008833043834176,10.384607840453093,0.816463103881615,8.54084542924,1.57605570425,0.691216103336,-0.164039253728,24.9738572483,1.1672621608153035,0.603837675703,202.228402377,1.788805092364135,1.8605736342825594,1.5566183287883053,0.47838533603411815,-1.200095728084951,-0.34631566012993664,-0.7170416522409857,-0.5678430436861581,-1.0782532929249649,-0.29658438316332125,5.33969086612,5.69241440125,5.96155217224,6.5505890423,7.34483461511,8.26298485204,8.98482331117,10.0018113703,10.4325404266,10.7934407951,0.9577464788732394,0.8732394366197183,0.8028169014084507,0.647887323943662,0.4647887323943662,0.30985915492957744,0.22535211267605634,0.14084507042253522,0.11267605633802817,0.08450704225352113,0.155299220384,-0.0690223046164,0.0117296469233,0.0560202533225,0.159529649484,0.129586286023,-0.0221577634392,-0.210273957035,-0.037156048006,0.167828891487,0.285714285714,0.47619047619,0.35,0.45,0.35,0.4,0.388726795769,0.02638031106499016,0.8840424797962978,0.356427106646,0.008359897606446705,0.8488054747494167,0.427557894871,0.017471021278593152,0.9283630943185172,0.396843586808,0.017641623778746486,0.877293119048596,0.404862754327,0.006832063794796575,1.0999541581856613,0.39232771183,0.049822046737599886,1.04888418291574
