Well/XY,cell_id,total_distance,net_distance,linearity,spearmanrsq,progressivity,max_speed,min_speed,avg_speed,MSD_slope,hurst_RS,nongauss,disp_var,disp_skew,rw_linearity,rw_netdist,rw_kurtosis01,rw_kurtosis02,rw_kurtosis03,rw_kurtosis04,rw_kurtosis05,rw_kurtosis06,rw_kurtosis07,rw_kurtosis08,rw_kurtosis09,rw_kurtosis10,avg_moving_speed01,avg_moving_speed02,avg_moving_speed03,avg_moving_speed04,avg_moving_speed05,avg_moving_speed06,avg_moving_speed07,avg_moving_speed08,avg_moving_speed09,avg_moving_speed10,time_moving01,time_moving02,time_moving03,time_moving04,time_moving05,time_moving06,time_moving07,time_moving08,time_moving09,time_moving10,autocorr_1,autocorr_2,autocorr_3,autocorr_4,autocorr_5,autocorr_6,autocorr_7,autocorr_8,autocorr_9,autocorr_10,p_rturn_9_5,p_rturn_9_6,p_rturn_10_5,p_rturn_10_6,p_rturn_11_5,p_rturn_11_6,mean_theta_9_5,min_theta_9_5,max_theta_9_5,mean_theta_9_6,min_theta_9_6,max_theta_9_6,mean_theta_10_5,min_theta_10_5,max_theta_10_5,mean_theta_10_6,min_theta_10_6,max_theta_10_6,mean_theta_11_5,min_theta_11_5,max_theta_11_5,mean_theta_11_6,min_theta_11_6,max_theta_11_6
WellE04_Seq0017/xy03,0,665.7844900527504,509.86051043398123,0.9020327669,0.977651906564,0.7658041273890066,13.637760080013148,1.5987807854737663,8.87712653404,1.83925856974,0.773968926976,0.342624205793,32.0770144314,2.500556002416386,0.672961138968,400.415944209,9.408276143010065,1.3912942135426896,2.9213576048070893,1.4361205983224474,-0.2661888255030367,-0.055697940283880865,-0.7521481131485488,-1.327713513351506,0.3255184556185644,-0.46015903390888635,7.11788657855,7.19527613631,7.19527613631,7.40166141667,7.68467680173,8.78432855195,9.81199908723,10.2969379985,11.3892336471,12.1561892966,1.0,0.9859154929577465,0.9859154929577465,0.9295774647887324,0.8450704225352113,0.5633802816901409,0.39436619718309857,0.323943661971831,0.19718309859154928,0.14084507042253522,0.170351976322,0.0563349314821,0.178857526465,0.0164285669028,0.132378595028,0.166881011699,0.0315408007741,-0.0889120598772,0.152313125046,0.140059694126,0.47619047619,0.428571428571,0.45,0.4,0.4,0.4,0.434576470225,0.022086337931926967,2.7119134870703867,0.430887132368,0.005249821605207387,2.735456853468371,0.441641537124,0.015934918633555957,2.800407795525321,0.329608767395,0.0024465839620978354,2.743872674063634,0.451156603029,0.001091902857816014,2.716115147253261,0.351124052115,0.004697493189831797,2.739658513651246
