Well/XY,cell_id,total_distance,net_distance,linearity,spearmanrsq,progressivity,max_speed,min_speed,avg_speed,MSD_slope,hurst_RS,nongauss,disp_var,disp_skew,rw_linearity,rw_netdist,rw_kurtosis01,rw_kurtosis02,rw_kurtosis03,rw_kurtosis04,rw_kurtosis05,rw_kurtosis06,rw_kurtosis07,rw_kurtosis08,rw_kurtosis09,rw_kurtosis10,avg_moving_speed01,avg_moving_speed02,avg_moving_speed03,avg_moving_speed04,avg_moving_speed05,avg_moving_speed06,avg_moving_speed07,avg_moving_speed08,avg_moving_speed09,avg_moving_speed10,time_moving01,time_moving02,time_moving03,time_moving04,time_moving05,time_moving06,time_moving07,time_moving08,time_moving09,time_moving10,autocorr_1,autocorr_2,autocorr_3,autocorr_4,autocorr_5,autocorr_6,autocorr_7,autocorr_8,autocorr_9,autocorr_10,p_rturn_9_5,p_rturn_9_6,p_rturn_10_5,p_rturn_10_6,p_rturn_11_5,p_rturn_11_6,mean_theta_9_5,min_theta_9_5,max_theta_9_5,mean_theta_9_6,min_theta_9_6,max_theta_9_6,mean_theta_10_5,min_theta_10_5,max_theta_10_5,mean_theta_10_6,min_theta_10_6,max_theta_10_6,mean_theta_11_5,min_theta_11_5,max_theta_11_5,mean_theta_11_6,min_theta_11_6,max_theta_11_6
WellE04_Seq0017/xy11,0,1109.2621466304893,73.38542225810242,0.862677844861,0.878851782286,0.06615696973075215,26.06040997375137,0.5608921464952068,14.7901619551,1.2248399979,0.745875585552,0.684587323836,185.944729853,1.9711058908397756,0.608906886946,-108.959940666,3.362710008269052,4.41539250818195,-0.8110978618376561,0.8311994046193383,3.6792947996059953,0.49493803954640336,1.16386472666838,-0.6869685310666811,-1.1081618629019356,-0.8316566517245709,8.42841717159,8.96521169362,9.52062159337,9.9482446013,10.7417682219,11.0882109954,11.6763077889,12.777915954,13.4078544102,15.2619266109,0.9577464788732394,0.8873239436619719,0.8169014084507042,0.7605633802816901,0.6619718309859155,0.6197183098591549,0.5492957746478874,0.43661971830985913,0.38028169014084506,0.2535211267605634,0.465449431203,0.277232738959,0.17357699524,0.12941052637,0.0573907774136,0.189631550075,0.0847086517832,-0.00807472844949,-0.0471308709555,0.052261058315,0.47619047619,0.47619047619,0.5,0.5,0.4,0.45,0.292185038374,0.00852699632848074,0.9657229822808593,0.286275461152,0.009157793545377916,0.9658331986079446,0.306978076423,0.015166802254144482,1.522666198019924,0.299489057043,0.020238480623379698,1.5227764143470095,0.287598037732,0.00622973654780487,0.9721848842671243,0.277338700374,0.022487449587358748,0.9546977805404111
