Well/XY,cell_id,total_distance,net_distance,linearity,spearmanrsq,progressivity,max_speed,min_speed,avg_speed,MSD_slope,hurst_RS,nongauss,disp_var,disp_skew,rw_linearity,rw_netdist,rw_kurtosis01,rw_kurtosis02,rw_kurtosis03,rw_kurtosis04,rw_kurtosis05,rw_kurtosis06,rw_kurtosis07,rw_kurtosis08,rw_kurtosis09,rw_kurtosis10,avg_moving_speed01,avg_moving_speed02,avg_moving_speed03,avg_moving_speed04,avg_moving_speed05,avg_moving_speed06,avg_moving_speed07,avg_moving_speed08,avg_moving_speed09,avg_moving_speed10,time_moving01,time_moving02,time_moving03,time_moving04,time_moving05,time_moving06,time_moving07,time_moving08,time_moving09,time_moving10,autocorr_1,autocorr_2,autocorr_3,autocorr_4,autocorr_5,autocorr_6,autocorr_7,autocorr_8,autocorr_9,autocorr_10,p_rturn_9_5,p_rturn_9_6,p_rturn_10_5,p_rturn_10_6,p_rturn_11_5,p_rturn_11_6,mean_theta_9_5,min_theta_9_5,max_theta_9_5,mean_theta_9_6,min_theta_9_6,max_theta_9_6,mean_theta_10_5,min_theta_10_5,max_theta_10_5,mean_theta_10_6,min_theta_10_6,max_theta_10_6,mean_theta_11_5,min_theta_11_5,max_theta_11_5,mean_theta_11_6,min_theta_11_6,max_theta_11_6
WellE04_Seq0017/xy15,0,1891.8482610718333,1095.809213914539,0.618008808261,0.620625046938,0.5792267997718297,45.78770232278532,1.8371858915199628,25.224643481,1.71482129697,0.785325696813,0.500917452388,462.677181104,1.8178068840564523,0.38087404347,784.818922927,3.5631984557143648,2.9145706099946374,0.46895128942566044,-0.04445438685489966,-1.061716778870636,-0.43962128854449345,-1.3733934786743485,-1.0353059064918808,-0.807452709719402,-0.17095630239240522,18.1070446911,18.1070446911,18.3250021616,18.7649395676,19.4158791925,19.6374233818,20.2903737428,20.9508647647,21.3991380843,22.3161174136,1.0,1.0,0.9859154929577465,0.9577464788732394,0.9154929577464789,0.9014084507042254,0.8591549295774648,0.8169014084507042,0.7887323943661971,0.7323943661971831,0.205662205479,0.330780802533,0.314953133421,0.00533416602481,0.176530285502,-0.106310550318,-0.034210975806,-0.0743243787009,-0.114445958229,-0.108878504701,0.619047619048,0.666666666667,0.6,0.6,0.65,0.7,1.17013316399,0.1297375136441762,2.8262099595346766,1.06593971913,0.0575527169275259,2.8497970749440373,1.01967445637,0.12797581979680273,2.7258402676380347,1.00598597985,0.112343117864698,2.7494273830473954,1.22110777463,0.11695735423764722,2.674721629371776,1.20684135507,0.05440273715027812,2.7236835136323267
