Well/XY,cell_id,total_distance,net_distance,linearity,spearmanrsq,progressivity,max_speed,min_speed,avg_speed,MSD_slope,hurst_RS,nongauss,disp_var,disp_skew,rw_linearity,rw_netdist,rw_kurtosis01,rw_kurtosis02,rw_kurtosis03,rw_kurtosis04,rw_kurtosis05,rw_kurtosis06,rw_kurtosis07,rw_kurtosis08,rw_kurtosis09,rw_kurtosis10,avg_moving_speed01,avg_moving_speed02,avg_moving_speed03,avg_moving_speed04,avg_moving_speed05,avg_moving_speed06,avg_moving_speed07,avg_moving_speed08,avg_moving_speed09,avg_moving_speed10,time_moving01,time_moving02,time_moving03,time_moving04,time_moving05,time_moving06,time_moving07,time_moving08,time_moving09,time_moving10,autocorr_1,autocorr_2,autocorr_3,autocorr_4,autocorr_5,autocorr_6,autocorr_7,autocorr_8,autocorr_9,autocorr_10,p_rturn_9_5,p_rturn_9_6,p_rturn_10_5,p_rturn_10_6,p_rturn_11_5,p_rturn_11_6,mean_theta_9_5,min_theta_9_5,max_theta_9_5,mean_theta_9_6,min_theta_9_6,max_theta_9_6,mean_theta_10_5,min_theta_10_5,max_theta_10_5,mean_theta_10_6,min_theta_10_6,max_theta_10_6,mean_theta_11_5,min_theta_11_5,max_theta_11_5,mean_theta_11_6,min_theta_11_6,max_theta_11_6
WellE04_Seq0017/xy14,0,2523.043396208997,598.7477348600162,0.00815229902103,0.0134900084191,0.23731170686943617,51.04709981967635,1.8139459749397067,33.6405786161,1.27382472714,0.771592828707,-0.143621369161,588.774001231,0.7113887023190113,-0.2123373534,183.998827082,-0.22451011163553947,0.668986972318308,0.10364641827804322,0.751720481130218,-0.0883087666916027,0.20719483947949602,0.851355269139229,-0.6348913806751715,-0.35345764928614676,1.1385549455545485,18.8244286626,18.8244286626,19.2962688283,20.5351642935,20.7869387843,21.8280307719,22.6710885047,24.1619731046,24.4842191507,27.3354485409,1.0,1.0,0.971830985915493,0.9014084507042254,0.8873239436619719,0.8309859154929577,0.7887323943661971,0.7183098591549296,0.704225352112676,0.5915492957746479,0.280891123265,0.156377288898,0.386565624203,0.104927010281,-0.0593859910517,0.121619577565,-0.0154584081004,0.0217102208289,-0.107257046568,-0.0499995206079,0.714285714286,0.714285714286,0.6,0.6,0.65,0.7,0.675416823714,0.0683845832025476,1.7978645424906252,0.649289245057,0.06472525355982475,1.8917935477963668,0.731791704057,0.13448908378488839,1.7531718216535381,0.698954836413,0.09039495348209593,1.8471008269592797,0.681362815745,0.12120126863567138,1.6971016224693192,0.663975235559,0.07710713833288135,1.7910306277750607
