Well/XY,cell_id,total_distance,net_distance,linearity,spearmanrsq,progressivity,max_speed,min_speed,avg_speed,MSD_slope,hurst_RS,nongauss,disp_var,disp_skew,rw_linearity,rw_netdist,rw_kurtosis01,rw_kurtosis02,rw_kurtosis03,rw_kurtosis04,rw_kurtosis05,rw_kurtosis06,rw_kurtosis07,rw_kurtosis08,rw_kurtosis09,rw_kurtosis10,avg_moving_speed01,avg_moving_speed02,avg_moving_speed03,avg_moving_speed04,avg_moving_speed05,avg_moving_speed06,avg_moving_speed07,avg_moving_speed08,avg_moving_speed09,avg_moving_speed10,time_moving01,time_moving02,time_moving03,time_moving04,time_moving05,time_moving06,time_moving07,time_moving08,time_moving09,time_moving10,autocorr_1,autocorr_2,autocorr_3,autocorr_4,autocorr_5,autocorr_6,autocorr_7,autocorr_8,autocorr_9,autocorr_10,p_rturn_9_5,p_rturn_9_6,p_rturn_10_5,p_rturn_10_6,p_rturn_11_5,p_rturn_11_6,mean_theta_9_5,min_theta_9_5,max_theta_9_5,mean_theta_9_6,min_theta_9_6,max_theta_9_6,mean_theta_10_5,min_theta_10_5,max_theta_10_5,mean_theta_10_6,min_theta_10_6,max_theta_10_6,mean_theta_11_5,min_theta_11_5,max_theta_11_5,mean_theta_11_6,min_theta_11_6,max_theta_11_6
WellC03_Seq0018/xy24,0,51.49567897009276,1.6297545827516822,0.0638166907942,0.0722551956033,0.03164837546269072,0.5484706008529631,0.014422205101861759,0.83057546726,0.249356227457,0.487553772913,-0.211571270147,0.274215030555,0.7333734178879193,-0.174076480287,-7.69343191428,0.07432534628295562,-1.1712579187330567,-1.1860606831511131,-1.3919528525236742,-0.5556785943896325,-0.7699948431488655,-1.433164254162469,-0.5112068176520292,-1.4323363205825737,-0.43152583260551536,0.0,0.0,0.0,0.0,0.0,0.0,0.0,0.0,0.0,0.0,0.0,0.0,0.0,0.0,0.0,0.0,0.0,0.0,0.0,0.0,0.319516695717,0.0558410127557,-0.297111460833,-0.238763266598,-0.300077522946,-0.185179799065,-0.0761252853627,0.164865386989,0.360054769086,0.203064461778,0.375,0.375,0.5,0.4375,0.5,0.5,0.702922553431,0.0006481186343385676,1.2038349760752831,0.678107800454,0.00225154934927448,1.1820328022033884,0.682966962822,0.06546308357161047,1.5928550793685123,0.674386166601,0.08218361670106751,1.5710529054966178,0.538775387639,0.0032422304177458397,1.1945717760663082,0.539674105069,0.05820897183508709,1.1855147350457471
