Well/XY,cell_id,total_distance,net_distance,linearity,spearmanrsq,progressivity,max_speed,min_speed,avg_speed,MSD_slope,hurst_RS,nongauss,disp_var,disp_skew,rw_linearity,rw_netdist,rw_kurtosis01,rw_kurtosis02,rw_kurtosis03,rw_kurtosis04,rw_kurtosis05,rw_kurtosis06,rw_kurtosis07,rw_kurtosis08,rw_kurtosis09,rw_kurtosis10,avg_moving_speed01,avg_moving_speed02,avg_moving_speed03,avg_moving_speed04,avg_moving_speed05,avg_moving_speed06,avg_moving_speed07,avg_moving_speed08,avg_moving_speed09,avg_moving_speed10,time_moving01,time_moving02,time_moving03,time_moving04,time_moving05,time_moving06,time_moving07,time_moving08,time_moving09,time_moving10,autocorr_1,autocorr_2,autocorr_3,autocorr_4,autocorr_5,autocorr_6,autocorr_7,autocorr_8,autocorr_9,autocorr_10,p_rturn_9_5,p_rturn_9_6,p_rturn_10_5,p_rturn_10_6,p_rturn_11_5,p_rturn_11_6,mean_theta_9_5,min_theta_9_5,max_theta_9_5,mean_theta_9_6,min_theta_9_6,max_theta_9_6,mean_theta_10_5,min_theta_10_5,max_theta_10_5,mean_theta_10_6,min_theta_10_6,max_theta_10_6,mean_theta_11_5,min_theta_11_5,max_theta_11_5,mean_theta_11_6,min_theta_11_6,max_theta_11_6
WellE05_Seq0032/xy08,0,305.91027738189786,4.239999999999895,0.119887197245,0.0832220921823,0.013860273137233264,3.582037967414661,0.10239140588936221,4.02513522871,0.472156227445,0.6477522259,-0.255087233988,5.34884284118,0.8605522386096136,-0.125860612839,-45.7106145693,0.14593999083898446,0.24931951973049182,1.0990927887508084,1.0630543099243024,-0.6600087147056275,-1.358048931625079,0.6697747045269913,0.6557455602194016,-0.6986415557257377,-1.5096437768387803,1.82543142431,2.59034074533,3.40535662359,0.0,0.0,0.0,0.0,0.0,0.0,0.0,0.5555555555555556,0.16666666666666666,0.027777777777777776,0.0,0.0,0.0,0.0,0.0,0.0,0.0,-0.0117542153751,-0.0598709786982,0.177404212151,-0.03236473818,-0.0803589730544,-0.0840177300243,-0.0920783056079,0.0900548143932,-0.0663056310876,-0.127566674561,0.571428571429,0.47619047619,0.47619047619,0.47619047619,0.65,0.7,0.774058212774,0.01710013317957581,2.0039940410726134,0.737019733172,0.029983813499899512,1.9600944076600701,0.832188188299,0.035821651511963246,1.8014893672215344,0.801645068006,0.06273465375274652,1.7575897338089914,0.861053271314,0.055172344131776005,1.9903144554337855,0.834072970997,0.024720168592984273,1.9464148220212423
