Well/XY,cell_id,total_distance,net_distance,linearity,spearmanrsq,progressivity,max_speed,min_speed,avg_speed,MSD_slope,hurst_RS,nongauss,disp_var,disp_skew,rw_linearity,rw_netdist,rw_kurtosis01,rw_kurtosis02,rw_kurtosis03,rw_kurtosis04,rw_kurtosis05,rw_kurtosis06,rw_kurtosis07,rw_kurtosis08,rw_kurtosis09,rw_kurtosis10,avg_moving_speed01,avg_moving_speed02,avg_moving_speed03,avg_moving_speed04,avg_moving_speed05,avg_moving_speed06,avg_moving_speed07,avg_moving_speed08,avg_moving_speed09,avg_moving_speed10,time_moving01,time_moving02,time_moving03,time_moving04,time_moving05,time_moving06,time_moving07,time_moving08,time_moving09,time_moving10,autocorr_1,autocorr_2,autocorr_3,autocorr_4,autocorr_5,autocorr_6,autocorr_7,autocorr_8,autocorr_9,autocorr_10,p_rturn_9_5,p_rturn_9_6,p_rturn_10_5,p_rturn_10_6,p_rturn_11_5,p_rturn_11_6,mean_theta_9_5,min_theta_9_5,max_theta_9_5,mean_theta_9_6,min_theta_9_6,max_theta_9_6,mean_theta_10_5,min_theta_10_5,max_theta_10_5,mean_theta_10_6,min_theta_10_6,max_theta_10_6,mean_theta_11_5,min_theta_11_5,max_theta_11_5,mean_theta_11_6,min_theta_11_6,max_theta_11_6
WellE05_Seq0032/xy23,0,986.0512645793684,257.7258233084144,0.543964688099,0.720626331474,0.261371626979613,12.979738055908518,1.2041594578792296,12.9743587445,1.2827734667,0.666836581904,0.0146962797205,99.4613335707,1.0489201375818327,0.287134641642,96.7182655236,0.5059133320653446,-0.8068731954246613,-1.138343773137328,0.18756935359377414,-0.4611586748683818,0.5357210359093805,-0.18029347099287962,-1.337334362923443,-1.3365935623244452,-0.8080085796173067,5.50668346037,5.88025646536,6.39933528816,6.88172805759,7.71587320029,8.16791022619,9.20572149725,9.53430140122,10.902188099,11.0764000566,0.9861111111111112,0.9027777777777778,0.7777777777777778,0.6666666666666666,0.4861111111111111,0.4027777777777778,0.25,0.20833333333333334,0.09722222222222222,0.08333333333333333,0.016485272954,-0.188915719831,0.016397487843,0.222101098402,-0.0583034431845,-0.0852596976996,0.0204936578777,-0.0398266924095,0.0555608161917,0.0447032685367,0.52380952381,0.571428571429,0.428571428571,0.428571428571,0.4,0.35,0.745361025845,0.09288375094126129,2.023131812832651,0.735272881066,0.014059868542624204,2.0892622271116217,0.783075386547,0.08686927148380522,2.171500236430451,0.787359167719,0.09422376209369471,2.273519822764869,0.834425850158,0.042969894115453086,2.2829924268599657,0.853954837842,0.05789418856471051,2.385012013194383
