Well/XY,cell_id,total_distance,net_distance,linearity,spearmanrsq,progressivity,max_speed,min_speed,avg_speed,MSD_slope,hurst_RS,nongauss,disp_var,disp_skew,rw_linearity,rw_netdist,rw_kurtosis01,rw_kurtosis02,rw_kurtosis03,rw_kurtosis04,rw_kurtosis05,rw_kurtosis06,rw_kurtosis07,rw_kurtosis08,rw_kurtosis09,rw_kurtosis10,avg_moving_speed01,avg_moving_speed02,avg_moving_speed03,avg_moving_speed04,avg_moving_speed05,avg_moving_speed06,avg_moving_speed07,avg_moving_speed08,avg_moving_speed09,avg_moving_speed10,time_moving01,time_moving02,time_moving03,time_moving04,time_moving05,time_moving06,time_moving07,time_moving08,time_moving09,time_moving10,autocorr_1,autocorr_2,autocorr_3,autocorr_4,autocorr_5,autocorr_6,autocorr_7,autocorr_8,autocorr_9,autocorr_10,p_rturn_9_5,p_rturn_9_6,p_rturn_10_5,p_rturn_10_6,p_rturn_11_5,p_rturn_11_6,mean_theta_9_5,min_theta_9_5,max_theta_9_5,mean_theta_9_6,min_theta_9_6,max_theta_9_6,mean_theta_10_5,min_theta_10_5,max_theta_10_5,mean_theta_10_6,min_theta_10_6,max_theta_10_6,mean_theta_11_5,min_theta_11_5,max_theta_11_5,mean_theta_11_6,min_theta_11_6,max_theta_11_6
WellE05_Seq0032/xy14,0,2363.1131063212265,677.123207990983,0.593810259192,0.372339707096,0.2865386367583115,45.09815965203015,1.8740672346530183,31.0935935042,1.08222032215,0.697456636868,0.356786458232,750.645365075,1.5496737517550498,0.345390624523,291.261860122,2.0385067139952655,0.9142252933947552,-0.18840560380030258,-1.1371541889798134,-0.8877125976916869,-0.6114025928639761,-1.383586663928587,-1.268039036711142,-0.37804979445513487,-1.5780085312767729,19.7155147124,19.9783323565,20.2222442282,20.471083789,20.471083789,21.654815839,22.143011779,22.3774281743,22.6090568476,23.8086114172,1.0,0.9861111111111112,0.9722222222222222,0.9583333333333334,0.9583333333333334,0.8888888888888888,0.8611111111111112,0.8472222222222222,0.8333333333333334,0.7638888888888888,0.114518581843,-0.0350658151377,0.140693413676,-0.114188441068,-0.122535890146,-0.131205811462,-0.162940777616,0.231675057791,0.27988985032,0.189884660213,0.333333333333,0.333333333333,0.238095238095,0.238095238095,0.15,0.15,0.826628775391,0.011221760529316427,2.5666023161785354,0.765626940373,0.024325133656263244,2.559103261660635,0.951739341104,0.08459618228944904,2.280730109115304,0.883488407365,0.19034579793156162,2.2732310545974035,0.914833646526,0.08982008660259985,2.174002142068811,0.840415370981,0.20317564537349841,2.16650308755091
