Well/XY,cell_id,total_distance,net_distance,linearity,spearmanrsq,progressivity,max_speed,min_speed,avg_speed,MSD_slope,hurst_RS,nongauss,disp_var,disp_skew,rw_linearity,rw_netdist,rw_kurtosis01,rw_kurtosis02,rw_kurtosis03,rw_kurtosis04,rw_kurtosis05,rw_kurtosis06,rw_kurtosis07,rw_kurtosis08,rw_kurtosis09,rw_kurtosis10,avg_moving_speed01,avg_moving_speed02,avg_moving_speed03,avg_moving_speed04,avg_moving_speed05,avg_moving_speed06,avg_moving_speed07,avg_moving_speed08,avg_moving_speed09,avg_moving_speed10,time_moving01,time_moving02,time_moving03,time_moving04,time_moving05,time_moving06,time_moving07,time_moving08,time_moving09,time_moving10,autocorr_1,autocorr_2,autocorr_3,autocorr_4,autocorr_5,autocorr_6,autocorr_7,autocorr_8,autocorr_9,autocorr_10,p_rturn_9_5,p_rturn_9_6,p_rturn_10_5,p_rturn_10_6,p_rturn_11_5,p_rturn_11_6,mean_theta_9_5,min_theta_9_5,max_theta_9_5,mean_theta_9_6,min_theta_9_6,max_theta_9_6,mean_theta_10_5,min_theta_10_5,max_theta_10_5,mean_theta_10_6,min_theta_10_6,max_theta_10_6,mean_theta_11_5,min_theta_11_5,max_theta_11_5,mean_theta_11_6,min_theta_11_6,max_theta_11_6
WellF11_Seq0009/xy09,0,310.56338175149835,15.799050604387677,0.906010468766,0.885507540201,0.05087222619513304,6.9189317094476435,0.7696648621315483,5.00908680244,1.26816669628,0.500183938589,0.0348159549566,10.6571181059,1.5288892655086779,0.665531447636,-40.4278093017,2.871616975601416,1.021269971527225,-0.17811928323709125,-0.3891112907086729,-0.5556149209980208,-0.8692215520263171,-0.8144129732713319,-1.366808707347821,-1.4602735815634178,-0.6920333269378727,3.9989071326,4.50783812744,5.31833028103,5.87602767532,6.53964713476,6.98474428255,7.43547909384,0.0,0.0,0.0,0.9655172413793104,0.7931034482758621,0.5689655172413793,0.4482758620689655,0.3103448275862069,0.22413793103448276,0.1206896551724138,0.0,0.0,0.0,0.20227796439,0.0167827731721,-0.115538289659,-0.0652311170431,-0.0365308322863,-0.207908549681,-0.170959225395,-0.197624020407,-0.148312405145,-0.0445556181429,0.5,0.375,0.5,0.4375,0.5,0.5,0.372398832351,0.030440421310845952,0.9093404203490291,0.317153302417,0.0025682410237938633,0.820618015437809,0.344895925638,0.022576114175674702,0.9747987584508201,0.292324443551,0.0004455475832488571,0.7878343147152599,0.568000354244,0.004940496650176615,1.9886095582856458,0.522909578945,0.0013843090068601735,1.9565649234029288
