Well/XY,cell_id,total_distance,net_distance,linearity,spearmanrsq,progressivity,max_speed,min_speed,avg_speed,MSD_slope,hurst_RS,nongauss,disp_var,disp_skew,rw_linearity,rw_netdist,rw_kurtosis01,rw_kurtosis02,rw_kurtosis03,rw_kurtosis04,rw_kurtosis05,rw_kurtosis06,rw_kurtosis07,rw_kurtosis08,rw_kurtosis09,rw_kurtosis10,avg_moving_speed01,avg_moving_speed02,avg_moving_speed03,avg_moving_speed04,avg_moving_speed05,avg_moving_speed06,avg_moving_speed07,avg_moving_speed08,avg_moving_speed09,avg_moving_speed10,time_moving01,time_moving02,time_moving03,time_moving04,time_moving05,time_moving06,time_moving07,time_moving08,time_moving09,time_moving10,autocorr_1,autocorr_2,autocorr_3,autocorr_4,autocorr_5,autocorr_6,autocorr_7,autocorr_8,autocorr_9,autocorr_10,p_rturn_9_5,p_rturn_9_6,p_rturn_10_5,p_rturn_10_6,p_rturn_11_5,p_rturn_11_6,mean_theta_9_5,min_theta_9_5,max_theta_9_5,mean_theta_9_6,min_theta_9_6,max_theta_9_6,mean_theta_10_5,min_theta_10_5,max_theta_10_5,mean_theta_10_6,min_theta_10_6,max_theta_10_6,mean_theta_11_5,min_theta_11_5,max_theta_11_5,mean_theta_11_6,min_theta_11_6,max_theta_11_6
WellC11_Seq0010/xy11,0,1109.3924180205374,639.0623075256434,0.640492397192,0.634238588954,0.5760471201578131,26.050014126675613,2.057528614624844,14.7918989069,1.78580379691,0.789627188406,-0.0675980318419,81.5970191398,1.43630082893538,0.398681291413,456.695530021,2.135632370475488,2.1579469285184496,2.663133702940769,1.4981618699571388,2.079254021443684,4.325339768818745,1.2992108968228404,2.8335658233366585,0.655892200841345,0.30723071618415165,11.9510231075,12.1029837336,12.1029837336,12.3495998427,12.3495998427,12.3495998427,12.9154524397,13.4829897311,14.2265013224,15.2812346423,1.0,0.9859154929577465,0.9859154929577465,0.9577464788732394,0.9577464788732394,0.9577464788732394,0.8732394366197183,0.7887323943661971,0.6901408450704225,0.5633802816901409,0.468332685398,0.465735783926,0.289261182782,0.201262967149,-0.0862749550711,-0.0749927872189,-0.19713113914,-0.25411978392,-0.170505266873,-0.167540102524,0.52380952381,0.52380952381,0.65,0.65,0.6,0.65,0.66944676691,0.03542576208430322,2.6495254408255877,0.685338227312,0.0018507115292808096,2.782680106571448,0.592557676719,0.005774164809128143,2.526450262468086,0.5964987399,0.019186281267041812,2.6083746442899662,0.702813765342,0.014506733611865354,2.6293452834284765,0.700860162893,0.002972697145638918,2.6098324803258794
