Well/XY,cell_id,total_distance,net_distance,linearity,spearmanrsq,progressivity,max_speed,min_speed,avg_speed,MSD_slope,hurst_RS,nongauss,disp_var,disp_skew,rw_linearity,rw_netdist,rw_kurtosis01,rw_kurtosis02,rw_kurtosis03,rw_kurtosis04,rw_kurtosis05,rw_kurtosis06,rw_kurtosis07,rw_kurtosis08,rw_kurtosis09,rw_kurtosis10,avg_moving_speed01,avg_moving_speed02,avg_moving_speed03,avg_moving_speed04,avg_moving_speed05,avg_moving_speed06,avg_moving_speed07,avg_moving_speed08,avg_moving_speed09,avg_moving_speed10,time_moving01,time_moving02,time_moving03,time_moving04,time_moving05,time_moving06,time_moving07,time_moving08,time_moving09,time_moving10,autocorr_1,autocorr_2,autocorr_3,autocorr_4,autocorr_5,autocorr_6,autocorr_7,autocorr_8,autocorr_9,autocorr_10,p_rturn_9_5,p_rturn_9_6,p_rturn_10_5,p_rturn_10_6,p_rturn_11_5,p_rturn_11_6,mean_theta_9_5,min_theta_9_5,max_theta_9_5,mean_theta_9_6,min_theta_9_6,max_theta_9_6,mean_theta_10_5,min_theta_10_5,max_theta_10_5,mean_theta_10_6,min_theta_10_6,max_theta_10_6,mean_theta_11_5,min_theta_11_5,max_theta_11_5,mean_theta_11_6,min_theta_11_6,max_theta_11_6
WellC11_Seq0010/xy02,0,1246.8965901579706,251.15688821929612,0.151958249918,0.138662681841,0.2014255955158854,37.32805936557645,1.6539359116966987,16.6252878688,1.31318615664,0.737628535743,1.11230302327,261.313421331,2.2995266126725453,-0.0850045546815,46.186573536,5.622254844103013,3.484255163195031,3.047460438397156,0.9731650644024472,0.36044698944554376,-0.7507167982752159,0.7441114856118101,-0.9515770927881655,-1.1042200862766818,-0.080591734490989,9.91756395373,10.037053167,10.5013488969,10.8371680647,11.5025857986,11.8363510987,12.7582504276,14.2283478177,14.7513745387,15.2561308653,1.0,0.9859154929577465,0.9295774647887324,0.8873239436619719,0.8028169014084507,0.7605633802816901,0.647887323943662,0.5070422535211268,0.4647887323943662,0.4225352112676056,0.416782959773,0.0609155990949,0.0803012321637,0.11004919992,0.142416319973,0.175831569745,0.0885213030672,-0.0861827715197,-0.0375665228973,0.00303255338766,0.714285714286,0.619047619048,0.7,0.7,0.55,0.55,0.788671119831,0.056912670322450024,2.067304919855507,0.812788456526,0.025676603246366957,2.1644742117512097,0.82903354747,0.02050863906711631,2.134010848282157,0.857847991964,0.0637648724515828,2.2311801401778597,0.819277442677,0.008425439267707207,2.231410114723669,0.831508710158,0.029597883646385898,2.328579406619372
