Well/XY,cell_id,total_distance,net_distance,linearity,spearmanrsq,progressivity,max_speed,min_speed,avg_speed,MSD_slope,hurst_RS,nongauss,disp_var,disp_skew,rw_linearity,rw_netdist,rw_kurtosis01,rw_kurtosis02,rw_kurtosis03,rw_kurtosis04,rw_kurtosis05,rw_kurtosis06,rw_kurtosis07,rw_kurtosis08,rw_kurtosis09,rw_kurtosis10,avg_moving_speed01,avg_moving_speed02,avg_moving_speed03,avg_moving_speed04,avg_moving_speed05,avg_moving_speed06,avg_moving_speed07,avg_moving_speed08,avg_moving_speed09,avg_moving_speed10,time_moving01,time_moving02,time_moving03,time_moving04,time_moving05,time_moving06,time_moving07,time_moving08,time_moving09,time_moving10,autocorr_1,autocorr_2,autocorr_3,autocorr_4,autocorr_5,autocorr_6,autocorr_7,autocorr_8,autocorr_9,autocorr_10,p_rturn_9_5,p_rturn_9_6,p_rturn_10_5,p_rturn_10_6,p_rturn_11_5,p_rturn_11_6,mean_theta_9_5,min_theta_9_5,max_theta_9_5,mean_theta_9_6,min_theta_9_6,max_theta_9_6,mean_theta_10_5,min_theta_10_5,max_theta_10_5,mean_theta_10_6,min_theta_10_6,max_theta_10_6,mean_theta_11_5,min_theta_11_5,max_theta_11_5,mean_theta_11_6,min_theta_11_6,max_theta_11_6
WellC11_Seq0010/xy21,0,765.3390064093975,308.2585927431709,0.227066047589,0.196966881877,0.4027739213102073,10.259551647123748,1.4235167719419668,10.2045200855,1.72169572805,0.770295147608,-0.233785018864,31.6088741301,1.0770712013720092,0.0377852200821,182.448819726,0.8741896201330781,-0.09139076706645621,-0.7984053622600689,0.031123610599732565,0.47434753262747664,-0.9869929407486895,-0.2197800192055115,-1.3863704407401807,-1.6657020063587886,-1.1600120329846964,6.44912512,6.73496263108,6.73496263108,6.99900076725,7.3926374084,8.27680265612,8.86934104623,9.48883019851,10.1428797938,10.8617746073,1.0,0.9436619718309859,0.9436619718309859,0.8732394366197183,0.7464788732394366,0.5211267605633803,0.38028169014084506,0.2676056338028169,0.15492957746478872,0.07042253521126761,0.321611187947,0.180364520459,0.109499331337,0.153871659474,0.180457042386,0.283182578252,0.0261987689562,0.098316157411,0.108566528078,-0.101537709622,0.285714285714,0.238095238095,0.25,0.25,0.35,0.25,0.233974462383,0.05437152736126507,0.68287149366128,0.24956375663,0.047720367169136836,0.6799825974300773,0.262586211707,0.03636709814179259,0.4993450207547608,0.275229375192,0.008075698178414794,0.541760452753808,0.220570539447,0.015087562115664071,0.579092469226076,0.234534086717,0.01320383784770049,0.4999871458406182
