Well/XY,cell_id,total_distance,net_distance,linearity,spearmanrsq,progressivity,max_speed,min_speed,avg_speed,MSD_slope,hurst_RS,nongauss,disp_var,disp_skew,rw_linearity,rw_netdist,rw_kurtosis01,rw_kurtosis02,rw_kurtosis03,rw_kurtosis04,rw_kurtosis05,rw_kurtosis06,rw_kurtosis07,rw_kurtosis08,rw_kurtosis09,rw_kurtosis10,avg_moving_speed01,avg_moving_speed02,avg_moving_speed03,avg_moving_speed04,avg_moving_speed05,avg_moving_speed06,avg_moving_speed07,avg_moving_speed08,avg_moving_speed09,avg_moving_speed10,time_moving01,time_moving02,time_moving03,time_moving04,time_moving05,time_moving06,time_moving07,time_moving08,time_moving09,time_moving10,autocorr_1,autocorr_2,autocorr_3,autocorr_4,autocorr_5,autocorr_6,autocorr_7,autocorr_8,autocorr_9,autocorr_10,p_rturn_9_5,p_rturn_9_6,p_rturn_10_5,p_rturn_10_6,p_rturn_11_5,p_rturn_11_6,mean_theta_9_5,min_theta_9_5,max_theta_9_5,mean_theta_9_6,min_theta_9_6,max_theta_9_6,mean_theta_10_5,min_theta_10_5,max_theta_10_5,mean_theta_10_6,min_theta_10_6,max_theta_10_6,mean_theta_11_5,min_theta_11_5,max_theta_11_5,mean_theta_11_6,min_theta_11_6,max_theta_11_6
WellC11_Seq0010/xy19,0,1660.7781197250588,190.9457315574246,0.395840421673,0.425571179549,0.11497365559526736,27.07718899738302,1.5770212427231176,22.143708263,1.52786350932,0.656498445146,-0.158876376418,181.972724395,1.1059467854624618,0.1493705824,-82.0602390308,0.6908451166475986,1.322967296063279,-0.867997859959345,-0.0017734429200233492,-1.0602937138878272,-0.6449134623136863,-0.8860702941706959,-1.0481791107448832,-1.0106989607595291,-1.4927759073059566,14.2161688371,14.2161688371,14.3836671803,14.5408409079,14.5408409079,14.5408409079,14.9105656517,15.1328187453,15.2383609354,15.9573980249,1.0,1.0,0.9859154929577465,0.971830985915493,0.971830985915493,0.971830985915493,0.9295774647887324,0.9014084507042254,0.8873239436619719,0.7887323943661971,0.152925342098,-0.010225808449,-0.150892006109,0.0448630454154,0.0677744934069,0.111103397972,0.0870988202491,0.210477762989,0.169439617467,-0.0990394832321,0.714285714286,0.619047619048,0.65,0.55,0.65,0.6,0.824213743626,0.03231529230270733,2.3737503772227058,0.796958097149,0.0863841422250212,2.340309879094055,0.806116994258,0.00788582297929216,2.278912757203089,0.748572366324,0.028646302653373375,2.2790972546367754,0.966946809643,0.0842404122708417,2.464806340725585,0.906698686888,0.014162261032245622,2.461217809346165
