Well/XY,cell_id,total_distance,net_distance,linearity,spearmanrsq,progressivity,max_speed,min_speed,avg_speed,MSD_slope,hurst_RS,nongauss,disp_var,disp_skew,rw_linearity,rw_netdist,rw_kurtosis01,rw_kurtosis02,rw_kurtosis03,rw_kurtosis04,rw_kurtosis05,rw_kurtosis06,rw_kurtosis07,rw_kurtosis08,rw_kurtosis09,rw_kurtosis10,avg_moving_speed01,avg_moving_speed02,avg_moving_speed03,avg_moving_speed04,avg_moving_speed05,avg_moving_speed06,avg_moving_speed07,avg_moving_speed08,avg_moving_speed09,avg_moving_speed10,time_moving01,time_moving02,time_moving03,time_moving04,time_moving05,time_moving06,time_moving07,time_moving08,time_moving09,time_moving10,autocorr_1,autocorr_2,autocorr_3,autocorr_4,autocorr_5,autocorr_6,autocorr_7,autocorr_8,autocorr_9,autocorr_10,p_rturn_9_5,p_rturn_9_6,p_rturn_10_5,p_rturn_10_6,p_rturn_11_5,p_rturn_11_6,mean_theta_9_5,min_theta_9_5,max_theta_9_5,mean_theta_9_6,min_theta_9_6,max_theta_9_6,mean_theta_10_5,min_theta_10_5,max_theta_10_5,mean_theta_10_6,min_theta_10_6,max_theta_10_6,mean_theta_11_5,min_theta_11_5,max_theta_11_5,mean_theta_11_6,min_theta_11_6,max_theta_11_6
WellC11_Seq0010/xy13,0,2433.898522321109,735.580378884592,0.685615130521,0.615522295455,0.30222310919647516,47.01081067158914,2.328131439588428,32.4519802976,1.52255833687,0.78207899381,0.469185942756,783.843872402,1.7501481398635654,0.467604241414,335.485495343,3.2292569982801957,0.008580668618283216,2.962062611719321,-0.78476723788379,-0.8528285652515102,0.1631125316953912,-0.41147707839139835,-1.2050831074505917,0.2690192803447977,-1.1627315297202172,15.9401234223,15.9401234223,15.9401234223,16.1196888233,16.1196888233,16.4249113556,16.8881783524,17.8584254398,18.5442620538,19.8693584155,1.0,1.0,1.0,0.9859154929577465,0.9859154929577465,0.9577464788732394,0.9154929577464789,0.8309859154929577,0.7746478873239436,0.676056338028169,0.364736880707,0.132672401135,0.0990685419066,0.0597897822828,0.170793462651,0.108205529972,0.0424363518989,-0.0156332169927,0.0662845592306,-0.0372241783783,0.52380952381,0.52380952381,0.65,0.65,0.6,0.5,0.284200556308,0.0026234114614053857,0.7487302445874879,0.250942799622,0.00550925603710591,0.8680418342686927,0.324653159458,0.010754205644562326,1.2747124165550954,0.29310659319,0.01986329615873411,1.2847837032472398,0.273622536255,0.0030139100647168077,0.7400632988320366,0.239332392411,0.009183012060427988,0.8593748885132416
