Well/XY,cell_id,total_distance,net_distance,linearity,spearmanrsq,progressivity,max_speed,min_speed,avg_speed,MSD_slope,hurst_RS,nongauss,disp_var,disp_skew,rw_linearity,rw_netdist,rw_kurtosis01,rw_kurtosis02,rw_kurtosis03,rw_kurtosis04,rw_kurtosis05,rw_kurtosis06,rw_kurtosis07,rw_kurtosis08,rw_kurtosis09,rw_kurtosis10,avg_moving_speed01,avg_moving_speed02,avg_moving_speed03,avg_moving_speed04,avg_moving_speed05,avg_moving_speed06,avg_moving_speed07,avg_moving_speed08,avg_moving_speed09,avg_moving_speed10,time_moving01,time_moving02,time_moving03,time_moving04,time_moving05,time_moving06,time_moving07,time_moving08,time_moving09,time_moving10,autocorr_1,autocorr_2,autocorr_3,autocorr_4,autocorr_5,autocorr_6,autocorr_7,autocorr_8,autocorr_9,autocorr_10,p_rturn_9_5,p_rturn_9_6,p_rturn_10_5,p_rturn_10_6,p_rturn_11_5,p_rturn_11_6,mean_theta_9_5,min_theta_9_5,max_theta_9_5,mean_theta_9_6,min_theta_9_6,max_theta_9_6,mean_theta_10_5,min_theta_10_5,max_theta_10_5,mean_theta_10_6,min_theta_10_6,max_theta_10_6,mean_theta_11_5,min_theta_11_5,max_theta_11_5,mean_theta_11_6,min_theta_11_6,max_theta_11_6
WellC11_Seq0010/xy22,0,2144.494998900827,133.09083364379387,0.0370865029679,0.0277170513918,0.062061619967409734,26.761263049415277,1.0720074626605984,28.593266652,1.08917288272,0.730396048396,0.205969366082,560.113567882,1.351417029932359,-0.22922401171,-219.430633037,1.5493818642685637,2.39142711128488,-1.0610343045323758,1.0601803985613083,2.8958301897505914,1.1518315037522484,1.3381012042482112,-0.9438525760388803,-1.234475314095445,-0.8516675296584166,9.32807664107,9.67668953846,9.99881714798,10.2083910923,11.175396646,11.6328370166,12.0871364081,12.843458839,13.8019052383,14.5675224565,0.9859154929577465,0.9436619718309859,0.9014084507042254,0.8732394366197183,0.7464788732394366,0.6901408450704225,0.6338028169014085,0.5492957746478874,0.4507042253521127,0.38028169014084506,0.292351903845,0.157209055106,-0.0426379197955,0.127651941258,0.000577661841242,-0.125692489849,-0.179689752267,-0.00765291841469,0.0480928033998,0.0609510991426,0.142857142857,0.190476190476,0.2,0.25,0.2,0.25,0.429337365377,0.01376262839914991,1.6085747829247103,0.408981276666,0.01285085818419366,1.7949186506689128,0.494385707836,0.057526628959410894,1.2277072083916232,0.48268922477,0.05413960894994106,1.1650107998717756,0.54325283152,0.006354610560073343,1.423157960213697,0.538067418955,0.07147784554070094,1.4161228596188062
