Well/XY,cell_id,total_distance,net_distance,linearity,spearmanrsq,progressivity,max_speed,min_speed,avg_speed,MSD_slope,hurst_RS,nongauss,disp_var,disp_skew,rw_linearity,rw_netdist,rw_kurtosis01,rw_kurtosis02,rw_kurtosis03,rw_kurtosis04,rw_kurtosis05,rw_kurtosis06,rw_kurtosis07,rw_kurtosis08,rw_kurtosis09,rw_kurtosis10,avg_moving_speed01,avg_moving_speed02,avg_moving_speed03,avg_moving_speed04,avg_moving_speed05,avg_moving_speed06,avg_moving_speed07,avg_moving_speed08,avg_moving_speed09,avg_moving_speed10,time_moving01,time_moving02,time_moving03,time_moving04,time_moving05,time_moving06,time_moving07,time_moving08,time_moving09,time_moving10,autocorr_1,autocorr_2,autocorr_3,autocorr_4,autocorr_5,autocorr_6,autocorr_7,autocorr_8,autocorr_9,autocorr_10,p_rturn_9_5,p_rturn_9_6,p_rturn_10_5,p_rturn_10_6,p_rturn_11_5,p_rturn_11_6,mean_theta_9_5,min_theta_9_5,max_theta_9_5,mean_theta_9_6,min_theta_9_6,max_theta_9_6,mean_theta_10_5,min_theta_10_5,max_theta_10_5,mean_theta_10_6,min_theta_10_6,max_theta_10_6,mean_theta_11_5,min_theta_11_5,max_theta_11_5,mean_theta_11_6,min_theta_11_6,max_theta_11_6
WellC11_Seq0010/xy25,0,2267.84421002936,867.0223523070209,0.548515665182,0.454907138995,0.3823112489264843,38.857791239338354,2.071834935510066,30.2379228004,1.39695393865,0.687959915234,0.647018246132,608.250233765,2.208556706647263,0.323473689026,494.224202844,6.1410267450209375,2.696318309508266,-0.7924877606576048,0.13744972115298104,-1.2812890432218993,-0.5334769024060146,-0.5587056550822851,-0.7422270098355885,0.6247581936445066,-1.253716805195502,19.4525700829,19.4525700829,19.6895718084,19.9298296019,19.9298296019,20.3647026818,20.7931320034,21.4333282921,21.6406920453,22.0655234902,1.0,1.0,0.9859154929577465,0.971830985915493,0.971830985915493,0.9436619718309859,0.9154929577464789,0.8732394366197183,0.8591549295774648,0.8309859154929577,0.356905903932,-0.0826367195877,-0.117544847082,-0.0177335933551,-0.0505703593791,-0.115362317602,-0.0314304383924,-0.0208992055417,-0.0784534098829,0.05762052015,0.52380952381,0.47619047619,0.45,0.5,0.5,0.45,0.831395387941,0.018270838930034113,2.80572821116579,0.840933073078,0.1270349239013254,2.6432478274571105,0.799682194855,0.0019948949679554464,2.586888743909107,0.797735280767,0.000762976514233083,2.4244083602004274,0.671445842353,0.034442628138692456,2.5952416114833254,0.642352175895,0.023765569749555276,2.432761227774646
