Well/XY,cell_id,total_distance,net_distance,linearity,spearmanrsq,progressivity,max_speed,min_speed,avg_speed,MSD_slope,hurst_RS,nongauss,disp_var,disp_skew,rw_linearity,rw_netdist,rw_kurtosis01,rw_kurtosis02,rw_kurtosis03,rw_kurtosis04,rw_kurtosis05,rw_kurtosis06,rw_kurtosis07,rw_kurtosis08,rw_kurtosis09,rw_kurtosis10,avg_moving_speed01,avg_moving_speed02,avg_moving_speed03,avg_moving_speed04,avg_moving_speed05,avg_moving_speed06,avg_moving_speed07,avg_moving_speed08,avg_moving_speed09,avg_moving_speed10,time_moving01,time_moving02,time_moving03,time_moving04,time_moving05,time_moving06,time_moving07,time_moving08,time_moving09,time_moving10,autocorr_1,autocorr_2,autocorr_3,autocorr_4,autocorr_5,autocorr_6,autocorr_7,autocorr_8,autocorr_9,autocorr_10,p_rturn_9_5,p_rturn_9_6,p_rturn_10_5,p_rturn_10_6,p_rturn_11_5,p_rturn_11_6,mean_theta_9_5,min_theta_9_5,max_theta_9_5,mean_theta_9_6,min_theta_9_6,max_theta_9_6,mean_theta_10_5,min_theta_10_5,max_theta_10_5,mean_theta_10_6,min_theta_10_6,max_theta_10_6,mean_theta_11_5,min_theta_11_5,max_theta_11_5,mean_theta_11_6,min_theta_11_6,max_theta_11_6
WellC11_Seq0010/xy09,0,668.3326268970122,449.6794080230936,0.8441596613,0.870051528922,0.6728377306834484,12.253978945632312,1.6371927192606002,8.91110169196,1.81523672561,0.870146763485,-0.401258041478,17.2267878712,0.5913110764374879,0.645764688519,339.815967919,-0.26280986268757056,-0.05358319343200879,-0.05587620981326413,0.8206946816647536,1.1504577877041662,-1.153032661489975,-0.9204360480093983,1.1953960489990836,0.011009757534541809,-0.746173901526082,7.27998928865,7.27998928865,7.4188869075,8.01346467338,8.6385748525,9.23421639659,10.0390236195,11.1331675915,12.6969467083,12.9429175096,0.9859154929577465,0.9859154929577465,0.9577464788732394,0.8309859154929577,0.704225352112676,0.5915492957746479,0.4507042253521127,0.30985915492957744,0.19718309859154928,0.18309859154929578,0.393188127487,0.413539553401,0.245613305384,0.371924389589,0.293239787809,0.168617436025,0.1843984147,-0.0104960268925,0.0997277568669,0.00837614092592,0.428571428571,0.428571428571,0.35,0.35,0.45,0.45,0.415994873715,0.05228820054289556,1.245416389405026,0.404609534158,0.04488856772698731,1.211473664451347,0.400538409636,0.02156219874263259,1.1758906168166552,0.381782395027,0.011915899186439738,1.141947891862976,0.415434681138,0.005114754743551294,1.2213966922907697,0.395715564418,0.016149453547957143,1.1874539673370907
