Well/XY,cell_id,total_distance,net_distance,linearity,spearmanrsq,progressivity,max_speed,min_speed,avg_speed,MSD_slope,hurst_RS,nongauss,disp_var,disp_skew,rw_linearity,rw_netdist,rw_kurtosis01,rw_kurtosis02,rw_kurtosis03,rw_kurtosis04,rw_kurtosis05,rw_kurtosis06,rw_kurtosis07,rw_kurtosis08,rw_kurtosis09,rw_kurtosis10,avg_moving_speed01,avg_moving_speed02,avg_moving_speed03,avg_moving_speed04,avg_moving_speed05,avg_moving_speed06,avg_moving_speed07,avg_moving_speed08,avg_moving_speed09,avg_moving_speed10,time_moving01,time_moving02,time_moving03,time_moving04,time_moving05,time_moving06,time_moving07,time_moving08,time_moving09,time_moving10,autocorr_1,autocorr_2,autocorr_3,autocorr_4,autocorr_5,autocorr_6,autocorr_7,autocorr_8,autocorr_9,autocorr_10,p_rturn_9_5,p_rturn_9_6,p_rturn_10_5,p_rturn_10_6,p_rturn_11_5,p_rturn_11_6,mean_theta_9_5,min_theta_9_5,max_theta_9_5,mean_theta_9_6,min_theta_9_6,max_theta_9_6,mean_theta_10_5,min_theta_10_5,max_theta_10_5,mean_theta_10_6,min_theta_10_6,max_theta_10_6,mean_theta_11_5,min_theta_11_5,max_theta_11_5,mean_theta_11_6,min_theta_11_6,max_theta_11_6
WellC11_Seq0010/xy03,0,2558.554109529585,479.4068105482024,0.0111745175525,0.0305572738653,0.18737411445105065,39.344437980482034,0.5215361924162363,34.1140547937,1.06281164464,0.612490143609,0.539008483126,989.728047816,1.7104716991294273,-0.213033028546,58.8204964112,3.0743194499914788,0.497735545114264,1.2367047920412082,-0.1435277657228049,1.2471871875951352,0.8012398062963579,-0.16022176055070636,-1.0457212825829916,-0.4146145930022205,-1.7921787591513294,17.3437047323,17.3437047323,17.3437047323,17.9634890568,18.1638613409,18.7515902422,20.0345840314,20.7330098817,21.2032881184,22.1752472802,1.0,1.0,1.0,0.9577464788732394,0.9436619718309859,0.9014084507042254,0.8169014084507042,0.7746478873239436,0.7464788732394366,0.6901408450704225,0.125619940795,-0.0381726055493,-0.0959069996713,0.057921161479,0.0474500674258,-0.0660715670104,-0.274103944862,-0.19658439077,-0.0681558497052,0.132518660476,0.47619047619,0.380952380952,0.4,0.45,0.45,0.3,0.736356702223,0.0004100715815416255,2.321910328142747,0.764506721198,0.05032701558672323,2.6996081587133895,0.818630426012,0.050735954401476074,2.463139351587207,0.817067427338,0.0011767831735191947,2.6365657710895367,0.830489830142,0.026731841291524443,2.6165292438568564,0.913496694465,0.05848514819027901,2.6273654960182906
