Well/XY,cell_id,total_distance,net_distance,linearity,spearmanrsq,progressivity,max_speed,min_speed,avg_speed,MSD_slope,hurst_RS,nongauss,disp_var,disp_skew,rw_linearity,rw_netdist,rw_kurtosis01,rw_kurtosis02,rw_kurtosis03,rw_kurtosis04,rw_kurtosis05,rw_kurtosis06,rw_kurtosis07,rw_kurtosis08,rw_kurtosis09,rw_kurtosis10,avg_moving_speed01,avg_moving_speed02,avg_moving_speed03,avg_moving_speed04,avg_moving_speed05,avg_moving_speed06,avg_moving_speed07,avg_moving_speed08,avg_moving_speed09,avg_moving_speed10,time_moving01,time_moving02,time_moving03,time_moving04,time_moving05,time_moving06,time_moving07,time_moving08,time_moving09,time_moving10,autocorr_1,autocorr_2,autocorr_3,autocorr_4,autocorr_5,autocorr_6,autocorr_7,autocorr_8,autocorr_9,autocorr_10,p_rturn_9_5,p_rturn_9_6,p_rturn_10_5,p_rturn_10_6,p_rturn_11_5,p_rturn_11_6,mean_theta_9_5,min_theta_9_5,max_theta_9_5,mean_theta_9_6,min_theta_9_6,max_theta_9_6,mean_theta_10_5,min_theta_10_5,max_theta_10_5,mean_theta_10_6,min_theta_10_6,max_theta_10_6,mean_theta_11_5,min_theta_11_5,max_theta_11_5,mean_theta_11_6,min_theta_11_6,max_theta_11_6
WellC08_Seq0011/xy19,0,512.2812163029163,251.50773367831053,0.565317259282,0.403671368792,0.4909563842559315,17.021154484934335,0.08438009243892111,6.83041621737,1.18603266402,0.764940830504,1.46207588917,51.7430800504,2.6583923132130542,0.36129589042,167.296706925,7.508280986096777,3.2490062309583143,10.18126232376729,0.1419146737429049,2.8622125215879235,3.2156642880380755,2.597695115919186,1.9919362343405167,1.5337777797191254,-0.08535222424727795,4.59470386293,6.01381430683,7.03742717944,8.13883519853,9.36583397578,10.9737805162,11.7015413326,13.818828023,15.6771756432,15.6771756432,0.9154929577464789,0.6338028169014085,0.49295774647887325,0.38028169014084506,0.28169014084507044,0.19718309859154928,0.16901408450704225,0.11267605633802817,0.08450704225352113,0.08450704225352113,0.381497302255,0.0957813766688,0.225222356059,0.050491796478,-0.0874563615682,-0.0180447515938,0.0714031891709,-0.0391838978817,0.0448288529248,0.0370277960844,0.619047619048,0.666666666667,0.6,0.7,0.7,0.7,0.501600041623,0.023100033755550753,2.1265688149964928,0.515003253478,0.018439120757300424,2.339845024330054,0.432138389831,0.009796161153021699,2.1250238964253905,0.426921491516,0.0003485409941893311,2.1441099101721566,0.483980539958,0.02966869909963286,2.493656206624275,0.492982646014,0.03589964951308365,2.5127422203710417
