Well/XY,cell_id,total_distance,net_distance,linearity,spearmanrsq,progressivity,max_speed,min_speed,avg_speed,MSD_slope,hurst_RS,nongauss,disp_var,disp_skew,rw_linearity,rw_netdist,rw_kurtosis01,rw_kurtosis02,rw_kurtosis03,rw_kurtosis04,rw_kurtosis05,rw_kurtosis06,rw_kurtosis07,rw_kurtosis08,rw_kurtosis09,rw_kurtosis10,avg_moving_speed01,avg_moving_speed02,avg_moving_speed03,avg_moving_speed04,avg_moving_speed05,avg_moving_speed06,avg_moving_speed07,avg_moving_speed08,avg_moving_speed09,avg_moving_speed10,time_moving01,time_moving02,time_moving03,time_moving04,time_moving05,time_moving06,time_moving07,time_moving08,time_moving09,time_moving10,autocorr_1,autocorr_2,autocorr_3,autocorr_4,autocorr_5,autocorr_6,autocorr_7,autocorr_8,autocorr_9,autocorr_10,p_rturn_9_5,p_rturn_9_6,p_rturn_10_5,p_rturn_10_6,p_rturn_11_5,p_rturn_11_6,mean_theta_9_5,min_theta_9_5,max_theta_9_5,mean_theta_9_6,min_theta_9_6,max_theta_9_6,mean_theta_10_5,min_theta_10_5,max_theta_10_5,mean_theta_10_6,min_theta_10_6,max_theta_10_6,mean_theta_11_5,min_theta_11_5,max_theta_11_5,mean_theta_11_6,min_theta_11_6,max_theta_11_6
WellB08_Seq0006/xy11,0,2476.3864651556373,240.24617041692875,0.529070842987,0.547863052773,0.09701481323587739,42.296954453009995,1.974639207551612,33.0184862021,1.28170758071,0.554092794586,0.0297618939351,461.849684061,1.4740518036989525,0.303903817988,-166.833066985,3.118298406256911,-0.3127494329376139,-0.7308554103724938,-1.3509037100663635,-1.2467312284824668,0.16657261717138772,-0.9234138853340554,-1.1280512988200642,-0.33812977317761206,-0.5874524856789778,23.2370489596,23.2370489596,23.2370489596,23.5254037689,23.801147142,24.0645589293,24.3321305068,24.5912944642,24.5912944642,24.5912944642,1.0,1.0,1.0,0.9859154929577465,0.971830985915493,0.9577464788732394,0.9436619718309859,0.9295774647887324,0.9295774647887324,0.9295774647887324,0.0688905228887,-0.133956268533,0.0527843061933,-0.00604971997008,-0.138228009945,-0.00503556395256,0.200212832402,-0.094346868858,-0.1666252079,0.0889839653761,0.428571428571,0.47619047619,0.35,0.45,0.4,0.45,0.668723004198,0.0005596451089735632,2.363674921425225,0.631460803639,0.03834382950943376,2.4063574271468586,0.788880403752,0.015973796866046212,2.5297745248849774,0.814259554052,0.1196528146759662,2.5724570306066106,0.712709199871,0.05551856872091052,2.5156834550621707,0.726123715196,0.029897442258010703,2.5583659607838043
