Well/XY,cell_id,total_distance,net_distance,linearity,spearmanrsq,progressivity,max_speed,min_speed,avg_speed,MSD_slope,hurst_RS,nongauss,disp_var,disp_skew,rw_linearity,rw_netdist,rw_kurtosis01,rw_kurtosis02,rw_kurtosis03,rw_kurtosis04,rw_kurtosis05,rw_kurtosis06,rw_kurtosis07,rw_kurtosis08,rw_kurtosis09,rw_kurtosis10,avg_moving_speed01,avg_moving_speed02,avg_moving_speed03,avg_moving_speed04,avg_moving_speed05,avg_moving_speed06,avg_moving_speed07,avg_moving_speed08,avg_moving_speed09,avg_moving_speed10,time_moving01,time_moving02,time_moving03,time_moving04,time_moving05,time_moving06,time_moving07,time_moving08,time_moving09,time_moving10,autocorr_1,autocorr_2,autocorr_3,autocorr_4,autocorr_5,autocorr_6,autocorr_7,autocorr_8,autocorr_9,autocorr_10,p_rturn_9_5,p_rturn_9_6,p_rturn_10_5,p_rturn_10_6,p_rturn_11_5,p_rturn_11_6,mean_theta_9_5,min_theta_9_5,max_theta_9_5,mean_theta_9_6,min_theta_9_6,max_theta_9_6,mean_theta_10_5,min_theta_10_5,max_theta_10_5,mean_theta_10_6,min_theta_10_6,max_theta_10_6,mean_theta_11_5,min_theta_11_5,max_theta_11_5,mean_theta_11_6,min_theta_11_6,max_theta_11_6
WellB08_Seq0006/xy12,0,1653.9888814612511,66.35650156540807,0.923142821954,0.875267039655,0.0401190735374134,55.58950260615759,1.3611245350812002,22.0531850862,1.18581313838,0.785703451172,1.09105571209,588.165897982,2.0899329159348,0.715838118753,-205.533424345,4.199548533294979,7.873190913441007,5.454843271953582,2.8812696768562764,1.8267383325004625,0.4474298768669196,-0.4055764562270032,-0.7903219682612876,-1.0467823493254909,-1.3995259594198624,11.3201146513,11.4666058635,11.6027109149,12.7944935207,13.5207935656,14.1445493357,14.9879938696,15.9082651189,16.0901094238,17.2428994129,1.0,0.9859154929577465,0.971830985915493,0.8450704225352113,0.7746478873239436,0.7183098591549296,0.647887323943662,0.5774647887323944,0.5633802816901409,0.4788732394366197,0.538311483,0.199391534481,0.222466860876,0.351531485361,0.289864018486,0.0265620463756,-0.0183086635081,0.0732190420579,0.0412836212947,-0.10386168046,0.52380952381,0.52380952381,0.5,0.5,0.5,0.5,0.502987277189,0.0012405582158838402,2.3624337280866032,0.489039287142,0.0035164340995688568,2.184998217176234,0.454938671297,0.005401784815604495,1.8607185388721121,0.459304749063,0.0049907771758684015,1.9174911185848698,0.515577952549,0.002817882140375766,1.8627568144853996,0.485250601902,0.00658773135071361,1.8348516472906786
