Well/XY,cell_id,total_distance,net_distance,linearity,spearmanrsq,progressivity,max_speed,min_speed,avg_speed,MSD_slope,hurst_RS,nongauss,disp_var,disp_skew,rw_linearity,rw_netdist,rw_kurtosis01,rw_kurtosis02,rw_kurtosis03,rw_kurtosis04,rw_kurtosis05,rw_kurtosis06,rw_kurtosis07,rw_kurtosis08,rw_kurtosis09,rw_kurtosis10,avg_moving_speed01,avg_moving_speed02,avg_moving_speed03,avg_moving_speed04,avg_moving_speed05,avg_moving_speed06,avg_moving_speed07,avg_moving_speed08,avg_moving_speed09,avg_moving_speed10,time_moving01,time_moving02,time_moving03,time_moving04,time_moving05,time_moving06,time_moving07,time_moving08,time_moving09,time_moving10,autocorr_1,autocorr_2,autocorr_3,autocorr_4,autocorr_5,autocorr_6,autocorr_7,autocorr_8,autocorr_9,autocorr_10,p_rturn_9_5,p_rturn_9_6,p_rturn_10_5,p_rturn_10_6,p_rturn_11_5,p_rturn_11_6,mean_theta_9_5,min_theta_9_5,max_theta_9_5,mean_theta_9_6,min_theta_9_6,max_theta_9_6,mean_theta_10_5,min_theta_10_5,max_theta_10_5,mean_theta_10_6,min_theta_10_6,max_theta_10_6,mean_theta_11_5,min_theta_11_5,max_theta_11_5,mean_theta_11_6,min_theta_11_6,max_theta_11_6
WellB08_Seq0006/xy01,0,443.13535966128535,206.2454530407882,0.555939045652,0.648757325376,0.46542314564658943,6.500276917178221,0.23799999999998817,5.90847146215,1.61256565571,0.447711838463,-0.232595802454,11.3391680774,0.8300155677700252,0.319381151014,133.400924606,0.9276316681952967,-1.099852892286445,0.1460626579822799,2.0014130561694863,0.8795139916772388,1.9627069793895426,-0.27413464485278993,0.9104924719754948,-0.8325943923378252,-0.4891504075363948,3.44659888321,3.62417591804,4.18694405407,5.33615087494,6.23441910223,6.87990211846,7.36220075793,0.0,0.0,0.0,0.971830985915493,0.8873239436619719,0.6056338028169014,0.23943661971830985,0.11267605633802817,0.056338028169014086,0.014084507042253521,0.0,0.0,0.0,-0.056000510885,-0.058723074979,-0.20744803919,0.0274505679385,-0.204420032532,-0.0596061601301,-0.0159236397968,0.133340118846,-0.172825659266,-0.118254753083,0.52380952381,0.52380952381,0.4,0.35,0.45,0.45,0.427231128888,0.018540743587404172,2.4438785153887523,0.409903880592,0.0033576766585630227,2.524123118858849,0.488696869799,0.01850775681985001,2.5886095933371585,0.475874110935,0.018004525930666503,2.5895511632041495,0.371063232487,0.0046026540159035895,2.305710822715752,0.353748152156,0.009232178391692693,2.385955426185848
