Well/XY,cell_id,total_distance,net_distance,linearity,spearmanrsq,progressivity,max_speed,min_speed,avg_speed,MSD_slope,hurst_RS,nongauss,disp_var,disp_skew,rw_linearity,rw_netdist,rw_kurtosis01,rw_kurtosis02,rw_kurtosis03,rw_kurtosis04,rw_kurtosis05,rw_kurtosis06,rw_kurtosis07,rw_kurtosis08,rw_kurtosis09,rw_kurtosis10,avg_moving_speed01,avg_moving_speed02,avg_moving_speed03,avg_moving_speed04,avg_moving_speed05,avg_moving_speed06,avg_moving_speed07,avg_moving_speed08,avg_moving_speed09,avg_moving_speed10,time_moving01,time_moving02,time_moving03,time_moving04,time_moving05,time_moving06,time_moving07,time_moving08,time_moving09,time_moving10,autocorr_1,autocorr_2,autocorr_3,autocorr_4,autocorr_5,autocorr_6,autocorr_7,autocorr_8,autocorr_9,autocorr_10,p_rturn_9_5,p_rturn_9_6,p_rturn_10_5,p_rturn_10_6,p_rturn_11_5,p_rturn_11_6,mean_theta_9_5,min_theta_9_5,max_theta_9_5,mean_theta_9_6,min_theta_9_6,max_theta_9_6,mean_theta_10_5,min_theta_10_5,max_theta_10_5,mean_theta_10_6,min_theta_10_6,max_theta_10_6,mean_theta_11_5,min_theta_11_5,max_theta_11_5,mean_theta_11_6,min_theta_11_6,max_theta_11_6
WellB08_Seq0006/xy05,0,1462.0765050965408,672.7606781018046,0.870603212669,0.824407099698,0.4601405437791248,29.679797842977287,1.599624956044377,19.4943534013,1.63256340104,0.718674763713,0.0902494631313,201.963987869,1.3390699076094668,0.617552512249,432.41814793,2.1719091429111668,0.7776155422086881,2.115139982509338,-0.43671730307894485,0.5517308825264062,2.024673441933923,-0.5007063506144669,-0.33961804321532485,-1.256306063866373,-0.6550115435504318,12.1798499145,12.1798499145,12.462476238,12.8680365405,13.1264453679,13.6411944536,13.8806083176,14.9019359721,15.7782236928,16.7556604635,1.0,1.0,0.971830985915493,0.9295774647887324,0.9014084507042254,0.8450704225352113,0.8169014084507042,0.704225352112676,0.6197183098591549,0.5352112676056338,0.312986169223,0.11807710906,-0.0774831361641,0.0150920013722,0.158760276728,0.0997734466055,0.0753112141312,-0.0405200766941,0.0036454419678,-0.0744887479292,0.571428571429,0.571428571429,0.35,0.4,0.4,0.45,0.530117010049,0.08392096357795402,2.0470550724223315,0.477511691085,0.03130956937511617,1.5234332978794325,0.501406976817,0.018028392131947037,1.789891048059464,0.491003788559,0.07063978633477958,1.5179853899667148,0.476795776382,0.044031137756349446,1.2405694963335816,0.491856047753,0.09456320755083684,1.5124751544263308
