Well/XY,cell_id,total_distance,net_distance,linearity,spearmanrsq,progressivity,max_speed,min_speed,avg_speed,MSD_slope,hurst_RS,nongauss,disp_var,disp_skew,rw_linearity,rw_netdist,rw_kurtosis01,rw_kurtosis02,rw_kurtosis03,rw_kurtosis04,rw_kurtosis05,rw_kurtosis06,rw_kurtosis07,rw_kurtosis08,rw_kurtosis09,rw_kurtosis10,avg_moving_speed01,avg_moving_speed02,avg_moving_speed03,avg_moving_speed04,avg_moving_speed05,avg_moving_speed06,avg_moving_speed07,avg_moving_speed08,avg_moving_speed09,avg_moving_speed10,time_moving01,time_moving02,time_moving03,time_moving04,time_moving05,time_moving06,time_moving07,time_moving08,time_moving09,time_moving10,autocorr_1,autocorr_2,autocorr_3,autocorr_4,autocorr_5,autocorr_6,autocorr_7,autocorr_8,autocorr_9,autocorr_10,p_rturn_9_5,p_rturn_9_6,p_rturn_10_5,p_rturn_10_6,p_rturn_11_5,p_rturn_11_6,mean_theta_9_5,min_theta_9_5,max_theta_9_5,mean_theta_9_6,min_theta_9_6,max_theta_9_6,mean_theta_10_5,min_theta_10_5,max_theta_10_5,mean_theta_10_6,min_theta_10_6,max_theta_10_6,mean_theta_11_5,min_theta_11_5,max_theta_11_5,mean_theta_11_6,min_theta_11_6,max_theta_11_6
WellB08_Seq0006/xy23,0,620.6915853912544,441.4308444139352,0.942694148964,0.860849115269,0.7111919265599166,13.619445069458596,0.6016643582596242,8.27588780522,1.87901022633,0.812484118382,-0.114925629185,35.3424906636,0.8865907424210773,0.699802534661,339.398847067,-0.26726811104822357,-0.27879530882448966,-1.0561638643318285,-1.0342756499340207,0.19340172213379248,-0.33707464245924745,-0.6752868152628877,-0.702830735004023,-1.107939278090804,-1.2097751676259674,6.79442502642,7.11326231232,8.1066399035,9.14726128137,10.1712474842,11.2470110211,11.5946919712,12.2523665341,13.5544431121,13.7751848058,1.0,0.9436619718309859,0.7746478873239436,0.6338028169014085,0.5211267605633803,0.4225352112676056,0.39436619718309857,0.3380281690140845,0.2535211267605634,0.23943661971830985,0.436708914726,0.341684232271,0.249607976252,0.216862326621,0.218062798271,0.123815945682,0.169846178907,0.105176919812,-0.057855925567,0.0919273811528,0.52380952381,0.47619047619,0.5,0.45,0.5,0.45,0.337839515783,0.047360761398080896,1.1017254584579825,0.323226816078,0.04320290910104645,0.998882456572587,0.343018008086,0.014779547149265965,1.1003122999980033,0.325677108367,0.012809208372249869,0.9974692981126075,0.35476103006,0.0018111505040518054,1.0991346441301102,0.335712150894,0.0006810152736177469,0.9962916422447146
