Well/XY,cell_id,total_distance,net_distance,linearity,spearmanrsq,progressivity,max_speed,min_speed,avg_speed,MSD_slope,hurst_RS,nongauss,disp_var,disp_skew,rw_linearity,rw_netdist,rw_kurtosis01,rw_kurtosis02,rw_kurtosis03,rw_kurtosis04,rw_kurtosis05,rw_kurtosis06,rw_kurtosis07,rw_kurtosis08,rw_kurtosis09,rw_kurtosis10,avg_moving_speed01,avg_moving_speed02,avg_moving_speed03,avg_moving_speed04,avg_moving_speed05,avg_moving_speed06,avg_moving_speed07,avg_moving_speed08,avg_moving_speed09,avg_moving_speed10,time_moving01,time_moving02,time_moving03,time_moving04,time_moving05,time_moving06,time_moving07,time_moving08,time_moving09,time_moving10,autocorr_1,autocorr_2,autocorr_3,autocorr_4,autocorr_5,autocorr_6,autocorr_7,autocorr_8,autocorr_9,autocorr_10,p_rturn_9_5,p_rturn_9_6,p_rturn_10_5,p_rturn_10_6,p_rturn_11_5,p_rturn_11_6,mean_theta_9_5,min_theta_9_5,max_theta_9_5,mean_theta_9_6,min_theta_9_6,max_theta_9_6,mean_theta_10_5,min_theta_10_5,max_theta_10_5,mean_theta_10_6,min_theta_10_6,max_theta_10_6,mean_theta_11_5,min_theta_11_5,max_theta_11_5,mean_theta_11_6,min_theta_11_6,max_theta_11_6
WellD05_Seq0021/xy23,0,729.3346320774609,288.5046717126086,0.918463668769,0.962812493634,0.3955724286543508,12.021131394340548,0.44407206622350115,9.72446176103,1.47100198526,0.640852986225,0.269815153112,55.4531187244,1.5923747776236992,0.708651328745,168.613455211,2.3566571682682564,0.39208849059911666,0.13986547364800073,0.42267317389518233,-0.3607293751937659,0.43970297889498955,-0.8158877394320583,-0.9391112881012504,0.16473873934811234,-0.836685173572159,4.35195761155,4.67787331746,5.39353492257,5.83313489814,6.98366945865,7.78805459414,8.54450025762,9.60806697739,11.3114456822,11.3114456822,0.971830985915493,0.8732394366197183,0.6619718309859155,0.5352112676056338,0.29577464788732394,0.19718309859154928,0.1267605633802817,0.07042253521126761,0.028169014084507043,0.028169014084507043,0.501780641911,0.0693071539289,-0.192134098634,-0.196234895126,-0.121205450646,-0.135905111234,-0.0900468731888,0.0621981739623,0.269036851591,0.237201232938,0.0952380952381,0.047619047619,0.3,0.2,0.35,0.35,0.314736041621,0.01902861252020025,0.9255402273742807,0.259724575782,0.017436340545743285,0.8548885160799802,0.267338140216,0.009004478003969748,0.8911650175961293,0.196762692698,0.009362149251253504,0.689517183424753,0.346631671529,0.051422035135406934,0.9692651597147927,0.294482460317,0.05551329459480685,0.8218276365193253
