Well/XY,cell_id,total_distance,net_distance,linearity,spearmanrsq,progressivity,max_speed,min_speed,avg_speed,MSD_slope,hurst_RS,nongauss,disp_var,disp_skew,rw_linearity,rw_netdist,rw_kurtosis01,rw_kurtosis02,rw_kurtosis03,rw_kurtosis04,rw_kurtosis05,rw_kurtosis06,rw_kurtosis07,rw_kurtosis08,rw_kurtosis09,rw_kurtosis10,avg_moving_speed01,avg_moving_speed02,avg_moving_speed03,avg_moving_speed04,avg_moving_speed05,avg_moving_speed06,avg_moving_speed07,avg_moving_speed08,avg_moving_speed09,avg_moving_speed10,time_moving01,time_moving02,time_moving03,time_moving04,time_moving05,time_moving06,time_moving07,time_moving08,time_moving09,time_moving10,autocorr_1,autocorr_2,autocorr_3,autocorr_4,autocorr_5,autocorr_6,autocorr_7,autocorr_8,autocorr_9,autocorr_10,p_rturn_9_5,p_rturn_9_6,p_rturn_10_5,p_rturn_10_6,p_rturn_11_5,p_rturn_11_6,mean_theta_9_5,min_theta_9_5,max_theta_9_5,mean_theta_9_6,min_theta_9_6,max_theta_9_6,mean_theta_10_5,min_theta_10_5,max_theta_10_5,mean_theta_10_6,min_theta_10_6,max_theta_10_6,mean_theta_11_5,min_theta_11_5,max_theta_11_5,mean_theta_11_6,min_theta_11_6,max_theta_11_6
WellC09_Seq0012/xy21,0,964.2420083194169,368.1725269489835,0.0488612809897,0.0118650613983,0.38182585261004504,17.84606679355425,2.535887221467065,12.8565601109,1.61984818077,0.830099522365,-0.13573786865,51.460049449,1.4529642943301422,-0.176373661637,209.666208593,2.606818735007753,3.774300476357861,-0.03712405375802863,0.4077654124307988,2.1068193234912282,0.17169787191957475,0.21731356746734365,-0.36320807966382684,-0.8854942360039653,-1.102679610237487,9.28587252092,9.28587252092,9.28587252092,9.28587252092,9.42832405486,9.94005666233,10.7372924187,11.8416741551,13.1390340043,14.0029269675,1.0,1.0,1.0,1.0,0.971830985915493,0.8591549295774648,0.6901408450704225,0.5070422535211268,0.36619718309859156,0.29577464788732394,0.104955508771,0.153810498258,0.163769604956,0.109895297516,0.105004487982,0.179528633557,0.0469309061589,-0.0367786422856,0.0162556578219,-0.0135951723965,0.52380952381,0.571428571429,0.5,0.5,0.6,0.6,0.521998802961,0.001172445323478813,2.6637277297626873,0.499784823076,0.023930821905327405,2.641377205645863,0.514877594234,0.0030496727414613396,2.593089538946854,0.483468379085,0.03427994504310357,2.5707390148300298,0.574512213193,0.054875304887672754,2.5233621045930343,0.540893004902,0.026406457189038366,2.50101158047621
