Well/XY,cell_id,total_distance,net_distance,linearity,spearmanrsq,progressivity,max_speed,min_speed,avg_speed,MSD_slope,hurst_RS,nongauss,disp_var,disp_skew,rw_linearity,rw_netdist,rw_kurtosis01,rw_kurtosis02,rw_kurtosis03,rw_kurtosis04,rw_kurtosis05,rw_kurtosis06,rw_kurtosis07,rw_kurtosis08,rw_kurtosis09,rw_kurtosis10,avg_moving_speed01,avg_moving_speed02,avg_moving_speed03,avg_moving_speed04,avg_moving_speed05,avg_moving_speed06,avg_moving_speed07,avg_moving_speed08,avg_moving_speed09,avg_moving_speed10,time_moving01,time_moving02,time_moving03,time_moving04,time_moving05,time_moving06,time_moving07,time_moving08,time_moving09,time_moving10,autocorr_1,autocorr_2,autocorr_3,autocorr_4,autocorr_5,autocorr_6,autocorr_7,autocorr_8,autocorr_9,autocorr_10,p_rturn_9_5,p_rturn_9_6,p_rturn_10_5,p_rturn_10_6,p_rturn_11_5,p_rturn_11_6,mean_theta_9_5,min_theta_9_5,max_theta_9_5,mean_theta_9_6,min_theta_9_6,max_theta_9_6,mean_theta_10_5,min_theta_10_5,max_theta_10_5,mean_theta_10_6,min_theta_10_6,max_theta_10_6,mean_theta_11_5,min_theta_11_5,max_theta_11_5,mean_theta_11_6,min_theta_11_6,max_theta_11_6
WellC09_Seq0012/xy15,0,2442.996406625692,323.7000191535367,0.168281888823,0.160284473565,0.13250122606632755,36.37261216904831,0.6306346010170933,32.5732854217,1.00795593014,0.631247099052,0.574186910019,757.102297333,1.8848825463437837,-0.0684596642705,-77.8904143986,5.139482800693141,3.31307487934309,-0.06750815353765427,-0.5923643925322204,-0.4215701330146695,-1.1930929843466216,-1.2362992653762064,-0.8523287740260668,-0.9792444723177178,-1.3659700000887947,16.4753698512,16.6873386905,17.1092423419,17.745114559,18.173405561,18.3847044062,19.6901316979,19.917216862,20.3428123961,21.0000663381,0.9859154929577465,0.971830985915493,0.9436619718309859,0.9014084507042254,0.8732394366197183,0.8591549295774648,0.7746478873239436,0.7605633802816901,0.7323943661971831,0.6901408450704225,0.0575600696876,-0.027639081288,-0.0145219475446,-0.100382802668,0.0238319305044,0.0951371747711,0.0848785650592,-0.070677072544,0.0325467352191,-0.0429543851579,0.47619047619,0.571428571429,0.5,0.5,0.5,0.5,0.503093995693,0.015455011472300575,1.6240000854041288,0.443724951454,0.014183134868109204,1.6067281831299232,0.544701309395,0.07023311773890174,1.8235187938116237,0.489113111311,0.07150499434307936,1.7776289297596517,0.673314344342,0.11620192554560789,2.229736906435831,0.626284397668,0.1833226622486173,2.2540633146263658
