Well/XY,cell_id,total_distance,net_distance,linearity,spearmanrsq,progressivity,max_speed,min_speed,avg_speed,MSD_slope,hurst_RS,nongauss,disp_var,disp_skew,rw_linearity,rw_netdist,rw_kurtosis01,rw_kurtosis02,rw_kurtosis03,rw_kurtosis04,rw_kurtosis05,rw_kurtosis06,rw_kurtosis07,rw_kurtosis08,rw_kurtosis09,rw_kurtosis10,avg_moving_speed01,avg_moving_speed02,avg_moving_speed03,avg_moving_speed04,avg_moving_speed05,avg_moving_speed06,avg_moving_speed07,avg_moving_speed08,avg_moving_speed09,avg_moving_speed10,time_moving01,time_moving02,time_moving03,time_moving04,time_moving05,time_moving06,time_moving07,time_moving08,time_moving09,time_moving10,autocorr_1,autocorr_2,autocorr_3,autocorr_4,autocorr_5,autocorr_6,autocorr_7,autocorr_8,autocorr_9,autocorr_10,p_rturn_9_5,p_rturn_9_6,p_rturn_10_5,p_rturn_10_6,p_rturn_11_5,p_rturn_11_6,mean_theta_9_5,min_theta_9_5,max_theta_9_5,mean_theta_9_6,min_theta_9_6,max_theta_9_6,mean_theta_10_5,min_theta_10_5,max_theta_10_5,mean_theta_10_6,min_theta_10_6,max_theta_10_6,mean_theta_11_5,min_theta_11_5,max_theta_11_5,mean_theta_11_6,min_theta_11_6,max_theta_11_6
WellC09_Seq0012/xy01,0,2063.347417963337,597.5687143751754,0.527277708703,0.448378154737,0.2896112933637787,36.506039171622014,1.492648652563625,27.5112989062,1.23471905844,0.713839746761,0.138465808396,333.759907196,1.7380186415061092,0.295068227284,258.386641941,4.557318159967993,-1.0765330049876751,-0.7882804177626186,-0.7252043229099518,-1.1069195767373445,-1.303745701467912,-1.2694448433306567,-1.4921766112379822,-1.3790713632664517,-1.3402615310209758,20.7107348082,20.9844692707,20.9844692707,20.9844692707,21.2263669343,21.45931923,21.6771888832,21.6771888832,22.069227384,22.6712161634,1.0,0.9859154929577465,0.9859154929577465,0.9859154929577465,0.971830985915493,0.9577464788732394,0.9436619718309859,0.9436619718309859,0.9154929577464789,0.8732394366197183,0.136151846621,0.0252510773927,0.0952818861631,0.178547724745,0.0856138454199,-0.0345865837378,0.166454104705,-0.162469138393,-0.333781235676,-0.179128745088,0.52380952381,0.52380952381,0.55,0.55,0.6,0.55,0.963350080577,0.17078822744396455,2.1971454779262753,0.853288565821,0.07104708501140969,1.9485647130091532,0.880766127383,0.10337045227596973,1.9955184435146853,0.836318164485,0.062048456870823276,1.8130715365637247,0.928454192844,0.05059726937641895,2.0170787677526567,0.921413116588,0.08110436728266404,1.834631860801696
