Well/XY,cell_id,total_distance,net_distance,linearity,spearmanrsq,progressivity,max_speed,min_speed,avg_speed,MSD_slope,hurst_RS,nongauss,disp_var,disp_skew,rw_linearity,rw_netdist,rw_kurtosis01,rw_kurtosis02,rw_kurtosis03,rw_kurtosis04,rw_kurtosis05,rw_kurtosis06,rw_kurtosis07,rw_kurtosis08,rw_kurtosis09,rw_kurtosis10,avg_moving_speed01,avg_moving_speed02,avg_moving_speed03,avg_moving_speed04,avg_moving_speed05,avg_moving_speed06,avg_moving_speed07,avg_moving_speed08,avg_moving_speed09,avg_moving_speed10,time_moving01,time_moving02,time_moving03,time_moving04,time_moving05,time_moving06,time_moving07,time_moving08,time_moving09,time_moving10,autocorr_1,autocorr_2,autocorr_3,autocorr_4,autocorr_5,autocorr_6,autocorr_7,autocorr_8,autocorr_9,autocorr_10,p_rturn_9_5,p_rturn_9_6,p_rturn_10_5,p_rturn_10_6,p_rturn_11_5,p_rturn_11_6,mean_theta_9_5,min_theta_9_5,max_theta_9_5,mean_theta_9_6,min_theta_9_6,max_theta_9_6,mean_theta_10_5,min_theta_10_5,max_theta_10_5,mean_theta_10_6,min_theta_10_6,max_theta_10_6,mean_theta_11_5,min_theta_11_5,max_theta_11_5,mean_theta_11_6,min_theta_11_6,max_theta_11_6
WellC09_Seq0012/xy18,0,1794.8370798965109,627.9637127255045,0.712940670325,0.768492512459,0.3498722640395375,38.67213451569487,0.8870986416402376,23.9311610653,1.64596893348,0.791536214901,0.308052266929,358.71618389,1.5319141641567409,0.476838076743,332.920543969,3.3398287319877307,-0.6308260161114716,-0.15203304282027785,-0.43866496871550087,-0.9977416975889781,0.20648243598196192,-0.7690948885880711,0.3585422523571258,-1.296134151685563,-1.5441379726079834,18.2398997591,18.2398997591,18.459038337,18.9034247254,20.0408285578,21.0295798499,21.5379246589,21.7862891442,23.0894717432,24.2516088573,1.0,1.0,0.9859154929577465,0.9577464788732394,0.8873239436619719,0.8309859154929577,0.8028169014084507,0.7887323943661971,0.7183098591549296,0.6619718309859155,0.377477863533,0.197634679166,0.251308231026,0.025887723106,-0.046475411134,-0.111224091507,-0.110041919617,-0.183264785323,-0.093944635853,-0.0907231030971,0.380952380952,0.285714285714,0.3,0.3,0.4,0.4,0.575507099528,0.05826546335439441,1.5836415679228883,0.570592598217,0.059380111575259846,1.6375412221237615,0.578879367201,0.06697982189185644,1.5820156247006358,0.550539302829,0.0009129259220025769,1.5617169460714992,0.568198367346,0.04961613829828481,1.5445674622210663,0.543709972456,0.015653414969754052,1.5494212713292654
