Well/XY,cell_id,total_distance,net_distance,linearity,spearmanrsq,progressivity,max_speed,min_speed,avg_speed,MSD_slope,hurst_RS,nongauss,disp_var,disp_skew,rw_linearity,rw_netdist,rw_kurtosis01,rw_kurtosis02,rw_kurtosis03,rw_kurtosis04,rw_kurtosis05,rw_kurtosis06,rw_kurtosis07,rw_kurtosis08,rw_kurtosis09,rw_kurtosis10,avg_moving_speed01,avg_moving_speed02,avg_moving_speed03,avg_moving_speed04,avg_moving_speed05,avg_moving_speed06,avg_moving_speed07,avg_moving_speed08,avg_moving_speed09,avg_moving_speed10,time_moving01,time_moving02,time_moving03,time_moving04,time_moving05,time_moving06,time_moving07,time_moving08,time_moving09,time_moving10,autocorr_1,autocorr_2,autocorr_3,autocorr_4,autocorr_5,autocorr_6,autocorr_7,autocorr_8,autocorr_9,autocorr_10,p_rturn_9_5,p_rturn_9_6,p_rturn_10_5,p_rturn_10_6,p_rturn_11_5,p_rturn_11_6,mean_theta_9_5,min_theta_9_5,max_theta_9_5,mean_theta_9_6,min_theta_9_6,max_theta_9_6,mean_theta_10_5,min_theta_10_5,max_theta_10_5,mean_theta_10_6,min_theta_10_6,max_theta_10_6,mean_theta_11_5,min_theta_11_5,max_theta_11_5,mean_theta_11_6,min_theta_11_6,max_theta_11_6
WellE08_Seq0013/xy08,0,1284.2221374175297,496.3656200826161,0.685786019032,0.621055909376,0.3865107177491649,37.0267743126511,1.3253588193391257,17.1229618322,1.72084299964,0.747738472261,-0.133420568189,111.461497288,1.1351585761687226,0.438207551242,285.259568701,1.148534422419881,3.5276872726768094,-0.2521733284642913,-1.024020089008267,-1.4302777219826468,-1.1653576890098665,-0.721195525197944,-0.805787861272945,-1.2721209287875823,-1.5488847976134206,13.5210851775,13.6947443169,13.6947443169,14.3067792674,14.7750324841,15.2480900842,16.2391058146,16.5847497108,16.7373700273,17.3474495199,1.0,0.9859154929577465,0.9859154929577465,0.9295774647887324,0.8873239436619719,0.8450704225352113,0.7605633802816901,0.7323943661971831,0.7183098591549296,0.6619718309859155,0.530393156812,0.206159851709,0.0182136608149,-0.249167577688,-0.246945738691,-0.0569920824821,0.0232443793945,0.0177397972844,-0.0987245662505,-0.224648274801,0.380952380952,0.333333333333,0.45,0.45,0.45,0.45,0.555842852867,0.0398954052129784,2.6853493358765164,0.569050476363,0.04711089545050416,2.6689362981946765,0.551770342383,0.011128261256076168,2.6608521517090074,0.556074992831,0.003912771018480144,2.6444391140271675,0.613175949324,0.025362654102132204,2.683189416141674,0.610029588986,0.007230993963509456,2.6739158158765375
