Well/XY,cell_id,total_distance,net_distance,linearity,spearmanrsq,progressivity,max_speed,min_speed,avg_speed,MSD_slope,hurst_RS,nongauss,disp_var,disp_skew,rw_linearity,rw_netdist,rw_kurtosis01,rw_kurtosis02,rw_kurtosis03,rw_kurtosis04,rw_kurtosis05,rw_kurtosis06,rw_kurtosis07,rw_kurtosis08,rw_kurtosis09,rw_kurtosis10,avg_moving_speed01,avg_moving_speed02,avg_moving_speed03,avg_moving_speed04,avg_moving_speed05,avg_moving_speed06,avg_moving_speed07,avg_moving_speed08,avg_moving_speed09,avg_moving_speed10,time_moving01,time_moving02,time_moving03,time_moving04,time_moving05,time_moving06,time_moving07,time_moving08,time_moving09,time_moving10,autocorr_1,autocorr_2,autocorr_3,autocorr_4,autocorr_5,autocorr_6,autocorr_7,autocorr_8,autocorr_9,autocorr_10,p_rturn_9_5,p_rturn_9_6,p_rturn_10_5,p_rturn_10_6,p_rturn_11_5,p_rturn_11_6,mean_theta_9_5,min_theta_9_5,max_theta_9_5,mean_theta_9_6,min_theta_9_6,max_theta_9_6,mean_theta_10_5,min_theta_10_5,max_theta_10_5,mean_theta_10_6,min_theta_10_6,max_theta_10_6,mean_theta_11_5,min_theta_11_5,max_theta_11_5,mean_theta_11_6,min_theta_11_6,max_theta_11_6
WellE08_Seq0013/xy13,0,1318.4172881413858,491.2048485102727,0.122584507175,0.1624811789,0.3725716075846818,25.733809434283142,0.48284573105702755,17.5788971752,1.53081407125,0.92577877239,-0.246720378944,146.890707014,0.48016817143576407,-0.122467271569,274.477648703,-0.9916133390656632,-0.2940164030933894,0.3956427624287815,-0.010884713483489517,-0.6472134370535914,-1.3116199845561636,-1.2118949965397026,-1.3721015770338574,-1.5960608081350973,-1.6421920730500148,10.9183665943,11.3302081617,12.6624512704,13.8667928368,14.6528393907,15.7434195052,16.9577871121,18.0809952321,19.0435914469,19.3557322644,1.0,0.9577464788732394,0.8309859154929577,0.7323943661971831,0.676056338028169,0.6056338028169014,0.5352112676056338,0.4788732394366197,0.43661971830985913,0.4225352112676056,0.597349684463,0.477717544391,0.430633852001,0.427479865571,0.328608481034,0.465795873834,0.407161632107,0.362367839057,0.411259293645,0.378402992878,0.333333333333,0.285714285714,0.35,0.4,0.25,0.2,0.858192444443,0.028888701536270277,2.6002454389521406,0.73221479529,0.018158291252971786,2.622021481240698,0.9136047017,0.01979127042501188,2.6775548506900826,0.788598629844,0.051440491118265035,2.69933089297864,0.774762830902,2.872700023714087e-05,2.712191070356921,0.66027337007,0.0316779476962582,2.733967112645479
