Well/XY,cell_id,total_distance,net_distance,linearity,spearmanrsq,progressivity,max_speed,min_speed,avg_speed,MSD_slope,hurst_RS,nongauss,disp_var,disp_skew,rw_linearity,rw_netdist,rw_kurtosis01,rw_kurtosis02,rw_kurtosis03,rw_kurtosis04,rw_kurtosis05,rw_kurtosis06,rw_kurtosis07,rw_kurtosis08,rw_kurtosis09,rw_kurtosis10,avg_moving_speed01,avg_moving_speed02,avg_moving_speed03,avg_moving_speed04,avg_moving_speed05,avg_moving_speed06,avg_moving_speed07,avg_moving_speed08,avg_moving_speed09,avg_moving_speed10,time_moving01,time_moving02,time_moving03,time_moving04,time_moving05,time_moving06,time_moving07,time_moving08,time_moving09,time_moving10,autocorr_1,autocorr_2,autocorr_3,autocorr_4,autocorr_5,autocorr_6,autocorr_7,autocorr_8,autocorr_9,autocorr_10,p_rturn_9_5,p_rturn_9_6,p_rturn_10_5,p_rturn_10_6,p_rturn_11_5,p_rturn_11_6,mean_theta_9_5,min_theta_9_5,max_theta_9_5,mean_theta_9_6,min_theta_9_6,max_theta_9_6,mean_theta_10_5,min_theta_10_5,max_theta_10_5,mean_theta_10_6,min_theta_10_6,max_theta_10_6,mean_theta_11_5,min_theta_11_5,max_theta_11_5,mean_theta_11_6,min_theta_11_6,max_theta_11_6
WellC03_Seq0018/xy17,0,1110.159202001434,324.7493816776253,0.449444925468,0.352227134635,0.29252505504810095,22.59286117338838,0.3577708763999486,14.8021226934,1.28913195814,0.675642749332,0.305817944001,141.630475835,1.5330650024515522,0.218805208805,142.256556868,2.8010764487500515,2.459947865602518,1.2772179085268842,3.8715789259372464,2.011000619684035,2.830833603771646,2.2118125079069744,0.4102946697589642,0.4188351702894395,-0.7496406578538513,8.19485224062,8.69235024915,9.09176980535,9.80823803653,10.6892408505,11.8761157614,12.1630923812,13.2714935041,15.0919972326,17.3299529115,1.0,0.9295774647887324,0.8732394366197183,0.7746478873239436,0.6619718309859155,0.5352112676056338,0.5070422535211268,0.4084507042253521,0.29577464788732394,0.2112676056338028,0.397455539718,0.000690432146307,0.125382824596,0.241349586954,0.0755404074722,0.0672959867491,-0.131009356751,-0.216370446036,-0.00371440294457,0.00384485813774,0.52380952381,0.47619047619,0.3,0.35,0.25,0.35,0.759266445022,0.029691766093350808,2.16285718663112,0.741848896663,0.01822254197980988,2.2172694814870235,0.670039226163,0.010254957758402265,2.195086397803306,0.657199762711,0.0530256658440082,2.1942459802602676,0.69794782808,0.06340599065043108,2.3141950888569043,0.696489340264,0.031629300210503655,2.313354671313866
