Well/XY,cell_id,total_distance,net_distance,linearity,spearmanrsq,progressivity,max_speed,min_speed,avg_speed,MSD_slope,hurst_RS,nongauss,disp_var,disp_skew,rw_linearity,rw_netdist,rw_kurtosis01,rw_kurtosis02,rw_kurtosis03,rw_kurtosis04,rw_kurtosis05,rw_kurtosis06,rw_kurtosis07,rw_kurtosis08,rw_kurtosis09,rw_kurtosis10,avg_moving_speed01,avg_moving_speed02,avg_moving_speed03,avg_moving_speed04,avg_moving_speed05,avg_moving_speed06,avg_moving_speed07,avg_moving_speed08,avg_moving_speed09,avg_moving_speed10,time_moving01,time_moving02,time_moving03,time_moving04,time_moving05,time_moving06,time_moving07,time_moving08,time_moving09,time_moving10,autocorr_1,autocorr_2,autocorr_3,autocorr_4,autocorr_5,autocorr_6,autocorr_7,autocorr_8,autocorr_9,autocorr_10,p_rturn_9_5,p_rturn_9_6,p_rturn_10_5,p_rturn_10_6,p_rturn_11_5,p_rturn_11_6,mean_theta_9_5,min_theta_9_5,max_theta_9_5,mean_theta_9_6,min_theta_9_6,max_theta_9_6,mean_theta_10_5,min_theta_10_5,max_theta_10_5,mean_theta_10_6,min_theta_10_6,max_theta_10_6,mean_theta_11_5,min_theta_11_5,max_theta_11_5,mean_theta_11_6,min_theta_11_6,max_theta_11_6
WellC03_Seq0018/xy07,0,1890.2127121787626,1155.730066588215,0.9529928333,0.986321873284,0.6114285758114797,24.281601594623005,5.082690626036562,25.2028361624,1.6800880745,0.64418117353,0.117473395368,273.578392877,1.8851394445574194,0.705977658829,845.00863428,3.369602631102522,-0.12894157811050722,-0.7635379640733015,-0.8282304667478018,-0.40146918221722494,0.8877131841537516,-0.08453550969007884,-1.2329517632115885,0.5495909655560802,0.4901465362249917,16.8034057793,16.8034057793,16.8034057793,16.8034057793,16.8034057793,16.8034057793,17.1064033591,17.1064033591,17.1064033591,17.2193561464,1.0,1.0,1.0,1.0,1.0,1.0,0.971830985915493,0.971830985915493,0.971830985915493,0.9577464788732394,0.384331908186,0.169121027291,0.0535685874462,-0.134873494445,-0.112960010786,-0.017860665931,0.0987704727819,0.0982176852123,0.0112975971519,-0.0538808057108,0.571428571429,0.52380952381,0.5,0.45,0.55,0.5,0.324130918673,0.10939145416481788,0.6585506834388245,0.280708541048,0.040619247137213224,0.5831537504026545,0.278393381318,0.008272636975171721,0.9466229028218724,0.235395000868,0.01200053284467665,0.6332927412401025,0.308649639604,0.007030626803665203,0.7857257167882366,0.264678468137,0.0005664863401007775,0.5507426657252323
