Well/XY,cell_id,total_distance,net_distance,linearity,spearmanrsq,progressivity,max_speed,min_speed,avg_speed,MSD_slope,hurst_RS,nongauss,disp_var,disp_skew,rw_linearity,rw_netdist,rw_kurtosis01,rw_kurtosis02,rw_kurtosis03,rw_kurtosis04,rw_kurtosis05,rw_kurtosis06,rw_kurtosis07,rw_kurtosis08,rw_kurtosis09,rw_kurtosis10,avg_moving_speed01,avg_moving_speed02,avg_moving_speed03,avg_moving_speed04,avg_moving_speed05,avg_moving_speed06,avg_moving_speed07,avg_moving_speed08,avg_moving_speed09,avg_moving_speed10,time_moving01,time_moving02,time_moving03,time_moving04,time_moving05,time_moving06,time_moving07,time_moving08,time_moving09,time_moving10,autocorr_1,autocorr_2,autocorr_3,autocorr_4,autocorr_5,autocorr_6,autocorr_7,autocorr_8,autocorr_9,autocorr_10,p_rturn_9_5,p_rturn_9_6,p_rturn_10_5,p_rturn_10_6,p_rturn_11_5,p_rturn_11_6,mean_theta_9_5,min_theta_9_5,max_theta_9_5,mean_theta_9_6,min_theta_9_6,max_theta_9_6,mean_theta_10_5,min_theta_10_5,max_theta_10_5,mean_theta_10_6,min_theta_10_6,max_theta_10_6,mean_theta_11_5,min_theta_11_5,max_theta_11_5,mean_theta_11_6,min_theta_11_6,max_theta_11_6
WellC03_Seq0018/xy20,0,482.8773990023465,5.255872905617137,0.0668001550688,0.0637752451394,0.010884487276638094,6.240969475970857,0.16250538452616783,6.43836532003,0.231769596426,0.71719212968,0.757882533242,27.3670072508,2.426262290117517,-0.164123315507,-74.1216257644,7.120480591998756,2.568653132658449,1.2792793921943169,0.7221216048803742,-0.6949790988021416,3.2964584124014324,0.5518564288446175,1.9736624584516118,-0.15049660337574533,-0.5025049041902614,2.14763039355,3.07356386897,4.57210954804,5.0636123189,5.35040668028,0.0,0.0,0.0,0.0,0.0,0.676056338028169,0.28169014084507044,0.08450704225352113,0.056338028169014086,0.04225352112676056,0.0,0.0,0.0,0.0,0.0,0.441302113533,0.0647685466257,0.0133218035162,-0.150804375122,-0.160422659194,-0.0505528864203,0.040310694599,0.226380270823,0.355899822211,0.0876512009754,0.47619047619,0.47619047619,0.4,0.5,0.45,0.5,0.838280103881,0.12148872010484339,2.2089638420844446,0.875128146243,0.10834240309043898,2.0582108180724332,0.690049036012,0.008261169690186745,1.7151717724238353,0.751553847594,0.022728345256424146,1.7617528985665782,0.774827311157,0.014301697566482998,2.0304675850751805,0.764939548909,0.010834839778973678,1.9162776656049711
