Well/XY,cell_id,total_distance,net_distance,linearity,spearmanrsq,progressivity,max_speed,min_speed,avg_speed,MSD_slope,hurst_RS,nongauss,disp_var,disp_skew,rw_linearity,rw_netdist,rw_kurtosis01,rw_kurtosis02,rw_kurtosis03,rw_kurtosis04,rw_kurtosis05,rw_kurtosis06,rw_kurtosis07,rw_kurtosis08,rw_kurtosis09,rw_kurtosis10,avg_moving_speed01,avg_moving_speed02,avg_moving_speed03,avg_moving_speed04,avg_moving_speed05,avg_moving_speed06,avg_moving_speed07,avg_moving_speed08,avg_moving_speed09,avg_moving_speed10,time_moving01,time_moving02,time_moving03,time_moving04,time_moving05,time_moving06,time_moving07,time_moving08,time_moving09,time_moving10,autocorr_1,autocorr_2,autocorr_3,autocorr_4,autocorr_5,autocorr_6,autocorr_7,autocorr_8,autocorr_9,autocorr_10,p_rturn_9_5,p_rturn_9_6,p_rturn_10_5,p_rturn_10_6,p_rturn_11_5,p_rturn_11_6,mean_theta_9_5,min_theta_9_5,max_theta_9_5,mean_theta_9_6,min_theta_9_6,max_theta_9_6,mean_theta_10_5,min_theta_10_5,max_theta_10_5,mean_theta_10_6,min_theta_10_6,max_theta_10_6,mean_theta_11_5,min_theta_11_5,max_theta_11_5,mean_theta_11_6,min_theta_11_6,max_theta_11_6
WellC03_Seq0018/xy02,0,1875.1299734564152,468.13088511654513,0.104739639202,0.101981865739,0.24965249968973746,33.281333146375005,3.1819170322307224,25.0017329794,1.3839405276,0.564699590013,2.55819682231,674.974310005,3.702455141253509,-0.126177669323,159.888819363,15.844937065451877,5.610212188613364,1.1979557937247671,0.276957695471455,0.15007516138574273,-0.9741708883570417,-1.3279278341439265,-1.0877586938029944,-1.5903319567345942,-1.4035130410775438,15.1298356134,15.1298356134,15.3052076269,15.3052076269,15.4610744426,15.4610744426,15.8835681787,16.2870449848,16.6754614228,17.1844268397,1.0,1.0,0.9859154929577465,0.9859154929577465,0.971830985915493,0.971830985915493,0.9295774647887324,0.8873239436619719,0.8450704225352113,0.7887323943661971,-0.0514714158052,0.371222296554,-0.0835312114924,-0.091634924686,-0.169952701011,-0.150623311817,-0.101097540764,0.000875047547058,-0.0430184962472,-0.0108541653049,0.47619047619,0.428571428571,0.5,0.55,0.3,0.25,0.461752252292,0.03684429652098053,1.7336250084758442,0.437394077527,0.043999717819433924,1.6148704826348919,0.443585781691,0.011081388033232296,1.702855374269122,0.422534322261,0.03465397081934467,1.5841008484281696,0.490636547549,0.051126857824865944,1.6324645972025138,0.46356961559,0.017912239349604876,1.5137100713615612
