Well/XY,cell_id,total_distance,net_distance,linearity,spearmanrsq,progressivity,max_speed,min_speed,avg_speed,MSD_slope,hurst_RS,nongauss,disp_var,disp_skew,rw_linearity,rw_netdist,rw_kurtosis01,rw_kurtosis02,rw_kurtosis03,rw_kurtosis04,rw_kurtosis05,rw_kurtosis06,rw_kurtosis07,rw_kurtosis08,rw_kurtosis09,rw_kurtosis10,avg_moving_speed01,avg_moving_speed02,avg_moving_speed03,avg_moving_speed04,avg_moving_speed05,avg_moving_speed06,avg_moving_speed07,avg_moving_speed08,avg_moving_speed09,avg_moving_speed10,time_moving01,time_moving02,time_moving03,time_moving04,time_moving05,time_moving06,time_moving07,time_moving08,time_moving09,time_moving10,autocorr_1,autocorr_2,autocorr_3,autocorr_4,autocorr_5,autocorr_6,autocorr_7,autocorr_8,autocorr_9,autocorr_10,p_rturn_9_5,p_rturn_9_6,p_rturn_10_5,p_rturn_10_6,p_rturn_11_5,p_rturn_11_6,mean_theta_9_5,min_theta_9_5,max_theta_9_5,mean_theta_9_6,min_theta_9_6,max_theta_9_6,mean_theta_10_5,min_theta_10_5,max_theta_10_5,mean_theta_10_6,min_theta_10_6,max_theta_10_6,mean_theta_11_5,min_theta_11_5,max_theta_11_5,mean_theta_11_6,min_theta_11_6,max_theta_11_6
WellC03_Seq0018/xy14,0,1524.623014369176,138.189262969306,0.402110504727,0.419280084138,0.09063831627025702,27.51523912307507,0.9779079711302154,20.3283068583,1.27855819403,0.692750618626,1.94296522379,389.101292919,3.3283449068153317,0.179329358593,-112.434935938,13.562996085392932,0.6866249140710852,-0.46824201038144553,-0.9564182793444291,-1.0234181639102116,-1.1184291939594033,-1.4934363963811998,-1.0268866027710477,-1.4878617700476273,-0.8594993418678087,11.5270542691,11.8194175419,12.1067821532,12.776237888,13.6590822268,15.0394924437,15.6123365884,16.4010295503,16.4010295503,16.7660220284,1.0,0.971830985915493,0.9436619718309859,0.8732394366197183,0.7887323943661971,0.676056338028169,0.6338028169014085,0.5774647887323944,0.5774647887323944,0.5492957746478874,0.383887853975,-0.0191575572727,0.0263615975346,-0.0157748886953,-0.0613710998071,-0.0149566774978,-0.017379832721,0.0205429655678,-0.111074903934,-0.121808589051,0.619047619048,0.571428571429,0.55,0.55,0.65,0.65,1.00644579145,0.04769251045152588,2.4986296283919733,0.972567060738,0.008884994703298048,2.569447303532972,1.01418030873,0.013029550304483968,2.5349051770501396,0.989252161164,0.0001629643898036395,2.605722852191138,1.07512709322,0.08257041654793586,2.105780534348596,1.01898056583,0.07324948102856951,2.3149875077283166
