Well/XY,cell_id,total_distance,net_distance,linearity,spearmanrsq,progressivity,max_speed,min_speed,avg_speed,MSD_slope,hurst_RS,nongauss,disp_var,disp_skew,rw_linearity,rw_netdist,rw_kurtosis01,rw_kurtosis02,rw_kurtosis03,rw_kurtosis04,rw_kurtosis05,rw_kurtosis06,rw_kurtosis07,rw_kurtosis08,rw_kurtosis09,rw_kurtosis10,avg_moving_speed01,avg_moving_speed02,avg_moving_speed03,avg_moving_speed04,avg_moving_speed05,avg_moving_speed06,avg_moving_speed07,avg_moving_speed08,avg_moving_speed09,avg_moving_speed10,time_moving01,time_moving02,time_moving03,time_moving04,time_moving05,time_moving06,time_moving07,time_moving08,time_moving09,time_moving10,autocorr_1,autocorr_2,autocorr_3,autocorr_4,autocorr_5,autocorr_6,autocorr_7,autocorr_8,autocorr_9,autocorr_10,p_rturn_9_5,p_rturn_9_6,p_rturn_10_5,p_rturn_10_6,p_rturn_11_5,p_rturn_11_6,mean_theta_9_5,min_theta_9_5,max_theta_9_5,mean_theta_9_6,min_theta_9_6,max_theta_9_6,mean_theta_10_5,min_theta_10_5,max_theta_10_5,mean_theta_10_6,min_theta_10_6,max_theta_10_6,mean_theta_11_5,min_theta_11_5,max_theta_11_5,mean_theta_11_6,min_theta_11_6,max_theta_11_6
WellC03_Seq0018/xy21,0,1906.3210056777236,976.9033086237347,0.557085616242,0.647150414905,0.5124547784524003,36.600295080777705,4.06078810084937,25.417613409,1.6993894356,0.597828483613,-0.359535307575,148.341586723,0.8624171500534441,0.318559310914,663.533924582,0.0643976319910382,0.3103055342306078,0.9917025564614854,0.07112555304776613,-0.07989928560566728,0.2682473748546439,-0.1677033790871878,-1.077876334568233,-0.10798882302917923,-0.5455769282806102,21.8916041137,21.8916041137,21.8916041137,21.8916041137,22.1447152698,22.3796540954,22.6113710723,22.6113710723,22.8159318259,23.0218231338,1.0,1.0,1.0,1.0,0.9859154929577465,0.971830985915493,0.9577464788732394,0.9577464788732394,0.9436619718309859,0.9295774647887324,0.461546274138,0.232790251402,0.0230190356406,-0.150489092859,-0.149893502403,-0.432558602701,-0.466614927368,-0.294654597196,-0.22861822252,-0.199495695026,0.571428571429,0.571428571429,0.55,0.55,0.55,0.55,0.799173488856,0.002599516216536577,2.5443787007465466,0.824267440341,0.000361354841518119,2.553291324770308,0.767058485152,0.09050049644195575,2.58271358361003,0.79251264115,0.029326961000793923,2.485868560996509,0.794973632367,0.0758189624396793,2.61875963220013,0.820427788365,0.0146454269985266,2.5020083127028814
