Well/XY,cell_id,total_distance,net_distance,linearity,spearmanrsq,progressivity,max_speed,min_speed,avg_speed,MSD_slope,hurst_RS,nongauss,disp_var,disp_skew,rw_linearity,rw_netdist,rw_kurtosis01,rw_kurtosis02,rw_kurtosis03,rw_kurtosis04,rw_kurtosis05,rw_kurtosis06,rw_kurtosis07,rw_kurtosis08,rw_kurtosis09,rw_kurtosis10,avg_moving_speed01,avg_moving_speed02,avg_moving_speed03,avg_moving_speed04,avg_moving_speed05,avg_moving_speed06,avg_moving_speed07,avg_moving_speed08,avg_moving_speed09,avg_moving_speed10,time_moving01,time_moving02,time_moving03,time_moving04,time_moving05,time_moving06,time_moving07,time_moving08,time_moving09,time_moving10,autocorr_1,autocorr_2,autocorr_3,autocorr_4,autocorr_5,autocorr_6,autocorr_7,autocorr_8,autocorr_9,autocorr_10,p_rturn_9_5,p_rturn_9_6,p_rturn_10_5,p_rturn_10_6,p_rturn_11_5,p_rturn_11_6,mean_theta_9_5,min_theta_9_5,max_theta_9_5,mean_theta_9_6,min_theta_9_6,max_theta_9_6,mean_theta_10_5,min_theta_10_5,max_theta_10_5,mean_theta_10_6,min_theta_10_6,max_theta_10_6,mean_theta_11_5,min_theta_11_5,max_theta_11_5,mean_theta_11_6,min_theta_11_6,max_theta_11_6
WellB04_Seq0002/xy15,0,333.6295345873724,16.498815108970632,0.340106859214,0.3002100843,0.049452501647901465,5.165710406130005,0.039999999999997725,4.4483937945,0.489050044925,0.641092945189,2.06485338892,14.7048628884,3.9366014047472633,0.103488253876,-38.3446668861,19.309405316309082,7.474791293743925,3.1738801555058362,1.5181354160144638,-0.8409000634043253,-1.0427027218333376,0.2081623489408373,-1.5279344873889507,0.4254393640816918,-0.27663898648990637,1.81691605355,3.05556797801,3.96610954884,5.14091081424,5.14091081424,0.0,0.0,0.0,0.0,0.0,0.5211267605633803,0.14084507042253522,0.07042253521126761,0.014084507042253521,0.014084507042253521,0.0,0.0,0.0,0.0,0.0,-0.0466600530163,-0.0565756129953,0.415159341856,0.0241497403544,-0.119738207543,0.0134444137524,-0.00946709675771,-0.0334851312468,-0.050040826339,-0.0217099474235,0.4,0.3,0.5,0.6,0.4,0.4,0.669483518619,0.008209179083558915,1.9486383162115264,0.687944266027,0.05666591003052323,1.9220672909435605,0.578310254717,0.10472190528764759,1.2234395133118112,0.5673697241,0.0034854879201357525,1.2780565646882,0.808181678307,0.011447954065062261,1.9818770784033561,0.824442871203,0.18332970355046227,2.108100107012233
