Well/XY,cell_id,total_distance,net_distance,linearity,spearmanrsq,progressivity,max_speed,min_speed,avg_speed,MSD_slope,hurst_RS,nongauss,disp_var,disp_skew,rw_linearity,rw_netdist,rw_kurtosis01,rw_kurtosis02,rw_kurtosis03,rw_kurtosis04,rw_kurtosis05,rw_kurtosis06,rw_kurtosis07,rw_kurtosis08,rw_kurtosis09,rw_kurtosis10,avg_moving_speed01,avg_moving_speed02,avg_moving_speed03,avg_moving_speed04,avg_moving_speed05,avg_moving_speed06,avg_moving_speed07,avg_moving_speed08,avg_moving_speed09,avg_moving_speed10,time_moving01,time_moving02,time_moving03,time_moving04,time_moving05,time_moving06,time_moving07,time_moving08,time_moving09,time_moving10,autocorr_1,autocorr_2,autocorr_3,autocorr_4,autocorr_5,autocorr_6,autocorr_7,autocorr_8,autocorr_9,autocorr_10,p_rturn_9_5,p_rturn_9_6,p_rturn_10_5,p_rturn_10_6,p_rturn_11_5,p_rturn_11_6,mean_theta_9_5,min_theta_9_5,max_theta_9_5,mean_theta_9_6,min_theta_9_6,max_theta_9_6,mean_theta_10_5,min_theta_10_5,max_theta_10_5,mean_theta_10_6,min_theta_10_6,max_theta_10_6,mean_theta_11_5,min_theta_11_5,max_theta_11_5,mean_theta_11_6,min_theta_11_6,max_theta_11_6
WellB04_Seq0002/xy01,0,1877.3201824837295,40.41643353884652,0.0990492087944,0.146747123323,0.021528790834909592,38.1120359466665,0.6678353090396222,25.0309357664,0.505717766277,0.711302183444,1.12720131256,575.813242952,2.3885860992233603,-0.114435289446,-268.185668353,7.1820497092547,1.4399100567179133,4.259092126736291,-0.04954076751815162,0.7475263718102587,-0.5834786261802596,-0.7033434022970555,0.6907259805634594,-0.6468101115466376,-1.58600687652199,8.38893848251,9.02565500012,9.70614418412,10.164174341,11.009419137,11.9797184278,13.3515702676,13.9443804188,14.5828889291,15.2539914242,0.9859154929577465,0.9014084507042254,0.8169014084507042,0.7605633802816901,0.6619718309859155,0.5633802816901409,0.4507042253521127,0.4084507042253521,0.36619718309859156,0.323943661971831,0.485589031644,0.240461548304,0.0357498366616,-0.0356326300369,0.00573326267395,0.0250978971972,0.157679886103,0.243907013895,0.121591849277,0.0283515960109,0.666666666667,0.571428571429,0.55,0.5,0.6,0.6,0.667589562251,0.028562688603489702,1.791544347599032,0.663983038287,0.050493981557023504,1.7721599791647218,0.6044352101,0.01170379168255713,1.7438361155747977,0.613801005863,0.01221237475341998,1.737240404479774,0.640164441103,0.036343156110706536,1.751867741970365,0.638701479824,0.06500846136237463,1.7452720308753413
