Well/XY,cell_id,total_distance,net_distance,linearity,spearmanrsq,progressivity,max_speed,min_speed,avg_speed,MSD_slope,hurst_RS,nongauss,disp_var,disp_skew,rw_linearity,rw_netdist,rw_kurtosis01,rw_kurtosis02,rw_kurtosis03,rw_kurtosis04,rw_kurtosis05,rw_kurtosis06,rw_kurtosis07,rw_kurtosis08,rw_kurtosis09,rw_kurtosis10,avg_moving_speed01,avg_moving_speed02,avg_moving_speed03,avg_moving_speed04,avg_moving_speed05,avg_moving_speed06,avg_moving_speed07,avg_moving_speed08,avg_moving_speed09,avg_moving_speed10,time_moving01,time_moving02,time_moving03,time_moving04,time_moving05,time_moving06,time_moving07,time_moving08,time_moving09,time_moving10,autocorr_1,autocorr_2,autocorr_3,autocorr_4,autocorr_5,autocorr_6,autocorr_7,autocorr_8,autocorr_9,autocorr_10,p_rturn_9_5,p_rturn_9_6,p_rturn_10_5,p_rturn_10_6,p_rturn_11_5,p_rturn_11_6,mean_theta_9_5,min_theta_9_5,max_theta_9_5,mean_theta_9_6,min_theta_9_6,max_theta_9_6,mean_theta_10_5,min_theta_10_5,max_theta_10_5,mean_theta_10_6,min_theta_10_6,max_theta_10_6,mean_theta_11_5,min_theta_11_5,max_theta_11_5,mean_theta_11_6,min_theta_11_6,max_theta_11_6
WellE09_Seq0012/xy07,0,3236.55681910566,255.23869808475365,0.286581679306,0.24347082112,0.07886118253140458,48.290581276269606,3.8122250720543613,42.5862739356,1.07917135037,0.608032944482,-0.415790459983,397.105218739,0.3684184348648738,0.0658837482786,-273.243063255,0.0730250261502996,-0.36225118423325675,-1.1520243080585186,-1.207863972508703,-1.1183449806718158,-1.341007610625505,-1.1845958987870517,-0.8079927365702493,-1.3339955890074964,-1.0021031891512242,30.5539802156,30.5539802156,30.5539802156,30.5539802156,30.5539802156,30.5539802156,31.2320025469,31.2320025469,31.8939862363,32.2277281827,1.0,1.0,1.0,1.0,1.0,1.0,0.9722222222222222,0.9722222222222222,0.9444444444444444,0.9305555555555556,0.233387259761,0.0378435813883,-0.0124855621277,-0.141672831152,-0.13614903461,-0.115795406583,-0.272571488803,-0.263207339956,0.0342423161206,-0.0208323525993,0.761904761905,0.714285714286,0.761904761905,0.761904761905,0.65,0.55,1.02985741087,0.12092848756143403,2.4593453304999175,0.938347228639,0.007210709537293228,2.5007046175837133,0.972960772341,0.12612322505123252,2.429489990178775,0.881784231979,0.052016597170714496,2.470849277262571,0.889055240162,0.0037088034991061033,2.123811157290442,0.795665484258,0.02866969325390433,2.0494701418158923
