Well/XY,cell_id,total_distance,net_distance,linearity,spearmanrsq,progressivity,max_speed,min_speed,avg_speed,MSD_slope,hurst_RS,nongauss,disp_var,disp_skew,rw_linearity,rw_netdist,rw_kurtosis01,rw_kurtosis02,rw_kurtosis03,rw_kurtosis04,rw_kurtosis05,rw_kurtosis06,rw_kurtosis07,rw_kurtosis08,rw_kurtosis09,rw_kurtosis10,avg_moving_speed01,avg_moving_speed02,avg_moving_speed03,avg_moving_speed04,avg_moving_speed05,avg_moving_speed06,avg_moving_speed07,avg_moving_speed08,avg_moving_speed09,avg_moving_speed10,time_moving01,time_moving02,time_moving03,time_moving04,time_moving05,time_moving06,time_moving07,time_moving08,time_moving09,time_moving10,autocorr_1,autocorr_2,autocorr_3,autocorr_4,autocorr_5,autocorr_6,autocorr_7,autocorr_8,autocorr_9,autocorr_10,p_rturn_9_5,p_rturn_9_6,p_rturn_10_5,p_rturn_10_6,p_rturn_11_5,p_rturn_11_6,mean_theta_9_5,min_theta_9_5,max_theta_9_5,mean_theta_9_6,min_theta_9_6,max_theta_9_6,mean_theta_10_5,min_theta_10_5,max_theta_10_5,mean_theta_10_6,min_theta_10_6,max_theta_10_6,mean_theta_11_5,min_theta_11_5,max_theta_11_5,mean_theta_11_6,min_theta_11_6,max_theta_11_6
WellE06_Seq0015/xy21,0,2966.0941175726457,529.5481186823347,0.248522866874,0.0984003968427,0.17853382181806812,71.34329961531074,3.5938836931653895,39.0275541786,1.04238463718,0.693381455276,-0.319639110922,406.648941178,0.7333563217373216,0.0161779765198,45.2289081248,0.1197322604018769,3.970451309712825,5.423319187524257,3.2893201766182765,1.2626332248645538,0.5549847379153383,2.9367949480812943,1.5699682362157539,1.8774634470945024,-0.4472100968952031,24.9615413727,24.9615413727,24.9615413727,24.9615413727,24.9615413727,25.2293276717,25.4966677823,25.7629275239,26.0101801551,26.0101801551,1.0,1.0,1.0,1.0,1.0,0.9861111111111112,0.9722222222222222,0.9583333333333334,0.9444444444444444,0.9444444444444444,0.272968608588,0.129210949359,0.131128341942,0.126569561128,0.0296248192524,-0.0891559105872,-0.0443984288508,-0.0694375726842,0.088322799498,0.0645179582006,0.47619047619,0.52380952381,0.52380952381,0.52380952381,0.45,0.4,0.750794317772,0.07827278032633604,1.8603238723979598,0.767496946433,0.07334033851015224,2.239869829925599,0.80023148278,0.01297871605597383,1.9884649391328553,0.846027856079,0.008053980955356694,2.0380687154088877,1.01023542805,0.00018261211653673048,2.3082478348993822,1.06196615571,0.23313562850169361,2.429510890722742
