Well/XY,cell_id,total_distance,net_distance,linearity,spearmanrsq,progressivity,max_speed,min_speed,avg_speed,MSD_slope,hurst_RS,nongauss,disp_var,disp_skew,rw_linearity,rw_netdist,rw_kurtosis01,rw_kurtosis02,rw_kurtosis03,rw_kurtosis04,rw_kurtosis05,rw_kurtosis06,rw_kurtosis07,rw_kurtosis08,rw_kurtosis09,rw_kurtosis10,avg_moving_speed01,avg_moving_speed02,avg_moving_speed03,avg_moving_speed04,avg_moving_speed05,avg_moving_speed06,avg_moving_speed07,avg_moving_speed08,avg_moving_speed09,avg_moving_speed10,time_moving01,time_moving02,time_moving03,time_moving04,time_moving05,time_moving06,time_moving07,time_moving08,time_moving09,time_moving10,autocorr_1,autocorr_2,autocorr_3,autocorr_4,autocorr_5,autocorr_6,autocorr_7,autocorr_8,autocorr_9,autocorr_10,p_rturn_9_5,p_rturn_9_6,p_rturn_10_5,p_rturn_10_6,p_rturn_11_5,p_rturn_11_6,mean_theta_9_5,min_theta_9_5,max_theta_9_5,mean_theta_9_6,min_theta_9_6,max_theta_9_6,mean_theta_10_5,min_theta_10_5,max_theta_10_5,mean_theta_10_6,min_theta_10_6,max_theta_10_6,mean_theta_11_5,min_theta_11_5,max_theta_11_5,mean_theta_11_6,min_theta_11_6,max_theta_11_6
WellE06_Seq0015/xy25,0,1309.0587824681725,122.19592873741742,0.0173460755906,0.0419200938467,0.09334640305993165,11.590335974422832,0.3907377637239563,17.2244576641,0.705847703205,0.772810177087,-0.236204835693,97.2873350835,0.9392163790405985,-0.210444984631,-91.5539696027,0.5550254562802417,0.35982738714592477,-0.2672150859250122,-1.0092036996685838,-0.867198738629702,1.4180702764823234,-1.15571878908119,0.4713335909347376,-0.5178091656512667,-0.29959966584710385,5.62261177774,6.07243634528,6.72456298746,7.04400192527,7.72250603761,8.59137360064,9.30899390094,10.0533025293,10.5284022223,11.6889769484,0.9861111111111112,0.8888888888888888,0.75,0.6805555555555556,0.5416666666666666,0.3888888888888889,0.2916666666666667,0.20833333333333334,0.16666666666666666,0.08333333333333333,-0.0143040890987,0.231263504931,0.205184418293,-0.0891864463891,0.350810110915,0.0324560765162,0.0541811302367,0.0367469801715,-0.121373302558,-0.0469987257738,0.52380952381,0.619047619048,0.619047619048,0.52380952381,0.65,0.75,0.456639887624,0.03757331491580814,1.2248750600444174,0.495902153225,0.10750656017745572,1.3591886352877953,0.490359668012,0.07316915461845622,1.1955419403018535,0.522812331684,0.04403247345326094,1.3298555155452314,0.447109897788,0.00790968925131084,1.3098735012502283,0.480422566562,0.02971173772808653,1.4441870764936062
