Well/XY,cell_id,total_distance,net_distance,linearity,spearmanrsq,progressivity,max_speed,min_speed,avg_speed,MSD_slope,hurst_RS,nongauss,disp_var,disp_skew,rw_linearity,rw_netdist,rw_kurtosis01,rw_kurtosis02,rw_kurtosis03,rw_kurtosis04,rw_kurtosis05,rw_kurtosis06,rw_kurtosis07,rw_kurtosis08,rw_kurtosis09,rw_kurtosis10,avg_moving_speed01,avg_moving_speed02,avg_moving_speed03,avg_moving_speed04,avg_moving_speed05,avg_moving_speed06,avg_moving_speed07,avg_moving_speed08,avg_moving_speed09,avg_moving_speed10,time_moving01,time_moving02,time_moving03,time_moving04,time_moving05,time_moving06,time_moving07,time_moving08,time_moving09,time_moving10,autocorr_1,autocorr_2,autocorr_3,autocorr_4,autocorr_5,autocorr_6,autocorr_7,autocorr_8,autocorr_9,autocorr_10,p_rturn_9_5,p_rturn_9_6,p_rturn_10_5,p_rturn_10_6,p_rturn_11_5,p_rturn_11_6,mean_theta_9_5,min_theta_9_5,max_theta_9_5,mean_theta_9_6,min_theta_9_6,max_theta_9_6,mean_theta_10_5,min_theta_10_5,max_theta_10_5,mean_theta_10_6,min_theta_10_6,max_theta_10_6,mean_theta_11_5,min_theta_11_5,max_theta_11_5,mean_theta_11_6,min_theta_11_6,max_theta_11_6
WellE06_Seq0015/xy03,0,1856.9291655556742,178.05831207781344,0.422954952391,0.460715347772,0.09588858604874712,29.22898397139388,0.08207313811472239,24.4332784942,0.627642048136,0.803580602425,0.272206170811,477.323811515,1.3683554027606395,0.157600040681,-125.150700136,1.1847827356647977,1.672427117609975,0.6239450789603875,-0.4654819992053154,-1.0361416613059127,1.9268906845186988,-1.2989482858169576,2.203311637787131,-1.5525723931723725,-1.313904246846111,9.95621559517,10.9079650864,11.952008363,12.4281811913,13.9880954013,14.3959036424,14.9834436677,15.7894626935,16.7067204032,16.9293049974,0.9861111111111112,0.8888888888888888,0.7916666666666666,0.75,0.625,0.5972222222222222,0.5555555555555556,0.5,0.4444444444444444,0.4305555555555556,0.0818973480343,0.116209443746,0.144586925979,0.22071529115,0.0967208612162,0.146650143175,0.0384050058199,0.00768513289551,0.118881343526,0.0397140538837,0.52380952381,0.571428571429,0.619047619048,0.619047619048,0.6,0.55,0.754644185033,0.1444483596557132,2.496951354007071,0.816453831465,0.036217975319074655,2.529478726125689,0.703570663946,0.05105269350740034,2.320726035032143,0.668926627492,0.013100876441739554,2.1998996938971707,0.806786415527,0.06785003631586388,2.2431158236241298,0.904021056121,0.007758048545147497,2.1525701173471314
