Well/XY,cell_id,total_distance,net_distance,linearity,spearmanrsq,progressivity,max_speed,min_speed,avg_speed,MSD_slope,hurst_RS,nongauss,disp_var,disp_skew,rw_linearity,rw_netdist,rw_kurtosis01,rw_kurtosis02,rw_kurtosis03,rw_kurtosis04,rw_kurtosis05,rw_kurtosis06,rw_kurtosis07,rw_kurtosis08,rw_kurtosis09,rw_kurtosis10,avg_moving_speed01,avg_moving_speed02,avg_moving_speed03,avg_moving_speed04,avg_moving_speed05,avg_moving_speed06,avg_moving_speed07,avg_moving_speed08,avg_moving_speed09,avg_moving_speed10,time_moving01,time_moving02,time_moving03,time_moving04,time_moving05,time_moving06,time_moving07,time_moving08,time_moving09,time_moving10,autocorr_1,autocorr_2,autocorr_3,autocorr_4,autocorr_5,autocorr_6,autocorr_7,autocorr_8,autocorr_9,autocorr_10,p_rturn_9_5,p_rturn_9_6,p_rturn_10_5,p_rturn_10_6,p_rturn_11_5,p_rturn_11_6,mean_theta_9_5,min_theta_9_5,max_theta_9_5,mean_theta_9_6,min_theta_9_6,max_theta_9_6,mean_theta_10_5,min_theta_10_5,max_theta_10_5,mean_theta_10_6,min_theta_10_6,max_theta_10_6,mean_theta_11_5,min_theta_11_5,max_theta_11_5,mean_theta_11_6,min_theta_11_6,max_theta_11_6
WellE06_Seq0015/xy23,0,3384.092947483143,1180.5340189930996,0.146441620276,0.142737678996,0.3488479889038214,76.13705823053579,0.47205508153180553,44.5275387827,1.27313202378,0.913669398184,-0.187350220136,1285.83559648,0.4450914356791831,-0.109202136452,627.961794441,-1.1525723518264919,-0.9123699395564997,-1.337815787493731,-1.2348652701032634,-0.8758620416728617,-1.3920194451468941,-1.7460232399221418,-1.7205485000463097,-1.540055783522207,-1.5165596006496063,32.8533969242,34.2154020285,36.1755581877,36.6925907678,37.1960896993,38.7985852204,38.7985852204,40.4455536953,42.2282355772,42.8433205307,1.0,0.9583333333333334,0.9027777777777778,0.8888888888888888,0.875,0.8333333333333334,0.8333333333333334,0.7916666666666666,0.75,0.7361111111111112,0.739417653364,0.576292352382,0.450927926546,0.461333808692,0.342760534198,0.220198237519,0.0660275047146,-0.0875140055532,-0.175322208747,-0.213712789322,0.380952380952,0.428571428571,0.380952380952,0.428571428571,0.5,0.5,0.453876866565,0.03541649951726071,1.1927821380352541,0.443205745505,0.0030129635260433786,1.086346312587787,0.524774121064,0.09448363030274885,1.532049595544451,0.516978569385,0.043438045954145084,1.5715087862248154,0.519798646308,0.08978850430784235,1.4184063816615333,0.513579233747,0.045106292617371604,1.424265329262101
