Well/XY,cell_id,total_distance,net_distance,linearity,spearmanrsq,progressivity,max_speed,min_speed,avg_speed,MSD_slope,hurst_RS,nongauss,disp_var,disp_skew,rw_linearity,rw_netdist,rw_kurtosis01,rw_kurtosis02,rw_kurtosis03,rw_kurtosis04,rw_kurtosis05,rw_kurtosis06,rw_kurtosis07,rw_kurtosis08,rw_kurtosis09,rw_kurtosis10,avg_moving_speed01,avg_moving_speed02,avg_moving_speed03,avg_moving_speed04,avg_moving_speed05,avg_moving_speed06,avg_moving_speed07,avg_moving_speed08,avg_moving_speed09,avg_moving_speed10,time_moving01,time_moving02,time_moving03,time_moving04,time_moving05,time_moving06,time_moving07,time_moving08,time_moving09,time_moving10,autocorr_1,autocorr_2,autocorr_3,autocorr_4,autocorr_5,autocorr_6,autocorr_7,autocorr_8,autocorr_9,autocorr_10,p_rturn_9_5,p_rturn_9_6,p_rturn_10_5,p_rturn_10_6,p_rturn_11_5,p_rturn_11_6,mean_theta_9_5,min_theta_9_5,max_theta_9_5,mean_theta_9_6,min_theta_9_6,max_theta_9_6,mean_theta_10_5,min_theta_10_5,max_theta_10_5,mean_theta_10_6,min_theta_10_6,max_theta_10_6,mean_theta_11_5,min_theta_11_5,max_theta_11_5,mean_theta_11_6,min_theta_11_6,max_theta_11_6
WellE03_Seq0018/xy11,0,2465.5734308009855,46.64000428816451,0.060182880817,0.0380730763104,0.018916493707110023,31.020103159080566,1.0071742649611315,32.4417556684,0.47993058096,0.44385790102,0.0354165529563,489.33593897,1.4005706954347072,-0.183962273523,-355.95159606,1.9792774424272714,1.2403157842014663,1.8388419237060152,-1.1288643723198586,-1.3551793156006189,-0.9888119288204207,1.1236853651284964,-0.7673034818335531,-0.45149105133804657,-1.2022149898794643,14.9441590602,14.9441590602,14.9441590602,15.2619845405,15.5821169793,16.7351196818,17.2607407726,18.1759492109,18.7399706025,19.3119531229,1.0,1.0,1.0,0.9722222222222222,0.9444444444444444,0.8472222222222222,0.8055555555555556,0.7361111111111112,0.6944444444444444,0.6527777777777778,-0.127056774455,-0.141106931895,-0.110639136201,-0.054267334622,0.0775431372979,0.0113972311213,-0.0887267417411,-0.0771654813925,0.0440646091243,0.0318925701187,0.333333333333,0.380952380952,0.52380952381,0.571428571429,0.45,0.5,0.79181487237,0.007591337328493098,2.2535612145861985,0.734483396596,0.009016420717841466,2.3083315695029465,0.818141261974,0.03086070162198223,2.013258601987059,0.77139931167,0.05780263289902327,2.083928642462658,0.76377386551,0.020545098917152862,2.0379987934349812,0.718662395734,0.058699757486182655,2.076412792022261
