Well/XY,cell_id,total_distance,net_distance,linearity,spearmanrsq,progressivity,max_speed,min_speed,avg_speed,MSD_slope,hurst_RS,nongauss,disp_var,disp_skew,rw_linearity,rw_netdist,rw_kurtosis01,rw_kurtosis02,rw_kurtosis03,rw_kurtosis04,rw_kurtosis05,rw_kurtosis06,rw_kurtosis07,rw_kurtosis08,rw_kurtosis09,rw_kurtosis10,avg_moving_speed01,avg_moving_speed02,avg_moving_speed03,avg_moving_speed04,avg_moving_speed05,avg_moving_speed06,avg_moving_speed07,avg_moving_speed08,avg_moving_speed09,avg_moving_speed10,time_moving01,time_moving02,time_moving03,time_moving04,time_moving05,time_moving06,time_moving07,time_moving08,time_moving09,time_moving10,autocorr_1,autocorr_2,autocorr_3,autocorr_4,autocorr_5,autocorr_6,autocorr_7,autocorr_8,autocorr_9,autocorr_10,p_rturn_9_5,p_rturn_9_6,p_rturn_10_5,p_rturn_10_6,p_rturn_11_5,p_rturn_11_6,mean_theta_9_5,min_theta_9_5,max_theta_9_5,mean_theta_9_6,min_theta_9_6,max_theta_9_6,mean_theta_10_5,min_theta_10_5,max_theta_10_5,mean_theta_10_6,min_theta_10_6,max_theta_10_6,mean_theta_11_5,min_theta_11_5,max_theta_11_5,mean_theta_11_6,min_theta_11_6,max_theta_11_6
WellE03_Seq0018/xy17,0,2709.529396069943,1184.8270458172365,0.445389896913,0.152083185701,0.4372814878981486,44.28769192450653,2.8159211636691692,35.6517025799,1.46710208168,0.69610632785,-0.283376319773,403.928667785,0.7279076856772326,0.223853817982,742.401051877,-0.5388818997405838,-0.7395663873575105,0.01571759724184396,-0.1871920241092062,-0.6628292332934316,-0.45530654539717164,-1.2504158354490467,-0.8464748951498189,-0.6712132099176995,-1.1636901743056622,27.0254861016,27.0254861016,27.3673917343,28.0580300699,28.4015849954,28.7508027058,29.4410102633,29.4410102633,29.7709874239,30.0930473789,1.0,1.0,0.9861111111111112,0.9583333333333334,0.9444444444444444,0.9305555555555556,0.9027777777777778,0.9027777777777778,0.8888888888888888,0.875,0.117288864304,-0.0286057749708,0.057850594215,-0.0317472853107,0.00774978360735,-0.0133792272919,0.129202334665,-0.172130429475,-0.15781072909,0.0899705735379,0.619047619048,0.52380952381,0.47619047619,0.52380952381,0.5,0.6,0.36674428465,0.0222706826085084,1.433377814885693,0.390276139798,0.01161268723434755,1.4422688032921227,0.362715484391,0.03147756880532962,1.5096899598451687,0.388990627902,0.002554010497702914,1.5185809482515984,0.405080144269,0.0011666180492440848,1.5496110993808845,0.403240294463,0.002495571729574048,1.558502087787314
