Well/XY,cell_id,total_distance,net_distance,linearity,spearmanrsq,progressivity,max_speed,min_speed,avg_speed,MSD_slope,hurst_RS,nongauss,disp_var,disp_skew,rw_linearity,rw_netdist,rw_kurtosis01,rw_kurtosis02,rw_kurtosis03,rw_kurtosis04,rw_kurtosis05,rw_kurtosis06,rw_kurtosis07,rw_kurtosis08,rw_kurtosis09,rw_kurtosis10,avg_moving_speed01,avg_moving_speed02,avg_moving_speed03,avg_moving_speed04,avg_moving_speed05,avg_moving_speed06,avg_moving_speed07,avg_moving_speed08,avg_moving_speed09,avg_moving_speed10,time_moving01,time_moving02,time_moving03,time_moving04,time_moving05,time_moving06,time_moving07,time_moving08,time_moving09,time_moving10,autocorr_1,autocorr_2,autocorr_3,autocorr_4,autocorr_5,autocorr_6,autocorr_7,autocorr_8,autocorr_9,autocorr_10,p_rturn_9_5,p_rturn_9_6,p_rturn_10_5,p_rturn_10_6,p_rturn_11_5,p_rturn_11_6,mean_theta_9_5,min_theta_9_5,max_theta_9_5,mean_theta_9_6,min_theta_9_6,max_theta_9_6,mean_theta_10_5,min_theta_10_5,max_theta_10_5,mean_theta_10_6,min_theta_10_6,max_theta_10_6,mean_theta_11_5,min_theta_11_5,max_theta_11_5,mean_theta_11_6,min_theta_11_6,max_theta_11_6
WellE03_Seq0018/xy04,0,2414.875422856676,450.1153724324464,0.20645898208,0.351198871595,0.18639279201408354,59.09057759067853,1.8508171168432543,31.7746766165,1.35659357585,0.80635061054,-0.149519471856,506.631798622,0.7212774477330882,-0.0560268339993,55.8020054143,-0.18383388479211993,-0.1574386539116115,-0.9666076851152554,0.6496551018263541,-0.20578843041438333,-0.21266504696957034,-0.5361323538463147,-1.0612119048895332,-1.263061142881877,-0.15279133060244066,25.2643114315,25.592632886,25.592632886,26.2221475528,27.2096359172,28.9915283164,28.9915283164,29.343227557,30.0562923504,30.7887253621,1.0,0.9861111111111112,0.9861111111111112,0.9583333333333334,0.9166666666666666,0.8472222222222222,0.8472222222222222,0.8333333333333334,0.8055555555555556,0.7777777777777778,0.59391569278,0.324364909008,0.234225238906,0.0581347301191,-0.0512313900031,-0.0584036953628,-0.217249199867,-0.140041191818,-0.0233798438302,-0.0432901507436,0.571428571429,0.571428571429,0.571428571429,0.571428571429,0.65,0.65,1.22965971896,0.01365630646144741,2.754347222271708,1.17434154043,0.01092057156789541,2.7453889570685606,1.20143025371,0.023159419703378606,2.6728621994052872,1.14946906346,0.020423684809825482,2.753499351400955,1.25223883568,0.013130923126007301,2.6628214660593583,1.21731058829,0.010395188232440568,2.593267772575748
