Well/XY,cell_id,total_distance,net_distance,linearity,spearmanrsq,progressivity,max_speed,min_speed,avg_speed,MSD_slope,hurst_RS,nongauss,disp_var,disp_skew,rw_linearity,rw_netdist,rw_kurtosis01,rw_kurtosis02,rw_kurtosis03,rw_kurtosis04,rw_kurtosis05,rw_kurtosis06,rw_kurtosis07,rw_kurtosis08,rw_kurtosis09,rw_kurtosis10,avg_moving_speed01,avg_moving_speed02,avg_moving_speed03,avg_moving_speed04,avg_moving_speed05,avg_moving_speed06,avg_moving_speed07,avg_moving_speed08,avg_moving_speed09,avg_moving_speed10,time_moving01,time_moving02,time_moving03,time_moving04,time_moving05,time_moving06,time_moving07,time_moving08,time_moving09,time_moving10,autocorr_1,autocorr_2,autocorr_3,autocorr_4,autocorr_5,autocorr_6,autocorr_7,autocorr_8,autocorr_9,autocorr_10,p_rturn_9_5,p_rturn_9_6,p_rturn_10_5,p_rturn_10_6,p_rturn_11_5,p_rturn_11_6,mean_theta_9_5,min_theta_9_5,max_theta_9_5,mean_theta_9_6,min_theta_9_6,max_theta_9_6,mean_theta_10_5,min_theta_10_5,max_theta_10_5,mean_theta_10_6,min_theta_10_6,max_theta_10_6,mean_theta_11_5,min_theta_11_5,max_theta_11_5,mean_theta_11_6,min_theta_11_6,max_theta_11_6
WellE03_Seq0018/xy09,0,1832.2091052574544,280.802155262384,0.693253938484,0.0599123520339,0.15325879259994554,40.45473168864179,0.3805259518088274,24.1080145429,0.863467712034,0.652756145345,0.957857993916,523.169488447,2.1897242423558203,0.461885249423,-18.3704374673,6.233159676287816,3.9329184226896716,1.5616375373916718,0.9278403113713578,0.8052141334345873,-0.7817994807398678,1.374765515168435,0.7293809644797862,-0.29801761072479493,0.6755135576924913,12.4200396819,12.7312260744,13.1978805798,14.156684693,14.6628007963,16.1728129907,17.0313915515,17.7166348956,18.4229629149,19.4397523088,0.9861111111111112,0.9583333333333334,0.9166666666666666,0.8333333333333334,0.7916666666666666,0.6805555555555556,0.625,0.5833333333333334,0.5416666666666666,0.4861111111111111,0.166237103444,0.0222574762713,0.0445661621231,-0.0773721681916,-0.0634455057674,-0.0574466739362,-0.0237883938672,0.0975865634908,-0.168288681977,0.00815411059774,0.47619047619,0.428571428571,0.52380952381,0.571428571429,0.5,0.5,0.686360595324,0.016738928188771107,2.436838262237253,0.604951169243,0.025019773951541584,1.7616978297285055,0.615583129988,0.024720168231148323,1.9499667634095423,0.530299043207,0.015499004159842653,1.6097401929492001,0.682999050838,0.006067982188332139,1.7093781951176152,0.590067162072,0.01234465919651541,1.7063532943150976
