Well/XY,cell_id,total_distance,net_distance,linearity,spearmanrsq,progressivity,max_speed,min_speed,avg_speed,MSD_slope,hurst_RS,nongauss,disp_var,disp_skew,rw_linearity,rw_netdist,rw_kurtosis01,rw_kurtosis02,rw_kurtosis03,rw_kurtosis04,rw_kurtosis05,rw_kurtosis06,rw_kurtosis07,rw_kurtosis08,rw_kurtosis09,rw_kurtosis10,avg_moving_speed01,avg_moving_speed02,avg_moving_speed03,avg_moving_speed04,avg_moving_speed05,avg_moving_speed06,avg_moving_speed07,avg_moving_speed08,avg_moving_speed09,avg_moving_speed10,time_moving01,time_moving02,time_moving03,time_moving04,time_moving05,time_moving06,time_moving07,time_moving08,time_moving09,time_moving10,autocorr_1,autocorr_2,autocorr_3,autocorr_4,autocorr_5,autocorr_6,autocorr_7,autocorr_8,autocorr_9,autocorr_10,p_rturn_9_5,p_rturn_9_6,p_rturn_10_5,p_rturn_10_6,p_rturn_11_5,p_rturn_11_6,mean_theta_9_5,min_theta_9_5,max_theta_9_5,mean_theta_9_6,min_theta_9_6,max_theta_9_6,mean_theta_10_5,min_theta_10_5,max_theta_10_5,mean_theta_10_6,min_theta_10_6,max_theta_10_6,mean_theta_11_5,min_theta_11_5,max_theta_11_5,mean_theta_11_6,min_theta_11_6,max_theta_11_6
WellE03_Seq0018/xy21,0,1652.1162075653256,243.1725724665511,0.309630979302,0.331120076775,0.14718853997861764,34.84873024946533,1.8445595680269946,21.7383711522,1.62223250325,0.632159690879,-0.137272062146,242.806268336,0.7576725125713817,0.0763218062836,-26.5935191274,-0.006715123345482077,0.8370851220932436,-0.6808702327719529,-0.5864302174798475,-1.0600455462799443,-1.2323399919419964,-0.48362567564495773,-0.9453116578689582,-1.1155889705445223,-1.451017500679879,18.9774335743,18.9774335743,19.4459857565,19.4459857565,19.8874280879,20.109415081,20.3183911738,20.9270432486,20.9270432486,21.1166976929,1.0,1.0,0.9722222222222222,0.9722222222222222,0.9444444444444444,0.9305555555555556,0.9166666666666666,0.875,0.875,0.8611111111111112,0.363142280692,-0.0434096002636,-0.211780172541,-0.174321665891,-0.0354671071723,0.0193498072208,0.0974902323989,-0.0650536399759,0.00414089375842,-0.0351963758935,0.428571428571,0.428571428571,0.47619047619,0.428571428571,0.4,0.4,0.75757013439,0.02626642041258104,2.575527491257435,0.724208493741,6.743536263386434e-05,2.5820251038243396,0.790388696085,0.028040469189752063,2.3777009925528487,0.757020633021,0.001706613416696892,2.3392293057017626,0.822328369693,0.07259647072267575,2.4188526836309734,0.799754365305,0.07728969674055904,2.3785485622180302
