Well/XY,cell_id,total_distance,net_distance,linearity,spearmanrsq,progressivity,max_speed,min_speed,avg_speed,MSD_slope,hurst_RS,nongauss,disp_var,disp_skew,rw_linearity,rw_netdist,rw_kurtosis01,rw_kurtosis02,rw_kurtosis03,rw_kurtosis04,rw_kurtosis05,rw_kurtosis06,rw_kurtosis07,rw_kurtosis08,rw_kurtosis09,rw_kurtosis10,avg_moving_speed01,avg_moving_speed02,avg_moving_speed03,avg_moving_speed04,avg_moving_speed05,avg_moving_speed06,avg_moving_speed07,avg_moving_speed08,avg_moving_speed09,avg_moving_speed10,time_moving01,time_moving02,time_moving03,time_moving04,time_moving05,time_moving06,time_moving07,time_moving08,time_moving09,time_moving10,autocorr_1,autocorr_2,autocorr_3,autocorr_4,autocorr_5,autocorr_6,autocorr_7,autocorr_8,autocorr_9,autocorr_10,p_rturn_9_5,p_rturn_9_6,p_rturn_10_5,p_rturn_10_6,p_rturn_11_5,p_rturn_11_6,mean_theta_9_5,min_theta_9_5,max_theta_9_5,mean_theta_9_6,min_theta_9_6,max_theta_9_6,mean_theta_10_5,min_theta_10_5,max_theta_10_5,mean_theta_10_6,min_theta_10_6,max_theta_10_6,mean_theta_11_5,min_theta_11_5,max_theta_11_5,mean_theta_11_6,min_theta_11_6,max_theta_11_6
WellE03_Seq0018/xy23,0,1918.201091761665,582.5968964043664,0.522836606012,0.266728067304,0.303720448761351,30.967073093852427,0.6575408732542911,25.2394880495,1.18982789772,0.64339262321,-0.375679738639,207.476267512,0.19224990786119342,0.291595189038,269.383086718,-1.0508345898121245,-1.22004567458382,-1.1334344143837092,-0.747123903879984,-0.7239926466320608,-0.10000992378670448,-0.11734497197987892,-0.7956027131169123,-0.5997475955912295,-1.1114348523681856,20.6214198005,20.6214198005,20.8844465481,21.3948978754,21.6500301884,22.1461688089,22.1461688089,22.5992859452,22.5992859452,23.0324450492,0.9861111111111112,0.9861111111111112,0.9722222222222222,0.9444444444444444,0.9305555555555556,0.9027777777777778,0.9027777777777778,0.875,0.875,0.8472222222222222,0.373840978931,0.111550584586,-0.201717477234,-0.336301305325,-0.267444917255,-0.133099002222,0.249830806014,0.238671829085,0.257552404952,0.116512671359,0.285714285714,0.428571428571,0.285714285714,0.333333333333,0.3,0.35,0.462622609609,0.0616029418854739,1.4165303832530505,0.447716371648,0.05716616270375973,1.4973612970795895,0.453547092092,0.017039308694567698,1.059282377797954,0.444331539173,0.038084778218770536,1.1401132916244932,0.476776922427,0.09871001041020183,1.1613351879001044,0.436781197149,0.10005986749693972,1.1280254452733542
