Well/XY,cell_id,total_distance,net_distance,linearity,spearmanrsq,progressivity,max_speed,min_speed,avg_speed,MSD_slope,hurst_RS,nongauss,disp_var,disp_skew,rw_linearity,rw_netdist,rw_kurtosis01,rw_kurtosis02,rw_kurtosis03,rw_kurtosis04,rw_kurtosis05,rw_kurtosis06,rw_kurtosis07,rw_kurtosis08,rw_kurtosis09,rw_kurtosis10,avg_moving_speed01,avg_moving_speed02,avg_moving_speed03,avg_moving_speed04,avg_moving_speed05,avg_moving_speed06,avg_moving_speed07,avg_moving_speed08,avg_moving_speed09,avg_moving_speed10,time_moving01,time_moving02,time_moving03,time_moving04,time_moving05,time_moving06,time_moving07,time_moving08,time_moving09,time_moving10,autocorr_1,autocorr_2,autocorr_3,autocorr_4,autocorr_5,autocorr_6,autocorr_7,autocorr_8,autocorr_9,autocorr_10,p_rturn_9_5,p_rturn_9_6,p_rturn_10_5,p_rturn_10_6,p_rturn_11_5,p_rturn_11_6,mean_theta_9_5,min_theta_9_5,max_theta_9_5,mean_theta_9_6,min_theta_9_6,max_theta_9_6,mean_theta_10_5,min_theta_10_5,max_theta_10_5,mean_theta_10_6,min_theta_10_6,max_theta_10_6,mean_theta_11_5,min_theta_11_5,max_theta_11_5,mean_theta_11_6,min_theta_11_6,max_theta_11_6
WellE03_Seq0018/xy24,0,3279.0157883453394,287.3101808150906,0.122937074574,0.15276460878,0.08762085923351816,62.58945598101968,3.048212591011331,43.1449445835,1.21367619361,0.626105718429,-0.0564545736445,1185.47069509,0.775588963551136,-0.114479111272,-248.10450094,-0.3450637349583312,0.29163867327691495,-0.8487238880135486,-0.681440845077983,1.9304310268303428,-0.37449777286670516,-0.10230676019839491,0.20872411306358707,0.12777260079724062,-0.778086945379977,28.4947679198,28.4947679198,28.4947679198,28.4947679198,28.8335687368,29.1645425219,29.4972255699,30.1469787307,30.1469787307,30.1469787307,1.0,1.0,1.0,1.0,0.9861111111111112,0.9722222222222222,0.9583333333333334,0.9305555555555556,0.9305555555555556,0.9305555555555556,0.105413522946,-0.221264108231,0.0255197355634,0.0943800806662,0.0120742807378,-0.0639895972134,-0.133393770043,0.0686931440596,0.314939828273,0.138504185722,0.428571428571,0.428571428571,0.428571428571,0.428571428571,0.5,0.45,0.893073517298,0.2064560976024723,2.674290327571527,0.880917614794,0.15011045353090416,2.7328499904074857,1.05909738783,0.005605668926235834,2.572797563971826,1.04503910881,0.047123828607261165,2.6313572268077854,0.889197282909,0.029680919020632298,2.3018149340258818,0.884035152479,0.004482511362886913,2.3603745968618415
