Well/XY,cell_id,total_distance,net_distance,linearity,spearmanrsq,progressivity,max_speed,min_speed,avg_speed,MSD_slope,hurst_RS,nongauss,disp_var,disp_skew,rw_linearity,rw_netdist,rw_kurtosis01,rw_kurtosis02,rw_kurtosis03,rw_kurtosis04,rw_kurtosis05,rw_kurtosis06,rw_kurtosis07,rw_kurtosis08,rw_kurtosis09,rw_kurtosis10,avg_moving_speed01,avg_moving_speed02,avg_moving_speed03,avg_moving_speed04,avg_moving_speed05,avg_moving_speed06,avg_moving_speed07,avg_moving_speed08,avg_moving_speed09,avg_moving_speed10,time_moving01,time_moving02,time_moving03,time_moving04,time_moving05,time_moving06,time_moving07,time_moving08,time_moving09,time_moving10,autocorr_1,autocorr_2,autocorr_3,autocorr_4,autocorr_5,autocorr_6,autocorr_7,autocorr_8,autocorr_9,autocorr_10,p_rturn_9_5,p_rturn_9_6,p_rturn_10_5,p_rturn_10_6,p_rturn_11_5,p_rturn_11_6,mean_theta_9_5,min_theta_9_5,max_theta_9_5,mean_theta_9_6,min_theta_9_6,max_theta_9_6,mean_theta_10_5,min_theta_10_5,max_theta_10_5,mean_theta_10_6,min_theta_10_6,max_theta_10_6,mean_theta_11_5,min_theta_11_5,max_theta_11_5,mean_theta_11_6,min_theta_11_6,max_theta_11_6
WellE03_Seq0018/xy19,0,2650.784625636925,381.65149351207833,0.412884868291,0.383735101227,0.1439768021215137,48.79115370638412,6.357313898180585,34.8787450742,1.14621325361,0.696884705209,-0.0870325811634,497.525262884,1.250386289555941,0.181172244343,-51.1823500401,1.344335085634997,2.502035855147156,-0.43512156248091527,-0.09323765262568129,-1.391145406669696,-1.4516257632800051,-0.48098939027556353,-0.7854553613541246,-1.0564016552892042,-1.3276717585381341,24.2846666504,24.2846666504,24.2846666504,24.2846666504,24.2846666504,24.5506559673,24.5506559673,24.7969069735,24.7969069735,24.7969069735,1.0,1.0,1.0,1.0,1.0,0.9861111111111112,0.9861111111111112,0.9722222222222222,0.9722222222222222,0.9722222222222222,0.397760581233,-0.0160807934993,0.00646781371388,0.0683728610031,0.109301159902,-0.0178223550424,-0.0943288896493,-0.0877402654656,-0.155372017588,-0.121933014788,0.666666666667,0.619047619048,0.666666666667,0.571428571429,0.6,0.6,0.745582515678,0.04365972263102953,2.0350293859776363,0.692835796231,0.02028527471780021,1.8837140906046845,0.772266512543,0.0015467435550802593,2.0202712351645205,0.754703850097,0.010694990898786852,1.8689559397915692,0.894052478469,0.0734521613386771,2.1530660830033344,0.849152036758,0.0036666995873010488,2.162435857055773
