Well/XY,cell_id,total_distance,net_distance,linearity,spearmanrsq,progressivity,max_speed,min_speed,avg_speed,MSD_slope,hurst_RS,nongauss,disp_var,disp_skew,rw_linearity,rw_netdist,rw_kurtosis01,rw_kurtosis02,rw_kurtosis03,rw_kurtosis04,rw_kurtosis05,rw_kurtosis06,rw_kurtosis07,rw_kurtosis08,rw_kurtosis09,rw_kurtosis10,avg_moving_speed01,avg_moving_speed02,avg_moving_speed03,avg_moving_speed04,avg_moving_speed05,avg_moving_speed06,avg_moving_speed07,avg_moving_speed08,avg_moving_speed09,avg_moving_speed10,time_moving01,time_moving02,time_moving03,time_moving04,time_moving05,time_moving06,time_moving07,time_moving08,time_moving09,time_moving10,autocorr_1,autocorr_2,autocorr_3,autocorr_4,autocorr_5,autocorr_6,autocorr_7,autocorr_8,autocorr_9,autocorr_10,p_rturn_9_5,p_rturn_9_6,p_rturn_10_5,p_rturn_10_6,p_rturn_11_5,p_rturn_11_6,mean_theta_9_5,min_theta_9_5,max_theta_9_5,mean_theta_9_6,min_theta_9_6,max_theta_9_6,mean_theta_10_5,min_theta_10_5,max_theta_10_5,mean_theta_10_6,min_theta_10_6,max_theta_10_6,mean_theta_11_5,min_theta_11_5,max_theta_11_5,mean_theta_11_6,min_theta_11_6,max_theta_11_6
WellE03_Seq0018/xy08,0,1896.6502127954898,255.5915843684999,0.479950248431,0.592444217182,0.13475947364684665,52.52160119417533,1.310160295536401,24.9559238526,1.04244811621,0.643704743034,4.19637362601,941.660660685,4.384653311773644,0.255809265449,-54.1032861761,21.71979607997818,6.989092984445907,-0.5776568763824015,3.021745715282262,-1.2800232262820885,-1.3562932258377,0.8711021595848405,-0.0027672934964253493,-1.2292141936397327,-1.3613201923598388,15.241369882,15.241369882,15.241369882,15.9401881612,16.4851035082,17.0133192267,17.5379568682,18.283915714,18.4626870514,19.5662583896,1.0,1.0,1.0,0.9444444444444444,0.9027777777777778,0.8611111111111112,0.8194444444444444,0.7638888888888888,0.75,0.6666666666666666,0.437860643247,0.0398935039513,-0.109979082722,-0.227551666018,-0.199975853535,-0.130963303319,-0.0250454173109,0.100118021554,0.0950496316402,-0.00501110063306,0.52380952381,0.52380952381,0.571428571429,0.619047619048,0.65,0.65,0.690893872817,0.01619035478103381,1.8508177315509724,0.636523062441,0.01909203479779245,1.6744523207549624,0.693448928603,0.022118827379369467,2.290401877989035,0.637750009718,0.025020507396130955,1.6508645727118325,0.599842256869,0.018707167809260652,1.6861046188271203,0.607697117761,0.015805487792501374,1.6317513785265942
