Well/XY,cell_id,total_distance,net_distance,linearity,spearmanrsq,progressivity,max_speed,min_speed,avg_speed,MSD_slope,hurst_RS,nongauss,disp_var,disp_skew,rw_linearity,rw_netdist,rw_kurtosis01,rw_kurtosis02,rw_kurtosis03,rw_kurtosis04,rw_kurtosis05,rw_kurtosis06,rw_kurtosis07,rw_kurtosis08,rw_kurtosis09,rw_kurtosis10,avg_moving_speed01,avg_moving_speed02,avg_moving_speed03,avg_moving_speed04,avg_moving_speed05,avg_moving_speed06,avg_moving_speed07,avg_moving_speed08,avg_moving_speed09,avg_moving_speed10,time_moving01,time_moving02,time_moving03,time_moving04,time_moving05,time_moving06,time_moving07,time_moving08,time_moving09,time_moving10,autocorr_1,autocorr_2,autocorr_3,autocorr_4,autocorr_5,autocorr_6,autocorr_7,autocorr_8,autocorr_9,autocorr_10,p_rturn_9_5,p_rturn_9_6,p_rturn_10_5,p_rturn_10_6,p_rturn_11_5,p_rturn_11_6,mean_theta_9_5,min_theta_9_5,max_theta_9_5,mean_theta_9_6,min_theta_9_6,max_theta_9_6,mean_theta_10_5,min_theta_10_5,max_theta_10_5,mean_theta_10_6,min_theta_10_6,max_theta_10_6,mean_theta_11_5,min_theta_11_5,max_theta_11_5,mean_theta_11_6,min_theta_11_6,max_theta_11_6
WellE03_Seq0018/xy14,0,1240.6737275286368,122.36047605334001,0.000242993252493,0.000300151964195,0.098624217905441,21.545213946489383,0.5206495942570022,16.3246543096,0.813350517007,0.857298657699,-0.0469084591416,122.947565299,1.0745330392213808,-0.232439988157,-80.2231563123,1.1073543538836566,-0.35156641912836806,0.15885838061039914,-0.23192883788884977,1.0261231821684351,0.3020949786607079,-1.2060219543701112,-0.16211136146719385,-0.899049834488876,0.2795478861314167,8.33465761482,9.23342853377,10.1176841153,11.2801606522,11.9417099651,13.4605913808,14.6105899066,15.1209557193,15.3902221007,15.9008954582,0.9583333333333334,0.8472222222222222,0.75,0.6388888888888888,0.5833333333333334,0.4722222222222222,0.4027777777777778,0.375,0.3611111111111111,0.3333333333333333,0.39057251123,0.421444857811,0.234162134432,0.361231572129,0.22640935424,0.182773067936,0.259145598706,0.261758734821,0.175243555191,0.104779630618,0.666666666667,0.571428571429,0.666666666667,0.619047619048,0.6,0.6,1.13671784369,0.027212545152661503,2.7490875437168434,1.06846278838,0.04354895943554467,2.7628445696752935,1.16605404767,0.04441401773925818,2.6360157666320556,1.13430690639,0.03692352950041555,2.343213338774033,1.24518915527,0.005032997706220347,2.602416104741208,1.14956095087,0.032878588665568045,2.502001672499447
