Well/XY,cell_id,total_distance,net_distance,linearity,spearmanrsq,progressivity,max_speed,min_speed,avg_speed,MSD_slope,hurst_RS,nongauss,disp_var,disp_skew,rw_linearity,rw_netdist,rw_kurtosis01,rw_kurtosis02,rw_kurtosis03,rw_kurtosis04,rw_kurtosis05,rw_kurtosis06,rw_kurtosis07,rw_kurtosis08,rw_kurtosis09,rw_kurtosis10,avg_moving_speed01,avg_moving_speed02,avg_moving_speed03,avg_moving_speed04,avg_moving_speed05,avg_moving_speed06,avg_moving_speed07,avg_moving_speed08,avg_moving_speed09,avg_moving_speed10,time_moving01,time_moving02,time_moving03,time_moving04,time_moving05,time_moving06,time_moving07,time_moving08,time_moving09,time_moving10,autocorr_1,autocorr_2,autocorr_3,autocorr_4,autocorr_5,autocorr_6,autocorr_7,autocorr_8,autocorr_9,autocorr_10,p_rturn_9_5,p_rturn_9_6,p_rturn_10_5,p_rturn_10_6,p_rturn_11_5,p_rturn_11_6,mean_theta_9_5,min_theta_9_5,max_theta_9_5,mean_theta_9_6,min_theta_9_6,max_theta_9_6,mean_theta_10_5,min_theta_10_5,max_theta_10_5,mean_theta_10_6,min_theta_10_6,max_theta_10_6,mean_theta_11_5,min_theta_11_5,max_theta_11_5,mean_theta_11_6,min_theta_11_6,max_theta_11_6
WellC11_Seq0010/xy13,0,1692.5889778429566,227.1288050864532,0.275207005595,0.223015167325,0.13419017142360648,35.634390187008975,0.7447845325998641,22.5678530379,1.05476775273,0.699755474501,1.24231596236,616.236012628,2.3008175642879816,0.0381870003409,-51.1063734812,5.615206998471848,4.3767939628988355,0.13676969128960925,-0.11323355186159745,0.14217323835729712,2.0155516449318043,0.6782460054882815,-1.3706243483006708,1.0361171960487656,-0.9274549958602107,11.7329112399,12.3374624694,12.966540608,13.7862081765,15.2541479306,16.0785049245,17.530224323,19.2872151132,19.9524693718,20.662193678,1.0,0.9436619718309859,0.8873239436619719,0.8169014084507042,0.704225352112676,0.647887323943662,0.5633802816901409,0.4788732394366197,0.4507042253521127,0.4225352112676056,0.301719269866,0.0948711611418,-0.015135204992,-0.100376855995,-0.00609631892888,-0.00472076140209,-0.0863382259311,0.161320532255,0.361054751166,0.118052738157,0.52380952381,0.52380952381,0.45,0.5,0.45,0.45,0.589007100379,0.004035210359504619,1.775871805275397,0.565399737859,0.022608622558023473,1.7677859031469063,0.593395561559,0.03211152529997432,2.0245948225904935,0.602104582361,0.03988978491391835,2.0186721273382346,0.562954664801,0.054286421275324716,2.146798515385061,0.589400098445,0.054608530077856224,2.13871261325657
