Well/XY,cell_id,total_distance,net_distance,linearity,spearmanrsq,progressivity,max_speed,min_speed,avg_speed,MSD_slope,hurst_RS,nongauss,disp_var,disp_skew,rw_linearity,rw_netdist,rw_kurtosis01,rw_kurtosis02,rw_kurtosis03,rw_kurtosis04,rw_kurtosis05,rw_kurtosis06,rw_kurtosis07,rw_kurtosis08,rw_kurtosis09,rw_kurtosis10,avg_moving_speed01,avg_moving_speed02,avg_moving_speed03,avg_moving_speed04,avg_moving_speed05,avg_moving_speed06,avg_moving_speed07,avg_moving_speed08,avg_moving_speed09,avg_moving_speed10,time_moving01,time_moving02,time_moving03,time_moving04,time_moving05,time_moving06,time_moving07,time_moving08,time_moving09,time_moving10,autocorr_1,autocorr_2,autocorr_3,autocorr_4,autocorr_5,autocorr_6,autocorr_7,autocorr_8,autocorr_9,autocorr_10,p_rturn_9_5,p_rturn_9_6,p_rturn_10_5,p_rturn_10_6,p_rturn_11_5,p_rturn_11_6,mean_theta_9_5,min_theta_9_5,max_theta_9_5,mean_theta_9_6,min_theta_9_6,max_theta_9_6,mean_theta_10_5,min_theta_10_5,max_theta_10_5,mean_theta_10_6,min_theta_10_6,max_theta_10_6,mean_theta_11_5,min_theta_11_5,max_theta_11_5,mean_theta_11_6,min_theta_11_6,max_theta_11_6
WellC11_Seq0010/xy15,0,698.569343405753,51.191562781380235,0.00368089749056,0.00317390833222,0.07328057445493485,11.594594602658606,0.2630361191927774,9.31425791208,0.230001177352,0.658139082183,0.330761152685,53.0324338269,1.6768460247192605,-0.248170594177,-63.6423210196,3.663692531967431,9.16298931650152,0.9340309700991454,-0.33019867408643844,0.09473726853524367,0.6417950406644244,-1.3843264642865654,-1.0974407521493945,-0.6971612844995123,-0.5615787753056645,3.61999461891,4.36021098813,5.08251842831,5.80666407485,6.99213156863,7.7629446452,8.93436486334,9.46326583744,11.0395878546,11.0395878546,0.8732394366197183,0.6338028169014085,0.4647887323943662,0.323943661971831,0.16901408450704225,0.11267605633802817,0.056338028169014086,0.04225352112676056,0.014084507042253521,0.014084507042253521,0.39426052063,0.174687520846,0.0797856213379,-0.166206879743,-0.0499301175136,-0.311470232906,-0.227141285598,-0.181252249471,-0.283989528582,-0.0680708452544,0.380952380952,0.428571428571,0.3,0.3,0.3,0.35,0.966185294892,0.04063636153796197,2.3684007612506246,0.93800715078,0.04003237490143447,2.1559473090012387,0.87749626733,0.15770902868173292,2.092280991440565,0.915529212826,0.01945008468361649,2.19917057368686,0.923044628048,0.1174342496488866,2.3133054153398875,0.87902627291,0.06850869457964934,2.100851963090501
