Well/XY,cell_id,total_distance,net_distance,linearity,spearmanrsq,progressivity,max_speed,min_speed,avg_speed,MSD_slope,hurst_RS,nongauss,disp_var,disp_skew,rw_linearity,rw_netdist,rw_kurtosis01,rw_kurtosis02,rw_kurtosis03,rw_kurtosis04,rw_kurtosis05,rw_kurtosis06,rw_kurtosis07,rw_kurtosis08,rw_kurtosis09,rw_kurtosis10,avg_moving_speed01,avg_moving_speed02,avg_moving_speed03,avg_moving_speed04,avg_moving_speed05,avg_moving_speed06,avg_moving_speed07,avg_moving_speed08,avg_moving_speed09,avg_moving_speed10,time_moving01,time_moving02,time_moving03,time_moving04,time_moving05,time_moving06,time_moving07,time_moving08,time_moving09,time_moving10,autocorr_1,autocorr_2,autocorr_3,autocorr_4,autocorr_5,autocorr_6,autocorr_7,autocorr_8,autocorr_9,autocorr_10,p_rturn_9_5,p_rturn_9_6,p_rturn_10_5,p_rturn_10_6,p_rturn_11_5,p_rturn_11_6,mean_theta_9_5,min_theta_9_5,max_theta_9_5,mean_theta_9_6,min_theta_9_6,max_theta_9_6,mean_theta_10_5,min_theta_10_5,max_theta_10_5,mean_theta_10_6,min_theta_10_6,max_theta_10_6,mean_theta_11_5,min_theta_11_5,max_theta_11_5,mean_theta_11_6,min_theta_11_6,max_theta_11_6
WellC11_Seq0010/xy25,0,2133.299436761197,212.94473461440634,0.222238302161,0.137721213238,0.09981943038324795,43.12076066119431,0.8160882305241032,28.4439924901,0.738295701291,0.771517840461,3.11403210578,1244.17538667,3.386215094749497,-0.00737925832134,-137.736356599,15.723729174428453,6.4848640575884104,7.840068366064729,4.460399696188275,-0.17381271023543343,-0.616192621525451,-0.8037661819197557,-0.1890258559931426,-0.843912930456463,-0.26195733713897074,10.4469862901,10.7045741287,10.9498813042,11.3025013435,12.1647723431,13.8074444998,15.2121323992,16.1223143841,17.5107928443,18.0947193741,0.9859154929577465,0.9577464788732394,0.9295774647887324,0.8873239436619719,0.7887323943661971,0.6338028169014085,0.5352112676056338,0.4788732394366197,0.4084507042253521,0.38028169014084506,0.247016079994,0.0621884154175,0.000678271781242,0.152857376325,0.35546308929,0.435859222131,0.0201756705834,0.0631706774059,0.0621451526921,0.321427494048,0.666666666667,0.666666666667,0.7,0.7,0.85,0.85,0.550059107849,0.004085442172537038,1.5656434069002456,0.527939510084,0.004652354443220232,1.478665699210247,0.530605613582,0.018289411004224678,1.7144612826593975,0.502308100225,0.005698897458004435,1.7197923807423896,0.577334570448,0.0529468304903656,1.946688959029909,0.551397703809,0.02786967165305861,1.9520200571129012
