Well/XY,cell_id,total_distance,net_distance,linearity,spearmanrsq,progressivity,max_speed,min_speed,avg_speed,MSD_slope,hurst_RS,nongauss,disp_var,disp_skew,rw_linearity,rw_netdist,rw_kurtosis01,rw_kurtosis02,rw_kurtosis03,rw_kurtosis04,rw_kurtosis05,rw_kurtosis06,rw_kurtosis07,rw_kurtosis08,rw_kurtosis09,rw_kurtosis10,avg_moving_speed01,avg_moving_speed02,avg_moving_speed03,avg_moving_speed04,avg_moving_speed05,avg_moving_speed06,avg_moving_speed07,avg_moving_speed08,avg_moving_speed09,avg_moving_speed10,time_moving01,time_moving02,time_moving03,time_moving04,time_moving05,time_moving06,time_moving07,time_moving08,time_moving09,time_moving10,autocorr_1,autocorr_2,autocorr_3,autocorr_4,autocorr_5,autocorr_6,autocorr_7,autocorr_8,autocorr_9,autocorr_10,p_rturn_9_5,p_rturn_9_6,p_rturn_10_5,p_rturn_10_6,p_rturn_11_5,p_rturn_11_6,mean_theta_9_5,min_theta_9_5,max_theta_9_5,mean_theta_9_6,min_theta_9_6,max_theta_9_6,mean_theta_10_5,min_theta_10_5,max_theta_10_5,mean_theta_10_6,min_theta_10_6,max_theta_10_6,mean_theta_11_5,min_theta_11_5,max_theta_11_5,mean_theta_11_6,min_theta_11_6,max_theta_11_6
WellB10_Seq0008/xy23,0,59.702486918163615,0.6296824596572886,0.254532637447,0.149756998425,0.010547005529609134,0.8468695295026256,0.033999999999989136,0.96294333739,0.209513425553,0.381820516273,-0.188457154784,0.338477577463,0.9473864936677827,0.00456918755966,-10.1793296945,0.21294648490734858,0.6868679409639391,-0.15222319214253366,0.5082606272766528,-0.9560607907673666,1.6496185559108811,-0.8463071255500525,-0.9353033278176786,-0.04693938209548909,-0.7151657063665988,1.01984312519,0.0,0.0,0.0,0.0,0.0,0.0,0.0,0.0,0.0,0.017241379310344827,0.0,0.0,0.0,0.0,0.0,0.0,0.0,0.0,0.0,0.0455596378638,-0.104145375309,-0.0642200554585,-0.252618574201,-0.0619938195869,0.0997714761452,0.0209938473103,-0.0223661863347,-0.171924852083,-0.0933600543514,0.25,0.25,0.25,0.1875,0.4375,0.375,0.481386616916,0.044145737048941015,1.148456994046149,0.46790427858,0.006962331817099601,1.310249022612257,0.453805488239,0.008026963563773226,1.2720451194083375,0.480785530705,0.03080483320883732,1.2229404219255087,0.328889603242,0.005933616659637789,0.8940536694048729,0.32929807951,0.012986239721000053,0.7944516610056547
