Well/XY,cell_id,total_distance,net_distance,linearity,spearmanrsq,progressivity,max_speed,min_speed,avg_speed,MSD_slope,hurst_RS,nongauss,disp_var,disp_skew,rw_linearity,rw_netdist,rw_kurtosis01,rw_kurtosis02,rw_kurtosis03,rw_kurtosis04,rw_kurtosis05,rw_kurtosis06,rw_kurtosis07,rw_kurtosis08,rw_kurtosis09,rw_kurtosis10,avg_moving_speed01,avg_moving_speed02,avg_moving_speed03,avg_moving_speed04,avg_moving_speed05,avg_moving_speed06,avg_moving_speed07,avg_moving_speed08,avg_moving_speed09,avg_moving_speed10,time_moving01,time_moving02,time_moving03,time_moving04,time_moving05,time_moving06,time_moving07,time_moving08,time_moving09,time_moving10,autocorr_1,autocorr_2,autocorr_3,autocorr_4,autocorr_5,autocorr_6,autocorr_7,autocorr_8,autocorr_9,autocorr_10,p_rturn_9_5,p_rturn_9_6,p_rturn_10_5,p_rturn_10_6,p_rturn_11_5,p_rturn_11_6,mean_theta_9_5,min_theta_9_5,max_theta_9_5,mean_theta_9_6,min_theta_9_6,max_theta_9_6,mean_theta_10_5,min_theta_10_5,max_theta_10_5,mean_theta_10_6,min_theta_10_6,max_theta_10_6,mean_theta_11_5,min_theta_11_5,max_theta_11_5,mean_theta_11_6,min_theta_11_6,max_theta_11_6
WellB10_Seq0008/xy10,0,151.1611448266537,32.34576324652113,0.052763733244,0.00544779097546,0.21398199440480634,2.84591566986795,0.024413111231451724,2.43808298108,1.30120757972,0.657172635221,-0.320584818432,1.85237160409,0.5696371657840985,-0.161245975402,4.9783496594,-0.20081781542034483,-0.4750971673484785,-0.9321720206080344,-1.317045493762952,-0.4974977401862195,-0.9859283464122384,0.837335491796964,-1.216711848443057,-0.1536839344945764,-1.0473215877966549,2.20129700399,2.61037736274,3.17152087695,0.0,0.0,0.0,0.0,0.0,0.0,0.0,0.7241379310344828,0.4482758620689655,0.1206896551724138,0.0,0.0,0.0,0.0,0.0,0.0,0.0,0.418749069641,-0.000861741264565,-0.033132427067,-0.00504444185185,-0.034416733271,0.0552897885614,0.020785709966,-0.22330883477,-0.35895247255,-0.357282658514,0.4375,0.375,0.4375,0.375,0.3125,0.375,1.1130606676,0.04490848659514504,2.753469383935331,1.17409502566,0.008809844898350941,2.7774505703591252,0.935346263464,0.007746269963956611,2.708112061900735,1.01141084872,0.018895566928322262,2.7170418789550626,0.898141399624,0.00747013842406182,2.7179781722871663,0.987815934924,0.011820841871472757,2.739464508105022
