Well/XY,cell_id,total_distance,net_distance,linearity,spearmanrsq,progressivity,max_speed,min_speed,avg_speed,MSD_slope,hurst_RS,nongauss,disp_var,disp_skew,rw_linearity,rw_netdist,rw_kurtosis01,rw_kurtosis02,rw_kurtosis03,rw_kurtosis04,rw_kurtosis05,rw_kurtosis06,rw_kurtosis07,rw_kurtosis08,rw_kurtosis09,rw_kurtosis10,avg_moving_speed01,avg_moving_speed02,avg_moving_speed03,avg_moving_speed04,avg_moving_speed05,avg_moving_speed06,avg_moving_speed07,avg_moving_speed08,avg_moving_speed09,avg_moving_speed10,time_moving01,time_moving02,time_moving03,time_moving04,time_moving05,time_moving06,time_moving07,time_moving08,time_moving09,time_moving10,autocorr_1,autocorr_2,autocorr_3,autocorr_4,autocorr_5,autocorr_6,autocorr_7,autocorr_8,autocorr_9,autocorr_10,p_rturn_9_5,p_rturn_9_6,p_rturn_10_5,p_rturn_10_6,p_rturn_11_5,p_rturn_11_6,mean_theta_9_5,min_theta_9_5,max_theta_9_5,mean_theta_9_6,min_theta_9_6,max_theta_9_6,mean_theta_10_5,min_theta_10_5,max_theta_10_5,mean_theta_10_6,min_theta_10_6,max_theta_10_6,mean_theta_11_5,min_theta_11_5,max_theta_11_5,mean_theta_11_6,min_theta_11_6,max_theta_11_6
WellB10_Seq0008/xy08,0,88.52847545280088,12.47551201354073,0.341977254934,0.111456032403,0.1409208952230525,2.7522507153237408,0.042379240200842314,1.42787863634,0.306484285546,0.687978074168,0.159090827716,1.18414436073,1.3002647702375714,0.0925350987329,-3.55238592764,1.6998460363773171,10.376217233508685,7.050805276650973,5.680593319217209,5.368472204343256,3.432556529026936,2.1593739185503855,1.3887197100150424,0.3295182169563873,0.27717749801544134,2.48250072566,2.48250072566,0.0,0.0,0.0,0.0,0.0,0.0,0.0,0.0,0.034482758620689655,0.034482758620689655,0.0,0.0,0.0,0.0,0.0,0.0,0.0,0.0,0.11020427886,0.114053176034,0.148670339885,-0.107430279809,-0.129315986936,0.104399142624,-0.113576491702,0.0133850336677,0.0540102765272,0.104365075044,0.4375,0.4375,0.8,0.733333333333,0.625,0.5625,0.999289281757,0.04415808603826796,2.175951897684142,0.960182117879,0.02374086176157343,2.1955152079795064,1.11677349691,0.008731732902755054,2.2765738440237193,1.1306139903,0.12358767678575183,2.324430129365663,0.904758448857,0.004876827975178405,1.8286864188333445,0.951911031352,0.0270606620248929,1.8765427041752885
