Well/XY,cell_id,total_distance,net_distance,linearity,spearmanrsq,progressivity,max_speed,min_speed,avg_speed,MSD_slope,hurst_RS,nongauss,disp_var,disp_skew,rw_linearity,rw_netdist,rw_kurtosis01,rw_kurtosis02,rw_kurtosis03,rw_kurtosis04,rw_kurtosis05,rw_kurtosis06,rw_kurtosis07,rw_kurtosis08,rw_kurtosis09,rw_kurtosis10,avg_moving_speed01,avg_moving_speed02,avg_moving_speed03,avg_moving_speed04,avg_moving_speed05,avg_moving_speed06,avg_moving_speed07,avg_moving_speed08,avg_moving_speed09,avg_moving_speed10,time_moving01,time_moving02,time_moving03,time_moving04,time_moving05,time_moving06,time_moving07,time_moving08,time_moving09,time_moving10,autocorr_1,autocorr_2,autocorr_3,autocorr_4,autocorr_5,autocorr_6,autocorr_7,autocorr_8,autocorr_9,autocorr_10,p_rturn_9_5,p_rturn_9_6,p_rturn_10_5,p_rturn_10_6,p_rturn_11_5,p_rturn_11_6,mean_theta_9_5,min_theta_9_5,max_theta_9_5,mean_theta_9_6,min_theta_9_6,max_theta_9_6,mean_theta_10_5,min_theta_10_5,max_theta_10_5,mean_theta_10_6,min_theta_10_6,max_theta_10_6,mean_theta_11_5,min_theta_11_5,max_theta_11_5,mean_theta_11_6,min_theta_11_6,max_theta_11_6
WellB10_Seq0008/xy21,0,100.12016716163399,0.900000000000091,0.0630460887117,0.0312609170037,0.008989197935987573,0.9277930803794356,0.020000000000027284,1.61484140583,0.214070830711,0.649577127339,-0.108623423989,1.00083357123,1.1646151640164717,-0.169591124918,-17.2265498238,1.4486775900638182,-1.0346648498509832,0.6260909525659972,-1.0155703274920111,0.21596851127555805,0.1397815659783177,-1.0138477518175257,-0.807758932039115,-1.2688898870368364,-1.4500353120096467,1.05905618359,0.0,0.0,0.0,0.0,0.0,0.0,0.0,0.0,0.0,0.017241379310344827,0.0,0.0,0.0,0.0,0.0,0.0,0.0,0.0,0.0,0.0551877896922,-0.0582788909003,-0.0987159138927,0.00246119337837,-0.0633306740056,0.0084807020239,0.289517560015,0.12727257398,0.0200979919264,0.0584471415703,0.571428571429,0.571428571429,0.4375,0.5,0.375,0.4375,1.18434444065,0.6853264247642653,2.595417032998113,1.30996207576,0.3369273195153177,2.437214866163623,0.888403770084,0.1213451246572052,2.4523337393298874,0.956530617096,0.31239026370822026,2.294131572495397,0.991316885046,0.0008990315696359486,2.5774620551541623,1.15096366072,0.03833062240598634,2.3770960762127324
