Well/XY,cell_id,total_distance,net_distance,linearity,spearmanrsq,progressivity,max_speed,min_speed,avg_speed,MSD_slope,hurst_RS,nongauss,disp_var,disp_skew,rw_linearity,rw_netdist,rw_kurtosis01,rw_kurtosis02,rw_kurtosis03,rw_kurtosis04,rw_kurtosis05,rw_kurtosis06,rw_kurtosis07,rw_kurtosis08,rw_kurtosis09,rw_kurtosis10,avg_moving_speed01,avg_moving_speed02,avg_moving_speed03,avg_moving_speed04,avg_moving_speed05,avg_moving_speed06,avg_moving_speed07,avg_moving_speed08,avg_moving_speed09,avg_moving_speed10,time_moving01,time_moving02,time_moving03,time_moving04,time_moving05,time_moving06,time_moving07,time_moving08,time_moving09,time_moving10,autocorr_1,autocorr_2,autocorr_3,autocorr_4,autocorr_5,autocorr_6,autocorr_7,autocorr_8,autocorr_9,autocorr_10,p_rturn_9_5,p_rturn_9_6,p_rturn_10_5,p_rturn_10_6,p_rturn_11_5,p_rturn_11_6,mean_theta_9_5,min_theta_9_5,max_theta_9_5,mean_theta_9_6,min_theta_9_6,max_theta_9_6,mean_theta_10_5,min_theta_10_5,max_theta_10_5,mean_theta_10_6,min_theta_10_6,max_theta_10_6,mean_theta_11_5,min_theta_11_5,max_theta_11_5,mean_theta_11_6,min_theta_11_6,max_theta_11_6
WellB10_Seq0008/xy19,0,191.41766128715935,20.358924333078125,0.929319081924,0.965453404225,0.10635865152764688,11.167827004390784,0.09280086206495666,3.08738163366,1.38204400933,0.826375016279,1.35657448603,10.4577226486,2.638947754046815,0.682128596867,-14.2968485531,6.664976052510427,7.547197909598358,8.300144768749112,6.773009711973113,3.858844295224115,2.081041362576536,-1.0782048155476034,0.9384692484300534,0.10781557173019918,-0.5333775482800491,3.31828774299,4.16634224448,7.42077105712,9.26621126458,9.26621126458,9.95590143873,10.6968538438,10.6968538438,10.6968538438,11.8872389964,0.6724137931034483,0.4482758620689655,0.15517241379310345,0.10344827586206896,0.10344827586206896,0.08620689655172414,0.06896551724137931,0.06896551724137931,0.06896551724137931,0.034482758620689655,0.75676493963,0.567357030026,0.330136979797,0.0671006360099,0.0308495586678,-0.00496120756094,-0.0676579645123,-0.0442345600558,-0.153919296866,-0.152166897625,0.4375,0.4375,0.4375,0.5,0.375,0.375,0.252608299128,0.04870211082103787,0.8455983239562427,0.197476632735,0.0018366590148552735,0.566813266046497,0.274127511537,0.05258710675397978,0.8923566405939852,0.237664253278,0.060919132806604465,0.6135715826842395,0.23402040073,0.007754097297771254,0.9068847189292647,0.185311991417,0.019308579378246062,0.628099661019519
