Well/XY,cell_id,total_distance,net_distance,linearity,spearmanrsq,progressivity,max_speed,min_speed,avg_speed,MSD_slope,hurst_RS,nongauss,disp_var,disp_skew,rw_linearity,rw_netdist,rw_kurtosis01,rw_kurtosis02,rw_kurtosis03,rw_kurtosis04,rw_kurtosis05,rw_kurtosis06,rw_kurtosis07,rw_kurtosis08,rw_kurtosis09,rw_kurtosis10,avg_moving_speed01,avg_moving_speed02,avg_moving_speed03,avg_moving_speed04,avg_moving_speed05,avg_moving_speed06,avg_moving_speed07,avg_moving_speed08,avg_moving_speed09,avg_moving_speed10,time_moving01,time_moving02,time_moving03,time_moving04,time_moving05,time_moving06,time_moving07,time_moving08,time_moving09,time_moving10,autocorr_1,autocorr_2,autocorr_3,autocorr_4,autocorr_5,autocorr_6,autocorr_7,autocorr_8,autocorr_9,autocorr_10,p_rturn_9_5,p_rturn_9_6,p_rturn_10_5,p_rturn_10_6,p_rturn_11_5,p_rturn_11_6,mean_theta_9_5,min_theta_9_5,max_theta_9_5,mean_theta_9_6,min_theta_9_6,max_theta_9_6,mean_theta_10_5,min_theta_10_5,max_theta_10_5,mean_theta_10_6,min_theta_10_6,max_theta_10_6,mean_theta_11_5,min_theta_11_5,max_theta_11_5,mean_theta_11_6,min_theta_11_6,max_theta_11_6
WellB10_Seq0008/xy20,0,76.03995987729233,1.617899873292671,0.105755832733,0.109002873879,0.021276969055527097,1.9788289466247473,0.02000000000000455,1.22645096576,0.19189117684,0.701783385211,4.25425395288,2.89764566624,4.179285768919932,-0.111824208701,-12.1489780734,18.119328486065058,-0.9703683335136848,-0.43027995645998995,-0.19199571814251604,-0.8663832777954505,-1.3990526126312657,-1.2571909242335526,-0.68106491450613,0.6602812744853099,-1.607803699069072,1.93913229278,2.04446961337,0.0,0.0,0.0,0.0,0.0,0.0,0.0,0.0,0.034482758620689655,0.017241379310344827,0.0,0.0,0.0,0.0,0.0,0.0,0.0,0.0,0.398210335712,-0.0852043666547,-0.0564877919231,-0.148253424123,0.036814501083,0.229530147296,0.0574595067352,-0.0895793466871,-0.16847963839,-0.174930136782,0.533333333333,0.466666666667,0.5625,0.625,0.5,0.5,0.45525452752,0.10545067545204877,1.2126546412023202,0.544950045058,0.07456960411291412,1.3122904345972817,0.730836804689,0.06044151711007557,1.6647046007537931,0.793233458622,0.10091522910507052,1.6716795817405876,0.658365271431,0.011886485818194237,1.6413317027131489,0.730748927823,0.03646111369160387,1.6440501752933392
