Well/XY,cell_id,total_distance,net_distance,linearity,spearmanrsq,progressivity,max_speed,min_speed,avg_speed,MSD_slope,hurst_RS,nongauss,disp_var,disp_skew,rw_linearity,rw_netdist,rw_kurtosis01,rw_kurtosis02,rw_kurtosis03,rw_kurtosis04,rw_kurtosis05,rw_kurtosis06,rw_kurtosis07,rw_kurtosis08,rw_kurtosis09,rw_kurtosis10,avg_moving_speed01,avg_moving_speed02,avg_moving_speed03,avg_moving_speed04,avg_moving_speed05,avg_moving_speed06,avg_moving_speed07,avg_moving_speed08,avg_moving_speed09,avg_moving_speed10,time_moving01,time_moving02,time_moving03,time_moving04,time_moving05,time_moving06,time_moving07,time_moving08,time_moving09,time_moving10,autocorr_1,autocorr_2,autocorr_3,autocorr_4,autocorr_5,autocorr_6,autocorr_7,autocorr_8,autocorr_9,autocorr_10,p_rturn_9_5,p_rturn_9_6,p_rturn_10_5,p_rturn_10_6,p_rturn_11_5,p_rturn_11_6,mean_theta_9_5,min_theta_9_5,max_theta_9_5,mean_theta_9_6,min_theta_9_6,max_theta_9_6,mean_theta_10_5,min_theta_10_5,max_theta_10_5,mean_theta_10_6,min_theta_10_6,max_theta_10_6,mean_theta_11_5,min_theta_11_5,max_theta_11_5,mean_theta_11_6,min_theta_11_6,max_theta_11_6
WellB11_Seq0009/xy02,0,606.7638261129448,297.3709071176937,0.944136652792,0.971968992758,0.49009333503401736,12.732708117285943,0.47945385596530626,8.09018434817,1.68588579144,0.705549037895,0.797986180864,51.4329170111,2.153336658972851,0.709423583703,197.628415753,5.44025854338096,2.6536857418545754,3.524126379375886,1.9115159394833574,-0.9693330811021874,0.4713341759087286,-1.3890781707738438,0.485252878046579,0.7591730515014015,-0.6529645884180706,4.65267959089,5.07699283211,5.62661419491,6.87811201619,8.32968513221,8.8050540692,9.53499300627,10.1743811549,10.9635340154,11.2839902805,0.971830985915493,0.8591549295774648,0.704225352112676,0.4507042253521127,0.28169014084507044,0.23943661971830985,0.18309859154929578,0.14084507042253522,0.09859154929577464,0.08450704225352113,0.02661730784,0.0267848370374,0.233952529188,-0.0857702080167,0.295858762812,0.264639896082,-0.10284909456,0.199021778226,-0.0879227775732,0.0463410988228,0.428571428571,0.428571428571,0.45,0.5,0.45,0.55,0.376860672883,0.017733713478686432,1.4082525112003548,0.336789656001,0.006173199729318795,1.5179832237011868,0.325551463087,0.00659374547915087,1.2424692154352568,0.293109536242,0.01218866525517876,1.3521999279360888,0.308469687108,0.017590184245412532,1.1663858712221424,0.281894729631,0.005467964470246845,1.2761165837229747
