Well/XY,cell_id,total_distance,net_distance,linearity,spearmanrsq,progressivity,max_speed,min_speed,avg_speed,MSD_slope,hurst_RS,nongauss,disp_var,disp_skew,rw_linearity,rw_netdist,rw_kurtosis01,rw_kurtosis02,rw_kurtosis03,rw_kurtosis04,rw_kurtosis05,rw_kurtosis06,rw_kurtosis07,rw_kurtosis08,rw_kurtosis09,rw_kurtosis10,avg_moving_speed01,avg_moving_speed02,avg_moving_speed03,avg_moving_speed04,avg_moving_speed05,avg_moving_speed06,avg_moving_speed07,avg_moving_speed08,avg_moving_speed09,avg_moving_speed10,time_moving01,time_moving02,time_moving03,time_moving04,time_moving05,time_moving06,time_moving07,time_moving08,time_moving09,time_moving10,autocorr_1,autocorr_2,autocorr_3,autocorr_4,autocorr_5,autocorr_6,autocorr_7,autocorr_8,autocorr_9,autocorr_10,p_rturn_9_5,p_rturn_9_6,p_rturn_10_5,p_rturn_10_6,p_rturn_11_5,p_rturn_11_6,mean_theta_9_5,min_theta_9_5,max_theta_9_5,mean_theta_9_6,min_theta_9_6,max_theta_9_6,mean_theta_10_5,min_theta_10_5,max_theta_10_5,mean_theta_10_6,min_theta_10_6,max_theta_10_6,mean_theta_11_5,min_theta_11_5,max_theta_11_5,mean_theta_11_6,min_theta_11_6,max_theta_11_6
WellB11_Seq0009/xy05,0,1842.9412417023584,307.3996258943723,0.00497645107238,0.0135152405291,0.16679838669757138,36.72153357364043,2.114426636230274,24.5725498894,1.12419106623,0.661367662324,0.841323191617,606.945880948,1.9381317832380216,-0.207886049009,4.44888464106,3.7938461968500548,1.243342721851124,4.674333130029286,-0.5633470247827197,-1.1125403302208015,-1.3563958266262583,-1.040060327737704,-1.1617008713721935,-0.9852215332439198,-1.050219601368684,13.6676706005,14.1986172132,14.1986172132,14.7027069305,15.3778971403,15.8923158063,16.3931783193,16.91644893,17.2532814256,18.7674578559,1.0,0.9577464788732394,0.9577464788732394,0.9154929577464789,0.8591549295774648,0.8169014084507042,0.7746478873239436,0.7323943661971831,0.704225352112676,0.5915492957746479,0.140715061015,0.0631254315629,-0.24076897653,0.0115360892971,0.207057756707,0.386644985696,0.0766468561043,-0.0998920864986,-0.18765192594,-0.0218654131648,0.428571428571,0.428571428571,0.45,0.45,0.65,0.55,0.464550883994,0.022618016431338064,1.8802655240951744,0.491289385362,0.001509516137444906,2.090353765988169,0.581432860152,0.04026154775256297,1.8008350990248618,0.561749644534,0.04447141661070734,1.794433378833225,0.57762374458,0.02560792180472909,2.4349442414147364,0.628385616583,0.007731723586299961,2.379769210995373
