Well/XY,cell_id,total_distance,net_distance,linearity,spearmanrsq,progressivity,max_speed,min_speed,avg_speed,MSD_slope,hurst_RS,nongauss,disp_var,disp_skew,rw_linearity,rw_netdist,rw_kurtosis01,rw_kurtosis02,rw_kurtosis03,rw_kurtosis04,rw_kurtosis05,rw_kurtosis06,rw_kurtosis07,rw_kurtosis08,rw_kurtosis09,rw_kurtosis10,avg_moving_speed01,avg_moving_speed02,avg_moving_speed03,avg_moving_speed04,avg_moving_speed05,avg_moving_speed06,avg_moving_speed07,avg_moving_speed08,avg_moving_speed09,avg_moving_speed10,time_moving01,time_moving02,time_moving03,time_moving04,time_moving05,time_moving06,time_moving07,time_moving08,time_moving09,time_moving10,autocorr_1,autocorr_2,autocorr_3,autocorr_4,autocorr_5,autocorr_6,autocorr_7,autocorr_8,autocorr_9,autocorr_10,p_rturn_9_5,p_rturn_9_6,p_rturn_10_5,p_rturn_10_6,p_rturn_11_5,p_rturn_11_6,mean_theta_9_5,min_theta_9_5,max_theta_9_5,mean_theta_9_6,min_theta_9_6,max_theta_9_6,mean_theta_10_5,min_theta_10_5,max_theta_10_5,mean_theta_10_6,min_theta_10_6,max_theta_10_6,mean_theta_11_5,min_theta_11_5,max_theta_11_5,mean_theta_11_6,min_theta_11_6,max_theta_11_6
WellB04_Seq0002/xy16,0,1489.2095141708369,486.6971477212496,0.375217118603,0.430137436966,0.3268157657401438,33.893381359787654,2.4528204173970884,19.8561268556,1.51374418936,0.679595412587,0.206829006186,239.422091588,1.421885821810265,0.138510253799,241.894374854,2.703579786848488,2.3739168639750474,0.37201712400517284,-0.7300864265286591,-0.3465179018483875,-1.3253706938798506,-0.46129580977263274,-0.37434239225414556,-1.0458527913520417,-0.4584357583726133,15.3189347144,15.3189347144,15.3189347144,15.4832974349,16.1514619039,16.3096701637,16.9447528016,17.7691247078,18.1114086627,18.6056446283,1.0,1.0,1.0,0.9859154929577465,0.9295774647887324,0.9154929577464789,0.8591549295774648,0.7887323943661971,0.7605633802816901,0.7183098591549296,0.348928948863,0.170872095355,-0.0751621184222,-0.133230173301,-0.261949499491,-0.217904525594,-0.169676948678,-0.149760566686,-0.00088404804621,0.140580425905,0.47619047619,0.47619047619,0.4,0.4,0.5,0.5,0.727636365443,0.057563978217808544,2.125633400982806,0.675619751344,0.0028030871564684165,2.1138095871947513,0.583053888294,0.06468136549350491,1.429626293873614,0.522828991689,0.004314300119185106,1.4457385678089922,0.674732481797,0.00374873914394944,1.8340815887779836,0.619965315519,0.011506239457399108,1.893264926517123
