Well/XY,cell_id,total_distance,net_distance,linearity,spearmanrsq,progressivity,max_speed,min_speed,avg_speed,MSD_slope,hurst_RS,nongauss,disp_var,disp_skew,rw_linearity,rw_netdist,rw_kurtosis01,rw_kurtosis02,rw_kurtosis03,rw_kurtosis04,rw_kurtosis05,rw_kurtosis06,rw_kurtosis07,rw_kurtosis08,rw_kurtosis09,rw_kurtosis10,avg_moving_speed01,avg_moving_speed02,avg_moving_speed03,avg_moving_speed04,avg_moving_speed05,avg_moving_speed06,avg_moving_speed07,avg_moving_speed08,avg_moving_speed09,avg_moving_speed10,time_moving01,time_moving02,time_moving03,time_moving04,time_moving05,time_moving06,time_moving07,time_moving08,time_moving09,time_moving10,autocorr_1,autocorr_2,autocorr_3,autocorr_4,autocorr_5,autocorr_6,autocorr_7,autocorr_8,autocorr_9,autocorr_10,p_rturn_9_5,p_rturn_9_6,p_rturn_10_5,p_rturn_10_6,p_rturn_11_5,p_rturn_11_6,mean_theta_9_5,min_theta_9_5,max_theta_9_5,mean_theta_9_6,min_theta_9_6,max_theta_9_6,mean_theta_10_5,min_theta_10_5,max_theta_10_5,mean_theta_10_6,min_theta_10_6,max_theta_10_6,mean_theta_11_5,min_theta_11_5,max_theta_11_5,mean_theta_11_6,min_theta_11_6,max_theta_11_6
WellB04_Seq0002/xy05,0,3226.4467319891032,843.7562255177736,0.303688077433,0.355128010918,0.2615125230961424,47.8676097585831,5.056755086021077,43.0192897599,1.56879453525,0.6573900742,0.194257455171,839.600214208,1.822609076714558,0.0776830440365,313.378801131,4.763168234615393,0.22188365852023217,-1.1464446361413372,-0.8109257129318213,-0.7200726641395021,-0.7892755042457527,-0.19365299178911988,-0.568915569265986,-1.4743341563947423,0.1417207867906729,31.8157110839,31.8157110839,31.8157110839,31.8157110839,31.8157110839,32.1881640347,32.1881640347,32.1881640347,32.5381259699,32.5381259699,1.0,1.0,1.0,1.0,1.0,0.9859154929577465,0.9859154929577465,0.9859154929577465,0.971830985915493,0.971830985915493,0.242612477336,0.0849988134032,0.125836370034,0.0254659038935,-0.140366167184,-0.243286270747,-0.215361641467,-0.195391107829,-0.140654347943,0.0977524488689,0.428571428571,0.428571428571,0.4,0.4,0.4,0.35,0.60939427241,0.00705020455366653,2.1128811292644833,0.597467284357,0.004783784334543842,2.065719569227549,0.609765231548,0.054412920383484144,2.0575807071585297,0.607955593022,0.07506096994179237,2.0104191471215955,0.956825922362,0.021243690293652386,2.6196189190296053,0.982210816338,0.14417340537115778,2.621975901970222
