Well/XY,cell_id,total_distance,net_distance,linearity,spearmanrsq,progressivity,max_speed,min_speed,avg_speed,MSD_slope,hurst_RS,nongauss,disp_var,disp_skew,rw_linearity,rw_netdist,rw_kurtosis01,rw_kurtosis02,rw_kurtosis03,rw_kurtosis04,rw_kurtosis05,rw_kurtosis06,rw_kurtosis07,rw_kurtosis08,rw_kurtosis09,rw_kurtosis10,avg_moving_speed01,avg_moving_speed02,avg_moving_speed03,avg_moving_speed04,avg_moving_speed05,avg_moving_speed06,avg_moving_speed07,avg_moving_speed08,avg_moving_speed09,avg_moving_speed10,time_moving01,time_moving02,time_moving03,time_moving04,time_moving05,time_moving06,time_moving07,time_moving08,time_moving09,time_moving10,autocorr_1,autocorr_2,autocorr_3,autocorr_4,autocorr_5,autocorr_6,autocorr_7,autocorr_8,autocorr_9,autocorr_10,p_rturn_9_5,p_rturn_9_6,p_rturn_10_5,p_rturn_10_6,p_rturn_11_5,p_rturn_11_6,mean_theta_9_5,min_theta_9_5,max_theta_9_5,mean_theta_9_6,min_theta_9_6,max_theta_9_6,mean_theta_10_5,min_theta_10_5,max_theta_10_5,mean_theta_10_6,min_theta_10_6,max_theta_10_6,mean_theta_11_5,min_theta_11_5,max_theta_11_5,mean_theta_11_6,min_theta_11_6,max_theta_11_6
WellB04_Seq0002/xy10,0,1186.921428036479,436.2287702570752,0.983088023704,0.925539324632,0.36752961059834205,28.725598340156466,0.2088061301782084,15.8256190405,1.39217343392,0.768062095062,2.19343723906,629.497215107,2.6824312926870193,0.729597824921,241.117435019,6.433247319471338,12.404479798767753,3.027597368466126,6.305527807805802,3.038675806408718,2.227417933270046,1.5813459207904499,2.2993148885878396,1.122051753553949,1.006710851182194,7.19253225078,7.62717402481,8.4539983728,9.65112956898,11.3475490371,12.161135847,13.0196270676,13.7426882115,15.5274544451,17.3837271951,0.9859154929577465,0.9154929577464789,0.7887323943661971,0.6338028169014085,0.4788732394366197,0.4225352112676056,0.36619718309859156,0.323943661971831,0.23943661971830985,0.18309859154929578,0.493029510299,0.138497572604,0.128280776097,0.114514307823,0.1406348777,0.229682128164,0.0435050980708,-0.113642486601,-0.0325991999379,0.0530438815071,0.619047619048,0.619047619048,0.45,0.5,0.55,0.55,0.400083704598,0.010056817882828398,2.0088078226809536,0.400182252401,0.01798837293130566,2.0446151026830535,0.365640445596,0.007008335986922545,1.848227129439192,0.368079701476,0.02229751947021829,1.9336651886301681,0.416878056779,0.04147448057086876,1.9517796974366233,0.416771457173,0.030838969737008746,2.0372177566275993
