Well/XY,cell_id,total_distance,net_distance,linearity,spearmanrsq,progressivity,max_speed,min_speed,avg_speed,MSD_slope,hurst_RS,nongauss,disp_var,disp_skew,rw_linearity,rw_netdist,rw_kurtosis01,rw_kurtosis02,rw_kurtosis03,rw_kurtosis04,rw_kurtosis05,rw_kurtosis06,rw_kurtosis07,rw_kurtosis08,rw_kurtosis09,rw_kurtosis10,avg_moving_speed01,avg_moving_speed02,avg_moving_speed03,avg_moving_speed04,avg_moving_speed05,avg_moving_speed06,avg_moving_speed07,avg_moving_speed08,avg_moving_speed09,avg_moving_speed10,time_moving01,time_moving02,time_moving03,time_moving04,time_moving05,time_moving06,time_moving07,time_moving08,time_moving09,time_moving10,autocorr_1,autocorr_2,autocorr_3,autocorr_4,autocorr_5,autocorr_6,autocorr_7,autocorr_8,autocorr_9,autocorr_10,p_rturn_9_5,p_rturn_9_6,p_rturn_10_5,p_rturn_10_6,p_rturn_11_5,p_rturn_11_6,mean_theta_9_5,min_theta_9_5,max_theta_9_5,mean_theta_9_6,min_theta_9_6,max_theta_9_6,mean_theta_10_5,min_theta_10_5,max_theta_10_5,mean_theta_10_6,min_theta_10_6,max_theta_10_6,mean_theta_11_5,min_theta_11_5,max_theta_11_5,mean_theta_11_6,min_theta_11_6,max_theta_11_6
WellB04_Seq0002/xy24,0,1200.7468307845515,171.0142596393646,0.0733007801355,0.0977155344303,0.1424232446465224,22.076493652752013,0.34530566169700067,16.0099577438,0.56596059576,0.696036664118,0.616873616822,215.178049097,1.8633650717776722,-0.176378517955,-26.3697557662,3.478739973561053,0.6232160786991696,1.2174835609701455,0.6161526360403218,-0.7971883427958555,-1.4281489986683273,-1.3326820694990493,-0.9878328551717339,0.16548183798396687,-0.6340558934002392,6.5226344289,7.28669833136,8.38522614478,8.96981231773,10.3450349673,11.6457908161,12.3369135789,14.0964148709,14.8729589185,14.8729589185,0.9577464788732394,0.8309859154929577,0.676056338028169,0.6056338028169014,0.4647887323943662,0.36619718309859156,0.323943661971831,0.23943661971830985,0.2112676056338028,0.2112676056338028,0.435260798266,0.183736445823,-0.049089311204,-0.0400709682424,0.0761087917533,0.0296128193932,-0.0555305752206,-0.158145562663,-0.218856911998,-0.222366601827,0.52380952381,0.571428571429,0.4,0.35,0.65,0.55,0.523470865992,0.013645733633046376,1.6490168083461063,0.533954631116,0.08534091468596305,1.3385991548971896,0.551347363117,0.026307522442962146,1.868412143733225,0.574824747534,0.04709590287895374,1.8625653935543518,0.634053651382,0.010132077537128968,2.0141645697275137,0.695898843657,0.0339152664456147,2.0690161671604894
