Well/XY,cell_id,total_distance,net_distance,linearity,spearmanrsq,progressivity,max_speed,min_speed,avg_speed,MSD_slope,hurst_RS,nongauss,disp_var,disp_skew,rw_linearity,rw_netdist,rw_kurtosis01,rw_kurtosis02,rw_kurtosis03,rw_kurtosis04,rw_kurtosis05,rw_kurtosis06,rw_kurtosis07,rw_kurtosis08,rw_kurtosis09,rw_kurtosis10,avg_moving_speed01,avg_moving_speed02,avg_moving_speed03,avg_moving_speed04,avg_moving_speed05,avg_moving_speed06,avg_moving_speed07,avg_moving_speed08,avg_moving_speed09,avg_moving_speed10,time_moving01,time_moving02,time_moving03,time_moving04,time_moving05,time_moving06,time_moving07,time_moving08,time_moving09,time_moving10,autocorr_1,autocorr_2,autocorr_3,autocorr_4,autocorr_5,autocorr_6,autocorr_7,autocorr_8,autocorr_9,autocorr_10,p_rturn_9_5,p_rturn_9_6,p_rturn_10_5,p_rturn_10_6,p_rturn_11_5,p_rturn_11_6,mean_theta_9_5,min_theta_9_5,max_theta_9_5,mean_theta_9_6,min_theta_9_6,max_theta_9_6,mean_theta_10_5,min_theta_10_5,max_theta_10_5,mean_theta_10_6,min_theta_10_6,max_theta_10_6,mean_theta_11_5,min_theta_11_5,max_theta_11_5,mean_theta_11_6,min_theta_11_6,max_theta_11_6
WellB04_Seq0002/xy15,0,1545.4885376341908,57.19961013853153,0.366734225925,0.0899930281162,0.03701069839449717,25.860823343428184,0.3209236669365545,20.6065138351,0.16876867912,0.600277160715,1.16165001292,518.791793534,2.2052639017832507,0.137064781483,-196.854554737,5.076911180225947,8.348052471662879,4.625557131709555,3.619817583268685,1.1684558049552578,1.8892077333385897,1.2910138822959478,1.4079032904019293,0.161524710707448,-0.17870517403991792,6.03180096318,7.00217068412,8.27406602933,9.4750026437,10.8861837893,12.6557674312,14.5864226545,15.0794413243,15.5535487266,15.9932974174,0.971830985915493,0.8028169014084507,0.6338028169014085,0.5070422535211268,0.39436619718309857,0.29577464788732394,0.22535211267605634,0.2112676056338028,0.19718309859154928,0.18309859154929578,0.243539276348,0.00299044407273,0.0296199615793,-0.0537579209392,-0.0182497434205,-0.168158607652,-0.103145237237,-0.124857533627,-0.0658501950289,0.0136115830232,0.380952380952,0.380952380952,0.35,0.3,0.35,0.35,0.543692769531,0.0010708222677042404,2.3021708437778847,0.522681860559,0.020895204888059554,2.19749535590602,0.459003271047,0.011692566491804824,2.124266617832188,0.438256931579,0.00938877239605387,2.1345896845079912,0.456785656069,0.01190819115741257,1.5120192844619484,0.43353153481,0.025329611406572375,1.419311613551325
