Well/XY,cell_id,total_distance,net_distance,linearity,spearmanrsq,progressivity,max_speed,min_speed,avg_speed,MSD_slope,hurst_RS,nongauss,disp_var,disp_skew,rw_linearity,rw_netdist,rw_kurtosis01,rw_kurtosis02,rw_kurtosis03,rw_kurtosis04,rw_kurtosis05,rw_kurtosis06,rw_kurtosis07,rw_kurtosis08,rw_kurtosis09,rw_kurtosis10,avg_moving_speed01,avg_moving_speed02,avg_moving_speed03,avg_moving_speed04,avg_moving_speed05,avg_moving_speed06,avg_moving_speed07,avg_moving_speed08,avg_moving_speed09,avg_moving_speed10,time_moving01,time_moving02,time_moving03,time_moving04,time_moving05,time_moving06,time_moving07,time_moving08,time_moving09,time_moving10,autocorr_1,autocorr_2,autocorr_3,autocorr_4,autocorr_5,autocorr_6,autocorr_7,autocorr_8,autocorr_9,autocorr_10,p_rturn_9_5,p_rturn_9_6,p_rturn_10_5,p_rturn_10_6,p_rturn_11_5,p_rturn_11_6,mean_theta_9_5,min_theta_9_5,max_theta_9_5,mean_theta_9_6,min_theta_9_6,max_theta_9_6,mean_theta_10_5,min_theta_10_5,max_theta_10_5,mean_theta_10_6,min_theta_10_6,max_theta_10_6,mean_theta_11_5,min_theta_11_5,max_theta_11_5,mean_theta_11_6,min_theta_11_6,max_theta_11_6
WellB04_Seq0002/xy04,0,1758.0041015262425,756.2741361437662,0.640326830348,0.728566680605,0.4301890624073023,24.205672393056965,3.837230772314844,23.440054687,1.63687462325,0.675211112508,1.39152991391,311.70501451,3.654169721173151,0.425879225558,467.285733458,18.793684583613395,6.847247019125087,0.01663987017905466,0.04283632859097075,-0.11976189087652722,-0.8306237454649952,-0.8919154485978273,-1.146688169342308,-0.07318990934436709,-0.40311684494101296,17.0322907964,17.0322907964,17.0322907964,17.0322907964,17.3938610571,17.3938610571,17.3938610571,17.5360629732,17.8079257202,18.2122218708,1.0,1.0,1.0,1.0,0.971830985915493,0.971830985915493,0.971830985915493,0.9577464788732394,0.9295774647887324,0.8873239436619719,0.284707745026,0.233509018417,0.0741205773245,-0.018646301399,0.00497923934616,-0.137627571056,-0.0441311439305,-0.0924231706865,-0.0865458310461,-0.130212777127,0.428571428571,0.380952380952,0.4,0.4,0.4,0.4,0.786627552869,0.03006471226387073,2.406032841832737,0.850061092658,0.024046714626195974,2.4354004913332226,0.750831925405,0.0556153548637192,2.2934881381263668,0.807993253768,0.034919344327269244,2.3723384628273405,0.74378477899,0.008307423040281517,2.1922585704348023,0.803059605248,0.029003433576746444,2.2293073682521767
