Well/XY,cell_id,total_distance,net_distance,linearity,spearmanrsq,progressivity,max_speed,min_speed,avg_speed,MSD_slope,hurst_RS,nongauss,disp_var,disp_skew,rw_linearity,rw_netdist,rw_kurtosis01,rw_kurtosis02,rw_kurtosis03,rw_kurtosis04,rw_kurtosis05,rw_kurtosis06,rw_kurtosis07,rw_kurtosis08,rw_kurtosis09,rw_kurtosis10,avg_moving_speed01,avg_moving_speed02,avg_moving_speed03,avg_moving_speed04,avg_moving_speed05,avg_moving_speed06,avg_moving_speed07,avg_moving_speed08,avg_moving_speed09,avg_moving_speed10,time_moving01,time_moving02,time_moving03,time_moving04,time_moving05,time_moving06,time_moving07,time_moving08,time_moving09,time_moving10,autocorr_1,autocorr_2,autocorr_3,autocorr_4,autocorr_5,autocorr_6,autocorr_7,autocorr_8,autocorr_9,autocorr_10,p_rturn_9_5,p_rturn_9_6,p_rturn_10_5,p_rturn_10_6,p_rturn_11_5,p_rturn_11_6,mean_theta_9_5,min_theta_9_5,max_theta_9_5,mean_theta_9_6,min_theta_9_6,max_theta_9_6,mean_theta_10_5,min_theta_10_5,max_theta_10_5,mean_theta_10_6,min_theta_10_6,max_theta_10_6,mean_theta_11_5,min_theta_11_5,max_theta_11_5,mean_theta_11_6,min_theta_11_6,max_theta_11_6
WellG02_Seq0019/xy20,0,128.8229619470001,8.854162862744273,0.493567736295,0.313907606012,0.06873124735625177,3.807546191446671,0.25556212551941454,2.07778970882,1.23006762767,0.775921940593,-0.0992820295083,2.17480823751,0.9885461546617369,0.259850942988,-14.4689687738,-0.10834211414318995,-0.4713038798376705,0.059667554942384626,-0.9286652030813434,0.361018623719648,-0.018482376328085692,-0.7766721102471115,-1.1526522147684668,-0.40168206294593745,-1.7038237551259252,2.35304807863,2.86095767424,3.68387222683,4.02648481929,0.0,0.0,0.0,0.0,0.0,0.0,0.5,0.3103448275862069,0.10344827586206896,0.017241379310344827,0.0,0.0,0.0,0.0,0.0,0.0,0.334755794862,0.33328428579,0.131467250781,0.117639025822,0.0859100554854,-0.0419243765762,-0.014734120336,-0.209992554906,-0.124222033956,-0.238868499865,0.4375,0.4375,0.4375,0.5625,0.5,0.5625,0.637646739249,0.09327985468929048,2.576053784839077,0.659649521119,0.23402391906323364,2.565851394123924,0.642088195346,0.09197774763733892,2.4925727998793983,0.667672899581,0.12063312655433546,2.4823704091642447,0.709158425221,0.08550339058756379,2.586278223195222,0.734743129457,0.11415876950456126,2.5760758324800688
