Well/XY,cell_id,total_distance,net_distance,linearity,spearmanrsq,progressivity,max_speed,min_speed,avg_speed,MSD_slope,hurst_RS,nongauss,disp_var,disp_skew,rw_linearity,rw_netdist,rw_kurtosis01,rw_kurtosis02,rw_kurtosis03,rw_kurtosis04,rw_kurtosis05,rw_kurtosis06,rw_kurtosis07,rw_kurtosis08,rw_kurtosis09,rw_kurtosis10,avg_moving_speed01,avg_moving_speed02,avg_moving_speed03,avg_moving_speed04,avg_moving_speed05,avg_moving_speed06,avg_moving_speed07,avg_moving_speed08,avg_moving_speed09,avg_moving_speed10,time_moving01,time_moving02,time_moving03,time_moving04,time_moving05,time_moving06,time_moving07,time_moving08,time_moving09,time_moving10,autocorr_1,autocorr_2,autocorr_3,autocorr_4,autocorr_5,autocorr_6,autocorr_7,autocorr_8,autocorr_9,autocorr_10,p_rturn_9_5,p_rturn_9_6,p_rturn_10_5,p_rturn_10_6,p_rturn_11_5,p_rturn_11_6,mean_theta_9_5,min_theta_9_5,max_theta_9_5,mean_theta_9_6,min_theta_9_6,max_theta_9_6,mean_theta_10_5,min_theta_10_5,max_theta_10_5,mean_theta_10_6,min_theta_10_6,max_theta_10_6,mean_theta_11_5,min_theta_11_5,max_theta_11_5,mean_theta_11_6,min_theta_11_6,max_theta_11_6
WellG02_Seq0019/xy18,0,97.29141782174129,5.910216662695176,0.192210952352,0.258892368358,0.060747564328068056,1.0986522834819081,0.09099208756809349,1.56921641648,0.425938200911,0.592206418,0.0185615586635,1.52012367656,1.0305897152226817,-0.0457392024502,-11.7041939258,0.4738264073957601,0.255134485111967,-0.15372786901144098,1.456837722218534,-1.6286142524520295,-1.1212462421906462,-0.09316363436310882,-1.3287607229564178,-1.063400770978088,-0.08185490095905612,1.03810425449,0.0,0.0,0.0,0.0,0.0,0.0,0.0,0.0,0.0,0.05172413793103448,0.0,0.0,0.0,0.0,0.0,0.0,0.0,0.0,0.0,0.202169202086,-0.147943615988,-0.185922440437,-0.0294533543603,0.0337706641037,0.0528473060256,-0.169594000916,-0.0900295346553,-0.044265393634,-0.076278803603,0.5625,0.5625,0.6875,0.8125,0.625,0.5625,0.742958252773,0.04921999987019435,1.525017190333225,0.745965905687,0.027269231498157083,1.5259190457790264,0.674307246321,0.0889253398063271,1.6026769161642636,0.678402716073,0.17763270580782783,1.6306714467685648,0.602197046519,0.04399761711650372,1.320480171044357,0.603469719087,0.04138509955941798,1.3370878786870042
