Well/XY,cell_id,total_distance,net_distance,linearity,spearmanrsq,progressivity,max_speed,min_speed,avg_speed,MSD_slope,hurst_RS,nongauss,disp_var,disp_skew,rw_linearity,rw_netdist,rw_kurtosis01,rw_kurtosis02,rw_kurtosis03,rw_kurtosis04,rw_kurtosis05,rw_kurtosis06,rw_kurtosis07,rw_kurtosis08,rw_kurtosis09,rw_kurtosis10,avg_moving_speed01,avg_moving_speed02,avg_moving_speed03,avg_moving_speed04,avg_moving_speed05,avg_moving_speed06,avg_moving_speed07,avg_moving_speed08,avg_moving_speed09,avg_moving_speed10,time_moving01,time_moving02,time_moving03,time_moving04,time_moving05,time_moving06,time_moving07,time_moving08,time_moving09,time_moving10,autocorr_1,autocorr_2,autocorr_3,autocorr_4,autocorr_5,autocorr_6,autocorr_7,autocorr_8,autocorr_9,autocorr_10,p_rturn_9_5,p_rturn_9_6,p_rturn_10_5,p_rturn_10_6,p_rturn_11_5,p_rturn_11_6,mean_theta_9_5,min_theta_9_5,max_theta_9_5,mean_theta_9_6,min_theta_9_6,max_theta_9_6,mean_theta_10_5,min_theta_10_5,max_theta_10_5,mean_theta_10_6,min_theta_10_6,max_theta_10_6,mean_theta_11_5,min_theta_11_5,max_theta_11_5,mean_theta_11_6,min_theta_11_6,max_theta_11_6
WellG02_Seq0019/xy12,0,80.84651426388001,7.710382610480636,0.538273966947,0.541538556722,0.09537062519868493,0.8988882021697794,0.041231056256183216,1.30397603651,0.649019722461,0.615640630358,-0.329269921644,0.507475738619,0.5385839459511725,0.292841165755,-6.92671209712,-0.19012843369099075,0.6164444956842337,1.847905146540616,1.9332020733306026,-0.5480533601088711,-0.5444870227824907,-1.5738715547440039,-1.0890139356017694,-0.585538991606045,-1.460251442221446,0.0,0.0,0.0,0.0,0.0,0.0,0.0,0.0,0.0,0.0,0.0,0.0,0.0,0.0,0.0,0.0,0.0,0.0,0.0,0.0,0.0189729924062,0.069531213453,0.094543790998,-0.19986554777,-0.173697689116,-0.117238781344,-0.171246821815,0.104192173725,0.0604035452629,-0.0622044002908,0.625,0.625,0.4375,0.4375,0.5625,0.5625,0.601088518152,0.08176858679463399,1.6427817728396332,0.561540077104,0.035947217575540126,1.586123222246704,0.452921566163,0.0007761402724388939,1.3298134583759584,0.458883293475,0.005794614019057045,1.3251563771132642,0.690499942282,0.030913128396439334,1.2201485527736624,0.685849021435,0.07919275915467859,1.2821873823550913
