Well/XY,cell_id,total_distance,net_distance,linearity,spearmanrsq,progressivity,max_speed,min_speed,avg_speed,MSD_slope,hurst_RS,nongauss,disp_var,disp_skew,rw_linearity,rw_netdist,rw_kurtosis01,rw_kurtosis02,rw_kurtosis03,rw_kurtosis04,rw_kurtosis05,rw_kurtosis06,rw_kurtosis07,rw_kurtosis08,rw_kurtosis09,rw_kurtosis10,avg_moving_speed01,avg_moving_speed02,avg_moving_speed03,avg_moving_speed04,avg_moving_speed05,avg_moving_speed06,avg_moving_speed07,avg_moving_speed08,avg_moving_speed09,avg_moving_speed10,time_moving01,time_moving02,time_moving03,time_moving04,time_moving05,time_moving06,time_moving07,time_moving08,time_moving09,time_moving10,autocorr_1,autocorr_2,autocorr_3,autocorr_4,autocorr_5,autocorr_6,autocorr_7,autocorr_8,autocorr_9,autocorr_10,p_rturn_9_5,p_rturn_9_6,p_rturn_10_5,p_rturn_10_6,p_rturn_11_5,p_rturn_11_6,mean_theta_9_5,min_theta_9_5,max_theta_9_5,mean_theta_9_6,min_theta_9_6,max_theta_9_6,mean_theta_10_5,min_theta_10_5,max_theta_10_5,mean_theta_10_6,min_theta_10_6,max_theta_10_6,mean_theta_11_5,min_theta_11_5,max_theta_11_5,mean_theta_11_6,min_theta_11_6,max_theta_11_6
WellG02_Seq0019/xy17,0,93.42540133085839,19.55409164343862,0.693411348408,0.674159812078,0.209301660628563,1.3029197979921519,0.07683749084918112,1.50686131179,1.03150187155,0.548855755353,-0.105823543241,0.952641709524,1.079143116673113,0.464475425026,2.63961536915,0.9181794653466584,-0.851187047952287,-0.8902719537976438,0.3965013522304597,-1.0396018869267984,-1.043234073830771,-1.1446179582227063,-1.340287322355001,-0.0504775085977891,-0.8210032872675885,1.25401443079,0.0,0.0,0.0,0.0,0.0,0.0,0.0,0.0,0.0,0.13793103448275862,0.0,0.0,0.0,0.0,0.0,0.0,0.0,0.0,0.0,0.0221604561829,0.0518723195995,0.0721066795306,-0.272554319466,0.0222785714553,-0.117885685074,-0.0393119374064,0.255980060557,-0.123609336764,-0.226023873391,0.5,0.4375,0.133333333333,0.2,0.4375,0.5,0.599701059335,0.017807380172819864,1.8353279506537379,0.606093852926,0.036047228680279444,1.9126587318935555,0.528940624714,0.030755390255830288,1.5199343911002656,0.54813951066,0.0639948153376256,1.403131247714575,0.692711332737,0.09896062598564695,1.3431917555829467,0.708452502652,0.004210420392191906,1.2263886121972556
