Well/XY,cell_id,total_distance,net_distance,linearity,spearmanrsq,progressivity,max_speed,min_speed,avg_speed,MSD_slope,hurst_RS,nongauss,disp_var,disp_skew,rw_linearity,rw_netdist,rw_kurtosis01,rw_kurtosis02,rw_kurtosis03,rw_kurtosis04,rw_kurtosis05,rw_kurtosis06,rw_kurtosis07,rw_kurtosis08,rw_kurtosis09,rw_kurtosis10,avg_moving_speed01,avg_moving_speed02,avg_moving_speed03,avg_moving_speed04,avg_moving_speed05,avg_moving_speed06,avg_moving_speed07,avg_moving_speed08,avg_moving_speed09,avg_moving_speed10,time_moving01,time_moving02,time_moving03,time_moving04,time_moving05,time_moving06,time_moving07,time_moving08,time_moving09,time_moving10,autocorr_1,autocorr_2,autocorr_3,autocorr_4,autocorr_5,autocorr_6,autocorr_7,autocorr_8,autocorr_9,autocorr_10,p_rturn_9_5,p_rturn_9_6,p_rturn_10_5,p_rturn_10_6,p_rturn_11_5,p_rturn_11_6,mean_theta_9_5,min_theta_9_5,max_theta_9_5,mean_theta_9_6,min_theta_9_6,max_theta_9_6,mean_theta_10_5,min_theta_10_5,max_theta_10_5,mean_theta_10_6,min_theta_10_6,max_theta_10_6,mean_theta_11_5,min_theta_11_5,max_theta_11_5,mean_theta_11_6,min_theta_11_6,max_theta_11_6
WellC10_Seq0011/xy17,0,138.553041539651,57.608489825719424,0.967676794015,0.979771125863,0.41578654055914804,2.865658737533125,0.3059411708155653,2.23472647645,1.12970759155,0.67248178383,-0.134827171597,1.75948635629,1.159733182015328,0.690002457713,32.5237473417,1.753820321091177,0.29883395877599206,-0.5303008108582028,-0.4905661083356754,-1.4019901866860607,-1.523944372623794,-0.9133282318084808,-1.0440336410312556,-0.9736219029333819,-0.5746376371605963,1.7985007856,2.53194397366,3.12025639972,0.0,0.0,0.0,0.0,0.0,0.0,0.0,0.7413793103448276,0.2413793103448276,0.017241379310344827,0.0,0.0,0.0,0.0,0.0,0.0,0.0,0.0349812483684,0.0859513898705,-0.0426449499186,-0.000925448973487,-0.115300034116,-0.00769932384657,0.0153294275381,0.0403198929082,-0.0578232684824,0.0249925217891,0.375,0.3125,0.25,0.125,0.375,0.375,0.167029003911,0.00012456762138624326,0.9700464065199522,0.164684520748,0.008359434984171712,0.9680057113749803,0.157495098641,0.0008168607386357296,0.5839879718089853,0.150173524799,0.0133390594393535,0.5560064863533731,0.0997913810121,0.01666328343908741,0.437885838385367,0.101177230444,0.020157702549619946,0.4046584987273494
