Well/XY,cell_id,total_distance,net_distance,linearity,spearmanrsq,progressivity,max_speed,min_speed,avg_speed,MSD_slope,hurst_RS,nongauss,disp_var,disp_skew,rw_linearity,rw_netdist,rw_kurtosis01,rw_kurtosis02,rw_kurtosis03,rw_kurtosis04,rw_kurtosis05,rw_kurtosis06,rw_kurtosis07,rw_kurtosis08,rw_kurtosis09,rw_kurtosis10,avg_moving_speed01,avg_moving_speed02,avg_moving_speed03,avg_moving_speed04,avg_moving_speed05,avg_moving_speed06,avg_moving_speed07,avg_moving_speed08,avg_moving_speed09,avg_moving_speed10,time_moving01,time_moving02,time_moving03,time_moving04,time_moving05,time_moving06,time_moving07,time_moving08,time_moving09,time_moving10,autocorr_1,autocorr_2,autocorr_3,autocorr_4,autocorr_5,autocorr_6,autocorr_7,autocorr_8,autocorr_9,autocorr_10,p_rturn_9_5,p_rturn_9_6,p_rturn_10_5,p_rturn_10_6,p_rturn_11_5,p_rturn_11_6,mean_theta_9_5,min_theta_9_5,max_theta_9_5,mean_theta_9_6,min_theta_9_6,max_theta_9_6,mean_theta_10_5,min_theta_10_5,max_theta_10_5,mean_theta_10_6,min_theta_10_6,max_theta_10_6,mean_theta_11_5,min_theta_11_5,max_theta_11_5,mean_theta_11_6,min_theta_11_6,max_theta_11_6
WellC10_Seq0011/xy18,0,56.123847421254325,4.39978408561142,0.513923711842,0.56645862446,0.0783941993959809,0.8038631724366642,0.029732137494626793,0.905223345504,0.551570449608,0.617773811184,-0.359657870079,0.219177925556,0.493045811992948,0.28150390399,-5.76132276655,0.20437436048137814,-0.18919901363499392,2.2281178602759493,-1.30737486933834,1.0534903619858893,1.2149066806991788,-0.02030893908717779,1.5834304681634181,-1.0751804267632001,-0.6108718084092275,0.0,0.0,0.0,0.0,0.0,0.0,0.0,0.0,0.0,0.0,0.0,0.0,0.0,0.0,0.0,0.0,0.0,0.0,0.0,0.0,-0.10880601906,0.0806268967037,0.0954574844591,0.129131717631,-0.0155105954551,0.135925169836,-0.125422959088,-0.00543208706846,-0.138159098929,0.0465799556546,0.5,0.5,0.4375,0.4375,0.4375,0.4375,0.639755649223,0.01937847786266375,1.6435708859786604,0.611743337514,0.03536351733585842,1.5145857134085128,0.813814427065,0.051179203109509346,1.549808868092593,0.791123718033,0.027554832423645034,1.4442971495254575,0.746433292361,0.08919489007495142,1.5118738353342087,0.758168471529,0.13444046391355113,1.584454229657828
