Well/XY,cell_id,total_distance,net_distance,linearity,spearmanrsq,progressivity,max_speed,min_speed,avg_speed,MSD_slope,hurst_RS,nongauss,disp_var,disp_skew,rw_linearity,rw_netdist,rw_kurtosis01,rw_kurtosis02,rw_kurtosis03,rw_kurtosis04,rw_kurtosis05,rw_kurtosis06,rw_kurtosis07,rw_kurtosis08,rw_kurtosis09,rw_kurtosis10,avg_moving_speed01,avg_moving_speed02,avg_moving_speed03,avg_moving_speed04,avg_moving_speed05,avg_moving_speed06,avg_moving_speed07,avg_moving_speed08,avg_moving_speed09,avg_moving_speed10,time_moving01,time_moving02,time_moving03,time_moving04,time_moving05,time_moving06,time_moving07,time_moving08,time_moving09,time_moving10,autocorr_1,autocorr_2,autocorr_3,autocorr_4,autocorr_5,autocorr_6,autocorr_7,autocorr_8,autocorr_9,autocorr_10,p_rturn_9_5,p_rturn_9_6,p_rturn_10_5,p_rturn_10_6,p_rturn_11_5,p_rturn_11_6,mean_theta_9_5,min_theta_9_5,max_theta_9_5,mean_theta_9_6,min_theta_9_6,max_theta_9_6,mean_theta_10_5,min_theta_10_5,max_theta_10_5,mean_theta_10_6,min_theta_10_6,max_theta_10_6,mean_theta_11_5,min_theta_11_5,max_theta_11_5,mean_theta_11_6,min_theta_11_6,max_theta_11_6
WellC10_Seq0011/xy10,0,65.23944916393802,4.241238026803022,0.24828849638,0.22675084301,0.06501032858424904,1.1764352935882125,0.0,1.05224918006,0.55342865676,0.851008561585,-0.0327017756825,0.521027281187,1.2102375480954417,0.0271059773869,-7.57022972513,0.9965634033572899,-1.0211066992623477,4.608265793380327,-1.0312289880814116,-0.534874622611389,0.1791330950649055,-1.0851694146079045,-0.9299616152417873,-0.12652390175029682,-1.5310145695451616,1.09738598497,0.0,0.0,0.0,0.0,0.0,0.0,0.0,0.0,0.0,0.017241379310344827,0.0,0.0,0.0,0.0,0.0,0.0,0.0,0.0,0.0,0.393799289708,0.144995319945,0.198654741623,0.195948471884,0.0899238801304,0.0792138738173,0.215010915744,0.2604110141,0.0801846161577,0.0262025360667,0.375,0.375,0.625,0.5,0.4375,0.4375,0.866294866508,0.040713150737340296,1.9837772185291462,0.797567609812,0.024215526280434288,1.920620907902413,0.501242416231,0.010144905107333844,1.3284322056102351,0.477472851783,0.011844895940372753,1.3132006271298577,0.712794481259,0.06268503592425644,2.1961561625664427,0.737027534952,0.0484624069016849,2.2449350708660223
