Well/XY,cell_id,total_distance,net_distance,linearity,spearmanrsq,progressivity,max_speed,min_speed,avg_speed,MSD_slope,hurst_RS,nongauss,disp_var,disp_skew,rw_linearity,rw_netdist,rw_kurtosis01,rw_kurtosis02,rw_kurtosis03,rw_kurtosis04,rw_kurtosis05,rw_kurtosis06,rw_kurtosis07,rw_kurtosis08,rw_kurtosis09,rw_kurtosis10,avg_moving_speed01,avg_moving_speed02,avg_moving_speed03,avg_moving_speed04,avg_moving_speed05,avg_moving_speed06,avg_moving_speed07,avg_moving_speed08,avg_moving_speed09,avg_moving_speed10,time_moving01,time_moving02,time_moving03,time_moving04,time_moving05,time_moving06,time_moving07,time_moving08,time_moving09,time_moving10,autocorr_1,autocorr_2,autocorr_3,autocorr_4,autocorr_5,autocorr_6,autocorr_7,autocorr_8,autocorr_9,autocorr_10,p_rturn_9_5,p_rturn_9_6,p_rturn_10_5,p_rturn_10_6,p_rturn_11_5,p_rturn_11_6,mean_theta_9_5,min_theta_9_5,max_theta_9_5,mean_theta_9_6,min_theta_9_6,max_theta_9_6,mean_theta_10_5,min_theta_10_5,max_theta_10_5,mean_theta_10_6,min_theta_10_6,max_theta_10_6,mean_theta_11_5,min_theta_11_5,max_theta_11_5,mean_theta_11_6,min_theta_11_6,max_theta_11_6
WellC10_Seq0011/xy19,0,106.22632489818598,15.366660144611808,0.459426973543,0.423390811222,0.14465962330279417,1.3543131100303234,0.04258121651621489,1.71332782094,0.98685460753,0.879703868491,-0.260184275017,1.0008951527,0.7330861209379477,0.223218561377,-3.86539694693,0.29478423471893844,-0.7769819507065443,-0.6144852236246181,0.1128395436957077,-0.2062440558298686,-1.0076069047816942,0.4571250578463677,-0.536830879455894,0.5391536753497825,-1.5808041107450927,1.33229302114,0.0,0.0,0.0,0.0,0.0,0.0,0.0,0.0,0.0,0.06896551724137931,0.0,0.0,0.0,0.0,0.0,0.0,0.0,0.0,0.0,0.314439760649,0.283572106653,0.271854157376,0.307853596178,0.327853779592,0.0803347865195,0.149710562601,0.201054812552,0.205921803812,-0.104120882528,0.5,0.625,0.571428571429,0.571428571429,0.5,0.5625,0.506588279583,0.004730520071379248,1.8845768512304153,0.509334060382,0.0287365609058554,1.9142096394359898,0.744810604007,0.12634820636102978,1.7880873867640847,0.713092127029,0.056476436187389595,1.8177201749696592,0.699397116547,0.04875163749414147,1.4451792784863473,0.667880484887,0.021120132679494325,1.492525842255446
