Well/XY,cell_id,total_distance,net_distance,linearity,spearmanrsq,progressivity,max_speed,min_speed,avg_speed,MSD_slope,hurst_RS,nongauss,disp_var,disp_skew,rw_linearity,rw_netdist,rw_kurtosis01,rw_kurtosis02,rw_kurtosis03,rw_kurtosis04,rw_kurtosis05,rw_kurtosis06,rw_kurtosis07,rw_kurtosis08,rw_kurtosis09,rw_kurtosis10,avg_moving_speed01,avg_moving_speed02,avg_moving_speed03,avg_moving_speed04,avg_moving_speed05,avg_moving_speed06,avg_moving_speed07,avg_moving_speed08,avg_moving_speed09,avg_moving_speed10,time_moving01,time_moving02,time_moving03,time_moving04,time_moving05,time_moving06,time_moving07,time_moving08,time_moving09,time_moving10,autocorr_1,autocorr_2,autocorr_3,autocorr_4,autocorr_5,autocorr_6,autocorr_7,autocorr_8,autocorr_9,autocorr_10,p_rturn_9_5,p_rturn_9_6,p_rturn_10_5,p_rturn_10_6,p_rturn_11_5,p_rturn_11_6,mean_theta_9_5,min_theta_9_5,max_theta_9_5,mean_theta_9_6,min_theta_9_6,max_theta_9_6,mean_theta_10_5,min_theta_10_5,max_theta_10_5,mean_theta_10_6,min_theta_10_6,max_theta_10_6,mean_theta_11_5,min_theta_11_5,max_theta_11_5,mean_theta_11_6,min_theta_11_6,max_theta_11_6
WellC10_Seq0011/xy22,0,737.8865427188924,417.0056135113771,0.663847721861,0.827061318262,0.5651351384927491,16.747005105391228,0.29167790454540865,11.9013958503,1.69547878765,1.07694176119,-0.326061466421,59.2114766971,0.193353955353602,0.427002202202,283.412776423,-1.1848096542464035,-1.6382083874476152,-1.6302414239342318,-1.6382952834703426,-1.737069215037697,-1.7012953129609922,-1.6228579329484072,-1.524736042459634,-1.4863539727340527,-1.627170424460463,10.958604361,13.827741147,14.9989961926,15.6264473601,15.9398130634,16.2378617114,16.5123562065,16.5123562065,16.7496293898,16.7496293898,0.9655172413793104,0.7413793103448276,0.6724137931034483,0.6379310344827587,0.6206896551724138,0.603448275862069,0.5862068965517241,0.5862068965517241,0.5689655172413793,0.5689655172413793,0.875251523753,0.864508445767,0.804695842325,0.779545719436,0.699957063116,0.719891229993,0.688527248257,0.658283394842,0.632200503941,0.608133657966,0.5,0.5625,0.5625,0.5625,0.5,0.5,0.565028696021,0.009185835576702422,1.3816926289712235,0.558056064495,0.04125264829510916,1.0797126186965733,0.670853169282,0.04817512684431295,2.024176351253337,0.663350866412,0.013921709171906377,1.9302089684695594,0.59265621503,0.04201235658071841,1.574715480863048,0.599080743093,0.02080207956742065,1.679967358071856
