Well/XY,cell_id,total_distance,net_distance,linearity,spearmanrsq,progressivity,max_speed,min_speed,avg_speed,MSD_slope,hurst_RS,nongauss,disp_var,disp_skew,rw_linearity,rw_netdist,rw_kurtosis01,rw_kurtosis02,rw_kurtosis03,rw_kurtosis04,rw_kurtosis05,rw_kurtosis06,rw_kurtosis07,rw_kurtosis08,rw_kurtosis09,rw_kurtosis10,avg_moving_speed01,avg_moving_speed02,avg_moving_speed03,avg_moving_speed04,avg_moving_speed05,avg_moving_speed06,avg_moving_speed07,avg_moving_speed08,avg_moving_speed09,avg_moving_speed10,time_moving01,time_moving02,time_moving03,time_moving04,time_moving05,time_moving06,time_moving07,time_moving08,time_moving09,time_moving10,autocorr_1,autocorr_2,autocorr_3,autocorr_4,autocorr_5,autocorr_6,autocorr_7,autocorr_8,autocorr_9,autocorr_10,p_rturn_9_5,p_rturn_9_6,p_rturn_10_5,p_rturn_10_6,p_rturn_11_5,p_rturn_11_6,mean_theta_9_5,min_theta_9_5,max_theta_9_5,mean_theta_9_6,min_theta_9_6,max_theta_9_6,mean_theta_10_5,min_theta_10_5,max_theta_10_5,mean_theta_10_6,min_theta_10_6,max_theta_10_6,mean_theta_11_5,min_theta_11_5,max_theta_11_5,mean_theta_11_6,min_theta_11_6,max_theta_11_6
WellC07_Seq0014/xy12,0,2725.5171943301657,1188.828188806103,0.777851344068,0.66540094722,0.43618443915129085,63.95091120539253,3.384447369955699,36.3402292577,1.39665753408,0.678402708427,0.179790501789,649.744657932,1.6655120220748545,0.551982378008,740.795752591,3.144640122831383,1.2535165688727394,2.3879667210451467,4.007477817114538,5.680357240077736,4.085630832739926,3.0510205064670073,2.663479979823469,2.2043692738680614,1.3543468048971468,24.8000068463,24.8000068463,24.8000068463,25.1119566108,25.1119566108,25.1119566108,25.3929746632,25.6586607224,26.4516614766,26.7176087829,0.9859154929577465,0.9859154929577465,0.9859154929577465,0.971830985915493,0.971830985915493,0.971830985915493,0.9577464788732394,0.9436619718309859,0.9014084507042254,0.8873239436619719,0.369704008166,0.271765367531,0.358800844447,0.0377381789426,-0.103655800665,-0.109993880775,-0.0469282021537,-0.0946027015116,-0.09298530369,-0.0505025035434,0.47619047619,0.380952380952,0.45,0.4,0.45,0.4,1.10268506293,0.09144469235232311,2.5799301852454426,1.07090642353,0.041037608574885,2.6245777784708793,1.01630179366,0.0779365057041099,2.586530509899792,0.983170443382,0.019543028865104343,2.64999277591057,0.838932767629,0.059261672940733465,2.476687275483555,0.792385460176,0.008854589163298728,2.464135621335127
