Well/XY,cell_id,total_distance,net_distance,linearity,spearmanrsq,progressivity,max_speed,min_speed,avg_speed,MSD_slope,hurst_RS,nongauss,disp_var,disp_skew,rw_linearity,rw_netdist,rw_kurtosis01,rw_kurtosis02,rw_kurtosis03,rw_kurtosis04,rw_kurtosis05,rw_kurtosis06,rw_kurtosis07,rw_kurtosis08,rw_kurtosis09,rw_kurtosis10,avg_moving_speed01,avg_moving_speed02,avg_moving_speed03,avg_moving_speed04,avg_moving_speed05,avg_moving_speed06,avg_moving_speed07,avg_moving_speed08,avg_moving_speed09,avg_moving_speed10,time_moving01,time_moving02,time_moving03,time_moving04,time_moving05,time_moving06,time_moving07,time_moving08,time_moving09,time_moving10,autocorr_1,autocorr_2,autocorr_3,autocorr_4,autocorr_5,autocorr_6,autocorr_7,autocorr_8,autocorr_9,autocorr_10,p_rturn_9_5,p_rturn_9_6,p_rturn_10_5,p_rturn_10_6,p_rturn_11_5,p_rturn_11_6,mean_theta_9_5,min_theta_9_5,max_theta_9_5,mean_theta_9_6,min_theta_9_6,max_theta_9_6,mean_theta_10_5,min_theta_10_5,max_theta_10_5,mean_theta_10_6,min_theta_10_6,max_theta_10_6,mean_theta_11_5,min_theta_11_5,max_theta_11_5,mean_theta_11_6,min_theta_11_6,max_theta_11_6
WellC07_Seq0014/xy22,0,1580.07168672079,187.25410569597656,0.0234776255771,0.0104453211854,0.1185098798172856,40.7307538354006,1.6987925123451766,21.0676224896,1.49444840018,0.862838854881,-0.002873528902,245.486556146,1.107924372623505,-0.204721043313,-72.4849884725,0.5677393856358353,1.2467426718453183,-0.20243650510204736,-0.8601928978308884,-1.1977303554012437,-0.9644067406579309,-0.8062832356397798,-1.2982866242726214,-0.895336138940539,-1.5087408578789292,19.2352239566,19.753007564,20.0004300777,20.509503328,20.509503328,20.9768102704,21.4439064828,21.9107356146,22.8688150582,23.3659998607,1.0,0.971830985915493,0.9577464788732394,0.9295774647887324,0.9295774647887324,0.9014084507042254,0.8732394366197183,0.8450704225352113,0.7887323943661971,0.7605633802816901,0.747680963292,0.431947111123,0.15907198271,0.032830465206,-0.00711012125697,0.0423468081717,0.121891890529,0.189833695843,0.181111391403,0.0776354973251,0.333333333333,0.380952380952,0.4,0.45,0.45,0.45,0.715406131781,0.017999310692467376,2.4493212792940375,0.753190463442,0.04237553011763689,2.47955085472049,0.794547723934,0.052900561032571805,2.4295997231368434,0.782935585413,0.0772767804577335,2.459829298563296,0.809007611117,0.049878330939500816,2.35690970878917,0.809179680287,0.10774534593720748,2.3871392842156225
