Well/XY,cell_id,total_distance,net_distance,linearity,spearmanrsq,progressivity,max_speed,min_speed,avg_speed,MSD_slope,hurst_RS,nongauss,disp_var,disp_skew,rw_linearity,rw_netdist,rw_kurtosis01,rw_kurtosis02,rw_kurtosis03,rw_kurtosis04,rw_kurtosis05,rw_kurtosis06,rw_kurtosis07,rw_kurtosis08,rw_kurtosis09,rw_kurtosis10,avg_moving_speed01,avg_moving_speed02,avg_moving_speed03,avg_moving_speed04,avg_moving_speed05,avg_moving_speed06,avg_moving_speed07,avg_moving_speed08,avg_moving_speed09,avg_moving_speed10,time_moving01,time_moving02,time_moving03,time_moving04,time_moving05,time_moving06,time_moving07,time_moving08,time_moving09,time_moving10,autocorr_1,autocorr_2,autocorr_3,autocorr_4,autocorr_5,autocorr_6,autocorr_7,autocorr_8,autocorr_9,autocorr_10,p_rturn_9_5,p_rturn_9_6,p_rturn_10_5,p_rturn_10_6,p_rturn_11_5,p_rturn_11_6,mean_theta_9_5,min_theta_9_5,max_theta_9_5,mean_theta_9_6,min_theta_9_6,max_theta_9_6,mean_theta_10_5,min_theta_10_5,max_theta_10_5,mean_theta_10_6,min_theta_10_6,max_theta_10_6,mean_theta_11_5,min_theta_11_5,max_theta_11_5,mean_theta_11_6,min_theta_11_6,max_theta_11_6
WellC07_Seq0014/xy01,0,2010.0061990499953,379.9958552405541,0.0234436194061,0.045417755132,0.1890520812424133,27.444139629436403,0.4252058325093543,26.800082654,1.32348394322,0.619612155406,-0.0695485466024,286.719917461,1.2323048857596415,-0.193457965767,49.5822456545,2.2419810813951777,-0.4172305160175158,0.022885546509801902,-0.7009984485800489,-0.9314108785633399,-1.1659625902201223,-1.037959048326914,-1.3435536041480303,-1.2830615989158582,-1.1476030411420355,16.1694356922,16.1694356922,16.1694356922,16.1694356922,16.3362594842,16.3362594842,16.4847846793,16.7538630855,17.2915658835,17.4243754512,1.0,1.0,1.0,1.0,0.9859154929577465,0.9859154929577465,0.971830985915493,0.9436619718309859,0.8873239436619719,0.8732394366197183,-0.0507555627779,-0.0656415193648,-0.0848786971099,0.0139679738252,-0.0213972760467,0.201374914833,-0.102916997493,0.192243941273,0.107392542791,-0.0327017660266,0.380952380952,0.428571428571,0.5,0.6,0.45,0.5,0.822747151741,0.059400300197308666,2.3559844298356274,0.804611077815,0.023182651190173827,2.391932099198225,0.817242999981,0.030633297603711456,2.000227867668717,0.80130581344,0.005584351403426199,1.962041203347028,0.796899490068,0.0043833266115928865,2.037475460666936,0.734001639486,0.001344417656895229,1.948479730283127
