Well/XY,cell_id,total_distance,net_distance,linearity,spearmanrsq,progressivity,max_speed,min_speed,avg_speed,MSD_slope,hurst_RS,nongauss,disp_var,disp_skew,rw_linearity,rw_netdist,rw_kurtosis01,rw_kurtosis02,rw_kurtosis03,rw_kurtosis04,rw_kurtosis05,rw_kurtosis06,rw_kurtosis07,rw_kurtosis08,rw_kurtosis09,rw_kurtosis10,avg_moving_speed01,avg_moving_speed02,avg_moving_speed03,avg_moving_speed04,avg_moving_speed05,avg_moving_speed06,avg_moving_speed07,avg_moving_speed08,avg_moving_speed09,avg_moving_speed10,time_moving01,time_moving02,time_moving03,time_moving04,time_moving05,time_moving06,time_moving07,time_moving08,time_moving09,time_moving10,autocorr_1,autocorr_2,autocorr_3,autocorr_4,autocorr_5,autocorr_6,autocorr_7,autocorr_8,autocorr_9,autocorr_10,p_rturn_9_5,p_rturn_9_6,p_rturn_10_5,p_rturn_10_6,p_rturn_11_5,p_rturn_11_6,mean_theta_9_5,min_theta_9_5,max_theta_9_5,mean_theta_9_6,min_theta_9_6,max_theta_9_6,mean_theta_10_5,min_theta_10_5,max_theta_10_5,mean_theta_10_6,min_theta_10_6,max_theta_10_6,mean_theta_11_5,min_theta_11_5,max_theta_11_5,mean_theta_11_6,min_theta_11_6,max_theta_11_6
WellC07_Seq0014/xy08,0,2233.0593760804686,219.56777996782682,0.920158390607,0.883129713313,0.09832599272537869,27.786277188569187,0.20880613017822144,29.7741250144,0.80176964836,0.752571521451,0.269799489387,755.062777316,1.3253938154081553,0.665652528282,-147.512286362,1.006621668988914,-0.05491157570763061,-0.8506562538446043,-1.3706271979615765,-0.28525270141733383,0.5913881109676238,-0.7200738418563812,-0.5024302016903395,1.9546739052399165,-1.588228130985889,8.3658232171,8.78361221968,9.42029552306,10.3837481406,11.1705630603,11.8481185307,12.4162460453,14.0832192236,15.3854721215,15.6688138683,0.971830985915493,0.9154929577464789,0.8309859154929577,0.7183098591549296,0.6338028169014085,0.5633802816901409,0.5070422535211268,0.38028169014084506,0.30985915492957744,0.29577464788732394,0.433085775334,0.191240082841,0.219047812101,0.24549903138,-0.0329012531757,-0.0531533507553,0.0370768913933,0.179550581278,0.138840122708,-0.0171941998058,0.285714285714,0.333333333333,0.3,0.3,0.473684210526,0.473684210526,0.645038153688,0.026618302976676785,2.8422121117815795,0.528112519027,0.01206293264127849,2.826789574140568,0.706271890327,0.010066514640642081,2.768830695793674,0.592031331818,1.6297586039945796e-05,2.7766975388766864,0.583739787054,0.007726580311298246,2.9311661708783032,0.452975192926,0.0026631336794988273,2.9157436332372924
