Well/XY,cell_id,total_distance,net_distance,linearity,spearmanrsq,progressivity,max_speed,min_speed,avg_speed,MSD_slope,hurst_RS,nongauss,disp_var,disp_skew,rw_linearity,rw_netdist,rw_kurtosis01,rw_kurtosis02,rw_kurtosis03,rw_kurtosis04,rw_kurtosis05,rw_kurtosis06,rw_kurtosis07,rw_kurtosis08,rw_kurtosis09,rw_kurtosis10,avg_moving_speed01,avg_moving_speed02,avg_moving_speed03,avg_moving_speed04,avg_moving_speed05,avg_moving_speed06,avg_moving_speed07,avg_moving_speed08,avg_moving_speed09,avg_moving_speed10,time_moving01,time_moving02,time_moving03,time_moving04,time_moving05,time_moving06,time_moving07,time_moving08,time_moving09,time_moving10,autocorr_1,autocorr_2,autocorr_3,autocorr_4,autocorr_5,autocorr_6,autocorr_7,autocorr_8,autocorr_9,autocorr_10,p_rturn_9_5,p_rturn_9_6,p_rturn_10_5,p_rturn_10_6,p_rturn_11_5,p_rturn_11_6,mean_theta_9_5,min_theta_9_5,max_theta_9_5,mean_theta_9_6,min_theta_9_6,max_theta_9_6,mean_theta_10_5,min_theta_10_5,max_theta_10_5,mean_theta_10_6,min_theta_10_6,max_theta_10_6,mean_theta_11_5,min_theta_11_5,max_theta_11_5,mean_theta_11_6,min_theta_11_6,max_theta_11_6
WellC07_Seq0014/xy04,0,725.9024544677529,140.93229189933732,0.694884578523,0.575485324279,0.19414769991743844,19.6262685195123,0.14880860190188455,9.6786993929,1.32421461746,0.657681874198,1.81766227799,106.005627919,2.7712111176946177,0.472602403019,21.6052717631,10.834565710041394,8.82806360440303,2.7115775194416267,2.5686968383843984,0.2393165676568949,-0.6212994535309382,0.18781751293144788,-1.3578925905166461,1.4844512746728125,-0.6907793870601862,5.11168289079,6.37054873619,8.16855204576,9.73774228401,10.474467589,11.2874841745,11.8402106907,13.2157006864,13.5927100864,14.4286939281,0.9154929577464789,0.676056338028169,0.4647887323943662,0.352112676056338,0.30985915492957744,0.2676056338028169,0.23943661971830985,0.18309859154929578,0.16901408450704225,0.14084507042253522,0.180139860034,0.141481409306,-0.0179062011593,0.0868060301917,-0.110054857075,-0.029677215369,-0.164215852979,-0.12141815353,-0.0414089271351,0.0832056009752,0.571428571429,0.571428571429,0.5,0.55,0.5,0.55,0.654403058843,0.01357179373005747,2.354584535444812,0.660018132204,0.04732134912465497,2.179155847409952,0.555026029419,0.018135208748479657,2.0610204221568362,0.562539873887,0.0025442157241269718,2.0448648327808474,0.548619019352,0.034882881417920036,2.136720083001009,0.554221254244,0.012212530332214682,2.219506711067531
