Well/XY,cell_id,total_distance,net_distance,linearity,spearmanrsq,progressivity,max_speed,min_speed,avg_speed,MSD_slope,hurst_RS,nongauss,disp_var,disp_skew,rw_linearity,rw_netdist,rw_kurtosis01,rw_kurtosis02,rw_kurtosis03,rw_kurtosis04,rw_kurtosis05,rw_kurtosis06,rw_kurtosis07,rw_kurtosis08,rw_kurtosis09,rw_kurtosis10,avg_moving_speed01,avg_moving_speed02,avg_moving_speed03,avg_moving_speed04,avg_moving_speed05,avg_moving_speed06,avg_moving_speed07,avg_moving_speed08,avg_moving_speed09,avg_moving_speed10,time_moving01,time_moving02,time_moving03,time_moving04,time_moving05,time_moving06,time_moving07,time_moving08,time_moving09,time_moving10,autocorr_1,autocorr_2,autocorr_3,autocorr_4,autocorr_5,autocorr_6,autocorr_7,autocorr_8,autocorr_9,autocorr_10,p_rturn_9_5,p_rturn_9_6,p_rturn_10_5,p_rturn_10_6,p_rturn_11_5,p_rturn_11_6,mean_theta_9_5,min_theta_9_5,max_theta_9_5,mean_theta_9_6,min_theta_9_6,max_theta_9_6,mean_theta_10_5,min_theta_10_5,max_theta_10_5,mean_theta_10_6,min_theta_10_6,max_theta_10_6,mean_theta_11_5,min_theta_11_5,max_theta_11_5,mean_theta_11_6,min_theta_11_6,max_theta_11_6
WellC07_Seq0014/xy21,0,756.0434509984174,287.24809503284797,0.930877337007,0.942024353493,0.37993596089419635,18.247873848752903,0.49193495504997403,10.0805793466,1.55639613375,0.650913941325,0.120798510536,66.8055411827,1.2507203254169843,0.673777754618,162.966366068,0.9377135825494767,1.1777361635108994,1.9927447944705294,0.8144518442966455,4.661697702351488,-0.2568426641285084,-0.9942954867991016,-0.12626570605460508,0.6625274557201482,-0.23188494424185846,5.68805617152,6.37784288907,6.58333730494,7.15488076558,8.03647053618,8.8907444262,10.2232931018,12.22627934,13.9266370583,15.6512540905,0.9859154929577465,0.8450704225352113,0.8028169014084507,0.676056338028169,0.5070422535211268,0.38028169014084506,0.23943661971830985,0.14084507042253522,0.09859154929577464,0.07042253521126761,0.147191169401,-0.0813552615539,-0.00258877333721,0.0347624971355,0.122333163376,0.168144603876,-0.00195160744082,-0.14364100114,-0.0603065409938,-0.156810724223,0.333333333333,0.333333333333,0.3,0.3,0.15,0.2,0.745045637013,0.04370255265759266,2.5019790609136705,0.638625577023,0.016620507406174413,2.4673149156758107,0.778872018129,0.034320216562524375,2.8061996530800544,0.676570278939,0.02819067881533134,2.7807390167441763,0.60135159721,0.0012344984870228347,2.5492154207819007,0.514257329536,0.007226523363106113,2.6745783991409864
