Well/XY,cell_id,total_distance,net_distance,linearity,spearmanrsq,progressivity,max_speed,min_speed,avg_speed,MSD_slope,hurst_RS,nongauss,disp_var,disp_skew,rw_linearity,rw_netdist,rw_kurtosis01,rw_kurtosis02,rw_kurtosis03,rw_kurtosis04,rw_kurtosis05,rw_kurtosis06,rw_kurtosis07,rw_kurtosis08,rw_kurtosis09,rw_kurtosis10,avg_moving_speed01,avg_moving_speed02,avg_moving_speed03,avg_moving_speed04,avg_moving_speed05,avg_moving_speed06,avg_moving_speed07,avg_moving_speed08,avg_moving_speed09,avg_moving_speed10,time_moving01,time_moving02,time_moving03,time_moving04,time_moving05,time_moving06,time_moving07,time_moving08,time_moving09,time_moving10,autocorr_1,autocorr_2,autocorr_3,autocorr_4,autocorr_5,autocorr_6,autocorr_7,autocorr_8,autocorr_9,autocorr_10,p_rturn_9_5,p_rturn_9_6,p_rturn_10_5,p_rturn_10_6,p_rturn_11_5,p_rturn_11_6,mean_theta_9_5,min_theta_9_5,max_theta_9_5,mean_theta_9_6,min_theta_9_6,max_theta_9_6,mean_theta_10_5,min_theta_10_5,max_theta_10_5,mean_theta_10_6,min_theta_10_6,max_theta_10_6,mean_theta_11_5,min_theta_11_5,max_theta_11_5,mean_theta_11_6,min_theta_11_6,max_theta_11_6
WellC07_Seq0014/xy18,0,169.4675595505354,14.916420482139822,0.665804950451,0.704598042899,0.08801932665875045,2.436026272436316,0.024413111231470348,2.25956746067,0.502521598031,0.722358783696,-0.28207550763,1.95766837275,0.5184633051974264,0.427596284449,-12.9413981083,-0.850958502977738,0.13196851603842408,3.185200368931942,7.139952603567863,2.572520817149319,3.387432461597575,0.3243750542309054,3.614236607724372,-0.6004233433680461,-0.4974591664954575,1.45957476175,3.04509047485,3.04509047485,0.0,0.0,0.0,0.0,0.0,0.0,0.0,0.14084507042253522,0.014084507042253521,0.014084507042253521,0.0,0.0,0.0,0.0,0.0,0.0,0.0,0.264515026991,0.220932202972,0.0191532930738,0.0330690995372,-0.104603497613,-0.244594284767,-0.128158035131,-0.160499445189,-0.0369450954488,-0.151514104183,0.571428571429,0.52380952381,0.55,0.55,0.4,0.5,0.5974516757,0.0628201915179882,1.9334123829711298,0.577526284154,0.048899788674787295,1.9146737005879497,0.485479700857,0.04840367307573905,2.075293090571979,0.491739385246,0.05854484013820196,2.0491370939092572,0.462813648127,0.011606878653280825,1.8498487426035612,0.453679342092,0.022788684965706765,1.804861989229985
