Well/XY,cell_id,total_distance,net_distance,linearity,spearmanrsq,progressivity,max_speed,min_speed,avg_speed,MSD_slope,hurst_RS,nongauss,disp_var,disp_skew,rw_linearity,rw_netdist,rw_kurtosis01,rw_kurtosis02,rw_kurtosis03,rw_kurtosis04,rw_kurtosis05,rw_kurtosis06,rw_kurtosis07,rw_kurtosis08,rw_kurtosis09,rw_kurtosis10,avg_moving_speed01,avg_moving_speed02,avg_moving_speed03,avg_moving_speed04,avg_moving_speed05,avg_moving_speed06,avg_moving_speed07,avg_moving_speed08,avg_moving_speed09,avg_moving_speed10,time_moving01,time_moving02,time_moving03,time_moving04,time_moving05,time_moving06,time_moving07,time_moving08,time_moving09,time_moving10,autocorr_1,autocorr_2,autocorr_3,autocorr_4,autocorr_5,autocorr_6,autocorr_7,autocorr_8,autocorr_9,autocorr_10,p_rturn_9_5,p_rturn_9_6,p_rturn_10_5,p_rturn_10_6,p_rturn_11_5,p_rturn_11_6,mean_theta_9_5,min_theta_9_5,max_theta_9_5,mean_theta_9_6,min_theta_9_6,max_theta_9_6,mean_theta_10_5,min_theta_10_5,max_theta_10_5,mean_theta_10_6,min_theta_10_6,max_theta_10_6,mean_theta_11_5,min_theta_11_5,max_theta_11_5,mean_theta_11_6,min_theta_11_6,max_theta_11_6
WellC07_Seq0014/xy17,0,1763.7711205994412,932.2474093286611,0.900368999197,0.914213084566,0.5285535058606835,33.819006490433765,1.5985793693151358,23.5169482747,1.73071272835,0.903669136846,-0.279305200582,173.170615892,0.7991934651865426,0.662788321685,642.310998826,0.05174922839167273,0.8012947723274624,-0.43933595077879906,-0.9448778067540458,-1.0547687618854353,0.25030151693244873,-0.68344327433319,-1.182361141583065,-1.4966018218414925,-1.3140414141839751,17.567346019,17.7962129305,17.7962129305,17.9985810294,17.9985810294,18.7755771461,19.3704285829,20.1849911237,20.5934995928,20.7890173976,1.0,0.9859154929577465,0.9859154929577465,0.971830985915493,0.971830985915493,0.9154929577464789,0.8732394366197183,0.8169014084507042,0.7887323943661971,0.7746478873239436,0.598191323759,0.459845085364,0.271325426557,0.297938528805,0.278868933006,0.224348925066,0.3147608205,0.241012874895,0.293429386084,0.132465275682,0.380952380952,0.380952380952,0.4,0.4,0.3,0.35,0.241889268591,0.009619043152563822,0.6726072696509073,0.259351636672,0.0029507916732990297,0.6622664339821909,0.278088369795,0.004028140391056127,0.6954531982341007,0.293120203275,0.006473257412283445,1.0363845140277335,0.418240043222,0.022174938259018888,2.515901737363881,0.421469384613,0.01671619526211299,2.384285601705902
