Well/XY,cell_id,total_distance,net_distance,linearity,spearmanrsq,progressivity,max_speed,min_speed,avg_speed,MSD_slope,hurst_RS,nongauss,disp_var,disp_skew,rw_linearity,rw_netdist,rw_kurtosis01,rw_kurtosis02,rw_kurtosis03,rw_kurtosis04,rw_kurtosis05,rw_kurtosis06,rw_kurtosis07,rw_kurtosis08,rw_kurtosis09,rw_kurtosis10,avg_moving_speed01,avg_moving_speed02,avg_moving_speed03,avg_moving_speed04,avg_moving_speed05,avg_moving_speed06,avg_moving_speed07,avg_moving_speed08,avg_moving_speed09,avg_moving_speed10,time_moving01,time_moving02,time_moving03,time_moving04,time_moving05,time_moving06,time_moving07,time_moving08,time_moving09,time_moving10,autocorr_1,autocorr_2,autocorr_3,autocorr_4,autocorr_5,autocorr_6,autocorr_7,autocorr_8,autocorr_9,autocorr_10,p_rturn_9_5,p_rturn_9_6,p_rturn_10_5,p_rturn_10_6,p_rturn_11_5,p_rturn_11_6,mean_theta_9_5,min_theta_9_5,max_theta_9_5,mean_theta_9_6,min_theta_9_6,max_theta_9_6,mean_theta_10_5,min_theta_10_5,max_theta_10_5,mean_theta_10_6,min_theta_10_6,max_theta_10_6,mean_theta_11_5,min_theta_11_5,max_theta_11_5,mean_theta_11_6,min_theta_11_6,max_theta_11_6
WellC07_Seq0014/xy02,0,379.02525777544565,76.39109895792838,0.271530475162,0.445246822321,0.20154619617246314,6.250811467321666,0.3086486675817584,5.05367010367,1.33503377037,0.76458423267,-0.12761083673,10.4183117627,1.0665885214165165,0.0452472560072,14.085269451,0.835656956837989,-0.3471669849309609,0.15249627066952787,4.165982077674134,5.205814947143606,1.7886353834126227,-0.0289282939510076,2.6315223805188586,0.6352536935691253,0.10895389925960597,2.77116832683,3.32219474228,4.42134895407,6.03005812129,6.73492555625,7.0336019825,7.75160057326,0.0,0.0,0.0,0.9154929577464789,0.6197183098591549,0.2535211267605634,0.09859154929577464,0.07042253521126761,0.056338028169014086,0.028169014084507043,0.0,0.0,0.0,0.0687216997275,0.0985403565295,0.0393240036727,0.0117929755168,0.0699178518714,0.164454316972,0.105721261097,-0.0705450477308,-0.137664754163,0.0790288059348,0.52380952381,0.571428571429,0.5,0.45,0.45,0.45,0.687164209961,0.026658979761566236,2.1325943833648795,0.687413885478,0.022444161931478197,2.123948614837908,0.62444219978,0.0013951195577706756,2.0984775633062904,0.632677063659,0.03874009654679643,2.0975907862638947,0.714783310169,0.048975216803419944,2.2046717361154697,0.719882095454,0.020418035918007598,2.2464835629305226
