Well/XY,cell_id,total_distance,net_distance,linearity,spearmanrsq,progressivity,max_speed,min_speed,avg_speed,MSD_slope,hurst_RS,nongauss,disp_var,disp_skew,rw_linearity,rw_netdist,rw_kurtosis01,rw_kurtosis02,rw_kurtosis03,rw_kurtosis04,rw_kurtosis05,rw_kurtosis06,rw_kurtosis07,rw_kurtosis08,rw_kurtosis09,rw_kurtosis10,avg_moving_speed01,avg_moving_speed02,avg_moving_speed03,avg_moving_speed04,avg_moving_speed05,avg_moving_speed06,avg_moving_speed07,avg_moving_speed08,avg_moving_speed09,avg_moving_speed10,time_moving01,time_moving02,time_moving03,time_moving04,time_moving05,time_moving06,time_moving07,time_moving08,time_moving09,time_moving10,autocorr_1,autocorr_2,autocorr_3,autocorr_4,autocorr_5,autocorr_6,autocorr_7,autocorr_8,autocorr_9,autocorr_10,p_rturn_9_5,p_rturn_9_6,p_rturn_10_5,p_rturn_10_6,p_rturn_11_5,p_rturn_11_6,mean_theta_9_5,min_theta_9_5,max_theta_9_5,mean_theta_9_6,min_theta_9_6,max_theta_9_6,mean_theta_10_5,min_theta_10_5,max_theta_10_5,mean_theta_10_6,min_theta_10_6,max_theta_10_6,mean_theta_11_5,min_theta_11_5,max_theta_11_5,mean_theta_11_6,min_theta_11_6,max_theta_11_6
WellC07_Seq0014/xy20,0,358.6600056334248,62.789031685478264,0.674072689281,0.728553011209,0.1750656072582929,4.210356754480583,0.1843908891458676,4.78213340845,1.05174467475,0.614712010557,1.00863571552,13.999467569,2.8071033832354337,0.417441467681,3.8309313913,11.925129785411206,3.18036414617925,-0.03757981239557617,-1.0939745086369301,-0.9414103853622273,0.01477028608706732,-1.254431004765975,-0.41094499791597316,1.215133419300546,-1.5155614708791372,2.14069443978,2.99864645949,3.90572907271,4.50618577813,0.0,0.0,0.0,0.0,0.0,0.0,0.704225352112676,0.29577464788732394,0.11267605633802817,0.04225352112676056,0.0,0.0,0.0,0.0,0.0,0.0,0.396584195264,0.03156039782,-0.0382053450509,-0.104700149173,-0.182395625209,-0.0299024537789,0.0450562503131,-0.0936384196279,-0.178464028085,-0.0893895654334,0.6,0.6,0.75,0.7,0.7,0.75,0.806236640457,0.0516474658916588,1.8566715255176456,0.750462614243,0.0129661081739253,1.8595677939479238,0.805591729659,0.033065029464636866,1.9978180665001832,0.75869290303,0.006824528866626262,2.1425925067735707,0.760163706915,0.12743879555669746,1.8585587844518228,0.722762047727,0.017341126936857316,1.9740134269990461
