Well/XY,cell_id,total_distance,net_distance,linearity,spearmanrsq,progressivity,max_speed,min_speed,avg_speed,MSD_slope,hurst_RS,nongauss,disp_var,disp_skew,rw_linearity,rw_netdist,rw_kurtosis01,rw_kurtosis02,rw_kurtosis03,rw_kurtosis04,rw_kurtosis05,rw_kurtosis06,rw_kurtosis07,rw_kurtosis08,rw_kurtosis09,rw_kurtosis10,avg_moving_speed01,avg_moving_speed02,avg_moving_speed03,avg_moving_speed04,avg_moving_speed05,avg_moving_speed06,avg_moving_speed07,avg_moving_speed08,avg_moving_speed09,avg_moving_speed10,time_moving01,time_moving02,time_moving03,time_moving04,time_moving05,time_moving06,time_moving07,time_moving08,time_moving09,time_moving10,autocorr_1,autocorr_2,autocorr_3,autocorr_4,autocorr_5,autocorr_6,autocorr_7,autocorr_8,autocorr_9,autocorr_10,p_rturn_9_5,p_rturn_9_6,p_rturn_10_5,p_rturn_10_6,p_rturn_11_5,p_rturn_11_6,mean_theta_9_5,min_theta_9_5,max_theta_9_5,mean_theta_9_6,min_theta_9_6,max_theta_9_6,mean_theta_10_5,min_theta_10_5,max_theta_10_5,mean_theta_10_6,min_theta_10_6,max_theta_10_6,mean_theta_11_5,min_theta_11_5,max_theta_11_5,mean_theta_11_6,min_theta_11_6,max_theta_11_6
WellC11_Seq0010/xy19,0,97.20249720337969,11.26410227226303,0.0294485934973,0.0582259799372,0.11588284865454446,1.2435433245367935,0.020000000000027284,1.56778221296,0.517856125942,0.55218813074,0.621315294672,1.27883346151,2.6333370710662853,-0.223275945488,-6.33420942164,9.013916256863949,1.37958298157635,-1.2080905118417222,0.01662167561543937,0.1917395574148828,1.214017996763185,-0.936070219586473,-1.6254849006251346,-1.4596774621421569,-1.0070213282868639,1.24286238404,0.0,0.0,0.0,0.0,0.0,0.0,0.0,0.0,0.0,0.06896551724137931,0.0,0.0,0.0,0.0,0.0,0.0,0.0,0.0,0.0,0.335961718187,-0.112687213051,-0.133015446433,-0.117183725845,-0.0150700349459,-0.0242846434222,-0.0660629214248,-0.174316138972,-0.206992377908,-0.133551170317,0.4375,0.4375,0.4375,0.4375,0.5625,0.5625,0.881523832519,0.05223518001944095,1.8310386801535308,0.885226051743,0.28197255873322397,1.9533939615899312,1.01126717782,0.1331392791746208,2.5808480597154433,1.12372536069,0.18872642219102317,2.638412680692458,1.13286275673,0.036638994793686576,2.281975109391059,1.12334172572,0.035130845549023224,2.4043303908274596
