Well/XY,cell_id,total_distance,net_distance,linearity,spearmanrsq,progressivity,max_speed,min_speed,avg_speed,MSD_slope,hurst_RS,nongauss,disp_var,disp_skew,rw_linearity,rw_netdist,rw_kurtosis01,rw_kurtosis02,rw_kurtosis03,rw_kurtosis04,rw_kurtosis05,rw_kurtosis06,rw_kurtosis07,rw_kurtosis08,rw_kurtosis09,rw_kurtosis10,avg_moving_speed01,avg_moving_speed02,avg_moving_speed03,avg_moving_speed04,avg_moving_speed05,avg_moving_speed06,avg_moving_speed07,avg_moving_speed08,avg_moving_speed09,avg_moving_speed10,time_moving01,time_moving02,time_moving03,time_moving04,time_moving05,time_moving06,time_moving07,time_moving08,time_moving09,time_moving10,autocorr_1,autocorr_2,autocorr_3,autocorr_4,autocorr_5,autocorr_6,autocorr_7,autocorr_8,autocorr_9,autocorr_10,p_rturn_9_5,p_rturn_9_6,p_rturn_10_5,p_rturn_10_6,p_rturn_11_5,p_rturn_11_6,mean_theta_9_5,min_theta_9_5,max_theta_9_5,mean_theta_9_6,min_theta_9_6,max_theta_9_6,mean_theta_10_5,min_theta_10_5,max_theta_10_5,mean_theta_10_6,min_theta_10_6,max_theta_10_6,mean_theta_11_5,min_theta_11_5,max_theta_11_5,mean_theta_11_6,min_theta_11_6,max_theta_11_6
WellB07_Seq0005/xy12,0,2238.1874336424867,428.58317092485095,0.186038199924,0.160711657663,0.19148672022850344,59.37572153666849,5.655485832357815,29.4498346532,1.17073994869,0.677542831943,4.81950249741,1276.81349318,4.915500438938175,-0.0519619558249,63.1203339504,25.640642824961635,-0.3200617670728043,4.680358403284304,0.02634488866957385,-0.44566617641652684,-1.1950025163065698,-1.1336532990398636,0.13243992180519637,-0.7264152574489868,-0.22551273469444544,21.1724079058,21.1724079058,21.1724079058,21.1724079058,21.1724079058,21.1724079058,21.1724079058,21.1724079058,21.1724079058,21.6754900731,1.0,1.0,1.0,1.0,1.0,1.0,1.0,1.0,1.0,0.9583333333333334,0.512742634227,-0.00727474508949,-0.0777871839997,0.00574774726616,0.0300921289816,-0.0749748465353,-0.102465916833,-0.0723907992287,0.0421485476279,0.151849835441,0.428571428571,0.428571428571,0.428571428571,0.52380952381,0.5,0.5,0.821601430467,0.12554203589259968,1.8657131946873615,0.813591197731,0.1139582365359058,1.933521866264812,0.892019595745,0.08560676154326624,2.1173534606654987,0.894641608476,0.08707322756895523,2.2289920380744523,0.824391999821,0.007139099428144199,1.9868319640190644,0.828365454171,0.07050472443205187,2.0984705414280183
