Well/XY,cell_id,total_distance,net_distance,linearity,spearmanrsq,progressivity,max_speed,min_speed,avg_speed,MSD_slope,hurst_RS,nongauss,disp_var,disp_skew,rw_linearity,rw_netdist,rw_kurtosis01,rw_kurtosis02,rw_kurtosis03,rw_kurtosis04,rw_kurtosis05,rw_kurtosis06,rw_kurtosis07,rw_kurtosis08,rw_kurtosis09,rw_kurtosis10,avg_moving_speed01,avg_moving_speed02,avg_moving_speed03,avg_moving_speed04,avg_moving_speed05,avg_moving_speed06,avg_moving_speed07,avg_moving_speed08,avg_moving_speed09,avg_moving_speed10,time_moving01,time_moving02,time_moving03,time_moving04,time_moving05,time_moving06,time_moving07,time_moving08,time_moving09,time_moving10,autocorr_1,autocorr_2,autocorr_3,autocorr_4,autocorr_5,autocorr_6,autocorr_7,autocorr_8,autocorr_9,autocorr_10,p_rturn_9_5,p_rturn_9_6,p_rturn_10_5,p_rturn_10_6,p_rturn_11_5,p_rturn_11_6,mean_theta_9_5,min_theta_9_5,max_theta_9_5,mean_theta_9_6,min_theta_9_6,max_theta_9_6,mean_theta_10_5,min_theta_10_5,max_theta_10_5,mean_theta_10_6,min_theta_10_6,max_theta_10_6,mean_theta_11_5,min_theta_11_5,max_theta_11_5,mean_theta_11_6,min_theta_11_6,max_theta_11_6
WellB07_Seq0005/xy08,0,2484.2151914981537,240.196413795044,0.682064479133,0.700454724548,0.09668905279103013,63.26204005562895,0.7961231060583567,32.6870419934,1.09619127217,0.788082203773,-0.0862996264016,643.403712241,0.750866605195495,0.440825069944,-165.439109796,-0.13088074933970084,-0.08415264801931599,0.3976727777148663,-0.5516850746472914,-1.290573904316607,-1.111700991981959,-0.7284842470648263,0.3891420273283619,-1.0775011056812127,-0.8131984535539103,22.2520648513,22.5443913029,23.1391992175,24.0462556306,24.6690575055,25.9605214872,27.7724908674,28.545905206,29.3422427387,29.3422427387,0.9861111111111112,0.9722222222222222,0.9444444444444444,0.9027777777777778,0.875,0.8194444444444444,0.75,0.7222222222222222,0.6944444444444444,0.6944444444444444,0.361872216078,0.263293458976,0.135620328919,0.0678003854944,-0.0671571512849,-0.0695148696641,-0.0553742224453,-0.0989998224873,-0.0254671350143,-0.00595485373557,0.666666666667,0.666666666667,0.714285714286,0.666666666667,0.6,0.6,0.597334594209,0.05483417968962109,2.4009346217969334,0.563278011501,0.01284774330112792,2.4072734129893054,0.712080954521,0.01988937636422395,2.837878301362518,0.693600065586,0.055763252060088725,2.9064104471535,0.766201062232,0.16003017134506145,2.80548438521339,0.783051182546,0.13950168791084566,2.8740165310043713
