Well/XY,cell_id,total_distance,net_distance,linearity,spearmanrsq,progressivity,max_speed,min_speed,avg_speed,MSD_slope,hurst_RS,nongauss,disp_var,disp_skew,rw_linearity,rw_netdist,rw_kurtosis01,rw_kurtosis02,rw_kurtosis03,rw_kurtosis04,rw_kurtosis05,rw_kurtosis06,rw_kurtosis07,rw_kurtosis08,rw_kurtosis09,rw_kurtosis10,avg_moving_speed01,avg_moving_speed02,avg_moving_speed03,avg_moving_speed04,avg_moving_speed05,avg_moving_speed06,avg_moving_speed07,avg_moving_speed08,avg_moving_speed09,avg_moving_speed10,time_moving01,time_moving02,time_moving03,time_moving04,time_moving05,time_moving06,time_moving07,time_moving08,time_moving09,time_moving10,autocorr_1,autocorr_2,autocorr_3,autocorr_4,autocorr_5,autocorr_6,autocorr_7,autocorr_8,autocorr_9,autocorr_10,p_rturn_9_5,p_rturn_9_6,p_rturn_10_5,p_rturn_10_6,p_rturn_11_5,p_rturn_11_6,mean_theta_9_5,min_theta_9_5,max_theta_9_5,mean_theta_9_6,min_theta_9_6,max_theta_9_6,mean_theta_10_5,min_theta_10_5,max_theta_10_5,mean_theta_10_6,min_theta_10_6,max_theta_10_6,mean_theta_11_5,min_theta_11_5,max_theta_11_5,mean_theta_11_6,min_theta_11_6,max_theta_11_6
WellC02_Seq0019/xy15,0,753.2634360160495,180.17039157419836,0.599257564492,0.565570138474,0.23918642928841105,26.06015541012754,0.3960252517201188,10.0435124802,1.27188529698,0.806677694315,1.99334367968,148.740002582,2.7088091608177205,0.334992610176,56.3456536301,8.884745585711624,9.443271651302979,1.5733935649461062,2.317030776829851,1.1610121660520072,3.131322246877687,0.9338013085284702,0.9101333808815273,0.13761106214326757,1.5346116115864836,7.57923599549,9.08394987614,9.79833774762,11.0348990134,11.9753292424,12.5968356323,13.2425644827,13.9350337543,15.9262927147,16.7157770134,0.9295774647887324,0.7464788732394366,0.676056338028169,0.5633802816901409,0.49295774647887325,0.4507042253521127,0.4084507042253521,0.36619718309859156,0.2676056338028169,0.23943661971830985,0.383317112399,0.13216513752,0.117740117443,0.114341458095,0.181222747139,0.315408399433,0.302962887639,0.278984159124,0.188491579303,-0.000180048565661,0.47619047619,0.47619047619,0.368421052632,0.368421052632,0.45,0.45,0.797317114436,0.013022011864865414,2.5844159384113152,0.787403118832,0.024362762135842164,2.4524048681318353,0.681280546898,0.00890179693677042,2.1567964884764086,0.699960128574,0.04738205524760648,2.1699882983508636,0.775553949141,0.06938811565506572,2.545480265783516,0.785657965362,0.10786837396586639,2.413469195504036
