Well/XY,cell_id,total_distance,net_distance,linearity,spearmanrsq,progressivity,max_speed,min_speed,avg_speed,MSD_slope,hurst_RS,nongauss,disp_var,disp_skew,rw_linearity,rw_netdist,rw_kurtosis01,rw_kurtosis02,rw_kurtosis03,rw_kurtosis04,rw_kurtosis05,rw_kurtosis06,rw_kurtosis07,rw_kurtosis08,rw_kurtosis09,rw_kurtosis10,avg_moving_speed01,avg_moving_speed02,avg_moving_speed03,avg_moving_speed04,avg_moving_speed05,avg_moving_speed06,avg_moving_speed07,avg_moving_speed08,avg_moving_speed09,avg_moving_speed10,time_moving01,time_moving02,time_moving03,time_moving04,time_moving05,time_moving06,time_moving07,time_moving08,time_moving09,time_moving10,autocorr_1,autocorr_2,autocorr_3,autocorr_4,autocorr_5,autocorr_6,autocorr_7,autocorr_8,autocorr_9,autocorr_10,p_rturn_9_5,p_rturn_9_6,p_rturn_10_5,p_rturn_10_6,p_rturn_11_5,p_rturn_11_6,mean_theta_9_5,min_theta_9_5,max_theta_9_5,mean_theta_9_6,min_theta_9_6,max_theta_9_6,mean_theta_10_5,min_theta_10_5,max_theta_10_5,mean_theta_10_6,min_theta_10_6,max_theta_10_6,mean_theta_11_5,min_theta_11_5,max_theta_11_5,mean_theta_11_6,min_theta_11_6,max_theta_11_6
WellC02_Seq0019/xy24,0,1930.4236125806985,130.59682231968742,0.926573448091,0.766091591142,0.06765189851003649,50.97179706465134,0.6092618484691078,25.7389815011,1.28535361687,0.766582475775,1.93044334568,1111.75893024,2.523528637434181,0.689241760714,-186.734653655,7.399858000898931,1.052988780772587,0.6641645387810704,1.0823901937298466,1.1443704416609917,-0.3747128066404315,-1.6502163174746076,-0.673417890792027,-0.1716425093473921,-0.7636305380991915,16.0044754955,16.0044754955,16.2024639656,17.2090120641,18.292993313,20.3567476942,23.3875143834,25.0834366447,27.1157127105,28.9119065022,0.971830985915493,0.971830985915493,0.9577464788732394,0.8873239436619719,0.8169014084507042,0.704225352112676,0.5774647887323944,0.5211267605633803,0.4647887323943662,0.4225352112676056,0.451871600835,0.314400868354,0.350397275839,0.294569698908,0.229158874858,0.126854975497,0.036909628413,-0.0272845537642,-0.126605790797,-0.0568197556876,0.47619047619,0.47619047619,0.4,0.35,0.35,0.3,0.688672255968,0.08440734211186238,2.139930542391162,0.646562897032,0.06173853004795409,2.0651347375460203,0.682898694637,0.020926761265476275,2.1789175221127937,0.652152597019,0.0017420507984475186,2.1041217172676525,0.683551495561,0.0679306123362575,2.2210534794681407,0.638932892659,0.096248888828144,2.146257674622999
