Well/XY,cell_id,total_distance,net_distance,linearity,spearmanrsq,progressivity,max_speed,min_speed,avg_speed,MSD_slope,hurst_RS,nongauss,disp_var,disp_skew,rw_linearity,rw_netdist,rw_kurtosis01,rw_kurtosis02,rw_kurtosis03,rw_kurtosis04,rw_kurtosis05,rw_kurtosis06,rw_kurtosis07,rw_kurtosis08,rw_kurtosis09,rw_kurtosis10,avg_moving_speed01,avg_moving_speed02,avg_moving_speed03,avg_moving_speed04,avg_moving_speed05,avg_moving_speed06,avg_moving_speed07,avg_moving_speed08,avg_moving_speed09,avg_moving_speed10,time_moving01,time_moving02,time_moving03,time_moving04,time_moving05,time_moving06,time_moving07,time_moving08,time_moving09,time_moving10,autocorr_1,autocorr_2,autocorr_3,autocorr_4,autocorr_5,autocorr_6,autocorr_7,autocorr_8,autocorr_9,autocorr_10,p_rturn_9_5,p_rturn_9_6,p_rturn_10_5,p_rturn_10_6,p_rturn_11_5,p_rturn_11_6,mean_theta_9_5,min_theta_9_5,max_theta_9_5,mean_theta_9_6,min_theta_9_6,max_theta_9_6,mean_theta_10_5,min_theta_10_5,max_theta_10_5,mean_theta_10_6,min_theta_10_6,max_theta_10_6,mean_theta_11_5,min_theta_11_5,max_theta_11_5,mean_theta_11_6,min_theta_11_6,max_theta_11_6
WellC02_Seq0019/xy04,0,886.1713522621785,229.08382745187393,0.360521925494,0.161990113932,0.2585096289414897,24.60342252614462,0.6551335741664037,11.8156180302,0.762367542066,0.865249528304,1.38898328155,154.987250362,2.497388229307941,0.140532889616,83.4111049741,7.258428743607293,2.389475014660265,3.658247358717709,2.733070537949561,2.363517715383492,1.260261463023597,0.2140854419553353,-0.3747379126187149,-0.276370291707444,-1.1199537708136194,6.25563191317,6.79414054178,7.91293459375,9.76342961506,10.8688690275,11.5185684918,12.4548335837,12.6785740098,13.7386753116,16.1895125949,0.9577464788732394,0.8591549295774648,0.676056338028169,0.4788732394366197,0.39436619718309857,0.352112676056338,0.29577464788732394,0.28169014084507044,0.22535211267605634,0.14084507042253522,0.421095045964,0.555516593113,0.517691127573,0.334268784385,0.375787451253,0.18856650853,0.152423220426,0.0535378378286,-0.0285147886878,-0.10687422964,0.47619047619,0.428571428571,0.65,0.6,0.6,0.6,0.787856262787,0.13554582941992102,1.8025487154492132,0.716497869821,0.028634904886186162,1.7040682874902755,0.887270752981,0.04374656650135227,2.4289827258011947,0.814785824554,0.011201725488363467,2.3889625695270937,0.982756764145,0.17878507841314364,2.506361756651895,0.90337406866,0.03388860340912325,2.50264553010561
