Well/XY,cell_id,total_distance,net_distance,linearity,spearmanrsq,progressivity,max_speed,min_speed,avg_speed,MSD_slope,hurst_RS,nongauss,disp_var,disp_skew,rw_linearity,rw_netdist,rw_kurtosis01,rw_kurtosis02,rw_kurtosis03,rw_kurtosis04,rw_kurtosis05,rw_kurtosis06,rw_kurtosis07,rw_kurtosis08,rw_kurtosis09,rw_kurtosis10,avg_moving_speed01,avg_moving_speed02,avg_moving_speed03,avg_moving_speed04,avg_moving_speed05,avg_moving_speed06,avg_moving_speed07,avg_moving_speed08,avg_moving_speed09,avg_moving_speed10,time_moving01,time_moving02,time_moving03,time_moving04,time_moving05,time_moving06,time_moving07,time_moving08,time_moving09,time_moving10,autocorr_1,autocorr_2,autocorr_3,autocorr_4,autocorr_5,autocorr_6,autocorr_7,autocorr_8,autocorr_9,autocorr_10,p_rturn_9_5,p_rturn_9_6,p_rturn_10_5,p_rturn_10_6,p_rturn_11_5,p_rturn_11_6,mean_theta_9_5,min_theta_9_5,max_theta_9_5,mean_theta_9_6,min_theta_9_6,max_theta_9_6,mean_theta_10_5,min_theta_10_5,max_theta_10_5,mean_theta_10_6,min_theta_10_6,max_theta_10_6,mean_theta_11_5,min_theta_11_5,max_theta_11_5,mean_theta_11_6,min_theta_11_6,max_theta_11_6
WellC02_Seq0019/xy12,0,663.1004267210875,44.14748010928823,0.132000189391,0.221577073338,0.06657736645954157,7.000714249274853,0.14422205101859237,8.84133902295,0.970039782509,0.78891112121,-0.105992634292,35.6225231641,1.0056069611611558,-0.133007539059,-64.8558680468,0.30518770768346126,0.4337010704682065,-0.9571039746075103,0.1637879123720074,-0.29224547655270783,-0.469797391839716,-0.7562891705755428,-0.22527201594646673,-0.08935355290598412,-0.985233076195049,3.16701132362,3.8103324341,4.41283481062,5.0570211265,5.9406444593,6.29785947529,0.0,0.0,0.0,0.0,0.8591549295774648,0.6197183098591549,0.4225352112676056,0.23943661971830985,0.09859154929577464,0.056338028169014086,0.0,0.0,0.0,0.0,0.0929960747565,0.176193139416,0.098503931079,0.213389484875,0.211148906115,0.385930914091,0.0299920984691,0.107854408592,0.116964844106,0.196001836921,0.571428571429,0.571428571429,0.631578947368,0.578947368421,0.45,0.45,0.982466958804,0.020994324505200633,2.4815351276236988,0.875964406526,0.02959305587217823,2.6552544136469924,1.17558124733,0.0012599620136229642,2.622105881811828,1.18149988185,0.0730989054692691,2.6878274576637224,1.40196669712,0.005909134925000586,2.774148012823269,1.37979478105,0.03679883229947104,2.733526590431259
