Well/XY,cell_id,total_distance,net_distance,linearity,spearmanrsq,progressivity,max_speed,min_speed,avg_speed,MSD_slope,hurst_RS,nongauss,disp_var,disp_skew,rw_linearity,rw_netdist,rw_kurtosis01,rw_kurtosis02,rw_kurtosis03,rw_kurtosis04,rw_kurtosis05,rw_kurtosis06,rw_kurtosis07,rw_kurtosis08,rw_kurtosis09,rw_kurtosis10,avg_moving_speed01,avg_moving_speed02,avg_moving_speed03,avg_moving_speed04,avg_moving_speed05,avg_moving_speed06,avg_moving_speed07,avg_moving_speed08,avg_moving_speed09,avg_moving_speed10,time_moving01,time_moving02,time_moving03,time_moving04,time_moving05,time_moving06,time_moving07,time_moving08,time_moving09,time_moving10,autocorr_1,autocorr_2,autocorr_3,autocorr_4,autocorr_5,autocorr_6,autocorr_7,autocorr_8,autocorr_9,autocorr_10,p_rturn_9_5,p_rturn_9_6,p_rturn_10_5,p_rturn_10_6,p_rturn_11_5,p_rturn_11_6,mean_theta_9_5,min_theta_9_5,max_theta_9_5,mean_theta_9_6,min_theta_9_6,max_theta_9_6,mean_theta_10_5,min_theta_10_5,max_theta_10_5,mean_theta_10_6,min_theta_10_6,max_theta_10_6,mean_theta_11_5,min_theta_11_5,max_theta_11_5,mean_theta_11_6,min_theta_11_6,max_theta_11_6
WellD06_Seq0022/xy06,0,2689.1421177741754,619.0557914275578,0.271123007857,0.236874469173,0.23020568059078828,56.85175406264964,0.7201805329221119,35.3834489181,0.986297666426,0.585131067713,-0.150577134577,551.824144662,0.866658135708582,0.031034211085,179.958737885,0.09765507820114117,0.5771521317898447,-0.08283767022334043,0.8187160809413134,-0.9704851946639943,-1.020286084098632,-0.18756730545851896,-0.667463632423495,-0.26640011737627,-0.5204636856715004,20.0432265347,20.3027562052,20.8138660138,20.8138660138,21.5441528444,21.7913825701,22.2837086067,23.8210259604,24.0951574918,25.2212028963,1.0,0.9861111111111112,0.9583333333333334,0.9583333333333334,0.9166666666666666,0.9027777777777778,0.875,0.7916666666666666,0.7777777777777778,0.7222222222222222,0.0496018216048,-0.0860996794594,0.0413146049995,-0.107430911914,-0.0858862718447,0.284736311441,-0.0294577201405,-0.0565955470451,0.00187440317529,-0.118659727875,0.428571428571,0.428571428571,0.52380952381,0.52380952381,0.5,0.5,0.774368422408,0.05645001517513043,2.6573803460186234,0.798807723178,0.10080755283202111,2.6819007777959416,0.788620741422,0.04080633748986043,2.4494364951065486,0.791154083041,0.09638941841730124,2.3273925127311577,0.785831193174,0.021634329777042695,2.5242026850973005,0.815513490059,0.11573625998564054,2.4021587027219096
