Well/XY,cell_id,total_distance,net_distance,linearity,spearmanrsq,progressivity,max_speed,min_speed,avg_speed,MSD_slope,hurst_RS,nongauss,disp_var,disp_skew,rw_linearity,rw_netdist,rw_kurtosis01,rw_kurtosis02,rw_kurtosis03,rw_kurtosis04,rw_kurtosis05,rw_kurtosis06,rw_kurtosis07,rw_kurtosis08,rw_kurtosis09,rw_kurtosis10,avg_moving_speed01,avg_moving_speed02,avg_moving_speed03,avg_moving_speed04,avg_moving_speed05,avg_moving_speed06,avg_moving_speed07,avg_moving_speed08,avg_moving_speed09,avg_moving_speed10,time_moving01,time_moving02,time_moving03,time_moving04,time_moving05,time_moving06,time_moving07,time_moving08,time_moving09,time_moving10,autocorr_1,autocorr_2,autocorr_3,autocorr_4,autocorr_5,autocorr_6,autocorr_7,autocorr_8,autocorr_9,autocorr_10,p_rturn_9_5,p_rturn_9_6,p_rturn_10_5,p_rturn_10_6,p_rturn_11_5,p_rturn_11_6,mean_theta_9_5,min_theta_9_5,max_theta_9_5,mean_theta_9_6,min_theta_9_6,max_theta_9_6,mean_theta_10_5,min_theta_10_5,max_theta_10_5,mean_theta_10_6,min_theta_10_6,max_theta_10_6,mean_theta_11_5,min_theta_11_5,max_theta_11_5,mean_theta_11_6,min_theta_11_6,max_theta_11_6
WellD06_Seq0022/xy16,0,545.6642575644033,49.68896557587004,0.369769308788,0.374991318936,0.09106142630206154,9.138513710664343,0.3725699397428649,7.17979286269,1.20408196474,0.719698390715,-0.261852763504,19.9958867703,0.5728934013233571,0.13598262062,-39.4099206959,-0.546178459378361,-1.1321443307003929,-0.6619491440400886,-0.9826285983098213,-0.6823038667457739,-1.1677751795804228,-1.3470876776825214,-1.651517604648319,-1.4195270068191712,-1.448242666403406,5.51601546289,5.82226616739,6.18246517837,6.73530435803,7.20691491884,7.81140312423,8.0764199637,8.81349368607,10.619081428,11.5148514346,0.9305555555555556,0.8611111111111112,0.7777777777777778,0.6388888888888888,0.5277777777777778,0.3888888888888889,0.3194444444444444,0.1388888888888889,0.027777777777777776,0.013888888888888888,0.264247529891,0.11952608927,0.135732436341,0.108763092975,-0.0411326602003,-0.132999909095,-0.0909579752064,-0.12426963346,0.0757706451658,0.108393456469,0.666666666667,0.571428571429,0.619047619048,0.619047619048,0.6,0.65,0.567540501905,0.03552834268657132,2.193368083419816,0.553444091644,0.03496636369573067,2.1418110477232224,0.55513877259,0.016900384185029746,2.2851796103967117,0.544386217026,0.007698154856975588,2.2336225747001186,0.543314859959,0.010543569012186628,2.3744646413991495,0.537178184483,0.01976445851959065,2.3689153214719005
