Well/XY,cell_id,total_distance,net_distance,linearity,spearmanrsq,progressivity,max_speed,min_speed,avg_speed,MSD_slope,hurst_RS,nongauss,disp_var,disp_skew,rw_linearity,rw_netdist,rw_kurtosis01,rw_kurtosis02,rw_kurtosis03,rw_kurtosis04,rw_kurtosis05,rw_kurtosis06,rw_kurtosis07,rw_kurtosis08,rw_kurtosis09,rw_kurtosis10,avg_moving_speed01,avg_moving_speed02,avg_moving_speed03,avg_moving_speed04,avg_moving_speed05,avg_moving_speed06,avg_moving_speed07,avg_moving_speed08,avg_moving_speed09,avg_moving_speed10,time_moving01,time_moving02,time_moving03,time_moving04,time_moving05,time_moving06,time_moving07,time_moving08,time_moving09,time_moving10,autocorr_1,autocorr_2,autocorr_3,autocorr_4,autocorr_5,autocorr_6,autocorr_7,autocorr_8,autocorr_9,autocorr_10,p_rturn_9_5,p_rturn_9_6,p_rturn_10_5,p_rturn_10_6,p_rturn_11_5,p_rturn_11_6,mean_theta_9_5,min_theta_9_5,max_theta_9_5,mean_theta_9_6,min_theta_9_6,max_theta_9_6,mean_theta_10_5,min_theta_10_5,max_theta_10_5,mean_theta_10_6,min_theta_10_6,max_theta_10_6,mean_theta_11_5,min_theta_11_5,max_theta_11_5,mean_theta_11_6,min_theta_11_6,max_theta_11_6
WellD06_Seq0022/xy07,0,3749.0467638823948,781.2275151324358,0.728569223331,0.603748364896,0.20838030687123815,63.31725881621852,7.467261881037788,49.3295626827,1.29687956701,0.587308467127,-0.0211862393149,1154.58215405,1.1214399821575833,0.478178733836,169.063741141,1.983214050634369,-0.24509453492137734,0.577822454560021,-0.2990718671235424,0.354288062017194,-0.9087497953644901,-1.3808361586896551,-1.5209351212786817,-0.9790700071985565,-0.5162022666225825,35.7669069933,35.7669069933,35.7669069933,35.7669069933,35.7669069933,35.7669069933,35.7669069933,35.7669069933,36.1453105607,36.1453105607,1.0,1.0,1.0,1.0,1.0,1.0,1.0,1.0,0.9861111111111112,0.9861111111111112,-0.0158992881172,-0.00756957129167,-0.144480807624,-0.0357658902581,0.108793665023,-0.112615478777,0.279422305624,0.00157078116489,0.0446506805619,-0.071399922702,0.571428571429,0.571428571429,0.52380952381,0.47619047619,0.5,0.45,0.372161232104,0.01907137057404594,1.4462956855083606,0.343074347165,0.020576805253241348,1.1569308069110373,0.33127606154,0.04883054728887908,1.3290631706125327,0.31031597237,0.007773572227151958,1.135008299698072,0.341128346714,0.008380940190516975,1.3631753630574115,0.336950547045,0.0065261325585320796,1.2380778798774137
