Well/XY,cell_id,total_distance,net_distance,linearity,spearmanrsq,progressivity,max_speed,min_speed,avg_speed,MSD_slope,hurst_RS,nongauss,disp_var,disp_skew,rw_linearity,rw_netdist,rw_kurtosis01,rw_kurtosis02,rw_kurtosis03,rw_kurtosis04,rw_kurtosis05,rw_kurtosis06,rw_kurtosis07,rw_kurtosis08,rw_kurtosis09,rw_kurtosis10,avg_moving_speed01,avg_moving_speed02,avg_moving_speed03,avg_moving_speed04,avg_moving_speed05,avg_moving_speed06,avg_moving_speed07,avg_moving_speed08,avg_moving_speed09,avg_moving_speed10,time_moving01,time_moving02,time_moving03,time_moving04,time_moving05,time_moving06,time_moving07,time_moving08,time_moving09,time_moving10,autocorr_1,autocorr_2,autocorr_3,autocorr_4,autocorr_5,autocorr_6,autocorr_7,autocorr_8,autocorr_9,autocorr_10,p_rturn_9_5,p_rturn_9_6,p_rturn_10_5,p_rturn_10_6,p_rturn_11_5,p_rturn_11_6,mean_theta_9_5,min_theta_9_5,max_theta_9_5,mean_theta_9_6,min_theta_9_6,max_theta_9_6,mean_theta_10_5,min_theta_10_5,max_theta_10_5,mean_theta_10_6,min_theta_10_6,max_theta_10_6,mean_theta_11_5,min_theta_11_5,max_theta_11_5,mean_theta_11_6,min_theta_11_6,max_theta_11_6
WellD06_Seq0022/xy20,0,1775.7476424517768,555.9305834364574,0.0160199300829,0.181404600115,0.31306846206417227,31.704473501384644,0.4088031311034782,23.3651005586,1.56563748807,0.821293605471,-0.296224797371,185.611064442,0.43253186956262146,-0.221264594845,265.977310799,-0.05983097812063409,-0.8709971701350718,-0.5289428410410797,-0.9709742924252613,-0.6959659069694091,-0.3460772549509228,-0.4015419002628877,-0.9074441439611487,-0.6496946660599647,-1.301322424603699,18.9625397377,18.9625397377,18.9625397377,19.6400924553,19.6400924553,20.784222098,21.7670407383,22.0092136761,22.0092136761,22.0092136761,0.9722222222222222,0.9722222222222222,0.9722222222222222,0.9305555555555556,0.9305555555555556,0.8611111111111112,0.8055555555555556,0.7916666666666666,0.7916666666666666,0.7916666666666666,0.217177235086,0.273282509909,0.215482736055,0.354202026138,0.19465164221,0.200071986648,0.100946358738,0.141147594443,0.190330307811,0.159762344017,0.666666666667,0.619047619048,0.666666666667,0.666666666667,0.7,0.7,0.82433259499,0.004785270446637747,2.439199402015474,0.83623623028,0.02910283053237465,2.371036229745026,0.73456552163,0.015528844674265477,2.2696593737295983,0.757778683433,0.020083295317525326,2.246880325689578,0.686617550465,0.002476777564465501,2.3464440581340567,0.706211276994,0.0833683192237865,2.20846991791613
