Well/XY,cell_id,total_distance,net_distance,linearity,spearmanrsq,progressivity,max_speed,min_speed,avg_speed,MSD_slope,hurst_RS,nongauss,disp_var,disp_skew,rw_linearity,rw_netdist,rw_kurtosis01,rw_kurtosis02,rw_kurtosis03,rw_kurtosis04,rw_kurtosis05,rw_kurtosis06,rw_kurtosis07,rw_kurtosis08,rw_kurtosis09,rw_kurtosis10,avg_moving_speed01,avg_moving_speed02,avg_moving_speed03,avg_moving_speed04,avg_moving_speed05,avg_moving_speed06,avg_moving_speed07,avg_moving_speed08,avg_moving_speed09,avg_moving_speed10,time_moving01,time_moving02,time_moving03,time_moving04,time_moving05,time_moving06,time_moving07,time_moving08,time_moving09,time_moving10,autocorr_1,autocorr_2,autocorr_3,autocorr_4,autocorr_5,autocorr_6,autocorr_7,autocorr_8,autocorr_9,autocorr_10,p_rturn_9_5,p_rturn_9_6,p_rturn_10_5,p_rturn_10_6,p_rturn_11_5,p_rturn_11_6,mean_theta_9_5,min_theta_9_5,max_theta_9_5,mean_theta_9_6,min_theta_9_6,max_theta_9_6,mean_theta_10_5,min_theta_10_5,max_theta_10_5,mean_theta_10_6,min_theta_10_6,max_theta_10_6,mean_theta_11_5,min_theta_11_5,max_theta_11_5,mean_theta_11_6,min_theta_11_6,max_theta_11_6
WellD06_Seq0022/xy09,0,545.130887436987,14.14213562373101,0.0390759849762,0.084045294534,0.025942642307836085,4.560394719758358,0.22803508501984754,7.1727748347,0.124262766034,0.800506777727,0.0273470117594,23.9198106872,1.4244522248003786,-0.189377670414,-74.869659211,2.025648282046755,1.347817107259476,-0.41630099233800566,-0.23596221567939946,2.6339017721876274,-1.0265787748060153,-1.2042427191052634,-0.1022256042622991,-0.5957119768686425,0.7681625925355817,1.93611313197,2.85147875699,3.79993743259,4.37104778735,0.0,0.0,0.0,0.0,0.0,0.0,0.6944444444444444,0.2361111111111111,0.06944444444444445,0.027777777777777776,0.0,0.0,0.0,0.0,0.0,0.0,0.308793096208,0.301125233873,0.253492204648,0.0335085117829,-0.00545862814651,-0.0478310124926,0.0934504711418,0.206782815177,0.19607212029,0.32499278696,0.619047619048,0.619047619048,0.380952380952,0.380952380952,0.5,0.5,0.78491445837,0.060324255422794654,1.9407500185614255,0.785321818041,0.022197805267445588,1.9099557559342928,0.669612228606,0.006558872198472483,1.6737138756707801,0.707936685389,0.008329799587390704,1.699930833456271,0.747028940853,0.12004597172037838,1.6084916398375675,0.761166484552,0.031053627145805503,1.6328759530523405
