Well/XY,cell_id,total_distance,net_distance,linearity,spearmanrsq,progressivity,max_speed,min_speed,avg_speed,MSD_slope,hurst_RS,nongauss,disp_var,disp_skew,rw_linearity,rw_netdist,rw_kurtosis01,rw_kurtosis02,rw_kurtosis03,rw_kurtosis04,rw_kurtosis05,rw_kurtosis06,rw_kurtosis07,rw_kurtosis08,rw_kurtosis09,rw_kurtosis10,avg_moving_speed01,avg_moving_speed02,avg_moving_speed03,avg_moving_speed04,avg_moving_speed05,avg_moving_speed06,avg_moving_speed07,avg_moving_speed08,avg_moving_speed09,avg_moving_speed10,time_moving01,time_moving02,time_moving03,time_moving04,time_moving05,time_moving06,time_moving07,time_moving08,time_moving09,time_moving10,autocorr_1,autocorr_2,autocorr_3,autocorr_4,autocorr_5,autocorr_6,autocorr_7,autocorr_8,autocorr_9,autocorr_10,p_rturn_9_5,p_rturn_9_6,p_rturn_10_5,p_rturn_10_6,p_rturn_11_5,p_rturn_11_6,mean_theta_9_5,min_theta_9_5,max_theta_9_5,mean_theta_9_6,min_theta_9_6,max_theta_9_6,mean_theta_10_5,min_theta_10_5,max_theta_10_5,mean_theta_10_6,min_theta_10_6,max_theta_10_6,mean_theta_11_5,min_theta_11_5,max_theta_11_5,mean_theta_11_6,min_theta_11_6,max_theta_11_6
WellC03_Seq0018/xy02,0,1788.0695999558538,196.52770797014858,0.00981670239273,0.000403293170644,0.10991054709223887,25.37322210520374,2.228542124349434,23.8409279994,1.21554668439,0.852934103018,0.577261046013,483.433109919,1.8337334398864988,-0.242678401572,-97.4029928365,3.2821272214452764,3.8497170822275466,-1.133135153730128,0.21651592845663403,-0.3904200605760102,-0.242397763027296,3.8702881854353066,-0.8686304852768352,-0.21751599234223606,-1.2518433886444298,9.74776758105,9.74776758105,10.0581729605,10.4674194426,10.8629424243,11.2385499794,11.5146088804,12.4305806969,12.7307718072,13.6897412101,1.0,1.0,0.9577464788732394,0.9014084507042254,0.8450704225352113,0.7887323943661971,0.7464788732394366,0.6056338028169014,0.5633802816901409,0.43661971830985913,0.528108823975,0.361978073831,0.406586134387,0.21598542159,0.192848898492,0.254306811596,0.150797124558,0.123462958082,0.153087433756,-0.0988122794078,0.428571428571,0.47619047619,0.45,0.45,0.4,0.4,0.931227957865,0.015807343059981018,2.6045014577023533,0.889257598666,0.03137554856571579,2.384788466765219,0.919441576758,0.07082359322533563,2.3106580282747435,0.92599292912,0.050330974509140515,2.283898939138663,0.920941240144,0.1542689406983129,2.3753412278937422,0.922058503962,0.08560380986823936,2.2590603928971245
