Well/XY,cell_id,total_distance,net_distance,linearity,spearmanrsq,progressivity,max_speed,min_speed,avg_speed,MSD_slope,hurst_RS,nongauss,disp_var,disp_skew,rw_linearity,rw_netdist,rw_kurtosis01,rw_kurtosis02,rw_kurtosis03,rw_kurtosis04,rw_kurtosis05,rw_kurtosis06,rw_kurtosis07,rw_kurtosis08,rw_kurtosis09,rw_kurtosis10,avg_moving_speed01,avg_moving_speed02,avg_moving_speed03,avg_moving_speed04,avg_moving_speed05,avg_moving_speed06,avg_moving_speed07,avg_moving_speed08,avg_moving_speed09,avg_moving_speed10,time_moving01,time_moving02,time_moving03,time_moving04,time_moving05,time_moving06,time_moving07,time_moving08,time_moving09,time_moving10,autocorr_1,autocorr_2,autocorr_3,autocorr_4,autocorr_5,autocorr_6,autocorr_7,autocorr_8,autocorr_9,autocorr_10,p_rturn_9_5,p_rturn_9_6,p_rturn_10_5,p_rturn_10_6,p_rturn_11_5,p_rturn_11_6,mean_theta_9_5,min_theta_9_5,max_theta_9_5,mean_theta_9_6,min_theta_9_6,max_theta_9_6,mean_theta_10_5,min_theta_10_5,max_theta_10_5,mean_theta_10_6,min_theta_10_6,max_theta_10_6,mean_theta_11_5,min_theta_11_5,max_theta_11_5,mean_theta_11_6,min_theta_11_6,max_theta_11_6
WellC03_Seq0018/xy15,0,1603.1819380306113,355.1223591946866,0.221565638476,0.323959980114,0.221510953167878,35.43187830189079,0.9867117106835295,21.3757591737,1.09098611922,0.665548276453,0.0072401411992,308.326279362,0.9761369269542669,-0.0317950775671,91.5843008453,-0.09216479603050765,2.4625980795929543,5.1388803979124695,0.10350511728505918,6.3472986020365845,0.5324436766278229,2.308450596406983,0.5849120409262518,0.07694826467752103,-0.6306847813437426,10.2383469222,10.2383469222,10.8145467746,11.407633606,12.1494455413,12.9312568255,14.2067688169,15.8632936891,16.3193171583,17.0467972781,1.0,1.0,0.9295774647887324,0.8591549295774648,0.7746478873239436,0.6901408450704225,0.5774647887323944,0.4647887323943662,0.43661971830985913,0.39436619718309857,0.259963243488,0.115679805986,0.154401341205,0.202210396773,0.00603304679246,0.0139356966451,-0.0117157578868,0.164119148084,-0.00682099560963,-0.0627401737732,0.571428571429,0.571428571429,0.7,0.75,0.7,0.75,0.701934774576,0.031145482638756546,1.676154334058592,0.649267973339,0.030993404491794396,1.595937035551519,0.661309294302,0.09715957893413295,1.6226525302325991,0.62564451643,0.017282243377669124,1.5876613624124194,0.648440715388,0.025596079329622445,2.2033290776595957,0.610752707398,0.0014717618746979697,2.23912557109562
