Well/XY,cell_id,total_distance,net_distance,linearity,spearmanrsq,progressivity,max_speed,min_speed,avg_speed,MSD_slope,hurst_RS,nongauss,disp_var,disp_skew,rw_linearity,rw_netdist,rw_kurtosis01,rw_kurtosis02,rw_kurtosis03,rw_kurtosis04,rw_kurtosis05,rw_kurtosis06,rw_kurtosis07,rw_kurtosis08,rw_kurtosis09,rw_kurtosis10,avg_moving_speed01,avg_moving_speed02,avg_moving_speed03,avg_moving_speed04,avg_moving_speed05,avg_moving_speed06,avg_moving_speed07,avg_moving_speed08,avg_moving_speed09,avg_moving_speed10,time_moving01,time_moving02,time_moving03,time_moving04,time_moving05,time_moving06,time_moving07,time_moving08,time_moving09,time_moving10,autocorr_1,autocorr_2,autocorr_3,autocorr_4,autocorr_5,autocorr_6,autocorr_7,autocorr_8,autocorr_9,autocorr_10,p_rturn_9_5,p_rturn_9_6,p_rturn_10_5,p_rturn_10_6,p_rturn_11_5,p_rturn_11_6,mean_theta_9_5,min_theta_9_5,max_theta_9_5,mean_theta_9_6,min_theta_9_6,max_theta_9_6,mean_theta_10_5,min_theta_10_5,max_theta_10_5,mean_theta_10_6,min_theta_10_6,max_theta_10_6,mean_theta_11_5,min_theta_11_5,max_theta_11_5,mean_theta_11_6,min_theta_11_6,max_theta_11_6
WellC03_Seq0018/xy01,0,1707.1891955023746,563.8700149857235,0.231432048621,0.18734755437,0.3302914618199616,38.83589046230305,0.5220306504411452,22.7625226067,1.36802517489,0.789147240097,0.843450942834,456.47317606,2.0466551265473565,-0.00499366633633,283.234788786,5.632511210815476,6.102869643761252,2.6307784274741195,0.972883641091324,2.989673673042371,-0.6516330233295036,0.7647415503669031,0.20872520338148792,-1.0150243039881355,-1.383408331024328,15.8131939566,16.0147978598,16.4210609317,16.4210609317,16.4210609317,17.1070115217,17.6212854161,17.9717607928,18.6799497606,19.6078456856,0.9859154929577465,0.971830985915493,0.9436619718309859,0.9436619718309859,0.9436619718309859,0.8873239436619719,0.8450704225352113,0.8169014084507042,0.7605633802816901,0.6901408450704225,0.230988835699,0.151670564718,0.219857181256,0.171143082264,0.131294672481,0.0916241059734,-0.0247462945619,0.0506052175813,0.163176881257,-0.259778913361,0.285714285714,0.333333333333,0.35,0.35,0.35,0.3,0.560646006598,0.03968648205011536,2.053607798234853,0.518867818277,0.0071386067282708165,2.048854846470061,0.657272807408,0.009267717932621329,2.295978631996835,0.631797890969,0.04337280436878238,2.3462211950098983,0.640676227831,0.005745463327190059,2.2524592865866495,0.617649506074,0.0689542241030568,2.302701849599713
