Well/XY,cell_id,total_distance,net_distance,linearity,spearmanrsq,progressivity,max_speed,min_speed,avg_speed,MSD_slope,hurst_RS,nongauss,disp_var,disp_skew,rw_linearity,rw_netdist,rw_kurtosis01,rw_kurtosis02,rw_kurtosis03,rw_kurtosis04,rw_kurtosis05,rw_kurtosis06,rw_kurtosis07,rw_kurtosis08,rw_kurtosis09,rw_kurtosis10,avg_moving_speed01,avg_moving_speed02,avg_moving_speed03,avg_moving_speed04,avg_moving_speed05,avg_moving_speed06,avg_moving_speed07,avg_moving_speed08,avg_moving_speed09,avg_moving_speed10,time_moving01,time_moving02,time_moving03,time_moving04,time_moving05,time_moving06,time_moving07,time_moving08,time_moving09,time_moving10,autocorr_1,autocorr_2,autocorr_3,autocorr_4,autocorr_5,autocorr_6,autocorr_7,autocorr_8,autocorr_9,autocorr_10,p_rturn_9_5,p_rturn_9_6,p_rturn_10_5,p_rturn_10_6,p_rturn_11_5,p_rturn_11_6,mean_theta_9_5,min_theta_9_5,max_theta_9_5,mean_theta_9_6,min_theta_9_6,max_theta_9_6,mean_theta_10_5,min_theta_10_5,max_theta_10_5,mean_theta_10_6,min_theta_10_6,max_theta_10_6,mean_theta_11_5,min_theta_11_5,max_theta_11_5,mean_theta_11_6,min_theta_11_6,max_theta_11_6
WellC03_Seq0018/xy10,0,3249.5876558727205,382.32913621642797,0.059222820669,0.0187559614251,0.11765466166929672,71.22925118236189,4.181119945660464,43.3278354116,1.14180230012,0.581547831431,0.342306394958,936.867429979,2.012666657735756,-0.193519578194,-151.852294443,6.062090609583738,6.3623744870217624,-0.7052823281688605,2.1806746389856446,-0.8449834352475434,0.7068216419227622,1.1473133893914182,0.15875342332228515,-0.25566576559136944,0.48160157803705195,30.0614387792,30.0614387792,30.0614387792,30.0614387792,30.0614387792,30.0614387792,30.0614387792,30.3873507517,30.6999157944,30.6999157944,1.0,1.0,1.0,1.0,1.0,1.0,1.0,0.9859154929577465,0.971830985915493,0.971830985915493,0.238975120464,0.0303680713382,0.101749007255,-0.0418801930287,-0.0863197699785,-0.0246638941699,-0.12399229759,-0.102157101268,0.0330007541496,-0.0442919604552,0.333333333333,0.333333333333,0.4,0.4,0.35,0.35,1.06713391158,0.01834361914081775,2.3146434390973245,1.05247100793,0.039625260211755754,2.388720230851529,1.09617016494,0.028495255587973264,2.147999668076,1.07547330657,0.07152703111880442,2.1581116573142967,1.09351640228,0.07776864588824159,2.1875063319843786,1.06745647154,0.02413792206051555,2.0616356204005646
