Well/XY,cell_id,total_distance,net_distance,linearity,spearmanrsq,progressivity,max_speed,min_speed,avg_speed,MSD_slope,hurst_RS,nongauss,disp_var,disp_skew,rw_linearity,rw_netdist,rw_kurtosis01,rw_kurtosis02,rw_kurtosis03,rw_kurtosis04,rw_kurtosis05,rw_kurtosis06,rw_kurtosis07,rw_kurtosis08,rw_kurtosis09,rw_kurtosis10,avg_moving_speed01,avg_moving_speed02,avg_moving_speed03,avg_moving_speed04,avg_moving_speed05,avg_moving_speed06,avg_moving_speed07,avg_moving_speed08,avg_moving_speed09,avg_moving_speed10,time_moving01,time_moving02,time_moving03,time_moving04,time_moving05,time_moving06,time_moving07,time_moving08,time_moving09,time_moving10,autocorr_1,autocorr_2,autocorr_3,autocorr_4,autocorr_5,autocorr_6,autocorr_7,autocorr_8,autocorr_9,autocorr_10,p_rturn_9_5,p_rturn_9_6,p_rturn_10_5,p_rturn_10_6,p_rturn_11_5,p_rturn_11_6,mean_theta_9_5,min_theta_9_5,max_theta_9_5,mean_theta_9_6,min_theta_9_6,max_theta_9_6,mean_theta_10_5,min_theta_10_5,max_theta_10_5,mean_theta_10_6,min_theta_10_6,max_theta_10_6,mean_theta_11_5,min_theta_11_5,max_theta_11_5,mean_theta_11_6,min_theta_11_6,max_theta_11_6
WellC03_Seq0018/xy03,0,2112.2923950092295,356.5121714612279,0.0647909226352,0.0376195588705,0.16877974484193992,55.216723155218105,0.4517875606963992,28.1638986001,0.602417331545,0.818904687393,0.528723017031,740.193084156,1.638058892688704,-0.208547905431,9.28430964363,2.202265053172071,-0.547239483257,1.9704023424425863,-1.1761603515340633,0.8560914382318061,-0.16756658693638427,0.6024129002394059,1.2364997720398083,-0.5976305504128026,-1.0476322657461037,16.5250330186,17.4262571998,18.9257395369,21.3284052864,22.3384522318,24.6658644747,26.0381188633,27.5245668413,28.6287890376,30.446152778,0.9859154929577465,0.9295774647887324,0.8450704225352113,0.7323943661971831,0.6901408450704225,0.6056338028169014,0.5633802816901409,0.5211267605633803,0.49295774647887325,0.4507042253521127,0.606072842521,0.357545078177,0.202475042749,0.211982693983,0.151229505845,0.0302297353535,-0.00353183577354,-0.105388845488,-0.129640966955,-0.138065087203,0.619047619048,0.52380952381,0.55,0.45,0.45,0.45,0.716755015033,0.04819373500118247,2.340031469217587,0.744225216554,0.021962933330982957,2.601233531241454,0.614517343856,0.03769985470335279,1.8274293816507683,0.588712724706,0.021253606797940684,1.5721308369224833,0.542338221114,0.0015713288468582273,1.8318972742593609,0.588162031772,0.04128739163860265,1.7993090270661447
