Well/XY,cell_id,total_distance,net_distance,linearity,spearmanrsq,progressivity,max_speed,min_speed,avg_speed,MSD_slope,hurst_RS,nongauss,disp_var,disp_skew,rw_linearity,rw_netdist,rw_kurtosis01,rw_kurtosis02,rw_kurtosis03,rw_kurtosis04,rw_kurtosis05,rw_kurtosis06,rw_kurtosis07,rw_kurtosis08,rw_kurtosis09,rw_kurtosis10,avg_moving_speed01,avg_moving_speed02,avg_moving_speed03,avg_moving_speed04,avg_moving_speed05,avg_moving_speed06,avg_moving_speed07,avg_moving_speed08,avg_moving_speed09,avg_moving_speed10,time_moving01,time_moving02,time_moving03,time_moving04,time_moving05,time_moving06,time_moving07,time_moving08,time_moving09,time_moving10,autocorr_1,autocorr_2,autocorr_3,autocorr_4,autocorr_5,autocorr_6,autocorr_7,autocorr_8,autocorr_9,autocorr_10,p_rturn_9_5,p_rturn_9_6,p_rturn_10_5,p_rturn_10_6,p_rturn_11_5,p_rturn_11_6,mean_theta_9_5,min_theta_9_5,max_theta_9_5,mean_theta_9_6,min_theta_9_6,max_theta_9_6,mean_theta_10_5,min_theta_10_5,max_theta_10_5,mean_theta_10_6,min_theta_10_6,max_theta_10_6,mean_theta_11_5,min_theta_11_5,max_theta_11_5,mean_theta_11_6,min_theta_11_6,max_theta_11_6
WellC09_Seq0012/xy01,0,1362.6476424289397,112.25297323456518,0.377773165251,0.448756664119,0.08237857663223383,20.12481055811456,1.4925146565444432,18.1686352324,0.49645543018,0.669848832291,-0.157259882369,113.515003942,1.1301945672107172,0.135573220307,-111.745005648,2.004806880264651,-0.22524174220895832,0.6106283802039174,0.03358415919044733,-1.1003518034890645,-0.9248567327709232,0.04075954730696196,-1.581308906334445,-1.6038608499429172,-1.4742701431556113,9.74334624057,9.86652670032,10.199572681,11.2301902007,11.4714165008,12.0659286842,12.1726373028,12.4598357888,13.1048867212,13.5315792687,1.0,0.9859154929577465,0.9436619718309859,0.8169014084507042,0.7887323943661971,0.7183098591549296,0.704225352112676,0.6619718309859155,0.5633802816901409,0.5070422535211268,0.102812620032,0.202809268357,-0.175928448863,0.0381274455947,0.0420689880169,0.0646892331224,0.00072806839861,0.134881676449,-0.0585468254836,0.0865842262129,0.428571428571,0.428571428571,0.55,0.45,0.578947368421,0.578947368421,0.940948473546,0.03221733691286238,2.4537036333902806,0.942410783821,0.06967688664887044,2.401868415330405,0.740554475397,0.0448341715383797,1.896825149116542,0.708875301045,0.02940039984300636,1.9194567835809142,0.566610083433,0.002307875204795027,1.3498950199436048,0.562517365364,0.0626443660494133,1.3315310517875196
