Well/XY,cell_id,total_distance,net_distance,linearity,spearmanrsq,progressivity,max_speed,min_speed,avg_speed,MSD_slope,hurst_RS,nongauss,disp_var,disp_skew,rw_linearity,rw_netdist,rw_kurtosis01,rw_kurtosis02,rw_kurtosis03,rw_kurtosis04,rw_kurtosis05,rw_kurtosis06,rw_kurtosis07,rw_kurtosis08,rw_kurtosis09,rw_kurtosis10,avg_moving_speed01,avg_moving_speed02,avg_moving_speed03,avg_moving_speed04,avg_moving_speed05,avg_moving_speed06,avg_moving_speed07,avg_moving_speed08,avg_moving_speed09,avg_moving_speed10,time_moving01,time_moving02,time_moving03,time_moving04,time_moving05,time_moving06,time_moving07,time_moving08,time_moving09,time_moving10,autocorr_1,autocorr_2,autocorr_3,autocorr_4,autocorr_5,autocorr_6,autocorr_7,autocorr_8,autocorr_9,autocorr_10,p_rturn_9_5,p_rturn_9_6,p_rturn_10_5,p_rturn_10_6,p_rturn_11_5,p_rturn_11_6,mean_theta_9_5,min_theta_9_5,max_theta_9_5,mean_theta_9_6,min_theta_9_6,max_theta_9_6,mean_theta_10_5,min_theta_10_5,max_theta_10_5,mean_theta_10_6,min_theta_10_6,max_theta_10_6,mean_theta_11_5,min_theta_11_5,max_theta_11_5,mean_theta_11_6,min_theta_11_6,max_theta_11_6
WellC09_Seq0012/xy25,0,2810.1143668921704,542.6043954853296,0.134275021117,0.0635191587993,0.19308979089182757,55.45157343123818,1.6155494421403511,37.4681915586,1.38387596243,0.593982636832,0.155318069372,1071.21549535,1.1424699603570239,-0.111347031686,80.6655060663,0.6469338006065741,-1.120170237540138,-1.2763486408218685,-1.1708800508938697,-1.2313510431742472,-1.1312885197780227,-0.3529993019204585,-1.4077491783940936,-1.1452162768825074,-1.494382357220826,24.7533660014,24.7533660014,25.7637153103,26.4542511263,26.8028803896,27.1403965078,28.1732713513,29.2703066365,30.4195021862,31.6375554736,0.9859154929577465,0.9859154929577465,0.9436619718309859,0.9154929577464789,0.9014084507042254,0.8873239436619719,0.8450704225352113,0.8028169014084507,0.7605633802816901,0.7183098591549296,0.180250341147,-0.123539136307,0.0386423682179,-0.100766602487,-0.0340393107919,-0.0392020823444,0.0697248579855,0.0704919565007,-0.170692253956,-0.0289891687242,0.47619047619,0.52380952381,0.4,0.4,0.45,0.4,0.350766203553,0.028478026579435888,0.9167212875036751,0.328425462921,0.00436405696515046,0.8967591404778106,0.377777301918,0.00190444243527707,0.9805071295978374,0.367295385888,0.01881152352596752,1.1307072794227662,0.36470237834,0.011383477877525826,0.8999602585997842,0.358547873327,0.05233535866010912,1.050160408424713
