Well/XY,cell_id,total_distance,net_distance,linearity,spearmanrsq,progressivity,max_speed,min_speed,avg_speed,MSD_slope,hurst_RS,nongauss,disp_var,disp_skew,rw_linearity,rw_netdist,rw_kurtosis01,rw_kurtosis02,rw_kurtosis03,rw_kurtosis04,rw_kurtosis05,rw_kurtosis06,rw_kurtosis07,rw_kurtosis08,rw_kurtosis09,rw_kurtosis10,avg_moving_speed01,avg_moving_speed02,avg_moving_speed03,avg_moving_speed04,avg_moving_speed05,avg_moving_speed06,avg_moving_speed07,avg_moving_speed08,avg_moving_speed09,avg_moving_speed10,time_moving01,time_moving02,time_moving03,time_moving04,time_moving05,time_moving06,time_moving07,time_moving08,time_moving09,time_moving10,autocorr_1,autocorr_2,autocorr_3,autocorr_4,autocorr_5,autocorr_6,autocorr_7,autocorr_8,autocorr_9,autocorr_10,p_rturn_9_5,p_rturn_9_6,p_rturn_10_5,p_rturn_10_6,p_rturn_11_5,p_rturn_11_6,mean_theta_9_5,min_theta_9_5,max_theta_9_5,mean_theta_9_6,min_theta_9_6,max_theta_9_6,mean_theta_10_5,min_theta_10_5,max_theta_10_5,mean_theta_10_6,min_theta_10_6,max_theta_10_6,mean_theta_11_5,min_theta_11_5,max_theta_11_5,mean_theta_11_6,min_theta_11_6,max_theta_11_6
WellB04_Seq0002/xy22,0,521.823362714813,154.05528260984767,0.453601283351,0.252497680392,0.29522496234811546,12.841998131132119,0.4802665926337279,6.9576448362,1.70144650276,0.747708493764,-0.17940071442,15.4335503547,0.9877089933016285,0.203739371084,68.275676098,1.4486015495434756,2.2864961663227943,0.9890951919313276,1.1833864800604417,1.5386213637758566,0.8481145581245984,-0.6457449974141616,-0.05629533761004657,1.3437103744030194,0.028262799466362676,5.31269709009,5.47868828635,6.19949642158,7.02970534626,7.92653602607,8.78792272466,10.3150341352,11.4260660597,11.4260660597,12.6022803336,1.0,0.9577464788732394,0.7746478873239436,0.5915492957746479,0.43661971830985913,0.323943661971831,0.19718309859154928,0.14084507042253522,0.14084507042253522,0.08450704225352113,0.331363359994,0.102602801222,0.13278467889,0.0901757538011,-0.0989942378673,0.100055250187,0.0732941756983,-0.0163176297876,0.0243791439758,-0.0719532956418,0.714285714286,0.809523809524,0.8,0.85,0.7,0.8,0.566589673259,0.0004470774617818021,2.8907253134727764,0.552154622137,0.009341117985604603,2.8337425405638568,0.58730660897,0.027002052054965708,2.862490179374226,0.573498022447,0.005959414492954148,2.8055074064653063,0.644555668018,0.009106155167142872,2.825094065428666,0.624758910702,0.030593474253510385,2.7681112925197464
