Well/XY,cell_id,total_distance,net_distance,linearity,spearmanrsq,progressivity,max_speed,min_speed,avg_speed,MSD_slope,hurst_RS,nongauss,disp_var,disp_skew,rw_linearity,rw_netdist,rw_kurtosis01,rw_kurtosis02,rw_kurtosis03,rw_kurtosis04,rw_kurtosis05,rw_kurtosis06,rw_kurtosis07,rw_kurtosis08,rw_kurtosis09,rw_kurtosis10,avg_moving_speed01,avg_moving_speed02,avg_moving_speed03,avg_moving_speed04,avg_moving_speed05,avg_moving_speed06,avg_moving_speed07,avg_moving_speed08,avg_moving_speed09,avg_moving_speed10,time_moving01,time_moving02,time_moving03,time_moving04,time_moving05,time_moving06,time_moving07,time_moving08,time_moving09,time_moving10,autocorr_1,autocorr_2,autocorr_3,autocorr_4,autocorr_5,autocorr_6,autocorr_7,autocorr_8,autocorr_9,autocorr_10,p_rturn_9_5,p_rturn_9_6,p_rturn_10_5,p_rturn_10_6,p_rturn_11_5,p_rturn_11_6,mean_theta_9_5,min_theta_9_5,max_theta_9_5,mean_theta_9_6,min_theta_9_6,max_theta_9_6,mean_theta_10_5,min_theta_10_5,max_theta_10_5,mean_theta_10_6,min_theta_10_6,max_theta_10_6,mean_theta_11_5,min_theta_11_5,max_theta_11_5,mean_theta_11_6,min_theta_11_6,max_theta_11_6
WellB04_Seq0002/xy18,0,1069.0162304993273,67.60085502417854,0.758643737566,0.594443550825,0.06323650950800142,26.967275650313667,0.8962231864887211,14.25354974,1.16969671558,0.72310755975,1.99625969555,201.744612601,3.298548347531811,0.520241963389,-108.128708194,12.795278302851242,4.378644075019998,0.5542301918428989,1.1943725202655662,0.6129795960500557,-0.6880016782310237,0.043137441424872414,-0.8153611174901956,-1.3661620684513598,-0.4162507363295922,8.7414339258,9.31483207516,9.98895373359,11.0127054448,11.7224151937,12.1751749077,12.9332210276,13.2496072378,14.6558969588,16.1013660834,0.971830985915493,0.9014084507042254,0.8169014084507042,0.704225352112676,0.6338028169014085,0.5915492957746479,0.5211267605633803,0.49295774647887325,0.38028169014084506,0.29577464788732394,0.450372780503,0.0668625132346,-0.0295219137297,-0.0840088951739,0.114874479389,0.357112012933,0.210889150225,0.0387562896076,0.0524947844794,0.0308413401726,0.333333333333,0.333333333333,0.35,0.3,0.25,0.3,0.555436152288,0.06249665826556684,1.6692452726098885,0.539147439372,0.08351888571395548,1.6758926571569168,0.519757908703,0.032543141918417555,1.3336116678474845,0.481836468112,0.0065653525122827145,1.3741444378215155,0.567102503339,0.008692273474850864,1.5557888758089793,0.529181062748,0.04079635016837344,1.6241397710422818
