Well/XY,cell_id,total_distance,net_distance,linearity,spearmanrsq,progressivity,max_speed,min_speed,avg_speed,MSD_slope,hurst_RS,nongauss,disp_var,disp_skew,rw_linearity,rw_netdist,rw_kurtosis01,rw_kurtosis02,rw_kurtosis03,rw_kurtosis04,rw_kurtosis05,rw_kurtosis06,rw_kurtosis07,rw_kurtosis08,rw_kurtosis09,rw_kurtosis10,avg_moving_speed01,avg_moving_speed02,avg_moving_speed03,avg_moving_speed04,avg_moving_speed05,avg_moving_speed06,avg_moving_speed07,avg_moving_speed08,avg_moving_speed09,avg_moving_speed10,time_moving01,time_moving02,time_moving03,time_moving04,time_moving05,time_moving06,time_moving07,time_moving08,time_moving09,time_moving10,autocorr_1,autocorr_2,autocorr_3,autocorr_4,autocorr_5,autocorr_6,autocorr_7,autocorr_8,autocorr_9,autocorr_10,p_rturn_9_5,p_rturn_9_6,p_rturn_10_5,p_rturn_10_6,p_rturn_11_5,p_rturn_11_6,mean_theta_9_5,min_theta_9_5,max_theta_9_5,mean_theta_9_6,min_theta_9_6,max_theta_9_6,mean_theta_10_5,min_theta_10_5,max_theta_10_5,mean_theta_10_6,min_theta_10_6,max_theta_10_6,mean_theta_11_5,min_theta_11_5,max_theta_11_5,mean_theta_11_6,min_theta_11_6,max_theta_11_6
WellB04_Seq0002/xy03,0,354.1709054920341,91.27743423212543,0.566546820252,0.229517042006,0.25772143565919875,5.36525861445651,0.1811077027627694,4.72227873989,1.42480359201,0.658118361964,-0.0918110819289,8.03664394243,1.4154238040908074,0.346729751225,33.0572718519,2.297096378251294,1.0286230998903294,0.5904978009273592,-0.07818808755288487,-0.8598051361024313,-0.9738038644556481,-1.0591284764971034,-1.5185197127225623,-1.2824601558161697,-0.9249548172743967,2.74441575716,3.47881838407,4.09148261914,4.79407044166,5.60201325066,0.0,0.0,0.0,0.0,0.0,0.7887323943661971,0.49295774647887325,0.28169014084507044,0.14084507042253522,0.04225352112676056,0.0,0.0,0.0,0.0,0.0,0.147727850099,0.0377081453904,-0.0106350892306,0.114520737304,0.107728176247,0.0708816649186,-0.0872117165273,-0.193100700077,-0.0945164417327,0.106060992516,0.619047619048,0.619047619048,0.45,0.4,0.45,0.45,0.590879681821,0.024706323332183307,1.8724607793708863,0.594107345815,0.029419446084069024,1.953232513690769,0.619245112485,0.017419135483672417,2.216386381386103,0.629535370548,0.012706012731786115,2.1754339108585623,0.590909121285,0.028099035365548898,2.199136460397889,0.587879957612,0.023385912613655465,2.189490302152518
