Well/XY,cell_id,total_distance,net_distance,linearity,spearmanrsq,progressivity,max_speed,min_speed,avg_speed,MSD_slope,hurst_RS,nongauss,disp_var,disp_skew,rw_linearity,rw_netdist,rw_kurtosis01,rw_kurtosis02,rw_kurtosis03,rw_kurtosis04,rw_kurtosis05,rw_kurtosis06,rw_kurtosis07,rw_kurtosis08,rw_kurtosis09,rw_kurtosis10,avg_moving_speed01,avg_moving_speed02,avg_moving_speed03,avg_moving_speed04,avg_moving_speed05,avg_moving_speed06,avg_moving_speed07,avg_moving_speed08,avg_moving_speed09,avg_moving_speed10,time_moving01,time_moving02,time_moving03,time_moving04,time_moving05,time_moving06,time_moving07,time_moving08,time_moving09,time_moving10,autocorr_1,autocorr_2,autocorr_3,autocorr_4,autocorr_5,autocorr_6,autocorr_7,autocorr_8,autocorr_9,autocorr_10,p_rturn_9_5,p_rturn_9_6,p_rturn_10_5,p_rturn_10_6,p_rturn_11_5,p_rturn_11_6,mean_theta_9_5,min_theta_9_5,max_theta_9_5,mean_theta_9_6,min_theta_9_6,max_theta_9_6,mean_theta_10_5,min_theta_10_5,max_theta_10_5,mean_theta_10_6,min_theta_10_6,max_theta_10_6,mean_theta_11_5,min_theta_11_5,max_theta_11_5,mean_theta_11_6,min_theta_11_6,max_theta_11_6
WellD03_Seq0019/xy12,0,1441.3558326909995,164.56711518404884,0.0264877934727,0.00842306317789,0.11417521714731843,25.918634609099307,0.3964290604887393,18.9652083249,1.4365818094,0.84085650374,-0.215017170365,132.53699409,0.7534235427853868,-0.211314191036,-70.784930756,-0.04666173399075246,-0.9273079093492247,-1.1755048247344442,-0.7085232273010162,-1.0183885191712483,-0.899379452179955,-1.6424142988122885,-1.3384153772528073,-1.2589594345649358,-0.24301845642139153,12.3407573323,12.9866085391,12.9866085391,14.0704006519,15.1349893487,17.5619118893,18.0869012004,18.6188960579,19.4415184146,20.0110541941,1.0,0.9444444444444444,0.9444444444444444,0.8472222222222222,0.7638888888888888,0.6111111111111112,0.5833333333333334,0.5555555555555556,0.5138888888888888,0.4861111111111111,0.301505352207,0.24223972401,0.333893321362,0.31155559811,0.124163333252,0.142468349045,0.286210091487,0.368300749505,0.35697258167,0.280003667401,0.333333333333,0.333333333333,0.380952380952,0.428571428571,0.25,0.25,0.377204799251,0.05010742621421253,0.9614360306972372,0.347570855692,0.00182279498570604,1.0238630562489863,0.538562262229,0.0338709205955888,2.7128569743011566,0.513470460058,0.005714030898198626,2.7787862855733563,0.489507114431,0.004062696881890868,1.2552664604655956,0.46021991391,0.0019160711880716133,1.1706684667988003
