Well/XY,cell_id,total_distance,net_distance,linearity,spearmanrsq,progressivity,max_speed,min_speed,avg_speed,MSD_slope,hurst_RS,nongauss,disp_var,disp_skew,rw_linearity,rw_netdist,rw_kurtosis01,rw_kurtosis02,rw_kurtosis03,rw_kurtosis04,rw_kurtosis05,rw_kurtosis06,rw_kurtosis07,rw_kurtosis08,rw_kurtosis09,rw_kurtosis10,avg_moving_speed01,avg_moving_speed02,avg_moving_speed03,avg_moving_speed04,avg_moving_speed05,avg_moving_speed06,avg_moving_speed07,avg_moving_speed08,avg_moving_speed09,avg_moving_speed10,time_moving01,time_moving02,time_moving03,time_moving04,time_moving05,time_moving06,time_moving07,time_moving08,time_moving09,time_moving10,autocorr_1,autocorr_2,autocorr_3,autocorr_4,autocorr_5,autocorr_6,autocorr_7,autocorr_8,autocorr_9,autocorr_10,p_rturn_9_5,p_rturn_9_6,p_rturn_10_5,p_rturn_10_6,p_rturn_11_5,p_rturn_11_6,mean_theta_9_5,min_theta_9_5,max_theta_9_5,mean_theta_9_6,min_theta_9_6,max_theta_9_6,mean_theta_10_5,min_theta_10_5,max_theta_10_5,mean_theta_10_6,min_theta_10_6,max_theta_10_6,mean_theta_11_5,min_theta_11_5,max_theta_11_5,mean_theta_11_6,min_theta_11_6,max_theta_11_6
WellD03_Seq0019/xy06,0,1860.8646286155852,126.23331572924782,0.173899261168,0.151347902491,0.06783584027988149,30.60829952806916,4.019275556614643,24.4850609028,0.806872833488,0.50630131013,1.63961957009,532.636400465,3.0902627232827933,-0.0464321356275,-177.618299277,11.795362799050233,4.913149223864763,2.071050321714676,1.7429141416784981,-0.8548839872136065,-1.0598165026084283,-0.5739847106753015,-0.49320042863540126,-1.597481696648559,-1.5072521228905151,15.8828536968,15.8828536968,16.0741308913,16.0741308913,16.0741308913,16.0741308913,16.3451275609,16.3451275609,16.5746919846,17.2635830487,1.0,1.0,0.9861111111111112,0.9861111111111112,0.9861111111111112,0.9861111111111112,0.9583333333333334,0.9583333333333334,0.9305555555555556,0.8472222222222222,-0.113511826354,-0.0390876533137,-0.0433610978997,-0.160097530324,-0.00313649100829,-0.16563725356,0.0282427640018,0.121160527473,0.0189862486346,-0.190768744407,0.190476190476,0.238095238095,0.238095238095,0.238095238095,0.2,0.2,0.970743455228,0.0153350981268484,2.493312381933828,0.950078611775,0.026420134933661167,2.2976757289728007,1.03647514032,0.14957543026618372,2.233369067003102,1.01665556477,0.021434121963284564,2.090791947946361,1.10002686927,0.18927628599510313,2.3699923239416165,1.02761616737,0.020391732851824888,2.0480463977970187
