Well/XY,cell_id,total_distance,net_distance,linearity,spearmanrsq,progressivity,max_speed,min_speed,avg_speed,MSD_slope,hurst_RS,nongauss,disp_var,disp_skew,rw_linearity,rw_netdist,rw_kurtosis01,rw_kurtosis02,rw_kurtosis03,rw_kurtosis04,rw_kurtosis05,rw_kurtosis06,rw_kurtosis07,rw_kurtosis08,rw_kurtosis09,rw_kurtosis10,avg_moving_speed01,avg_moving_speed02,avg_moving_speed03,avg_moving_speed04,avg_moving_speed05,avg_moving_speed06,avg_moving_speed07,avg_moving_speed08,avg_moving_speed09,avg_moving_speed10,time_moving01,time_moving02,time_moving03,time_moving04,time_moving05,time_moving06,time_moving07,time_moving08,time_moving09,time_moving10,autocorr_1,autocorr_2,autocorr_3,autocorr_4,autocorr_5,autocorr_6,autocorr_7,autocorr_8,autocorr_9,autocorr_10,p_rturn_9_5,p_rturn_9_6,p_rturn_10_5,p_rturn_10_6,p_rturn_11_5,p_rturn_11_6,mean_theta_9_5,min_theta_9_5,max_theta_9_5,mean_theta_9_6,min_theta_9_6,max_theta_9_6,mean_theta_10_5,min_theta_10_5,max_theta_10_5,mean_theta_10_6,min_theta_10_6,max_theta_10_6,mean_theta_11_5,min_theta_11_5,max_theta_11_5,mean_theta_11_6,min_theta_11_6,max_theta_11_6
WellD03_Seq0019/xy15,0,3621.17640194351,928.0994238226851,0.421000579181,0.257438735542,0.25629776647295277,65.81402920350648,5.065808523819272,47.6470579203,1.11000264433,0.677003793537,0.0253936483119,1139.6142563,1.2492986508541943,0.197048345644,336.81498484,1.3980823436854513,-0.5047035690798709,-0.23725766456165331,-0.5067685753835578,0.3106792865942998,-0.8177870298877754,-1.0323922616889214,-0.8152904201955642,-0.31582849348983455,-1.2408525543965552,30.5017357996,30.5017357996,30.5017357996,30.5017357996,31.2357857405,31.2357857405,31.2357857405,31.2357857405,31.5676531296,31.5676531296,1.0,1.0,1.0,1.0,0.9722222222222222,0.9722222222222222,0.9722222222222222,0.9722222222222222,0.9583333333333334,0.9583333333333334,0.169802189252,0.00901718422849,0.0947218231136,-0.168653104637,-0.0748960713043,0.00906033398829,-0.0279123955541,-0.109981763955,0.246987387001,0.133162811913,0.52380952381,0.52380952381,0.571428571429,0.47619047619,0.6,0.65,0.966406708265,0.05422880871084405,2.3243881321248954,0.9312026657,0.24333696139603533,2.028358776921499,1.01431030937,0.06694081708072522,2.5304679801006635,1.00212243479,0.12216733560446195,2.555355665140011,0.970590691706,0.1965752970780748,2.320997900925608,0.915878146826,0.007467144392878521,2.3458855859649557
