Well/XY,cell_id,total_distance,net_distance,linearity,spearmanrsq,progressivity,max_speed,min_speed,avg_speed,MSD_slope,hurst_RS,nongauss,disp_var,disp_skew,rw_linearity,rw_netdist,rw_kurtosis01,rw_kurtosis02,rw_kurtosis03,rw_kurtosis04,rw_kurtosis05,rw_kurtosis06,rw_kurtosis07,rw_kurtosis08,rw_kurtosis09,rw_kurtosis10,avg_moving_speed01,avg_moving_speed02,avg_moving_speed03,avg_moving_speed04,avg_moving_speed05,avg_moving_speed06,avg_moving_speed07,avg_moving_speed08,avg_moving_speed09,avg_moving_speed10,time_moving01,time_moving02,time_moving03,time_moving04,time_moving05,time_moving06,time_moving07,time_moving08,time_moving09,time_moving10,autocorr_1,autocorr_2,autocorr_3,autocorr_4,autocorr_5,autocorr_6,autocorr_7,autocorr_8,autocorr_9,autocorr_10,p_rturn_9_5,p_rturn_9_6,p_rturn_10_5,p_rturn_10_6,p_rturn_11_5,p_rturn_11_6,mean_theta_9_5,min_theta_9_5,max_theta_9_5,mean_theta_9_6,min_theta_9_6,max_theta_9_6,mean_theta_10_5,min_theta_10_5,max_theta_10_5,mean_theta_10_6,min_theta_10_6,max_theta_10_6,mean_theta_11_5,min_theta_11_5,max_theta_11_5,mean_theta_11_6,min_theta_11_6,max_theta_11_6
WellD03_Seq0019/xy04,0,1626.6378745309787,141.71156057287638,0.0450800562625,0.0112697532491,0.0871193046662197,21.934456911444137,1.4422205101855956,21.403129928,0.735446108163,0.815377179545,-0.194637436604,191.996488481,0.769192704923556,-0.214876260915,-123.894296837,-0.10272941083731846,-0.9985972650593782,0.10301011232873414,-1.2875556948437228,0.8577669649294561,-1.3669515391849767,-1.3520170515455132,-1.240795665326173,-0.6753661597425284,-1.4068369677811865,9.44383957925,9.68457637988,9.8991671956,10.7890629337,11.2399501779,11.9507921641,12.7013373972,13.4035480961,14.4731248289,14.824325034,0.9861111111111112,0.9583333333333334,0.9305555555555556,0.8194444444444444,0.7638888888888888,0.6805555555555556,0.5972222222222222,0.5277777777777778,0.4305555555555556,0.4027777777777778,0.119914460388,0.37086019057,0.177390913337,0.191913738932,0.0537694283905,0.322462684728,0.195863446751,0.140249418992,0.2478808005,0.0784262661576,0.52380952381,0.52380952381,0.75,0.7,0.65,0.65,0.437231598981,0.022812730255451653,1.6747123362080343,0.435645335768,0.018969871552108605,1.5262330637160428,0.618210967807,0.013863341950863738,2.061291226820307,0.631082852005,0.04043574953505371,2.1579898564513473,0.607970455632,0.04104737384580822,1.4016796768829827,0.623336138572,0.013251717640092336,1.4983783065140228
