Well/XY,cell_id,total_distance,net_distance,linearity,spearmanrsq,progressivity,max_speed,min_speed,avg_speed,MSD_slope,hurst_RS,nongauss,disp_var,disp_skew,rw_linearity,rw_netdist,rw_kurtosis01,rw_kurtosis02,rw_kurtosis03,rw_kurtosis04,rw_kurtosis05,rw_kurtosis06,rw_kurtosis07,rw_kurtosis08,rw_kurtosis09,rw_kurtosis10,avg_moving_speed01,avg_moving_speed02,avg_moving_speed03,avg_moving_speed04,avg_moving_speed05,avg_moving_speed06,avg_moving_speed07,avg_moving_speed08,avg_moving_speed09,avg_moving_speed10,time_moving01,time_moving02,time_moving03,time_moving04,time_moving05,time_moving06,time_moving07,time_moving08,time_moving09,time_moving10,autocorr_1,autocorr_2,autocorr_3,autocorr_4,autocorr_5,autocorr_6,autocorr_7,autocorr_8,autocorr_9,autocorr_10,p_rturn_9_5,p_rturn_9_6,p_rturn_10_5,p_rturn_10_6,p_rturn_11_5,p_rturn_11_6,mean_theta_9_5,min_theta_9_5,max_theta_9_5,mean_theta_9_6,min_theta_9_6,max_theta_9_6,mean_theta_10_5,min_theta_10_5,max_theta_10_5,mean_theta_10_6,min_theta_10_6,max_theta_10_6,mean_theta_11_5,min_theta_11_5,max_theta_11_5,mean_theta_11_6,min_theta_11_6,max_theta_11_6
WellF10_Seq0008/xy16,0,237.747115628067,94.73919780112136,0.904639706033,0.305390501581,0.3984872647175746,4.973741046737347,0.10071742649611207,3.83463089723,1.51150760044,0.771540148269,-0.305734254203,4.9252777904,0.5594399088350264,0.654911995107,51.6955727346,-0.35643664800394914,-0.35111140237029703,-0.3887198130310763,-0.3340917773033847,0.14172780843056687,-0.18150727892913787,-0.7412844590001417,-0.37893758975848213,-0.07861681897646111,-1.4882183531646795,3.07880089935,4.00814430543,4.91435704768,5.31679515381,5.55043828949,6.01372596649,0.0,0.0,0.0,0.0,0.5689655172413793,0.3793103448275862,0.2413793103448276,0.1896551724137931,0.15517241379310345,0.017241379310344827,0.0,0.0,0.0,0.0,0.0728545574105,0.189040938846,0.130609471283,0.0677764779715,0.300346753984,0.0602559438272,0.153920583517,0.0604561250716,0.155444739566,0.00230553111278,0.3125,0.3125,0.3125,0.3125,0.375,0.4375,0.53233120921,0.006423165961428302,1.6027709040435352,0.529946428602,0.02359660523882699,1.6614612520838812,0.23319042718,0.00030588887899921254,0.6839114416067498,0.220252895251,0.01948557501172375,0.6584429797061817,0.426250504633,0.019372970205332685,1.0627762630845479,0.38487744683,0.020859743511874595,0.9256839935750624
