Well/XY,cell_id,total_distance,net_distance,linearity,spearmanrsq,progressivity,max_speed,min_speed,avg_speed,MSD_slope,hurst_RS,nongauss,disp_var,disp_skew,rw_linearity,rw_netdist,rw_kurtosis01,rw_kurtosis02,rw_kurtosis03,rw_kurtosis04,rw_kurtosis05,rw_kurtosis06,rw_kurtosis07,rw_kurtosis08,rw_kurtosis09,rw_kurtosis10,avg_moving_speed01,avg_moving_speed02,avg_moving_speed03,avg_moving_speed04,avg_moving_speed05,avg_moving_speed06,avg_moving_speed07,avg_moving_speed08,avg_moving_speed09,avg_moving_speed10,time_moving01,time_moving02,time_moving03,time_moving04,time_moving05,time_moving06,time_moving07,time_moving08,time_moving09,time_moving10,autocorr_1,autocorr_2,autocorr_3,autocorr_4,autocorr_5,autocorr_6,autocorr_7,autocorr_8,autocorr_9,autocorr_10,p_rturn_9_5,p_rturn_9_6,p_rturn_10_5,p_rturn_10_6,p_rturn_11_5,p_rturn_11_6,mean_theta_9_5,min_theta_9_5,max_theta_9_5,mean_theta_9_6,min_theta_9_6,max_theta_9_6,mean_theta_10_5,min_theta_10_5,max_theta_10_5,mean_theta_10_6,min_theta_10_6,max_theta_10_6,mean_theta_11_5,min_theta_11_5,max_theta_11_5,mean_theta_11_6,min_theta_11_6,max_theta_11_6
WellF10_Seq0008/xy13,0,465.21217871707756,251.80757117290972,0.699047075847,0.784633154208,0.5412746757131834,9.91727785231409,0.80160089820307,7.50342223737,1.79880112931,1.00901116686,-0.410928849952,14.894937213,0.2446887995027146,0.473649096039,167.581865451,-1.131759493134799,-1.203747688805831,-1.4560160091543803,-1.4493307315317172,-1.6535132502404142,-1.3347880571266975,-1.3913366417591793,-1.2394268375968718,-1.6401092775870327,-1.4732882527745148,6.90472583169,7.41613484378,7.91633472805,9.09753560542,9.35846326287,9.71186411556,9.91646317024,10.6997233698,10.7802948131,11.0846650222,1.0,0.9137931034482759,0.8275862068965517,0.6551724137931034,0.6206896551724138,0.5689655172413793,0.5344827586206896,0.39655172413793105,0.3793103448275862,0.3103448275862069,0.722342759919,0.575282371134,0.5071744814,0.435196355757,0.454966300334,0.435542894387,0.350440758957,0.276098472972,0.254103536242,0.316114258738,0.5,0.4375,0.5,0.4375,0.4375,0.5,0.689882514272,0.006323654739341704,2.4253648737087175,0.645160003993,0.00907379497493595,2.382077953917849,0.646052278432,0.020095721134202306,2.4261428692211084,0.586729738356,0.012671905543156938,2.2132490773388556,0.670192966737,0.053178774686082335,2.453410287415737,0.606066883964,0.004573473406743724,2.2405164955334835
