Well/XY,cell_id,total_distance,net_distance,linearity,spearmanrsq,progressivity,max_speed,min_speed,avg_speed,MSD_slope,hurst_RS,nongauss,disp_var,disp_skew,rw_linearity,rw_netdist,rw_kurtosis01,rw_kurtosis02,rw_kurtosis03,rw_kurtosis04,rw_kurtosis05,rw_kurtosis06,rw_kurtosis07,rw_kurtosis08,rw_kurtosis09,rw_kurtosis10,avg_moving_speed01,avg_moving_speed02,avg_moving_speed03,avg_moving_speed04,avg_moving_speed05,avg_moving_speed06,avg_moving_speed07,avg_moving_speed08,avg_moving_speed09,avg_moving_speed10,time_moving01,time_moving02,time_moving03,time_moving04,time_moving05,time_moving06,time_moving07,time_moving08,time_moving09,time_moving10,autocorr_1,autocorr_2,autocorr_3,autocorr_4,autocorr_5,autocorr_6,autocorr_7,autocorr_8,autocorr_9,autocorr_10,p_rturn_9_5,p_rturn_9_6,p_rturn_10_5,p_rturn_10_6,p_rturn_11_5,p_rturn_11_6,mean_theta_9_5,min_theta_9_5,max_theta_9_5,mean_theta_9_6,min_theta_9_6,max_theta_9_6,mean_theta_10_5,min_theta_10_5,max_theta_10_5,mean_theta_10_6,min_theta_10_6,max_theta_10_6,mean_theta_11_5,min_theta_11_5,max_theta_11_5,mean_theta_11_6,min_theta_11_6,max_theta_11_6
WellD09_Seq0025/xy20,0,618.6123288181873,243.79680145563844,0.799889861926,0.701336839609,0.3941027200692784,14.628219303797701,0.7246544003868591,8.24816438424,1.59887698583,0.728843163369,1.33194336702,47.4440927548,2.9548799996937136,0.547003404736,142.106601398,11.213775313769654,4.771333403711109,4.2036964258359655,1.4843961654049895,0.6511502483033733,0.5493191220631015,-0.17967032647926073,-0.3373393817059891,-1.2287996077212582,-0.9101599289929121,5.0598875588,5.48217850327,6.10000059476,7.52520484965,8.63127987535,9.87496408462,11.5957349129,11.9570484522,12.6670077949,13.0096218057,1.0,0.8873239436619719,0.7323943661971831,0.4788732394366197,0.352112676056338,0.2535211267605634,0.16901408450704225,0.15492957746478872,0.1267605633802817,0.11267605633802817,0.222330725349,0.134979615483,0.157207781107,0.153730352579,0.0731360237244,0.105872449244,0.184984333663,0.199158663084,-0.000607221968986,-0.111286202126,0.761904761905,0.714285714286,0.7,0.7,0.7,0.65,0.722358446272,0.04497746223617907,2.537518180499038,0.708890454306,0.10086803719858939,2.503033770041942,0.957696466653,0.04349615441811708,2.553049111836652,0.946712582027,0.06950423784773052,2.639911270536172,0.966266664884,0.048069119588207726,2.533300524595099,0.952681971915,0.022061036158592406,2.6136150461375114
