Well/XY,cell_id,total_distance,net_distance,linearity,spearmanrsq,progressivity,max_speed,min_speed,avg_speed,MSD_slope,hurst_RS,nongauss,disp_var,disp_skew,rw_linearity,rw_netdist,rw_kurtosis01,rw_kurtosis02,rw_kurtosis03,rw_kurtosis04,rw_kurtosis05,rw_kurtosis06,rw_kurtosis07,rw_kurtosis08,rw_kurtosis09,rw_kurtosis10,avg_moving_speed01,avg_moving_speed02,avg_moving_speed03,avg_moving_speed04,avg_moving_speed05,avg_moving_speed06,avg_moving_speed07,avg_moving_speed08,avg_moving_speed09,avg_moving_speed10,time_moving01,time_moving02,time_moving03,time_moving04,time_moving05,time_moving06,time_moving07,time_moving08,time_moving09,time_moving10,autocorr_1,autocorr_2,autocorr_3,autocorr_4,autocorr_5,autocorr_6,autocorr_7,autocorr_8,autocorr_9,autocorr_10,p_rturn_9_5,p_rturn_9_6,p_rturn_10_5,p_rturn_10_6,p_rturn_11_5,p_rturn_11_6,mean_theta_9_5,min_theta_9_5,max_theta_9_5,mean_theta_9_6,min_theta_9_6,max_theta_9_6,mean_theta_10_5,min_theta_10_5,max_theta_10_5,mean_theta_10_6,min_theta_10_6,max_theta_10_6,mean_theta_11_5,min_theta_11_5,max_theta_11_5,mean_theta_11_6,min_theta_11_6,max_theta_11_6
WellD09_Seq0025/xy25,0,779.5241840974704,360.0612842281159,0.877841867934,0.806790723047,0.46189879874604944,17.760374432989842,0.34115099296348983,10.393655788,1.70264146938,0.795696340638,1.26140320767,113.60920056,2.513901594457455,0.655256218784,231.919689665,6.560392732682411,1.0854408981679038,-0.5542959282229996,0.1603093523524879,-0.833930363675842,-0.7847670495454118,-1.1889449245948733,-0.03565651123019764,-1.348331336458177,-1.0767048905745704,8.16181905812,8.35760255413,8.94655555202,9.23145637626,9.58851018185,11.3359107053,12.6891043543,13.7824330264,14.0210272947,14.2248107178,0.9577464788732394,0.9295774647887324,0.8450704225352113,0.8028169014084507,0.7464788732394366,0.5211267605633803,0.4084507042253521,0.3380281690140845,0.323943661971831,0.30985915492957744,0.136646297206,0.171972009395,0.239192903641,0.206534400983,-0.0857489308489,0.0129061358544,0.199993349195,0.033242692324,-0.0400368978953,0.357050708488,0.333333333333,0.380952380952,0.4,0.4,0.45,0.45,0.487013445646,0.02138996116456516,2.3898557946231445,0.490751423786,0.02107571003127966,2.4008086946594633,0.438412978558,0.0010804636738379653,1.720571401407331,0.444448205044,0.0034904658447015174,1.5674334478434409,0.454892484822,0.0027656136656946362,1.7031192888111593,0.459095849432,0.0018053158531139406,1.5687034535740354
