Well/XY,cell_id,total_distance,net_distance,linearity,spearmanrsq,progressivity,max_speed,min_speed,avg_speed,MSD_slope,hurst_RS,nongauss,disp_var,disp_skew,rw_linearity,rw_netdist,rw_kurtosis01,rw_kurtosis02,rw_kurtosis03,rw_kurtosis04,rw_kurtosis05,rw_kurtosis06,rw_kurtosis07,rw_kurtosis08,rw_kurtosis09,rw_kurtosis10,avg_moving_speed01,avg_moving_speed02,avg_moving_speed03,avg_moving_speed04,avg_moving_speed05,avg_moving_speed06,avg_moving_speed07,avg_moving_speed08,avg_moving_speed09,avg_moving_speed10,time_moving01,time_moving02,time_moving03,time_moving04,time_moving05,time_moving06,time_moving07,time_moving08,time_moving09,time_moving10,autocorr_1,autocorr_2,autocorr_3,autocorr_4,autocorr_5,autocorr_6,autocorr_7,autocorr_8,autocorr_9,autocorr_10,p_rturn_9_5,p_rturn_9_6,p_rturn_10_5,p_rturn_10_6,p_rturn_11_5,p_rturn_11_6,mean_theta_9_5,min_theta_9_5,max_theta_9_5,mean_theta_9_6,min_theta_9_6,max_theta_9_6,mean_theta_10_5,min_theta_10_5,max_theta_10_5,mean_theta_10_6,min_theta_10_6,max_theta_10_6,mean_theta_11_5,min_theta_11_5,max_theta_11_5,mean_theta_11_6,min_theta_11_6,max_theta_11_6
WellB05_Seq0003/xy03,0,1717.799134823251,453.29867515800214,0.0289735614023,0.0519613731786,0.26388339938513433,21.250037552908008,0.13000000000002518,22.9039884643,1.08771878294,0.730781340728,0.218842347193,362.622016746,1.3449056582571668,-0.170897290413,170.919340732,1.4390633934661379,0.8596426941918618,-0.5457452126931202,-0.547041198846165,-0.21232944098614226,-0.3490701351655616,-0.9469001095510157,1.0757575461303617,-1.7016853644601275,0.9659053403040483,8.00741250611,8.50029987265,9.35705033657,10.4874243294,11.0483983712,11.64527792,12.5907855668,13.3012410294,14.571138399,15.035118511,0.971830985915493,0.9014084507042254,0.7887323943661971,0.6619718309859155,0.6056338028169014,0.5492957746478874,0.4647887323943662,0.4084507042253521,0.323943661971831,0.29577464788732394,0.206287248767,0.0891370494505,0.0742188142962,-0.094938729698,0.0716010997185,-0.0922038164527,-0.160687002573,0.093360938651,-0.0280145338774,-0.0646403994095,0.380952380952,0.380952380952,0.4,0.4,0.35,0.35,0.356714989631,0.005595582905557269,0.9306465557185997,0.35357288891,0.0036808519320545817,0.8328777994613125,0.338668470691,0.007304992556459811,1.6821732426324236,0.328242897565,0.006029619679822475,1.651426619058869,0.316077150164,0.003810968644472984,1.776595357685783,0.331317408999,0.00572569961789519,1.745848734112228
