Well/XY,cell_id,total_distance,net_distance,linearity,spearmanrsq,progressivity,max_speed,min_speed,avg_speed,MSD_slope,hurst_RS,nongauss,disp_var,disp_skew,rw_linearity,rw_netdist,rw_kurtosis01,rw_kurtosis02,rw_kurtosis03,rw_kurtosis04,rw_kurtosis05,rw_kurtosis06,rw_kurtosis07,rw_kurtosis08,rw_kurtosis09,rw_kurtosis10,avg_moving_speed01,avg_moving_speed02,avg_moving_speed03,avg_moving_speed04,avg_moving_speed05,avg_moving_speed06,avg_moving_speed07,avg_moving_speed08,avg_moving_speed09,avg_moving_speed10,time_moving01,time_moving02,time_moving03,time_moving04,time_moving05,time_moving06,time_moving07,time_moving08,time_moving09,time_moving10,autocorr_1,autocorr_2,autocorr_3,autocorr_4,autocorr_5,autocorr_6,autocorr_7,autocorr_8,autocorr_9,autocorr_10,p_rturn_9_5,p_rturn_9_6,p_rturn_10_5,p_rturn_10_6,p_rturn_11_5,p_rturn_11_6,mean_theta_9_5,min_theta_9_5,max_theta_9_5,mean_theta_9_6,min_theta_9_6,max_theta_9_6,mean_theta_10_5,min_theta_10_5,max_theta_10_5,mean_theta_10_6,min_theta_10_6,max_theta_10_6,mean_theta_11_5,min_theta_11_5,max_theta_11_5,mean_theta_11_6,min_theta_11_6,max_theta_11_6
WellB05_Seq0003/xy22,0,1215.1037569785283,234.2115900206476,0.117801895088,0.0686079152276,0.19275028052175325,25.310408056765915,0.34150256221587305,16.2013834264,1.20991000684,0.614342008289,1.53469748033,313.447181052,2.556996071801096,-0.10614099609,34.4675202986,7.52371993933059,3.3088321696409357,7.308115582831656,3.950028817248831,6.77690191516084,5.307940498732915,3.112274411593094,-0.014817393170861504,1.7142613405576057,1.5762777004887525,6.3734562804,7.25780207736,8.88467054578,10.2118902079,11.3770860885,12.636716995,13.8306813364,14.917294176,16.8605855144,18.136365355,0.9859154929577465,0.8309859154929577,0.6197183098591549,0.49295774647887325,0.4084507042253521,0.3380281690140845,0.28169014084507044,0.23943661971830985,0.18309859154929578,0.15492957746478872,0.0772306625102,-0.0473977537458,0.0138602934116,-0.0421177638223,-0.040743877647,0.263185807056,-0.0519706085851,-0.107780188541,0.0524620560482,-0.119095631149,0.52380952381,0.52380952381,0.55,0.55,0.6,0.6,0.53191579071,0.023493585849230246,1.360758317851377,0.535907934078,0.010619790988622306,1.3634337538516577,0.526730096496,0.01111412324295108,1.2685769895182464,0.498293075212,0.0015632716858430572,1.2129426002199142,0.620440278113,0.007438749972088052,1.762511412584121,0.594485685216,0.002112101584977231,1.7852235948742707
