Well/XY,cell_id,total_distance,net_distance,linearity,spearmanrsq,progressivity,max_speed,min_speed,avg_speed,MSD_slope,hurst_RS,nongauss,disp_var,disp_skew,rw_linearity,rw_netdist,rw_kurtosis01,rw_kurtosis02,rw_kurtosis03,rw_kurtosis04,rw_kurtosis05,rw_kurtosis06,rw_kurtosis07,rw_kurtosis08,rw_kurtosis09,rw_kurtosis10,avg_moving_speed01,avg_moving_speed02,avg_moving_speed03,avg_moving_speed04,avg_moving_speed05,avg_moving_speed06,avg_moving_speed07,avg_moving_speed08,avg_moving_speed09,avg_moving_speed10,time_moving01,time_moving02,time_moving03,time_moving04,time_moving05,time_moving06,time_moving07,time_moving08,time_moving09,time_moving10,autocorr_1,autocorr_2,autocorr_3,autocorr_4,autocorr_5,autocorr_6,autocorr_7,autocorr_8,autocorr_9,autocorr_10,p_rturn_9_5,p_rturn_9_6,p_rturn_10_5,p_rturn_10_6,p_rturn_11_5,p_rturn_11_6,mean_theta_9_5,min_theta_9_5,max_theta_9_5,mean_theta_9_6,min_theta_9_6,max_theta_9_6,mean_theta_10_5,min_theta_10_5,max_theta_10_5,mean_theta_10_6,min_theta_10_6,max_theta_10_6,mean_theta_11_5,min_theta_11_5,max_theta_11_5,mean_theta_11_6,min_theta_11_6,max_theta_11_6
WellC02_Seq0017/xy18,0,2291.0052341697497,529.7469657298661,0.0976673874784,0.056306082222,0.23122905082399087,32.959159758707436,1.0317519081639746,30.1448057128,1.38606207396,0.551779471988,-0.378296091863,234.310088334,0.4627333787010681,-0.122317062493,155.659764713,-0.40414317460977367,-0.9889124599564543,-0.34484728429779077,0.3546301426435674,-0.6124805998458349,-0.7879689430125034,-0.5747616739818406,-0.7415000489763499,-1.2811561417863784,-0.8642113518739039,19.6829452343,19.9414865373,20.1863759384,20.1863759384,20.4167724224,20.6429232748,21.0729218894,21.2777735683,21.4813421632,21.8739591157,1.0,0.9861111111111112,0.9722222222222222,0.9722222222222222,0.9583333333333334,0.9444444444444444,0.9166666666666666,0.9027777777777778,0.8888888888888888,0.8611111111111112,0.128749374346,-0.194758568852,-0.108748242123,-0.122241576597,0.0024914586385,0.141750318432,-0.00120718761254,-0.159588578558,0.0438264506469,-0.000536582992276,0.52380952381,0.428571428571,0.52380952381,0.428571428571,0.45,0.4,0.780207530426,0.12991857413259084,2.2733277031767125,0.711684117068,0.06318811287147844,2.2918927784855474,0.688163310112,0.03594641723202361,1.9250771419198567,0.647601311007,0.014434935192117275,1.8527066232586002,0.637571248617,0.0015142534715722976,1.9926627747978174,0.603163395065,0.022149241728123797,1.953585552938617
