Well/XY,cell_id,total_distance,net_distance,linearity,spearmanrsq,progressivity,max_speed,min_speed,avg_speed,MSD_slope,hurst_RS,nongauss,disp_var,disp_skew,rw_linearity,rw_netdist,rw_kurtosis01,rw_kurtosis02,rw_kurtosis03,rw_kurtosis04,rw_kurtosis05,rw_kurtosis06,rw_kurtosis07,rw_kurtosis08,rw_kurtosis09,rw_kurtosis10,avg_moving_speed01,avg_moving_speed02,avg_moving_speed03,avg_moving_speed04,avg_moving_speed05,avg_moving_speed06,avg_moving_speed07,avg_moving_speed08,avg_moving_speed09,avg_moving_speed10,time_moving01,time_moving02,time_moving03,time_moving04,time_moving05,time_moving06,time_moving07,time_moving08,time_moving09,time_moving10,autocorr_1,autocorr_2,autocorr_3,autocorr_4,autocorr_5,autocorr_6,autocorr_7,autocorr_8,autocorr_9,autocorr_10,p_rturn_9_5,p_rturn_9_6,p_rturn_10_5,p_rturn_10_6,p_rturn_11_5,p_rturn_11_6,mean_theta_9_5,min_theta_9_5,max_theta_9_5,mean_theta_9_6,min_theta_9_6,max_theta_9_6,mean_theta_10_5,min_theta_10_5,max_theta_10_5,mean_theta_10_6,min_theta_10_6,max_theta_10_6,mean_theta_11_5,min_theta_11_5,max_theta_11_5,mean_theta_11_6,min_theta_11_6,max_theta_11_6
WellC02_Seq0017/xy17,0,2146.0280232225796,683.3392774456917,0.58917774847,0.474268512928,0.3184204819560354,37.62132910996101,1.8378694186475688,28.2372108319,1.26696785343,0.618735082974,-0.333153246815,224.285954063,0.5900641675447068,0.361588631237,332.924706349,0.24678698547300204,0.3766255352940924,-0.05398161147435632,0.3339137261638423,-0.4167372257387072,-0.7317105683677068,-0.4894507749931867,-1.0065234053318037,-0.7112293269049981,-1.0787925602282464,22.7180222179,22.7180222179,22.7180222179,22.98222273,22.98222273,22.98222273,22.98222273,22.98222273,23.4057312199,23.6089329533,1.0,1.0,1.0,0.9861111111111112,0.9861111111111112,0.9861111111111112,0.9861111111111112,0.9861111111111112,0.9583333333333334,0.9444444444444444,0.463424282112,0.0576415275763,-0.24284484802,-0.228532135261,-0.0633261366846,0.0943073503131,0.0494533546811,-0.146490980919,-0.223425067485,-0.199083032903,0.619047619048,0.619047619048,0.571428571429,0.52380952381,0.6,0.55,0.762329726902,0.07073921565627092,1.9721036235121583,0.722184592267,0.0014330550122849772,2.024283060716931,0.775361022865,0.04289402827412834,1.9293018570203093,0.785500182797,0.1279145631170467,1.981481294225082,0.642224181108,0.06707805514020831,1.609356841669568,0.649358162046,0.019209211297666097,1.6169718040819865
