Well/XY,cell_id,total_distance,net_distance,linearity,spearmanrsq,progressivity,max_speed,min_speed,avg_speed,MSD_slope,hurst_RS,nongauss,disp_var,disp_skew,rw_linearity,rw_netdist,rw_kurtosis01,rw_kurtosis02,rw_kurtosis03,rw_kurtosis04,rw_kurtosis05,rw_kurtosis06,rw_kurtosis07,rw_kurtosis08,rw_kurtosis09,rw_kurtosis10,avg_moving_speed01,avg_moving_speed02,avg_moving_speed03,avg_moving_speed04,avg_moving_speed05,avg_moving_speed06,avg_moving_speed07,avg_moving_speed08,avg_moving_speed09,avg_moving_speed10,time_moving01,time_moving02,time_moving03,time_moving04,time_moving05,time_moving06,time_moving07,time_moving08,time_moving09,time_moving10,autocorr_1,autocorr_2,autocorr_3,autocorr_4,autocorr_5,autocorr_6,autocorr_7,autocorr_8,autocorr_9,autocorr_10,p_rturn_9_5,p_rturn_9_6,p_rturn_10_5,p_rturn_10_6,p_rturn_11_5,p_rturn_11_6,mean_theta_9_5,min_theta_9_5,max_theta_9_5,mean_theta_9_6,min_theta_9_6,max_theta_9_6,mean_theta_10_5,min_theta_10_5,max_theta_10_5,mean_theta_10_6,min_theta_10_6,max_theta_10_6,mean_theta_11_5,min_theta_11_5,max_theta_11_5,mean_theta_11_6,min_theta_11_6,max_theta_11_6
WellC02_Seq0017/xy09,0,917.6797666702699,413.638043946637,0.014612336805,0.0747965986266,0.45074334094505614,16.18877845916735,0.9015009706040267,12.074733772,1.70837255403,0.754936423382,-0.242335472791,49.7148538034,0.8542340111023952,-0.218158021741,263.794538474,0.4395881500577019,-0.7740511275951567,-1.1789914495296858,-1.050327469329141,-0.9944373781173259,-0.913172953980907,-0.16585403907933927,-0.9060297870913927,-1.4940125951302539,-1.214467736381852,11.9794272275,12.1241352651,12.2674058992,12.2674058992,12.6120027878,12.9535705702,13.1671883247,13.447256884,14.2798755655,14.9517210884,0.9722222222222222,0.9583333333333334,0.9444444444444444,0.9444444444444444,0.9027777777777778,0.8611111111111112,0.8333333333333334,0.7916666666666666,0.6805555555555556,0.5972222222222222,0.222935102213,0.323205032174,0.211637735732,0.119397129635,-0.00310466232267,-0.198609118838,-0.110027121125,-0.0985743227439,-0.0987791051313,-0.144386643186,0.809523809524,0.857142857143,0.761904761905,0.761904761905,0.9,0.9,0.450697888173,0.02265631520897765,2.7565593803861708,0.33983160062,0.0005907588391468055,2.2108193608277125,0.597651470329,0.041076676931914274,2.786437758305465,0.495029082535,0.026622500189772972,2.836609618618589,0.568802207196,0.05059855539755678,2.8324788714166265,0.450608010828,0.007449620292990107,2.1155022204527456
