Well/XY,cell_id,total_distance,net_distance,linearity,spearmanrsq,progressivity,max_speed,min_speed,avg_speed,MSD_slope,hurst_RS,nongauss,disp_var,disp_skew,rw_linearity,rw_netdist,rw_kurtosis01,rw_kurtosis02,rw_kurtosis03,rw_kurtosis04,rw_kurtosis05,rw_kurtosis06,rw_kurtosis07,rw_kurtosis08,rw_kurtosis09,rw_kurtosis10,avg_moving_speed01,avg_moving_speed02,avg_moving_speed03,avg_moving_speed04,avg_moving_speed05,avg_moving_speed06,avg_moving_speed07,avg_moving_speed08,avg_moving_speed09,avg_moving_speed10,time_moving01,time_moving02,time_moving03,time_moving04,time_moving05,time_moving06,time_moving07,time_moving08,time_moving09,time_moving10,autocorr_1,autocorr_2,autocorr_3,autocorr_4,autocorr_5,autocorr_6,autocorr_7,autocorr_8,autocorr_9,autocorr_10,p_rturn_9_5,p_rturn_9_6,p_rturn_10_5,p_rturn_10_6,p_rturn_11_5,p_rturn_11_6,mean_theta_9_5,min_theta_9_5,max_theta_9_5,mean_theta_9_6,min_theta_9_6,max_theta_9_6,mean_theta_10_5,min_theta_10_5,max_theta_10_5,mean_theta_10_6,min_theta_10_6,max_theta_10_6,mean_theta_11_5,min_theta_11_5,max_theta_11_5,mean_theta_11_6,min_theta_11_6,max_theta_11_6
WellB11_Seq0009/xy25,0,383.13114566547466,34.055851185956286,0.635241192924,0.558788814762,0.08888823467171644,11.12742953246614,0.4152156066431121,6.17953460751,0.896777231446,0.871505811324,0.166203438128,22.5538531949,1.4774979966906305,0.373308212394,-35.3092527471,1.776024265535768,0.743906203652462,-0.3171994005537626,0.9135794741966135,-0.2328374436616838,-0.18012671361820853,-0.5807964112492474,-1.0205611936173746,-0.6433988785636151,-1.325885814806163,4.85985465018,5.5008774951,5.7283737891,6.15302705436,7.24608346168,7.80336382034,9.39699359255,10.5522151466,11.8601210371,11.8601210371,0.9482758620689655,0.7931034482758621,0.7413793103448276,0.6206896551724138,0.3793103448275862,0.29310344827586204,0.13793103448275862,0.08620689655172414,0.05172413793103448,0.05172413793103448,0.407366314466,0.289800471093,0.466799041107,0.0835951547517,0.212231888925,0.230395153954,0.047489434254,0.188363588942,0.133539177618,-0.0190919847238,0.4375,0.4375,0.375,0.25,0.375,0.3125,0.718395514233,0.03693053457149151,2.871127434797166,0.627877988671,0.031164425245140223,2.8497332864205456,0.544221640735,0.012684989816375137,2.4513575837386496,0.444549219357,0.002734887141423785,2.5306364031644892,0.483450926964,0.017647428582725676,2.41578890245106,0.525809342385,0.013491928881406238,2.4950677218768993
