Well/XY,cell_id,total_distance,net_distance,linearity,spearmanrsq,progressivity,max_speed,min_speed,avg_speed,MSD_slope,hurst_RS,nongauss,disp_var,disp_skew,rw_linearity,rw_netdist,rw_kurtosis01,rw_kurtosis02,rw_kurtosis03,rw_kurtosis04,rw_kurtosis05,rw_kurtosis06,rw_kurtosis07,rw_kurtosis08,rw_kurtosis09,rw_kurtosis10,avg_moving_speed01,avg_moving_speed02,avg_moving_speed03,avg_moving_speed04,avg_moving_speed05,avg_moving_speed06,avg_moving_speed07,avg_moving_speed08,avg_moving_speed09,avg_moving_speed10,time_moving01,time_moving02,time_moving03,time_moving04,time_moving05,time_moving06,time_moving07,time_moving08,time_moving09,time_moving10,autocorr_1,autocorr_2,autocorr_3,autocorr_4,autocorr_5,autocorr_6,autocorr_7,autocorr_8,autocorr_9,autocorr_10,p_rturn_9_5,p_rturn_9_6,p_rturn_10_5,p_rturn_10_6,p_rturn_11_5,p_rturn_11_6,mean_theta_9_5,min_theta_9_5,max_theta_9_5,mean_theta_9_6,min_theta_9_6,max_theta_9_6,mean_theta_10_5,min_theta_10_5,max_theta_10_5,mean_theta_10_6,min_theta_10_6,max_theta_10_6,mean_theta_11_5,min_theta_11_5,max_theta_11_5,mean_theta_11_6,min_theta_11_6,max_theta_11_6
WellB11_Seq0009/xy05,0,62.948383012119834,2.4505509584581224,0.0395632850184,0.0523269272316,0.03892952989731766,0.5170415844010869,0.008246211251227821,1.0152965002,0.141591349618,0.598107267445,-0.353186779,0.308013139456,0.4294358364943825,-0.195159098905,-8.94612399071,-0.6447372038965655,-1.085429410819774,0.05629708613658435,-0.9965597045332037,0.23057149763909068,-0.7836197750739351,-1.3706822982404336,0.6076646140445838,-1.6497224525082557,-0.5606941897728874,0.0,0.0,0.0,0.0,0.0,0.0,0.0,0.0,0.0,0.0,0.0,0.0,0.0,0.0,0.0,0.0,0.0,0.0,0.0,0.0,0.0763234683251,-0.244233463802,0.0644896966377,0.175490081756,-0.258357712623,-0.332465838793,0.146853068805,0.301138760992,-0.161982669763,-0.234748345066,0.6875,0.625,0.5,0.5,0.375,0.375,0.510110576155,0.0378789174051349,1.4694412738848721,0.507576716982,0.05428639844310857,1.4061304853858436,0.450650075306,0.060349841802151985,1.1945455315966533,0.456459062279,0.03399208154668883,1.2035961030134628,0.503919884683,0.010578018089611022,1.2676956164042408,0.494478419977,0.026604820690314827,1.2019168493687598
