Well/XY,cell_id,total_distance,net_distance,linearity,spearmanrsq,progressivity,max_speed,min_speed,avg_speed,MSD_slope,hurst_RS,nongauss,disp_var,disp_skew,rw_linearity,rw_netdist,rw_kurtosis01,rw_kurtosis02,rw_kurtosis03,rw_kurtosis04,rw_kurtosis05,rw_kurtosis06,rw_kurtosis07,rw_kurtosis08,rw_kurtosis09,rw_kurtosis10,avg_moving_speed01,avg_moving_speed02,avg_moving_speed03,avg_moving_speed04,avg_moving_speed05,avg_moving_speed06,avg_moving_speed07,avg_moving_speed08,avg_moving_speed09,avg_moving_speed10,time_moving01,time_moving02,time_moving03,time_moving04,time_moving05,time_moving06,time_moving07,time_moving08,time_moving09,time_moving10,autocorr_1,autocorr_2,autocorr_3,autocorr_4,autocorr_5,autocorr_6,autocorr_7,autocorr_8,autocorr_9,autocorr_10,p_rturn_9_5,p_rturn_9_6,p_rturn_10_5,p_rturn_10_6,p_rturn_11_5,p_rturn_11_6,mean_theta_9_5,min_theta_9_5,max_theta_9_5,mean_theta_9_6,min_theta_9_6,max_theta_9_6,mean_theta_10_5,min_theta_10_5,max_theta_10_5,mean_theta_10_6,min_theta_10_6,max_theta_10_6,mean_theta_11_5,min_theta_11_5,max_theta_11_5,mean_theta_11_6,min_theta_11_6,max_theta_11_6
WellB11_Seq0009/xy06,0,90.33016929589459,4.147878976055152,0.157040907663,0.0730511779064,0.04591908781293149,0.9612158966642144,0.0943398113205429,1.45693821445,0.388542270532,0.537884228402,0.0171337508799,1.05654182013,1.2119722136850437,-0.131373722997,-12.2062119205,1.662756922326249,-0.02079746552971029,7.4927452102484615,-1.2870101368372728,2.536905275417012,3.1330150838607427,1.8236690471631398,-1.4140861744503619,-1.3847999433219627,0.8964544249136694,1.0790291933,0.0,0.0,0.0,0.0,0.0,0.0,0.0,0.0,0.0,0.017241379310344827,0.0,0.0,0.0,0.0,0.0,0.0,0.0,0.0,0.0,0.228137256408,-0.0643850317143,-0.197067947071,-0.220433540337,-0.0836373850328,-0.056016353026,0.0425033697596,0.0743619256435,0.120023381499,0.0626945435214,0.4375,0.5,0.5625,0.625,0.461538461538,0.384615384615,1.28034668038,0.2507743329662994,2.7883094366908545,1.24074220356,0.3144804182024669,2.7320906185599068,1.25580354712,0.28029750637648393,2.575298215201666,1.25796594381,0.3133398699647744,2.451996585206613,1.79751619776,0.08179697460053012,2.7159372730422247,1.85022516784,0.40324172682490605,2.5661505715350854
