Well/XY,cell_id,total_distance,net_distance,linearity,spearmanrsq,progressivity,max_speed,min_speed,avg_speed,MSD_slope,hurst_RS,nongauss,disp_var,disp_skew,rw_linearity,rw_netdist,rw_kurtosis01,rw_kurtosis02,rw_kurtosis03,rw_kurtosis04,rw_kurtosis05,rw_kurtosis06,rw_kurtosis07,rw_kurtosis08,rw_kurtosis09,rw_kurtosis10,avg_moving_speed01,avg_moving_speed02,avg_moving_speed03,avg_moving_speed04,avg_moving_speed05,avg_moving_speed06,avg_moving_speed07,avg_moving_speed08,avg_moving_speed09,avg_moving_speed10,time_moving01,time_moving02,time_moving03,time_moving04,time_moving05,time_moving06,time_moving07,time_moving08,time_moving09,time_moving10,autocorr_1,autocorr_2,autocorr_3,autocorr_4,autocorr_5,autocorr_6,autocorr_7,autocorr_8,autocorr_9,autocorr_10,p_rturn_9_5,p_rturn_9_6,p_rturn_10_5,p_rturn_10_6,p_rturn_11_5,p_rturn_11_6,mean_theta_9_5,min_theta_9_5,max_theta_9_5,mean_theta_9_6,min_theta_9_6,max_theta_9_6,mean_theta_10_5,min_theta_10_5,max_theta_10_5,mean_theta_10_6,min_theta_10_6,max_theta_10_6,mean_theta_11_5,min_theta_11_5,max_theta_11_5,mean_theta_11_6,min_theta_11_6,max_theta_11_6
WellB11_Seq0009/xy23,0,124.91308894836935,32.58923748724416,0.874827518253,0.38795647302,0.26089529737523626,2.7779820013815786,0.03440930106815772,2.0147272411,1.12091138338,0.831343905127,-0.0243360821252,1.77254120528,1.3053437062880542,0.624243401264,9.97398029522,2.134087465464919,-0.05397108281717644,0.7176594098750049,-0.45062945182597414,-1.1061794670924476,-1.410006438589013,-1.4981297589080256,-0.9577375226370921,-1.4636918781317967,-1.4486391041611315,2.15839441445,2.49178898295,3.13387700774,0.0,0.0,0.0,0.0,0.0,0.0,0.0,0.41379310344827586,0.25862068965517243,0.034482758620689655,0.0,0.0,0.0,0.0,0.0,0.0,0.0,0.306388943428,0.291252018228,0.2535966314,0.403113488706,0.0771792015839,0.19924182863,0.220642179977,0.234579355711,0.0368021036968,0.189785393359,0.4375,0.4375,0.4375,0.375,0.4375,0.4375,0.546068259996,0.027581703064401213,2.3402187626260518,0.525858704301,0.026283468829027573,2.3515897737968903,0.499592024531,0.0074587276560712625,1.5038308068465933,0.489317307207,0.05860817335121565,1.5406297846578954,0.476666951219,0.014475939177238072,1.3762875004525659,0.462219891028,0.006423489920081352,1.4130864782638681
