Well/XY,cell_id,total_distance,net_distance,linearity,spearmanrsq,progressivity,max_speed,min_speed,avg_speed,MSD_slope,hurst_RS,nongauss,disp_var,disp_skew,rw_linearity,rw_netdist,rw_kurtosis01,rw_kurtosis02,rw_kurtosis03,rw_kurtosis04,rw_kurtosis05,rw_kurtosis06,rw_kurtosis07,rw_kurtosis08,rw_kurtosis09,rw_kurtosis10,avg_moving_speed01,avg_moving_speed02,avg_moving_speed03,avg_moving_speed04,avg_moving_speed05,avg_moving_speed06,avg_moving_speed07,avg_moving_speed08,avg_moving_speed09,avg_moving_speed10,time_moving01,time_moving02,time_moving03,time_moving04,time_moving05,time_moving06,time_moving07,time_moving08,time_moving09,time_moving10,autocorr_1,autocorr_2,autocorr_3,autocorr_4,autocorr_5,autocorr_6,autocorr_7,autocorr_8,autocorr_9,autocorr_10,p_rturn_9_5,p_rturn_9_6,p_rturn_10_5,p_rturn_10_6,p_rturn_11_5,p_rturn_11_6,mean_theta_9_5,min_theta_9_5,max_theta_9_5,mean_theta_9_6,min_theta_9_6,max_theta_9_6,mean_theta_10_5,min_theta_10_5,max_theta_10_5,mean_theta_10_6,min_theta_10_6,max_theta_10_6,mean_theta_11_5,min_theta_11_5,max_theta_11_5,mean_theta_11_6,min_theta_11_6,max_theta_11_6
WellC05_Seq0016/xy11,0,215.9306430126126,2.5238858928247674,0.79995491876,0.814998598568,0.011688410026534984,6.014682036483723,0.0,3.48275230666,1.62716632521,0.885897667356,-0.196306283466,5.1250451313,0.7415447756664207,0.585476154137,-36.5699117907,-0.12945265201973122,-0.8110555978291667,-0.9733863067458826,-1.4022313781222093,-1.1251004979576607,-1.4507247025183176,-1.1259516276263482,-1.3910574265501765,-1.0725323664034403,-0.22070156053176326,3.74034498447,3.96159754466,4.39407852781,4.94072637378,5.5119844946,6.14833310744,0.0,0.0,0.0,0.0,0.7586206896551724,0.6896551724137931,0.5344827586206896,0.3275862068965517,0.13793103448275862,0.017241379310344827,0.0,0.0,0.0,0.0,0.264163171074,0.300013668848,0.388471559377,0.0428041840881,0.2554411879,0.0682002842036,0.101904312644,0.0356978050831,-0.0464181871586,0.119153132968,0.4,0.4,0.5625,0.5625,0.4375,0.4375,0.52416803141,0.029235241423101365,2.6601113852501603,0.533561435858,0.04001651299805571,2.26651312612806,0.264554747421,0.00955614617217986,1.6450507744918694,0.315265806865,0.0022303693263914077,1.827887736361498,0.347119975183,0.0049319911939368615,2.4349469149831826,0.398604679374,0.004670132610406267,2.4171657539803983
