Well/XY,cell_id,total_distance,net_distance,linearity,spearmanrsq,progressivity,max_speed,min_speed,avg_speed,MSD_slope,hurst_RS,nongauss,disp_var,disp_skew,rw_linearity,rw_netdist,rw_kurtosis01,rw_kurtosis02,rw_kurtosis03,rw_kurtosis04,rw_kurtosis05,rw_kurtosis06,rw_kurtosis07,rw_kurtosis08,rw_kurtosis09,rw_kurtosis10,avg_moving_speed01,avg_moving_speed02,avg_moving_speed03,avg_moving_speed04,avg_moving_speed05,avg_moving_speed06,avg_moving_speed07,avg_moving_speed08,avg_moving_speed09,avg_moving_speed10,time_moving01,time_moving02,time_moving03,time_moving04,time_moving05,time_moving06,time_moving07,time_moving08,time_moving09,time_moving10,autocorr_1,autocorr_2,autocorr_3,autocorr_4,autocorr_5,autocorr_6,autocorr_7,autocorr_8,autocorr_9,autocorr_10,p_rturn_9_5,p_rturn_9_6,p_rturn_10_5,p_rturn_10_6,p_rturn_11_5,p_rturn_11_6,mean_theta_9_5,min_theta_9_5,max_theta_9_5,mean_theta_9_6,min_theta_9_6,max_theta_9_6,mean_theta_10_5,min_theta_10_5,max_theta_10_5,mean_theta_10_6,min_theta_10_6,max_theta_10_6,mean_theta_11_5,min_theta_11_5,max_theta_11_5,mean_theta_11_6,min_theta_11_6,max_theta_11_6
WellC05_Seq0016/xy18,0,583.4507925199939,91.3394219381752,0.920420525328,0.96201240843,0.15655034342085525,14.85440002154245,0.29732137494639027,9.41049665355,1.24884510801,0.597332529561,-0.252273155723,31.5522680955,0.718482032277145,0.688283014303,-14.2931410127,-0.05884742090425865,-1.0397016648144122,-0.4123887167822793,-0.9812325545310343,-0.7622887413815329,-0.980973696861982,-1.3628215848871577,-0.5802197730081788,-1.6904714830460517,-1.467460893577121,8.20555546922,8.57917219952,9.24419793123,9.64394308395,9.75918680257,10.0840476826,11.0363796765,11.4443042059,12.2862296965,12.8883453082,0.9310344827586207,0.8793103448275862,0.7931034482758621,0.7413793103448276,0.7241379310344828,0.6724137931034483,0.5344827586206896,0.4827586206896552,0.3793103448275862,0.3103448275862069,0.244795178329,0.229890035709,0.151625588848,-0.0209612881184,0.0123048212757,-0.165355284178,-0.24888608128,-0.166176741529,-0.0932221553455,-0.184842288397,0.3125,0.4375,0.4375,0.5,0.4375,0.5,0.591830789967,0.016444882714902402,2.3182655735554962,0.588332808214,0.0027504139336232475,2.357791511138612,0.27822619131,0.021474075268718515,1.5655825840248612,0.270868067768,0.018628483997101472,1.6486547841791293,0.276344114451,0.04218211248708028,1.568041272521767,0.274814270012,0.02262392579515823,1.6511134726760353
