Well/XY,cell_id,total_distance,net_distance,linearity,spearmanrsq,progressivity,max_speed,min_speed,avg_speed,MSD_slope,hurst_RS,nongauss,disp_var,disp_skew,rw_linearity,rw_netdist,rw_kurtosis01,rw_kurtosis02,rw_kurtosis03,rw_kurtosis04,rw_kurtosis05,rw_kurtosis06,rw_kurtosis07,rw_kurtosis08,rw_kurtosis09,rw_kurtosis10,avg_moving_speed01,avg_moving_speed02,avg_moving_speed03,avg_moving_speed04,avg_moving_speed05,avg_moving_speed06,avg_moving_speed07,avg_moving_speed08,avg_moving_speed09,avg_moving_speed10,time_moving01,time_moving02,time_moving03,time_moving04,time_moving05,time_moving06,time_moving07,time_moving08,time_moving09,time_moving10,autocorr_1,autocorr_2,autocorr_3,autocorr_4,autocorr_5,autocorr_6,autocorr_7,autocorr_8,autocorr_9,autocorr_10,p_rturn_9_5,p_rturn_9_6,p_rturn_10_5,p_rturn_10_6,p_rturn_11_5,p_rturn_11_6,mean_theta_9_5,min_theta_9_5,max_theta_9_5,mean_theta_9_6,min_theta_9_6,max_theta_9_6,mean_theta_10_5,min_theta_10_5,max_theta_10_5,mean_theta_10_6,min_theta_10_6,max_theta_10_6,mean_theta_11_5,min_theta_11_5,max_theta_11_5,mean_theta_11_6,min_theta_11_6,max_theta_11_6
WellD06_Seq0022/xy03,0,422.3700978217446,5.0,0.839890451892,0.80347913293,0.011837959234770877,5.317518218116437,0.2059126028197559,5.63160130429,1.15220355956,0.731950691851,-0.154539335056,10.8899130861,1.2127186235836795,0.625439516361,-64.4310438786,1.70843111526374,-0.019251340288826135,-0.29223452322347043,0.30547565842748314,-0.4172014355064033,-0.47054564575835567,-0.5584564271614303,0.18996161799415434,-1.5347500887432648,-1.293714976944182,2.33545047631,3.36109560558,4.04562043176,4.65345720679,5.19141163785,0.0,0.0,0.0,0.0,0.0,0.7887323943661971,0.3380281690140845,0.19718309859154928,0.09859154929577464,0.028169014084507043,0.0,0.0,0.0,0.0,0.0,0.347738099102,0.104874718433,-0.00507142845281,-0.070702381221,0.0939367191469,0.0280961518129,0.0495242454496,-0.0944968777574,0.0273181344176,0.00324082117021,0.428571428571,0.47619047619,0.45,0.45,0.4,0.55,0.687222132223,0.05257746282275738,1.590247237051304,0.661024408007,0.044966836089298926,1.6511858762715388,0.561679126819,0.052393146073310005,1.7000275956209683,0.53486193208,0.008496127408065709,1.740361780905758,0.474823992886,0.0039366072041069336,1.2294904613615818,0.462706748027,0.035668701858356924,0.937030472141959
