Well/XY,cell_id,total_distance,net_distance,linearity,spearmanrsq,progressivity,max_speed,min_speed,avg_speed,MSD_slope,hurst_RS,nongauss,disp_var,disp_skew,rw_linearity,rw_netdist,rw_kurtosis01,rw_kurtosis02,rw_kurtosis03,rw_kurtosis04,rw_kurtosis05,rw_kurtosis06,rw_kurtosis07,rw_kurtosis08,rw_kurtosis09,rw_kurtosis10,avg_moving_speed01,avg_moving_speed02,avg_moving_speed03,avg_moving_speed04,avg_moving_speed05,avg_moving_speed06,avg_moving_speed07,avg_moving_speed08,avg_moving_speed09,avg_moving_speed10,time_moving01,time_moving02,time_moving03,time_moving04,time_moving05,time_moving06,time_moving07,time_moving08,time_moving09,time_moving10,autocorr_1,autocorr_2,autocorr_3,autocorr_4,autocorr_5,autocorr_6,autocorr_7,autocorr_8,autocorr_9,autocorr_10,p_rturn_9_5,p_rturn_9_6,p_rturn_10_5,p_rturn_10_6,p_rturn_11_5,p_rturn_11_6,mean_theta_9_5,min_theta_9_5,max_theta_9_5,mean_theta_9_6,min_theta_9_6,max_theta_9_6,mean_theta_10_5,min_theta_10_5,max_theta_10_5,mean_theta_10_6,min_theta_10_6,max_theta_10_6,mean_theta_11_5,min_theta_11_5,max_theta_11_5,mean_theta_11_6,min_theta_11_6,max_theta_11_6
WellD06_Seq0022/xy21,0,1418.9377638122687,181.80607800620984,0.590910064169,0.707325898562,0.12812829614017063,28.451249533192748,0.47413078364522476,18.9191701842,1.16431535371,0.719863460219,0.745019156738,290.289294153,2.0928931963852375,0.384031948295,-51.4451172094,5.0969835416191,3.183506866367539,0.5185659828760221,1.5494069550282719,-0.6135659205935151,-0.23886704079602783,-1.0285216835346658,-0.5818087191868813,-1.1697030669077675,-1.6393400014814354,7.82890898844,8.41227857455,9.26571750702,10.5506574671,11.4611491996,12.3234324599,13.8451458287,14.9694774109,15.2570536354,15.5410916733,0.971830985915493,0.8873239436619719,0.7746478873239436,0.6338028169014085,0.5492957746478874,0.4788732394366197,0.38028169014084506,0.323943661971831,0.30985915492957744,0.29577464788732394,0.185466235099,0.194768664206,0.195566404523,0.232326150304,0.14423225573,0.0236737402844,-0.0742713697527,-0.102976750819,-0.0878281384689,-0.145834616141,0.428571428571,0.380952380952,0.3,0.3,0.4,0.35,0.583524034421,0.0032971863601022763,2.6162397481009827,0.572071526366,0.009203057937244657,2.643349066036705,0.47857577392,0.0102223412578361,2.5958877759900902,0.462413190495,0.03151674493965988,2.6229970939258127,0.563528695882,0.02801254539405745,2.9637638878424934,0.529114941426,0.01009400162032849,2.856770474985907
