Well/XY,cell_id,total_distance,net_distance,linearity,spearmanrsq,progressivity,max_speed,min_speed,avg_speed,MSD_slope,hurst_RS,nongauss,disp_var,disp_skew,rw_linearity,rw_netdist,rw_kurtosis01,rw_kurtosis02,rw_kurtosis03,rw_kurtosis04,rw_kurtosis05,rw_kurtosis06,rw_kurtosis07,rw_kurtosis08,rw_kurtosis09,rw_kurtosis10,avg_moving_speed01,avg_moving_speed02,avg_moving_speed03,avg_moving_speed04,avg_moving_speed05,avg_moving_speed06,avg_moving_speed07,avg_moving_speed08,avg_moving_speed09,avg_moving_speed10,time_moving01,time_moving02,time_moving03,time_moving04,time_moving05,time_moving06,time_moving07,time_moving08,time_moving09,time_moving10,autocorr_1,autocorr_2,autocorr_3,autocorr_4,autocorr_5,autocorr_6,autocorr_7,autocorr_8,autocorr_9,autocorr_10,p_rturn_9_5,p_rturn_9_6,p_rturn_10_5,p_rturn_10_6,p_rturn_11_5,p_rturn_11_6,mean_theta_9_5,min_theta_9_5,max_theta_9_5,mean_theta_9_6,min_theta_9_6,max_theta_9_6,mean_theta_10_5,min_theta_10_5,max_theta_10_5,mean_theta_10_6,min_theta_10_6,max_theta_10_6,mean_theta_11_5,min_theta_11_5,max_theta_11_5,mean_theta_11_6,min_theta_11_6,max_theta_11_6
WellD06_Seq0022/xy13,0,1131.5050910558928,251.8835097818037,0.0872599672228,0.0722775476565,0.22260925891791808,30.825666253951436,3.432855953866979,15.0867345474,1.46178429501,0.905136062217,0.0556559297058,114.408237562,1.3893075827521455,-0.187107372443,65.8817543755,1.6085787396509605,3.105628048665766,1.6854068869178747,1.6901637342220575,0.7008471012161759,1.2710926641173845,0.2035769679548829,-0.5538022313290276,-0.8875579388586852,-1.0869816905305252,12.62751864,12.62751864,12.62751864,12.7523512357,12.8659639376,13.4442395579,14.4322450254,15.0927579676,17.1570115724,18.0512043236,1.0,1.0,1.0,0.9859154929577465,0.971830985915493,0.9014084507042254,0.7887323943661971,0.7183098591549296,0.5492957746478874,0.49295774647887325,0.681180761785,0.555388626451,0.404457926724,0.276706943218,0.161111289054,0.138897077592,0.121035882723,-0.0494903305264,-0.0940706003983,-0.114789879048,0.428571428571,0.428571428571,0.4,0.45,0.35,0.4,0.458374743638,0.0002245871288424471,1.9733120109703057,0.488243902799,0.003940669321084767,1.9667835399829212,0.502428035991,0.025093392269147433,1.9292658833570162,0.521701995737,0.031647237310053915,1.9227374123696317,0.540207083003,0.007769936122276788,1.9048768278256656,0.557610053137,0.028175200069874194,1.898348356838281
