Well/XY,cell_id,total_distance,net_distance,linearity,spearmanrsq,progressivity,max_speed,min_speed,avg_speed,MSD_slope,hurst_RS,nongauss,disp_var,disp_skew,rw_linearity,rw_netdist,rw_kurtosis01,rw_kurtosis02,rw_kurtosis03,rw_kurtosis04,rw_kurtosis05,rw_kurtosis06,rw_kurtosis07,rw_kurtosis08,rw_kurtosis09,rw_kurtosis10,avg_moving_speed01,avg_moving_speed02,avg_moving_speed03,avg_moving_speed04,avg_moving_speed05,avg_moving_speed06,avg_moving_speed07,avg_moving_speed08,avg_moving_speed09,avg_moving_speed10,time_moving01,time_moving02,time_moving03,time_moving04,time_moving05,time_moving06,time_moving07,time_moving08,time_moving09,time_moving10,autocorr_1,autocorr_2,autocorr_3,autocorr_4,autocorr_5,autocorr_6,autocorr_7,autocorr_8,autocorr_9,autocorr_10,p_rturn_9_5,p_rturn_9_6,p_rturn_10_5,p_rturn_10_6,p_rturn_11_5,p_rturn_11_6,mean_theta_9_5,min_theta_9_5,max_theta_9_5,mean_theta_9_6,min_theta_9_6,max_theta_9_6,mean_theta_10_5,min_theta_10_5,max_theta_10_5,mean_theta_10_6,min_theta_10_6,max_theta_10_6,mean_theta_11_5,min_theta_11_5,max_theta_11_5,mean_theta_11_6,min_theta_11_6,max_theta_11_6
WellD06_Seq0022/xy17,0,1088.56070761894,296.312079402781,0.520581060664,0.498149562421,0.27220537846797577,18.86441358749325,1.1460698059018928,14.5141427683,1.58511251141,0.7468251976,-0.0673485277595,93.8167047483,1.1704233961123305,0.292899523768,117.369709559,1.2492318135304972,1.0136992122186426,1.7623818959214974,2.886343143126126,1.5863329896161895,0.4455186884860085,-0.8298833741424616,2.2407463685386677,1.8467038347335283,0.19020859166405302,7.00919566554,7.42644389928,8.30594171987,9.07334971841,9.86511757796,11.4235985609,11.7821991857,12.7504200406,13.3480423236,15.8657193642,1.0,0.9295774647887324,0.7887323943661971,0.676056338028169,0.5774647887323944,0.4225352112676056,0.39436619718309857,0.323943661971831,0.28169014084507044,0.16901408450704225,0.357803631417,0.10039003394,0.0239328053148,-0.0385333258497,-0.0245864070502,-0.204778738971,-0.0793992604357,0.0314526272438,0.331630640468,0.257355526989,0.52380952381,0.52380952381,0.45,0.45,0.5,0.5,0.951736951382,0.018647341055697313,2.568417677798679,0.942127562811,0.04325358309440815,2.6462555343271794,1.08437021554,0.015867997798811984,2.8814422157032857,1.05890000991,0.008619501135330122,2.9030876564832795,1.05293673946,0.01038809926327194,2.8146194700054736,1.0378553081,0.01421814277546114,2.8362649107854674
