Well/XY,cell_id,total_distance,net_distance,linearity,spearmanrsq,progressivity,max_speed,min_speed,avg_speed,MSD_slope,hurst_RS,nongauss,disp_var,disp_skew,rw_linearity,rw_netdist,rw_kurtosis01,rw_kurtosis02,rw_kurtosis03,rw_kurtosis04,rw_kurtosis05,rw_kurtosis06,rw_kurtosis07,rw_kurtosis08,rw_kurtosis09,rw_kurtosis10,avg_moving_speed01,avg_moving_speed02,avg_moving_speed03,avg_moving_speed04,avg_moving_speed05,avg_moving_speed06,avg_moving_speed07,avg_moving_speed08,avg_moving_speed09,avg_moving_speed10,time_moving01,time_moving02,time_moving03,time_moving04,time_moving05,time_moving06,time_moving07,time_moving08,time_moving09,time_moving10,autocorr_1,autocorr_2,autocorr_3,autocorr_4,autocorr_5,autocorr_6,autocorr_7,autocorr_8,autocorr_9,autocorr_10,p_rturn_9_5,p_rturn_9_6,p_rturn_10_5,p_rturn_10_6,p_rturn_11_5,p_rturn_11_6,mean_theta_9_5,min_theta_9_5,max_theta_9_5,mean_theta_9_6,min_theta_9_6,max_theta_9_6,mean_theta_10_5,min_theta_10_5,max_theta_10_5,mean_theta_10_6,min_theta_10_6,max_theta_10_6,mean_theta_11_5,min_theta_11_5,max_theta_11_5,mean_theta_11_6,min_theta_11_6,max_theta_11_6
WellD06_Seq0022/xy19,0,873.9601590866373,78.05549308024396,0.378509984216,0.382816613658,0.08931241575338925,12.486793023030375,0.17204650534085994,11.6528021212,0.329566634653,0.808331335719,0.43429777071,107.887133732,1.585200920882259,0.137674931103,-65.6099000587,2.6327616401045937,-0.5840968826340425,2.486663616001949,-1.1225406723300768,0.13821341788752406,-0.1745070708280685,-1.2650501522191442,-1.3890082245701876,0.9408965654413812,-0.18170185556958973,3.13679440186,3.94068720411,4.73958016399,5.79579042007,6.49013534184,7.72202034933,8.48499889085,9.35643094347,9.35643094347,0.0,0.7605633802816901,0.5070422535211268,0.323943661971831,0.18309859154929578,0.11267605633802817,0.04225352112676056,0.028169014084507043,0.014084507042253521,0.014084507042253521,0.0,0.588955076277,0.306269265159,0.338295543825,0.193823883917,0.0640223848173,0.0578309830843,0.0725600604673,-0.00647768084171,-0.00275876317391,-0.000201006121628,0.47619047619,0.52380952381,0.55,0.6,0.5,0.4,0.994531858584,0.21677823020535988,2.313142479120203,0.999580667343,0.00834737717522651,2.386917888657102,0.831200286116,0.03178674976565396,2.0061046095463975,0.80092134542,0.023676177380718658,1.7421176592023364,0.71523158191,0.0189468071506795,1.6872674715747842,0.741295112204,0.0227128367954088,1.7137549129974072
