Well/XY,cell_id,total_distance,net_distance,linearity,spearmanrsq,progressivity,max_speed,min_speed,avg_speed,MSD_slope,hurst_RS,nongauss,disp_var,disp_skew,rw_linearity,rw_netdist,rw_kurtosis01,rw_kurtosis02,rw_kurtosis03,rw_kurtosis04,rw_kurtosis05,rw_kurtosis06,rw_kurtosis07,rw_kurtosis08,rw_kurtosis09,rw_kurtosis10,avg_moving_speed01,avg_moving_speed02,avg_moving_speed03,avg_moving_speed04,avg_moving_speed05,avg_moving_speed06,avg_moving_speed07,avg_moving_speed08,avg_moving_speed09,avg_moving_speed10,time_moving01,time_moving02,time_moving03,time_moving04,time_moving05,time_moving06,time_moving07,time_moving08,time_moving09,time_moving10,autocorr_1,autocorr_2,autocorr_3,autocorr_4,autocorr_5,autocorr_6,autocorr_7,autocorr_8,autocorr_9,autocorr_10,p_rturn_9_5,p_rturn_9_6,p_rturn_10_5,p_rturn_10_6,p_rturn_11_5,p_rturn_11_6,mean_theta_9_5,min_theta_9_5,max_theta_9_5,mean_theta_9_6,min_theta_9_6,max_theta_9_6,mean_theta_10_5,min_theta_10_5,max_theta_10_5,mean_theta_10_6,min_theta_10_6,max_theta_10_6,mean_theta_11_5,min_theta_11_5,max_theta_11_5,mean_theta_11_6,min_theta_11_6,max_theta_11_6
WellD06_Seq0022/xy15,0,967.0362133922274,45.79962663603273,0.56179615202,0.625212867501,0.04736081855236223,19.660905574260813,0.30730440934031317,12.8938161786,0.979843608324,0.629037809446,4.0869168402,262.83812114,4.1735970401155535,0.324509874861,-113.16601537,20.60127285008393,2.6046482192682143,1.2977392885723882,0.01297676299435535,-1.1917892716585183,0.07514312290075909,-0.7789423838914784,-0.34591133247168093,-1.1704338035494568,-0.7191281057408103,4.96004228942,5.56035480331,6.10734974207,6.62192784939,7.48868876679,8.60952743172,10.866193498,12.5958066766,12.5958066766,15.7281034656,0.971830985915493,0.8309859154929577,0.704225352112676,0.5915492957746479,0.4225352112676056,0.2676056338028169,0.1267605633802817,0.08450704225352113,0.08450704225352113,0.04225352112676056,0.341205994979,-0.124851343712,-0.0737963105465,0.0929197527431,0.0173634005234,0.0148363495862,0.0262729165247,0.0355060230935,0.0642763825884,0.00284849758556,0.380952380952,0.428571428571,0.35,0.4,0.45,0.5,0.687110257887,0.025779408740886793,2.5101833450969773,0.700192609105,0.04463296848822273,2.5069385569759177,0.763512295768,0.06019504274144934,2.2320358719330136,0.777885259663,0.017256442541453552,2.2491903153463717,0.79187732354,0.0033415431510986538,2.633632404006991,0.713683240927,0.04657480231388889,2.607665616037541
