Well/XY,cell_id,total_distance,net_distance,linearity,spearmanrsq,progressivity,max_speed,min_speed,avg_speed,MSD_slope,hurst_RS,nongauss,disp_var,disp_skew,rw_linearity,rw_netdist,rw_kurtosis01,rw_kurtosis02,rw_kurtosis03,rw_kurtosis04,rw_kurtosis05,rw_kurtosis06,rw_kurtosis07,rw_kurtosis08,rw_kurtosis09,rw_kurtosis10,avg_moving_speed01,avg_moving_speed02,avg_moving_speed03,avg_moving_speed04,avg_moving_speed05,avg_moving_speed06,avg_moving_speed07,avg_moving_speed08,avg_moving_speed09,avg_moving_speed10,time_moving01,time_moving02,time_moving03,time_moving04,time_moving05,time_moving06,time_moving07,time_moving08,time_moving09,time_moving10,autocorr_1,autocorr_2,autocorr_3,autocorr_4,autocorr_5,autocorr_6,autocorr_7,autocorr_8,autocorr_9,autocorr_10,p_rturn_9_5,p_rturn_9_6,p_rturn_10_5,p_rturn_10_6,p_rturn_11_5,p_rturn_11_6,mean_theta_9_5,min_theta_9_5,max_theta_9_5,mean_theta_9_6,min_theta_9_6,max_theta_9_6,mean_theta_10_5,min_theta_10_5,max_theta_10_5,mean_theta_10_6,min_theta_10_6,max_theta_10_6,mean_theta_11_5,min_theta_11_5,max_theta_11_5,mean_theta_11_6,min_theta_11_6,max_theta_11_6
WellD06_Seq0022/xy07,0,2067.7145403694894,305.62603308618856,0.593262794526,0.4064096271,0.14780862015487634,29.60955143192815,0.447213595499958,27.5695272049,1.33588196061,0.840359507226,0.7482608635,802.809228009,1.9012280629534337,0.361549017765,-34.2739260284,3.0315943980740485,1.0015037693179236,0.48022272355672957,1.8365288626200886,0.5542992441875438,1.2572605682634128,-1.1064249492334643,-0.8310281669244883,-1.1114768210633252,-0.6466458408097568,11.111365595,11.2462563652,11.3763180006,12.2716293233,12.9286373994,13.3505589163,14.3733454297,15.387582171,17.067298055,18.1315283649,1.0,0.9859154929577465,0.971830985915493,0.8732394366197183,0.8028169014084507,0.7605633802816901,0.6619718309859155,0.5774647887323944,0.4647887323943662,0.4084507042253521,0.60227527349,0.484151226725,0.40153603745,0.238167033272,0.16856953889,0.179813554414,0.0713650224726,0.141798574865,-0.0233077013375,-0.107034272292,0.190476190476,0.190476190476,0.1,0.1,0.15,0.15,0.689635859639,0.012627116601024117,2.763030495438168,0.617459714593,0.0049424161171064945,2.677589864694877,0.655696414382,0.009227589812057126,2.8211522657605332,0.57561128264,8.045920728402489e-05,2.7357116350172426,0.728010531174,0.04818806603636656,2.7499060630155547,0.660723881252,0.018219992860583255,2.664465432272264
