Well/XY,cell_id,total_distance,net_distance,linearity,spearmanrsq,progressivity,max_speed,min_speed,avg_speed,MSD_slope,hurst_RS,nongauss,disp_var,disp_skew,rw_linearity,rw_netdist,rw_kurtosis01,rw_kurtosis02,rw_kurtosis03,rw_kurtosis04,rw_kurtosis05,rw_kurtosis06,rw_kurtosis07,rw_kurtosis08,rw_kurtosis09,rw_kurtosis10,avg_moving_speed01,avg_moving_speed02,avg_moving_speed03,avg_moving_speed04,avg_moving_speed05,avg_moving_speed06,avg_moving_speed07,avg_moving_speed08,avg_moving_speed09,avg_moving_speed10,time_moving01,time_moving02,time_moving03,time_moving04,time_moving05,time_moving06,time_moving07,time_moving08,time_moving09,time_moving10,autocorr_1,autocorr_2,autocorr_3,autocorr_4,autocorr_5,autocorr_6,autocorr_7,autocorr_8,autocorr_9,autocorr_10,p_rturn_9_5,p_rturn_9_6,p_rturn_10_5,p_rturn_10_6,p_rturn_11_5,p_rturn_11_6,mean_theta_9_5,min_theta_9_5,max_theta_9_5,mean_theta_9_6,min_theta_9_6,max_theta_9_6,mean_theta_10_5,min_theta_10_5,max_theta_10_5,mean_theta_10_6,min_theta_10_6,max_theta_10_6,mean_theta_11_5,min_theta_11_5,max_theta_11_5,mean_theta_11_6,min_theta_11_6,max_theta_11_6
WellC07_Seq0014/xy25,0,1356.209199877583,196.75841151015632,0.0101045967252,0.0625187986745,0.14507969089718353,24.552659815180917,0.42190520262258435,18.0827893317,0.535960140013,0.642236553547,0.263856642743,197.669439079,1.6062258266579978,-0.222708353824,-26.181188028,2.8762542206650172,0.2913968499937618,0.2159036106744221,0.44066796086556304,-0.9279722454431689,-1.301000728611701,-0.7510879152694101,-0.35843903789834464,-0.5215111036633702,-0.34712844603739823,12.123480907,12.2755766975,12.7181058889,13.1781862628,13.1781862628,13.8336472366,15.1976087271,15.3583854044,15.816950393,16.2844650711,0.971830985915493,0.9577464788732394,0.9154929577464789,0.8732394366197183,0.8732394366197183,0.8028169014084507,0.676056338028169,0.6619718309859155,0.6197183098591549,0.5774647887323944,0.078990053774,0.182107132923,-0.0356598737842,-0.0944607585517,0.0094208964201,-0.126274336057,-0.0316179112401,-0.0482921123434,-0.0867627978689,-0.13806819606,0.666666666667,0.666666666667,0.55,0.55,0.5,0.5,1.12179930509,0.012145833830318545,2.474377690853265,0.989688103543,0.01913096725635947,2.4823114083514977,1.24406259811,0.016551941057410736,2.498855062988955,1.12426580504,0.014724860029221604,2.5267077053727958,1.15305764797,0.06003043903167053,2.688247978992343,1.09445241343,0.05799163281309073,2.653493844162091
