Well/XY,cell_id,total_distance,net_distance,linearity,spearmanrsq,progressivity,max_speed,min_speed,avg_speed,MSD_slope,hurst_RS,nongauss,disp_var,disp_skew,rw_linearity,rw_netdist,rw_kurtosis01,rw_kurtosis02,rw_kurtosis03,rw_kurtosis04,rw_kurtosis05,rw_kurtosis06,rw_kurtosis07,rw_kurtosis08,rw_kurtosis09,rw_kurtosis10,avg_moving_speed01,avg_moving_speed02,avg_moving_speed03,avg_moving_speed04,avg_moving_speed05,avg_moving_speed06,avg_moving_speed07,avg_moving_speed08,avg_moving_speed09,avg_moving_speed10,time_moving01,time_moving02,time_moving03,time_moving04,time_moving05,time_moving06,time_moving07,time_moving08,time_moving09,time_moving10,autocorr_1,autocorr_2,autocorr_3,autocorr_4,autocorr_5,autocorr_6,autocorr_7,autocorr_8,autocorr_9,autocorr_10,p_rturn_9_5,p_rturn_9_6,p_rturn_10_5,p_rturn_10_6,p_rturn_11_5,p_rturn_11_6,mean_theta_9_5,min_theta_9_5,max_theta_9_5,mean_theta_9_6,min_theta_9_6,max_theta_9_6,mean_theta_10_5,min_theta_10_5,max_theta_10_5,mean_theta_10_6,min_theta_10_6,max_theta_10_6,mean_theta_11_5,min_theta_11_5,max_theta_11_5,mean_theta_11_6,min_theta_11_6,max_theta_11_6
WellB07_Seq0005/xy03,0,144.10145111429884,34.260472851377855,0.895548474375,0.856511720176,0.2377524486148514,3.952163964209994,0.084852813742405,2.32421695346,1.56862480969,0.532998777871,-0.230824833877,1.78629525266,0.8918032514570924,0.68028073659,8.17120225428,1.1487365276920718,0.6023146408017248,-0.5678123060960609,-0.7657262112436523,-1.4566016009242488,-1.253896616724909,-0.792608393862221,-0.4505645368340483,-1.3614400551274966,-0.656028768653294,1.91860385004,2.52419871951,4.01995024845,4.01995024845,0.0,0.0,0.0,0.0,0.0,0.0,0.6896551724137931,0.3275862068965517,0.017241379310344827,0.017241379310344827,0.0,0.0,0.0,0.0,0.0,0.0,0.290449411393,0.181110475052,0.0417745720721,-0.183416200068,-0.0707295907627,-0.0922887594783,-0.0939895298944,0.0924747715353,0.0497560080926,-0.0368859414543,0.3125,0.375,0.375,0.375,0.375,0.375,0.46295184563,0.032500309936230515,2.209943995201268,0.466041939887,0.03201550470709419,2.228213615735068,0.468455600017,0.009477495715991106,2.039312481487632,0.477688542388,0.026119970693666648,2.0060729638611474,0.489374213421,0.031451770860633554,2.091041183540371,0.499286955586,0.06906887104895676,2.109310804074171
