Well/XY,cell_id,total_distance,net_distance,linearity,spearmanrsq,progressivity,max_speed,min_speed,avg_speed,MSD_slope,hurst_RS,nongauss,disp_var,disp_skew,rw_linearity,rw_netdist,rw_kurtosis01,rw_kurtosis02,rw_kurtosis03,rw_kurtosis04,rw_kurtosis05,rw_kurtosis06,rw_kurtosis07,rw_kurtosis08,rw_kurtosis09,rw_kurtosis10,avg_moving_speed01,avg_moving_speed02,avg_moving_speed03,avg_moving_speed04,avg_moving_speed05,avg_moving_speed06,avg_moving_speed07,avg_moving_speed08,avg_moving_speed09,avg_moving_speed10,time_moving01,time_moving02,time_moving03,time_moving04,time_moving05,time_moving06,time_moving07,time_moving08,time_moving09,time_moving10,autocorr_1,autocorr_2,autocorr_3,autocorr_4,autocorr_5,autocorr_6,autocorr_7,autocorr_8,autocorr_9,autocorr_10,p_rturn_9_5,p_rturn_9_6,p_rturn_10_5,p_rturn_10_6,p_rturn_11_5,p_rturn_11_6,mean_theta_9_5,min_theta_9_5,max_theta_9_5,mean_theta_9_6,min_theta_9_6,max_theta_9_6,mean_theta_10_5,min_theta_10_5,max_theta_10_5,mean_theta_10_6,min_theta_10_6,max_theta_10_6,mean_theta_11_5,min_theta_11_5,max_theta_11_5,mean_theta_11_6,min_theta_11_6,max_theta_11_6
WellB07_Seq0005/xy21,0,86.8214943099057,4.852813616861858,0.0456333313831,0.0276312814459,0.05589414989265149,0.81300676503951,0.022803508501984954,1.40034668242,0.410110085011,0.569689495898,0.042096676625,1.03058036349,1.2366910450560993,-0.184069591422,-10.8660389081,1.4823964682582282,0.8198119129540653,-0.00562153519140951,-0.3064136336897607,-0.6214487059358169,-0.8374517924494889,-1.3057499756423612,-1.1281779423350173,-0.9089857877294358,-1.2061420454286098,0.0,0.0,0.0,0.0,0.0,0.0,0.0,0.0,0.0,0.0,0.0,0.0,0.0,0.0,0.0,0.0,0.0,0.0,0.0,0.0,0.238670573445,-0.107687961812,-0.0674966193657,-0.0901419873289,0.0505688563085,0.0808430403082,-0.193665104423,-0.0361247057844,-0.25858431381,-0.263498363033,0.3125,0.375,0.4375,0.375,0.5625,0.625,1.19537841991,0.13173327092410833,2.2945368592615254,1.20290721017,0.09313536242777047,1.9238010349977106,1.09122251865,0.06427966061547052,2.3173923248183117,1.06674529424,0.008203087678372472,2.2742524417154417,1.1362244522,0.08941343720409092,2.347158094882317,1.17428101529,0.16906876115919897,2.367170680223835
