Well/XY,cell_id,total_distance,net_distance,linearity,spearmanrsq,progressivity,max_speed,min_speed,avg_speed,MSD_slope,hurst_RS,nongauss,disp_var,disp_skew,rw_linearity,rw_netdist,rw_kurtosis01,rw_kurtosis02,rw_kurtosis03,rw_kurtosis04,rw_kurtosis05,rw_kurtosis06,rw_kurtosis07,rw_kurtosis08,rw_kurtosis09,rw_kurtosis10,avg_moving_speed01,avg_moving_speed02,avg_moving_speed03,avg_moving_speed04,avg_moving_speed05,avg_moving_speed06,avg_moving_speed07,avg_moving_speed08,avg_moving_speed09,avg_moving_speed10,time_moving01,time_moving02,time_moving03,time_moving04,time_moving05,time_moving06,time_moving07,time_moving08,time_moving09,time_moving10,autocorr_1,autocorr_2,autocorr_3,autocorr_4,autocorr_5,autocorr_6,autocorr_7,autocorr_8,autocorr_9,autocorr_10,p_rturn_9_5,p_rturn_9_6,p_rturn_10_5,p_rturn_10_6,p_rturn_11_5,p_rturn_11_6,mean_theta_9_5,min_theta_9_5,max_theta_9_5,mean_theta_9_6,min_theta_9_6,max_theta_9_6,mean_theta_10_5,min_theta_10_5,max_theta_10_5,mean_theta_10_6,min_theta_10_6,max_theta_10_6,mean_theta_11_5,min_theta_11_5,max_theta_11_5,mean_theta_11_6,min_theta_11_6,max_theta_11_6
WellC04_Seq0017/xy06,0,966.3575173110955,110.04676278746236,0.587328520615,0.524150105802,0.11387789799956143,15.10683289111257,0.28635642126554295,12.8847668975,0.648302639532,0.71979669373,0.714227434099,320.691649607,1.600269588993153,0.333458115944,-48.8073121882,0.923729531878871,-0.9993782030347655,3.628134706038187,-1.3195190756181043,-0.7674387660217832,-0.9488437159116341,-1.2439168523898105,-1.2209845584186352,1.2741138254598168,-1.654801864183963,4.3788883517,6.17220619426,7.54526739945,8.88289247118,9.88437709887,10.4339114363,10.4339114363,10.7861605872,11.3775525045,12.0908284134,0.9154929577464789,0.5633802816901409,0.4084507042253521,0.30985915492957744,0.2535211267605634,0.22535211267605634,0.22535211267605634,0.19718309859154928,0.15492957746478872,0.11267605633802817,0.307859226586,-0.0648445935191,-0.0238692426295,0.101807208915,-0.16236322594,-0.073321461583,0.0488449880813,0.181621516886,0.0789157827233,-0.0175978593447,0.571428571429,0.571428571429,0.4,0.45,0.45,0.45,0.984425721633,0.07805034819554062,2.2497776231331597,1.04388912507,0.13677477802661878,2.222924206798887,1.24098355708,0.10864956387902151,2.640156990346168,1.3695431601,0.15124973564904162,2.6031089415418536,0.941843133392,0.06624506930684411,2.271842552047748,0.930607897659,0.043501768488709514,2.2696241008816687
