Well/XY,cell_id,total_distance,net_distance,linearity,spearmanrsq,progressivity,max_speed,min_speed,avg_speed,MSD_slope,hurst_RS,nongauss,disp_var,disp_skew,rw_linearity,rw_netdist,rw_kurtosis01,rw_kurtosis02,rw_kurtosis03,rw_kurtosis04,rw_kurtosis05,rw_kurtosis06,rw_kurtosis07,rw_kurtosis08,rw_kurtosis09,rw_kurtosis10,avg_moving_speed01,avg_moving_speed02,avg_moving_speed03,avg_moving_speed04,avg_moving_speed05,avg_moving_speed06,avg_moving_speed07,avg_moving_speed08,avg_moving_speed09,avg_moving_speed10,time_moving01,time_moving02,time_moving03,time_moving04,time_moving05,time_moving06,time_moving07,time_moving08,time_moving09,time_moving10,autocorr_1,autocorr_2,autocorr_3,autocorr_4,autocorr_5,autocorr_6,autocorr_7,autocorr_8,autocorr_9,autocorr_10,p_rturn_9_5,p_rturn_9_6,p_rturn_10_5,p_rturn_10_6,p_rturn_11_5,p_rturn_11_6,mean_theta_9_5,min_theta_9_5,max_theta_9_5,mean_theta_9_6,min_theta_9_6,max_theta_9_6,mean_theta_10_5,min_theta_10_5,max_theta_10_5,mean_theta_10_6,min_theta_10_6,max_theta_10_6,mean_theta_11_5,min_theta_11_5,max_theta_11_5,mean_theta_11_6,min_theta_11_6,max_theta_11_6
WellC04_Seq0017/xy19,0,1418.1395576692707,404.8588486126985,0.705914569494,0.343370253173,0.2854859004695482,33.41226271894794,1.1147179015338298,18.9085274356,1.35885630248,0.792984798239,0.294205803042,319.06418842,1.3320606406415998,0.481390817732,171.738866014,0.9276376971973526,2.000359304725893,3.2731555910035324,0.6066216545205165,3.2361737375044566,-0.8245858876351235,0.040184780782341445,-0.8809144870346444,0.6398233597360741,1.2389064544377684,9.7808225755,10.6943036019,11.5481703716,12.0038728103,12.9295927762,13.5931035827,14.3224268182,14.4997796336,15.3948639142,16.3746861785,0.9859154929577465,0.8873239436619719,0.8028169014084507,0.7605633802816901,0.676056338028169,0.6197183098591549,0.5633802816901409,0.5492957746478874,0.4788732394366197,0.4084507042253521,0.387876699208,0.246574422332,0.255820824024,-0.00281696139834,0.0844868289585,0.286440008922,0.109960564998,0.114934624902,0.140891886663,-0.0875355435791,0.333333333333,0.428571428571,0.45,0.45,0.35,0.4,0.480538165504,0.004266949523586392,1.3617280425536853,0.463916515584,0.015692286991707327,1.2672418517513677,0.550567415643,0.0028990771826625495,2.332776213022067,0.533457275051,0.01635379047908562,2.2635872549941864,0.49591680568,0.04672870629534568,1.2611311794276532,0.483718943397,0.04565036558210729,1.1666449886253354
