Well/XY,cell_id,total_distance,net_distance,linearity,spearmanrsq,progressivity,max_speed,min_speed,avg_speed,MSD_slope,hurst_RS,nongauss,disp_var,disp_skew,rw_linearity,rw_netdist,rw_kurtosis01,rw_kurtosis02,rw_kurtosis03,rw_kurtosis04,rw_kurtosis05,rw_kurtosis06,rw_kurtosis07,rw_kurtosis08,rw_kurtosis09,rw_kurtosis10,avg_moving_speed01,avg_moving_speed02,avg_moving_speed03,avg_moving_speed04,avg_moving_speed05,avg_moving_speed06,avg_moving_speed07,avg_moving_speed08,avg_moving_speed09,avg_moving_speed10,time_moving01,time_moving02,time_moving03,time_moving04,time_moving05,time_moving06,time_moving07,time_moving08,time_moving09,time_moving10,autocorr_1,autocorr_2,autocorr_3,autocorr_4,autocorr_5,autocorr_6,autocorr_7,autocorr_8,autocorr_9,autocorr_10,p_rturn_9_5,p_rturn_9_6,p_rturn_10_5,p_rturn_10_6,p_rturn_11_5,p_rturn_11_6,mean_theta_9_5,min_theta_9_5,max_theta_9_5,mean_theta_9_6,min_theta_9_6,max_theta_9_6,mean_theta_10_5,min_theta_10_5,max_theta_10_5,mean_theta_10_6,min_theta_10_6,max_theta_10_6,mean_theta_11_5,min_theta_11_5,max_theta_11_5,mean_theta_11_6,min_theta_11_6,max_theta_11_6
WellC04_Seq0017/xy21,0,2922.5250031715177,477.08266841292823,0.680865463779,0.852548651938,0.16324331456367325,42.28680475041831,0.4821991289913286,38.9670000423,0.973439732451,0.700958767022,0.366684657896,1585.72862624,1.3485586521596926,0.438109292558,-3.3347730158,0.8982267470142409,0.548725361764073,-1.1544446814073546,4.28860883660679,1.831999061614166,-0.2662691838093645,-1.8259334259864275,0.4306010037617285,-1.0197812450165726,-1.281333390172207,13.2098763869,13.5460899724,14.2330505773,14.952823391,15.7122721585,16.4850608529,17.3039547314,17.5119566624,18.139165735,18.9744628366,0.9859154929577465,0.9577464788732394,0.9014084507042254,0.8450704225352113,0.7887323943661971,0.7323943661971831,0.676056338028169,0.6619718309859155,0.6197183098591549,0.5633802816901409,0.175826519793,0.173831227849,0.292974912147,-0.113590147541,0.0487192973326,0.0257765208973,-0.0274700800353,0.151681922158,0.180945243543,0.198940305906,0.47619047619,0.47619047619,0.45,0.45,0.35,0.35,0.933070621977,0.008241833021372722,2.529340429571058,0.921074679389,0.011183455364432736,2.5853076010896197,0.896436918379,0.0024973841639412096,2.5090308614621994,0.88761919415,0.005439006506917005,2.524208218364074,0.776176917482,0.020387082343502883,2.5777118263968983,0.762137541543,0.017445460000466186,2.5928891832987735
