Well/XY,cell_id,total_distance,net_distance,linearity,spearmanrsq,progressivity,max_speed,min_speed,avg_speed,MSD_slope,hurst_RS,nongauss,disp_var,disp_skew,rw_linearity,rw_netdist,rw_kurtosis01,rw_kurtosis02,rw_kurtosis03,rw_kurtosis04,rw_kurtosis05,rw_kurtosis06,rw_kurtosis07,rw_kurtosis08,rw_kurtosis09,rw_kurtosis10,avg_moving_speed01,avg_moving_speed02,avg_moving_speed03,avg_moving_speed04,avg_moving_speed05,avg_moving_speed06,avg_moving_speed07,avg_moving_speed08,avg_moving_speed09,avg_moving_speed10,time_moving01,time_moving02,time_moving03,time_moving04,time_moving05,time_moving06,time_moving07,time_moving08,time_moving09,time_moving10,autocorr_1,autocorr_2,autocorr_3,autocorr_4,autocorr_5,autocorr_6,autocorr_7,autocorr_8,autocorr_9,autocorr_10,p_rturn_9_5,p_rturn_9_6,p_rturn_10_5,p_rturn_10_6,p_rturn_11_5,p_rturn_11_6,mean_theta_9_5,min_theta_9_5,max_theta_9_5,mean_theta_9_6,min_theta_9_6,max_theta_9_6,mean_theta_10_5,min_theta_10_5,max_theta_10_5,mean_theta_10_6,min_theta_10_6,max_theta_10_6,mean_theta_11_5,min_theta_11_5,max_theta_11_5,mean_theta_11_6,min_theta_11_6,max_theta_11_6
WellC04_Seq0017/xy02,0,2179.2090052002463,554.2636556730018,0.000440472064196,0.000130612244898,0.2543416690874361,42.036503184732204,3.7077756134911946,29.0561200693,1.51926522861,0.715079056741,-0.0329191920979,331.583355634,1.4102630547277193,-0.242571537236,196.035748818,2.312935692864029,0.7196762811838466,1.839643158437032,4.904606002613657,4.448294797171058,2.2174942415009307,2.1833088368586626,0.39537108976849344,0.3880077990971209,0.48605809777650055,19.1695088588,19.1695088588,19.1695088588,19.1695088588,19.1695088588,19.3667379992,19.3667379992,19.538078893,19.538078893,19.6851785411,1.0,1.0,1.0,1.0,1.0,0.9859154929577465,0.9859154929577465,0.971830985915493,0.971830985915493,0.9577464788732394,0.423337060806,0.238595191441,0.0385413328306,-0.100435987865,-0.191334043347,-0.227257844147,-0.117719011868,0.0458793561411,0.108859060055,0.126789457196,0.428571428571,0.47619047619,0.35,0.4,0.4,0.45,0.430284627863,0.018047302008005545,1.5600676510086124,0.413799958949,0.017724668735448687,1.7105673234225778,0.475554190948,0.03413967333717011,1.759498161200414,0.463122097174,0.017265647056107877,1.9099978336143795,0.488692490219,0.02018909342641032,1.655778544200106,0.473777809203,0.010403405826949612,1.8002050377516798
