Well/XY,cell_id,total_distance,net_distance,linearity,spearmanrsq,progressivity,max_speed,min_speed,avg_speed,MSD_slope,hurst_RS,nongauss,disp_var,disp_skew,rw_linearity,rw_netdist,rw_kurtosis01,rw_kurtosis02,rw_kurtosis03,rw_kurtosis04,rw_kurtosis05,rw_kurtosis06,rw_kurtosis07,rw_kurtosis08,rw_kurtosis09,rw_kurtosis10,avg_moving_speed01,avg_moving_speed02,avg_moving_speed03,avg_moving_speed04,avg_moving_speed05,avg_moving_speed06,avg_moving_speed07,avg_moving_speed08,avg_moving_speed09,avg_moving_speed10,time_moving01,time_moving02,time_moving03,time_moving04,time_moving05,time_moving06,time_moving07,time_moving08,time_moving09,time_moving10,autocorr_1,autocorr_2,autocorr_3,autocorr_4,autocorr_5,autocorr_6,autocorr_7,autocorr_8,autocorr_9,autocorr_10,p_rturn_9_5,p_rturn_9_6,p_rturn_10_5,p_rturn_10_6,p_rturn_11_5,p_rturn_11_6,mean_theta_9_5,min_theta_9_5,max_theta_9_5,mean_theta_9_6,min_theta_9_6,max_theta_9_6,mean_theta_10_5,min_theta_10_5,max_theta_10_5,mean_theta_10_6,min_theta_10_6,max_theta_10_6,mean_theta_11_5,min_theta_11_5,max_theta_11_5,mean_theta_11_6,min_theta_11_6,max_theta_11_6
WellC07_Seq0014/xy16,0,1102.9212880353075,425.392914374464,0.0125955961472,0.00120569864355,0.38569653064928966,31.86109483366825,0.5727128425310415,14.7056171738,1.62084325174,0.723604228504,0.210147715593,131.091993953,1.537841817623836,-0.217779181226,244.089889517,2.1157265157214757,3.0295787722445366,-0.028150981826033483,4.041430082221636,-0.5530768306664124,-0.28218390805774174,-0.9946003951188436,-0.22852795926517455,-0.07226818563999071,-1.1620747398792963,9.98714606765,10.6445531716,11.3115211981,11.4495738133,12.0846127181,12.7626366794,14.1945719793,15.3445023375,15.541374785,16.6232925614,0.9859154929577465,0.9154929577464789,0.8450704225352113,0.8309859154929577,0.7605633802816901,0.6901408450704225,0.5633802816901409,0.4788732394366197,0.4647887323943662,0.39436619718309857,0.393835824391,0.13833157232,0.114869709428,0.1135296318,-0.0171857792289,-0.098555207342,-0.143498380953,-0.018966027714,-0.153502820564,-0.156049891686,0.428571428571,0.380952380952,0.4,0.4,0.4,0.35,0.592833818522,0.00942328566288345,2.3436050438372487,0.519530236196,0.0012038886447305521,2.310209470527921,0.435010083446,0.013697670935721051,2.238085367866069,0.363852277924,0.010572784340156084,1.1428897880186673,0.446617437474,0.01675679378576936,2.155259315288441,0.377825982289,0.0024827633783331233,1.1234597519552914
