Well/XY,cell_id,total_distance,net_distance,linearity,spearmanrsq,progressivity,max_speed,min_speed,avg_speed,MSD_slope,hurst_RS,nongauss,disp_var,disp_skew,rw_linearity,rw_netdist,rw_kurtosis01,rw_kurtosis02,rw_kurtosis03,rw_kurtosis04,rw_kurtosis05,rw_kurtosis06,rw_kurtosis07,rw_kurtosis08,rw_kurtosis09,rw_kurtosis10,avg_moving_speed01,avg_moving_speed02,avg_moving_speed03,avg_moving_speed04,avg_moving_speed05,avg_moving_speed06,avg_moving_speed07,avg_moving_speed08,avg_moving_speed09,avg_moving_speed10,time_moving01,time_moving02,time_moving03,time_moving04,time_moving05,time_moving06,time_moving07,time_moving08,time_moving09,time_moving10,autocorr_1,autocorr_2,autocorr_3,autocorr_4,autocorr_5,autocorr_6,autocorr_7,autocorr_8,autocorr_9,autocorr_10,p_rturn_9_5,p_rturn_9_6,p_rturn_10_5,p_rturn_10_6,p_rturn_11_5,p_rturn_11_6,mean_theta_9_5,min_theta_9_5,max_theta_9_5,mean_theta_9_6,min_theta_9_6,max_theta_9_6,mean_theta_10_5,min_theta_10_5,max_theta_10_5,mean_theta_10_6,min_theta_10_6,max_theta_10_6,mean_theta_11_5,min_theta_11_5,max_theta_11_5,mean_theta_11_6,min_theta_11_6,max_theta_11_6
WellB06_Seq0004/xy20,0,175.83259039353555,47.17817291926432,0.0479406178067,0.0741321086305,0.2683130175906162,3.6049965325919815,0.22803508501980768,2.83600952248,0.837764238391,0.566671054439,0.179351341264,3.81878157157,1.7244102323451076,-0.186658606923,15.3440449831,4.623750119792395,-1.0334924565949544,-0.9934260874148109,-0.4271310219352791,-1.5406073371225963,0.017639959949161454,-1.1917804057216783,0.6233972507158039,0.49899865626572915,-1.340819258354707,2.4201888535,3.11370050034,3.65553182765,4.20101667762,0.0,0.0,0.0,0.0,0.0,0.0,0.7241379310344828,0.39655172413793105,0.20689655172413793,0.06896551724137931,0.0,0.0,0.0,0.0,0.0,0.0,0.197077941867,0.0755434992571,-0.0150270627535,0.0169949070932,0.0348326311431,0.122041185472,0.070191769934,-0.247363201817,-0.263798398467,-0.136539562624,0.5,0.5,0.4375,0.4375,0.5625,0.5,1.10466654616,0.06742690962735619,2.600041106326241,1.02439643142,0.18271823328226308,2.6384919044095745,1.15298163938,0.08976128341072721,2.57156099732002,1.06404972633,0.03314851139798499,2.5680635220605947,1.05588003078,0.14140857715591484,2.662220884520762,0.971106089338,0.03190155681122272,2.529088019007414
