Well/XY,cell_id,total_distance,net_distance,linearity,spearmanrsq,progressivity,max_speed,min_speed,avg_speed,MSD_slope,hurst_RS,nongauss,disp_var,disp_skew,rw_linearity,rw_netdist,rw_kurtosis01,rw_kurtosis02,rw_kurtosis03,rw_kurtosis04,rw_kurtosis05,rw_kurtosis06,rw_kurtosis07,rw_kurtosis08,rw_kurtosis09,rw_kurtosis10,avg_moving_speed01,avg_moving_speed02,avg_moving_speed03,avg_moving_speed04,avg_moving_speed05,avg_moving_speed06,avg_moving_speed07,avg_moving_speed08,avg_moving_speed09,avg_moving_speed10,time_moving01,time_moving02,time_moving03,time_moving04,time_moving05,time_moving06,time_moving07,time_moving08,time_moving09,time_moving10,autocorr_1,autocorr_2,autocorr_3,autocorr_4,autocorr_5,autocorr_6,autocorr_7,autocorr_8,autocorr_9,autocorr_10,p_rturn_9_5,p_rturn_9_6,p_rturn_10_5,p_rturn_10_6,p_rturn_11_5,p_rturn_11_6,mean_theta_9_5,min_theta_9_5,max_theta_9_5,mean_theta_9_6,min_theta_9_6,max_theta_9_6,mean_theta_10_5,min_theta_10_5,max_theta_10_5,mean_theta_10_6,min_theta_10_6,max_theta_10_6,mean_theta_11_5,min_theta_11_5,max_theta_11_5,mean_theta_11_6,min_theta_11_6,max_theta_11_6
WellB06_Seq0004/xy23,0,59.9189108745314,0.7071067811865476,0.0435903978395,0.0333351805348,0.011801061983039216,0.5560575509782905,0.01999999999998181,0.966434046363,0.127963479863,0.587640481572,-0.283072081191,0.300326096119,0.7112749975748649,-0.187026732263,-10.141088484,-0.07260959706916648,0.4229309067293685,-0.6507737928825725,1.3103159429163442,-0.6372931575846703,-0.7797084562648045,-0.8135871646819153,-1.0891604430191566,-1.1932623388827635,-1.1936080624548897,0.0,0.0,0.0,0.0,0.0,0.0,0.0,0.0,0.0,0.0,0.0,0.0,0.0,0.0,0.0,0.0,0.0,0.0,0.0,0.0,0.217158967712,-0.204848283481,-0.256434544322,-0.0983548102433,0.208576209423,0.405662168106,-0.0515603499526,-0.293205436832,-0.076673762322,-0.0485959401145,0.5,0.428571428571,0.5,0.5,0.533333333333,0.466666666667,0.589139039873,0.011442802323527144,1.7135526580730442,0.575188777415,0.0912247317625701,1.7559667650006132,0.879312308468,0.09989608200304811,1.6446273432810214,0.885693348328,0.20256361608916598,1.685350382792221,0.826059659839,0.002310636104067699,1.5180796190205121,0.790719435988,0.10035689798197496,1.4866388181626649
