Well/XY,cell_id,total_distance,net_distance,linearity,spearmanrsq,progressivity,max_speed,min_speed,avg_speed,MSD_slope,hurst_RS,nongauss,disp_var,disp_skew,rw_linearity,rw_netdist,rw_kurtosis01,rw_kurtosis02,rw_kurtosis03,rw_kurtosis04,rw_kurtosis05,rw_kurtosis06,rw_kurtosis07,rw_kurtosis08,rw_kurtosis09,rw_kurtosis10,avg_moving_speed01,avg_moving_speed02,avg_moving_speed03,avg_moving_speed04,avg_moving_speed05,avg_moving_speed06,avg_moving_speed07,avg_moving_speed08,avg_moving_speed09,avg_moving_speed10,time_moving01,time_moving02,time_moving03,time_moving04,time_moving05,time_moving06,time_moving07,time_moving08,time_moving09,time_moving10,autocorr_1,autocorr_2,autocorr_3,autocorr_4,autocorr_5,autocorr_6,autocorr_7,autocorr_8,autocorr_9,autocorr_10,p_rturn_9_5,p_rturn_9_6,p_rturn_10_5,p_rturn_10_6,p_rturn_11_5,p_rturn_11_6,mean_theta_9_5,min_theta_9_5,max_theta_9_5,mean_theta_9_6,min_theta_9_6,max_theta_9_6,mean_theta_10_5,min_theta_10_5,max_theta_10_5,mean_theta_10_6,min_theta_10_6,max_theta_10_6,mean_theta_11_5,min_theta_11_5,max_theta_11_5,mean_theta_11_6,min_theta_11_6,max_theta_11_6
WellB06_Seq0004/xy09,0,251.81984571277147,23.460230177898936,0.382760026674,0.546942642631,0.09316275336240948,7.0750090007009785,0.10256627125912318,4.06161041472,1.00036566224,0.689885690826,0.470199624236,15.0088478746,1.594676726512283,0.148419369074,-22.1312336534,2.1888331947598507,1.4771588311547248,3.799977615145667,1.6541579231607875,1.4218600218981523,0.04603211164267362,-0.6888334402596792,-0.3747179985219513,-1.4769058525503196,-1.0718688709145814,2.94358473548,3.65109357627,5.52644817098,5.9662719968,6.22140202113,6.91943947175,7.26107871054,0.0,0.0,0.0,0.6551724137931034,0.4482758620689655,0.1724137931034483,0.13793103448275862,0.1206896551724138,0.06896551724137931,0.034482758620689655,0.0,0.0,0.0,0.303115010459,-0.0225343225469,-0.0694657498409,-0.164225651551,-0.0692450370823,0.0732419645463,0.24006345119,0.157917116118,-0.211306748103,-0.210984182307,0.625,0.625,0.625,0.6875,0.625,0.625,0.992512000338,0.04265869428589577,2.6118495637427643,0.9808759476,0.019036279335281254,2.667274257275064,0.962733341155,0.028698947239617554,2.6037219340958044,0.95975001271,0.06561758124590568,2.659146627628104,1.03041468342,0.0035571043908640774,2.5984921587422636,1.0206457531,0.004456137243390875,2.6539168522745635
