Well/XY,cell_id,total_distance,net_distance,linearity,spearmanrsq,progressivity,max_speed,min_speed,avg_speed,MSD_slope,hurst_RS,nongauss,disp_var,disp_skew,rw_linearity,rw_netdist,rw_kurtosis01,rw_kurtosis02,rw_kurtosis03,rw_kurtosis04,rw_kurtosis05,rw_kurtosis06,rw_kurtosis07,rw_kurtosis08,rw_kurtosis09,rw_kurtosis10,avg_moving_speed01,avg_moving_speed02,avg_moving_speed03,avg_moving_speed04,avg_moving_speed05,avg_moving_speed06,avg_moving_speed07,avg_moving_speed08,avg_moving_speed09,avg_moving_speed10,time_moving01,time_moving02,time_moving03,time_moving04,time_moving05,time_moving06,time_moving07,time_moving08,time_moving09,time_moving10,autocorr_1,autocorr_2,autocorr_3,autocorr_4,autocorr_5,autocorr_6,autocorr_7,autocorr_8,autocorr_9,autocorr_10,p_rturn_9_5,p_rturn_9_6,p_rturn_10_5,p_rturn_10_6,p_rturn_11_5,p_rturn_11_6,mean_theta_9_5,min_theta_9_5,max_theta_9_5,mean_theta_9_6,min_theta_9_6,max_theta_9_6,mean_theta_10_5,min_theta_10_5,max_theta_10_5,mean_theta_10_6,min_theta_10_6,max_theta_10_6,mean_theta_11_5,min_theta_11_5,max_theta_11_5,mean_theta_11_6,min_theta_11_6,max_theta_11_6
WellB06_Seq0004/xy16,0,94.86641207343051,5.299981132041866,0.0866708298624,0.032786564284,0.055867835793552124,0.906002207502824,0.06449806198638615,1.53010342054,0.307420373073,0.75119004791,-0.124302115672,1.2305015581,0.7836515658906968,-0.128062164291,-11.8753871659,-0.10032666837133508,-1.1321218407894884,-1.205049910849093,-0.4290593267413416,2.358740031698378,-1.057487783314756,-1.5807448544348512,-1.1920305474409838,-0.23005601693132016,-1.5537741336585549,1.09254075332,0.0,0.0,0.0,0.0,0.0,0.0,0.0,0.0,0.0,0.034482758620689655,0.0,0.0,0.0,0.0,0.0,0.0,0.0,0.0,0.0,0.272536354413,-0.0173795334969,0.0368929169693,0.148039375945,-0.0874496445669,-0.153151467544,-0.0445027776917,-0.0292818359329,-0.0156542701876,0.137880044647,0.625,0.625,0.533333333333,0.6,0.5625,0.5625,1.39514047141,0.09616367419865342,2.6385832144338384,1.45863231251,0.14911263458452859,2.5934123526107125,1.58380910736,0.059644173339186195,2.622998561346358,1.43401367109,0.11259313372506162,2.577827699523232,1.62059058257,0.1567710646220609,2.7052664083384697,1.52089002111,0.1241583941715382,2.569924503538612
