Well/XY,cell_id,total_distance,net_distance,linearity,spearmanrsq,progressivity,max_speed,min_speed,avg_speed,MSD_slope,hurst_RS,nongauss,disp_var,disp_skew,rw_linearity,rw_netdist,rw_kurtosis01,rw_kurtosis02,rw_kurtosis03,rw_kurtosis04,rw_kurtosis05,rw_kurtosis06,rw_kurtosis07,rw_kurtosis08,rw_kurtosis09,rw_kurtosis10,avg_moving_speed01,avg_moving_speed02,avg_moving_speed03,avg_moving_speed04,avg_moving_speed05,avg_moving_speed06,avg_moving_speed07,avg_moving_speed08,avg_moving_speed09,avg_moving_speed10,time_moving01,time_moving02,time_moving03,time_moving04,time_moving05,time_moving06,time_moving07,time_moving08,time_moving09,time_moving10,autocorr_1,autocorr_2,autocorr_3,autocorr_4,autocorr_5,autocorr_6,autocorr_7,autocorr_8,autocorr_9,autocorr_10,p_rturn_9_5,p_rturn_9_6,p_rturn_10_5,p_rturn_10_6,p_rturn_11_5,p_rturn_11_6,mean_theta_9_5,min_theta_9_5,max_theta_9_5,mean_theta_9_6,min_theta_9_6,max_theta_9_6,mean_theta_10_5,min_theta_10_5,max_theta_10_5,mean_theta_10_6,min_theta_10_6,max_theta_10_6,mean_theta_11_5,min_theta_11_5,max_theta_11_5,mean_theta_11_6,min_theta_11_6,max_theta_11_6
WellB07_Seq0005/xy09,0,1521.2829682709737,206.12933148875254,0.114445799507,0.240669715549,0.1354970349290313,34.2478029660298,0.3669386869764623,20.2837729103,1.30517468686,0.599073114511,2.04484353728,545.05335905,2.997949894414825,-0.1472561638,-43.9458160336,9.877401290195001,4.547459832668592,5.32824421283056,1.7879404829963441,-0.7479492039882021,2.6553851439985943,1.4300948643962412,-1.4665106313115752,0.42631244977720417,-1.5523208022261121,10.5224130653,11.0633131491,12.0725942049,12.8353551133,13.1461813858,14.3070453796,16.2204505282,17.2774142469,19.226959794,19.9743950982,1.0,0.9436619718309859,0.8450704225352113,0.7746478873239436,0.7464788732394366,0.647887323943662,0.5211267605633803,0.4647887323943662,0.38028169014084506,0.352112676056338,0.102147075589,-0.0159860955814,-0.0621151975417,0.0448959154748,0.0913932053331,-0.200667374103,0.0740168744009,0.0663068214327,-0.0823973003205,-0.144698869402,0.428571428571,0.47619047619,0.4,0.45,0.4,0.4,0.687368208921,0.03566751689901206,2.938910145311517,0.629830968975,0.00861352869202661,2.7789252868299155,0.571519907655,0.00040536357417498366,2.4689651126521817,0.481213148162,0.006090506611860793,1.7496854113657074,0.644872678227,0.1080697385090399,2.6254649900344975,0.520122669767,0.08149223862387302,2.706228433714369
