Well/XY,cell_id,total_distance,net_distance,linearity,spearmanrsq,progressivity,max_speed,min_speed,avg_speed,MSD_slope,hurst_RS,nongauss,disp_var,disp_skew,rw_linearity,rw_netdist,rw_kurtosis01,rw_kurtosis02,rw_kurtosis03,rw_kurtosis04,rw_kurtosis05,rw_kurtosis06,rw_kurtosis07,rw_kurtosis08,rw_kurtosis09,rw_kurtosis10,avg_moving_speed01,avg_moving_speed02,avg_moving_speed03,avg_moving_speed04,avg_moving_speed05,avg_moving_speed06,avg_moving_speed07,avg_moving_speed08,avg_moving_speed09,avg_moving_speed10,time_moving01,time_moving02,time_moving03,time_moving04,time_moving05,time_moving06,time_moving07,time_moving08,time_moving09,time_moving10,autocorr_1,autocorr_2,autocorr_3,autocorr_4,autocorr_5,autocorr_6,autocorr_7,autocorr_8,autocorr_9,autocorr_10,p_rturn_9_5,p_rturn_9_6,p_rturn_10_5,p_rturn_10_6,p_rturn_11_5,p_rturn_11_6,mean_theta_9_5,min_theta_9_5,max_theta_9_5,mean_theta_9_6,min_theta_9_6,max_theta_9_6,mean_theta_10_5,min_theta_10_5,max_theta_10_5,mean_theta_10_6,min_theta_10_6,max_theta_10_6,mean_theta_11_5,min_theta_11_5,max_theta_11_5,mean_theta_11_6,min_theta_11_6,max_theta_11_6
WellB07_Seq0005/xy18,0,1771.6913287485656,259.39516186698637,0.157235107571,0.211416158334,0.1464110354088656,16.534827365291726,0.223606797749979,23.62255105,0.917394823214,0.521949110136,-0.177673582171,230.209427729,0.8093322646680191,-0.0965691462278,-31.8432070897,0.6327405926275302,1.858776848680865,-0.2229725919245369,0.03896997431247673,-1.308051478835635,0.10884744544289049,-1.052627730692714,-1.22130354315063,-1.631688570865432,-1.4733848807782552,5.91172921055,6.16613469185,6.81050449723,7.83406829733,8.70488847491,9.39420513901,10.5601732291,11.6501827186,13.2337889005,14.124540809,0.9859154929577465,0.9295774647887324,0.7887323943661971,0.6056338028169014,0.4788732394366197,0.39436619718309857,0.28169014084507044,0.2112676056338028,0.14084507042253522,0.11267605633802817,0.0541521684449,-0.221732478625,0.0222337903089,-0.148541151201,0.101250833081,0.23184811294,0.015132106677,-0.0312454172276,-0.114077425067,-0.115539807505,0.428571428571,0.380952380952,0.6,0.65,0.5,0.55,0.992243302413,0.08354662903540576,2.318335596945546,0.933629833363,0.06669387986520978,2.2962172811409567,0.839425112626,0.020958927463288826,2.283599836897888,0.824802976736,0.06349240219995775,2.2614815210932986,0.879203827129,0.021991832634976942,2.374726321540061,0.890830976183,0.02233443101741788,2.581581615211031
