Well/XY,cell_id,total_distance,net_distance,linearity,spearmanrsq,progressivity,max_speed,min_speed,avg_speed,MSD_slope,hurst_RS,nongauss,disp_var,disp_skew,rw_linearity,rw_netdist,rw_kurtosis01,rw_kurtosis02,rw_kurtosis03,rw_kurtosis04,rw_kurtosis05,rw_kurtosis06,rw_kurtosis07,rw_kurtosis08,rw_kurtosis09,rw_kurtosis10,avg_moving_speed01,avg_moving_speed02,avg_moving_speed03,avg_moving_speed04,avg_moving_speed05,avg_moving_speed06,avg_moving_speed07,avg_moving_speed08,avg_moving_speed09,avg_moving_speed10,time_moving01,time_moving02,time_moving03,time_moving04,time_moving05,time_moving06,time_moving07,time_moving08,time_moving09,time_moving10,autocorr_1,autocorr_2,autocorr_3,autocorr_4,autocorr_5,autocorr_6,autocorr_7,autocorr_8,autocorr_9,autocorr_10,p_rturn_9_5,p_rturn_9_6,p_rturn_10_5,p_rturn_10_6,p_rturn_11_5,p_rturn_11_6,mean_theta_9_5,min_theta_9_5,max_theta_9_5,mean_theta_9_6,min_theta_9_6,max_theta_9_6,mean_theta_10_5,min_theta_10_5,max_theta_10_5,mean_theta_10_6,min_theta_10_6,max_theta_10_6,mean_theta_11_5,min_theta_11_5,max_theta_11_5,mean_theta_11_6,min_theta_11_6,max_theta_11_6
WellB07_Seq0005/xy22,0,1531.8830643447277,149.2456394672889,0.00537253980246,0.00280183164679,0.09742626114293497,34.34043179693582,1.1455671084663743,20.4251075246,1.17113479777,0.65128453872,0.427509532464,306.693677317,1.6860741063037934,-0.225139162963,-102.571998206,3.062420114464742,1.7655069560184815,-0.5284898408603094,-1.1541065744410075,-0.8015214061212879,-0.9072408518227411,-0.6452072981145358,-1.276141158866546,-1.0999871916999313,-1.618898605094517,15.325469222,15.5164950658,15.7048413261,15.8908052953,16.6057461278,17.5583026785,18.361479819,18.361479819,18.9351137808,19.5229278645,1.0,0.9859154929577465,0.971830985915493,0.9577464788732394,0.9014084507042254,0.8309859154929577,0.7746478873239436,0.7746478873239436,0.7323943661971831,0.6901408450704225,0.337613108347,-0.0406506352118,-0.17073997011,-0.266567032472,-0.130465229639,0.153169438107,0.222536304857,0.257751190496,0.155937749307,0.00999320332946,0.428571428571,0.428571428571,0.5,0.55,0.5,0.5,1.10911459644,0.06930498367035207,2.6686220912300724,1.03298889685,0.0654133295342785,2.2698583148946745,1.33360796746,0.05062384056760667,2.6540173552041355,1.2779718164,0.037748417124502456,2.630529423010889,1.21001584106,0.010557213877097987,2.3642039061724187,1.15672848322,0.010296002986973805,2.3799821138549246
