Well/XY,cell_id,total_distance,net_distance,linearity,spearmanrsq,progressivity,max_speed,min_speed,avg_speed,MSD_slope,hurst_RS,nongauss,disp_var,disp_skew,rw_linearity,rw_netdist,rw_kurtosis01,rw_kurtosis02,rw_kurtosis03,rw_kurtosis04,rw_kurtosis05,rw_kurtosis06,rw_kurtosis07,rw_kurtosis08,rw_kurtosis09,rw_kurtosis10,avg_moving_speed01,avg_moving_speed02,avg_moving_speed03,avg_moving_speed04,avg_moving_speed05,avg_moving_speed06,avg_moving_speed07,avg_moving_speed08,avg_moving_speed09,avg_moving_speed10,time_moving01,time_moving02,time_moving03,time_moving04,time_moving05,time_moving06,time_moving07,time_moving08,time_moving09,time_moving10,autocorr_1,autocorr_2,autocorr_3,autocorr_4,autocorr_5,autocorr_6,autocorr_7,autocorr_8,autocorr_9,autocorr_10,p_rturn_9_5,p_rturn_9_6,p_rturn_10_5,p_rturn_10_6,p_rturn_11_5,p_rturn_11_6,mean_theta_9_5,min_theta_9_5,max_theta_9_5,mean_theta_9_6,min_theta_9_6,max_theta_9_6,mean_theta_10_5,min_theta_10_5,max_theta_10_5,mean_theta_10_6,min_theta_10_6,max_theta_10_6,mean_theta_11_5,min_theta_11_5,max_theta_11_5,mean_theta_11_6,min_theta_11_6,max_theta_11_6
WellB07_Seq0005/xy07,0,854.8205047977394,26.934026806253826,0.0225625070569,0.0648787037543,0.03150840048300752,12.001153277914584,0.2950525376945513,11.3976067306,0.430059929358,0.591976528862,-0.0852978077857,61.095949852,0.9780571073652153,-0.243066294356,-113.585106255,0.14773215308491583,1.371657334372113,0.12073381453735754,-0.1982505900671252,-0.3230917531323114,-0.8164567558383591,0.3337861386785317,-1.180940529761298,-1.4130472269669645,-0.3897301934165127,2.88228582077,3.8563561057,4.66769297142,5.77826947057,6.32301342706,6.99280700776,7.70297970116,0.0,0.0,0.0,0.8309859154929577,0.4788732394366197,0.29577464788732394,0.15492957746478872,0.11267605633802817,0.07042253521126761,0.028169014084507043,0.0,0.0,0.0,0.293040630536,-0.253307497554,-0.0472116510861,0.156543411024,-0.0123884230118,-0.154093317979,-0.146807424604,-0.123328908044,0.128568000299,0.221130799266,0.52380952381,0.52380952381,0.4,0.4,0.6,0.5,0.908223416707,0.0500903544274119,2.0054761710327806,0.927086172973,0.10393985927323524,1.9704127458979572,0.892309805194,0.022483006794470475,2.061817516971695,0.964057416956,0.0518954351721937,2.002797032962461,0.902370135242,0.15750663984059265,1.9335991415438796,0.969820234509,0.17357787552308143,1.8606415364131104
