Well/XY,cell_id,total_distance,net_distance,linearity,spearmanrsq,progressivity,max_speed,min_speed,avg_speed,MSD_slope,hurst_RS,nongauss,disp_var,disp_skew,rw_linearity,rw_netdist,rw_kurtosis01,rw_kurtosis02,rw_kurtosis03,rw_kurtosis04,rw_kurtosis05,rw_kurtosis06,rw_kurtosis07,rw_kurtosis08,rw_kurtosis09,rw_kurtosis10,avg_moving_speed01,avg_moving_speed02,avg_moving_speed03,avg_moving_speed04,avg_moving_speed05,avg_moving_speed06,avg_moving_speed07,avg_moving_speed08,avg_moving_speed09,avg_moving_speed10,time_moving01,time_moving02,time_moving03,time_moving04,time_moving05,time_moving06,time_moving07,time_moving08,time_moving09,time_moving10,autocorr_1,autocorr_2,autocorr_3,autocorr_4,autocorr_5,autocorr_6,autocorr_7,autocorr_8,autocorr_9,autocorr_10,p_rturn_9_5,p_rturn_9_6,p_rturn_10_5,p_rturn_10_6,p_rturn_11_5,p_rturn_11_6,mean_theta_9_5,min_theta_9_5,max_theta_9_5,mean_theta_9_6,min_theta_9_6,max_theta_9_6,mean_theta_10_5,min_theta_10_5,max_theta_10_5,mean_theta_10_6,min_theta_10_6,max_theta_10_6,mean_theta_11_5,min_theta_11_5,max_theta_11_5,mean_theta_11_6,min_theta_11_6,max_theta_11_6
WellB07_Seq0005/xy03,0,1244.0185421286797,422.2997158417231,0.213145163208,0.0142627255989,0.3394641651555391,31.695709488825162,0.46173585522461924,16.586913895,0.99282665436,0.838285680389,0.211678102986,173.042441056,1.4257709319565604,-0.0140065727331,217.80250728,1.6978959383481271,1.991278577148984,1.2166430894331732,1.0589984165488096,1.592679591565365,1.988275343569252,1.9770503723570902,1.6569125171481547,2.0589496987304186,1.607398084266797,11.2343618199,11.8509086818,12.6517654973,13.5118020708,14.8971883146,15.5463502739,16.9994916766,18.1574210391,19.1244830629,20.6115833222,0.9436619718309859,0.8873239436619719,0.8169014084507042,0.7464788732394366,0.647887323943662,0.6056338028169014,0.5211267605633803,0.4647887323943662,0.4225352112676056,0.36619718309859156,0.53278368443,0.469200872856,0.335353962773,0.265565830294,0.321879643349,0.192370698888,0.346678721015,0.181776946332,0.206369798795,-0.0142635118883,0.619047619048,0.571428571429,0.55,0.5,0.45,0.45,0.582183839028,0.027961985552080067,2.0894071693106557,0.586652816851,0.029060889765128325,2.065429408886174,0.698168541761,0.01077385699975644,2.330300433550336,0.705562971241,0.06236691489342907,2.306322673125854,0.679417623353,0.12983223022584,2.2620645538155033,0.668485943649,0.08754519887951581,2.2380867933910213
