Well/XY,cell_id,total_distance,net_distance,linearity,spearmanrsq,progressivity,max_speed,min_speed,avg_speed,MSD_slope,hurst_RS,nongauss,disp_var,disp_skew,rw_linearity,rw_netdist,rw_kurtosis01,rw_kurtosis02,rw_kurtosis03,rw_kurtosis04,rw_kurtosis05,rw_kurtosis06,rw_kurtosis07,rw_kurtosis08,rw_kurtosis09,rw_kurtosis10,avg_moving_speed01,avg_moving_speed02,avg_moving_speed03,avg_moving_speed04,avg_moving_speed05,avg_moving_speed06,avg_moving_speed07,avg_moving_speed08,avg_moving_speed09,avg_moving_speed10,time_moving01,time_moving02,time_moving03,time_moving04,time_moving05,time_moving06,time_moving07,time_moving08,time_moving09,time_moving10,autocorr_1,autocorr_2,autocorr_3,autocorr_4,autocorr_5,autocorr_6,autocorr_7,autocorr_8,autocorr_9,autocorr_10,p_rturn_9_5,p_rturn_9_6,p_rturn_10_5,p_rturn_10_6,p_rturn_11_5,p_rturn_11_6,mean_theta_9_5,min_theta_9_5,max_theta_9_5,mean_theta_9_6,min_theta_9_6,max_theta_9_6,mean_theta_10_5,min_theta_10_5,max_theta_10_5,mean_theta_10_6,min_theta_10_6,max_theta_10_6,mean_theta_11_5,min_theta_11_5,max_theta_11_5,mean_theta_11_6,min_theta_11_6,max_theta_11_6
WellB07_Seq0005/xy21,0,2773.509119603214,306.1989513371984,0.0588990240868,0.0361493675156,0.11040127799579909,45.1978398156372,1.1775567926855959,36.9801215947,0.821498981712,0.735671345517,0.490118943768,1172.16559161,1.658686175895837,-0.183823827212,-149.722607443,2.3786509731904175,-0.09751653073942812,-0.8998294611130842,-0.6729487524939897,-0.876492580729586,-1.2440442872620605,-0.9313410618765636,-0.9705127359473509,-0.7803355282267579,-0.5328301911887228,18.4168347741,18.4168347741,18.6509385352,18.8763359708,19.3120946724,19.7503949143,20.6513957414,21.5874291682,21.5874291682,22.7942148486,0.971830985915493,0.971830985915493,0.9577464788732394,0.9436619718309859,0.9154929577464789,0.8873239436619719,0.8309859154929577,0.7746478873239436,0.7746478873239436,0.704225352112676,0.0969258258241,-0.00184687895783,0.234785702653,0.0650808488834,-0.0102123686799,-0.0253787882519,0.0483200503671,0.116118295316,0.0439114011772,0.186217671243,0.428571428571,0.428571428571,0.5,0.55,0.3,0.3,0.839443884754,0.008690564497819806,1.844361255387143,0.80676416384,0.01459163671623603,1.9234517122468473,0.726147225285,0.021959173693633566,1.6797844637892605,0.754960534793,0.015451260690022768,1.7540293636801436,0.846473549331,0.20005930699621946,1.7342350896911338,0.783415466899,0.15794687116324993,2.113678335326532
