Well/XY,cell_id,total_distance,net_distance,linearity,spearmanrsq,progressivity,max_speed,min_speed,avg_speed,MSD_slope,hurst_RS,nongauss,disp_var,disp_skew,rw_linearity,rw_netdist,rw_kurtosis01,rw_kurtosis02,rw_kurtosis03,rw_kurtosis04,rw_kurtosis05,rw_kurtosis06,rw_kurtosis07,rw_kurtosis08,rw_kurtosis09,rw_kurtosis10,avg_moving_speed01,avg_moving_speed02,avg_moving_speed03,avg_moving_speed04,avg_moving_speed05,avg_moving_speed06,avg_moving_speed07,avg_moving_speed08,avg_moving_speed09,avg_moving_speed10,time_moving01,time_moving02,time_moving03,time_moving04,time_moving05,time_moving06,time_moving07,time_moving08,time_moving09,time_moving10,autocorr_1,autocorr_2,autocorr_3,autocorr_4,autocorr_5,autocorr_6,autocorr_7,autocorr_8,autocorr_9,autocorr_10,p_rturn_9_5,p_rturn_9_6,p_rturn_10_5,p_rturn_10_6,p_rturn_11_5,p_rturn_11_6,mean_theta_9_5,min_theta_9_5,max_theta_9_5,mean_theta_9_6,min_theta_9_6,max_theta_9_6,mean_theta_10_5,min_theta_10_5,max_theta_10_5,mean_theta_10_6,min_theta_10_6,max_theta_10_6,mean_theta_11_5,min_theta_11_5,max_theta_11_5,mean_theta_11_6,min_theta_11_6,max_theta_11_6
WellB07_Seq0005/xy02,0,1876.0529912262746,316.6249832214761,0.508701402686,0.437050478319,0.16877187622217188,39.941126674143796,2.2730596120647535,25.014039883,0.939964427322,0.673570560144,1.79954098705,839.631319229,2.795919719527271,0.244041327317,8.23118777009,8.080524750533511,3.991084546578345,5.545660678436148,7.328245507121846,-0.47588042350046766,0.42771001876717163,-0.6237097782423002,-0.30370398010886435,1.2920424120025897,-1.149067724837914,9.70622438729,9.82762324144,10.373720279,11.0773156426,11.6698429334,12.2999910041,13.299058742,14.2448382928,14.949723721,16.5156610677,1.0,0.9859154929577465,0.9154929577464789,0.8309859154929577,0.7605633802816901,0.6901408450704225,0.5915492957746479,0.5070422535211268,0.4507042253521127,0.352112676056338,0.0984907593197,0.023014668149,0.283096310669,0.0230429004082,0.0733473137761,0.261065189207,-0.0289844639458,0.00807310020897,0.153161449817,-0.0355480593263,0.333333333333,0.333333333333,0.3,0.3,0.25,0.25,0.889378964992,0.13153876244264912,2.152743797370451,0.927592453075,0.13643735228368353,1.8532352765299371,1.05290839623,0.18700787463075,2.2651623055495493,1.10812953769,0.18641011408782085,1.9838547759341487,0.9991789594,0.14483013444903933,2.311286921051643,1.03892675029,0.14423237390610963,2.0823950367232573
