Well/XY,cell_id,total_distance,net_distance,linearity,spearmanrsq,progressivity,max_speed,min_speed,avg_speed,MSD_slope,hurst_RS,nongauss,disp_var,disp_skew,rw_linearity,rw_netdist,rw_kurtosis01,rw_kurtosis02,rw_kurtosis03,rw_kurtosis04,rw_kurtosis05,rw_kurtosis06,rw_kurtosis07,rw_kurtosis08,rw_kurtosis09,rw_kurtosis10,avg_moving_speed01,avg_moving_speed02,avg_moving_speed03,avg_moving_speed04,avg_moving_speed05,avg_moving_speed06,avg_moving_speed07,avg_moving_speed08,avg_moving_speed09,avg_moving_speed10,time_moving01,time_moving02,time_moving03,time_moving04,time_moving05,time_moving06,time_moving07,time_moving08,time_moving09,time_moving10,autocorr_1,autocorr_2,autocorr_3,autocorr_4,autocorr_5,autocorr_6,autocorr_7,autocorr_8,autocorr_9,autocorr_10,p_rturn_9_5,p_rturn_9_6,p_rturn_10_5,p_rturn_10_6,p_rturn_11_5,p_rturn_11_6,mean_theta_9_5,min_theta_9_5,max_theta_9_5,mean_theta_9_6,min_theta_9_6,max_theta_9_6,mean_theta_10_5,min_theta_10_5,max_theta_10_5,mean_theta_10_6,min_theta_10_6,max_theta_10_6,mean_theta_11_5,min_theta_11_5,max_theta_11_5,mean_theta_11_6,min_theta_11_6,max_theta_11_6
WellC03_Seq0018/xy22,0,1199.8294496751037,101.31533003450177,0.00540351557306,0.00840709128869,0.08444144295836087,27.672036426688937,0.28343605980892883,15.9977259957,0.859381813055,0.709974638903,1.41166420556,319.527104998,2.393882970187307,-0.269219086815,-95.9178822522,6.6157475541371,4.7317360136477795,-0.37000808693618614,6.88667035874235,-0.8876832077235806,-0.6508811648135349,0.08508614260025604,2.583987019647912,-1.2497519446331984,-1.0501379048901165,6.8475927617,7.3585033736,7.69334861182,8.07930916449,8.89360276298,9.76121934359,10.7219216955,11.4098752771,11.8642688281,13.1360289058,0.9859154929577465,0.9014084507042254,0.8450704225352113,0.7746478873239436,0.6338028169014085,0.5070422535211268,0.39436619718309857,0.323943661971831,0.28169014084507044,0.18309859154929578,0.306780700493,-0.108942070126,-0.0557891474906,0.0885368787504,0.178337398783,0.139590662743,0.112041880688,0.0287257367361,-0.151811976247,-0.140608444511,0.428571428571,0.52380952381,0.5,0.5,0.4,0.45,0.985662704087,0.02767415614958454,2.880156255668598,0.944953109759,0.003276016448789846,2.8422018397822706,1.0071397612,0.06600670006584161,2.8833833765515355,0.965294543063,0.0712228445185425,2.8696165241384923,1.13310533439,0.07315759881570284,2.886082987527231,1.09619757165,0.06794145436300024,2.8723161351141866
