Well/XY,cell_id,total_distance,net_distance,linearity,spearmanrsq,progressivity,max_speed,min_speed,avg_speed,MSD_slope,hurst_RS,nongauss,disp_var,disp_skew,rw_linearity,rw_netdist,rw_kurtosis01,rw_kurtosis02,rw_kurtosis03,rw_kurtosis04,rw_kurtosis05,rw_kurtosis06,rw_kurtosis07,rw_kurtosis08,rw_kurtosis09,rw_kurtosis10,avg_moving_speed01,avg_moving_speed02,avg_moving_speed03,avg_moving_speed04,avg_moving_speed05,avg_moving_speed06,avg_moving_speed07,avg_moving_speed08,avg_moving_speed09,avg_moving_speed10,time_moving01,time_moving02,time_moving03,time_moving04,time_moving05,time_moving06,time_moving07,time_moving08,time_moving09,time_moving10,autocorr_1,autocorr_2,autocorr_3,autocorr_4,autocorr_5,autocorr_6,autocorr_7,autocorr_8,autocorr_9,autocorr_10,p_rturn_9_5,p_rturn_9_6,p_rturn_10_5,p_rturn_10_6,p_rturn_11_5,p_rturn_11_6,mean_theta_9_5,min_theta_9_5,max_theta_9_5,mean_theta_9_6,min_theta_9_6,max_theta_9_6,mean_theta_10_5,min_theta_10_5,max_theta_10_5,mean_theta_10_6,min_theta_10_6,max_theta_10_6,mean_theta_11_5,min_theta_11_5,max_theta_11_5,mean_theta_11_6,min_theta_11_6,max_theta_11_6
WellC03_Seq0018/xy18,0,1201.1236634417344,29.47021547257508,0.480192603588,0.614140958619,0.024535538154439714,20.689380947722935,0.3505652578336782,16.0149821792,0.645615337685,0.595194096691,0.168582890221,147.172728671,1.331568566921557,0.201023196399,-167.975745333,2.79972602761703,2.648091129787306,0.7235086662174464,-0.22205921032062115,-0.2125573276461683,-0.46077558146140873,-1.320589154971146,0.14299038081786897,-1.2129262651126478,-0.9020616014332119,6.99916686996,7.62099421607,8.61476277085,9.42388472844,9.89287105473,10.7843895636,11.497645644,12.1332085874,12.8176892889,13.8554011095,0.971830985915493,0.8732394366197183,0.7323943661971831,0.6338028169014085,0.5774647887323944,0.4788732394366197,0.4084507042253521,0.352112676056338,0.29577464788732394,0.22535211267605634,0.201649583567,0.0629429501034,-0.00268882469279,-0.111944326938,-0.00378750575912,0.0365522236366,-0.00621358953399,-0.306030597143,-0.211024399469,-0.260473196897,0.428571428571,0.428571428571,0.45,0.45,0.5,0.5,0.715553084954,0.11412638834020145,1.9452370686783984,0.667295493503,0.02689169323251481,1.9915591005595892,0.762069730899,0.05318738996836664,1.8608239941305496,0.712620860124,0.017042935382045696,1.808258902289509,0.955352234153,0.06229240353250848,2.558166898466635,0.92074785797,0.08737233367885551,2.5784476657398985
