Well/XY,cell_id,total_distance,net_distance,linearity,spearmanrsq,progressivity,max_speed,min_speed,avg_speed,MSD_slope,hurst_RS,nongauss,disp_var,disp_skew,rw_linearity,rw_netdist,rw_kurtosis01,rw_kurtosis02,rw_kurtosis03,rw_kurtosis04,rw_kurtosis05,rw_kurtosis06,rw_kurtosis07,rw_kurtosis08,rw_kurtosis09,rw_kurtosis10,avg_moving_speed01,avg_moving_speed02,avg_moving_speed03,avg_moving_speed04,avg_moving_speed05,avg_moving_speed06,avg_moving_speed07,avg_moving_speed08,avg_moving_speed09,avg_moving_speed10,time_moving01,time_moving02,time_moving03,time_moving04,time_moving05,time_moving06,time_moving07,time_moving08,time_moving09,time_moving10,autocorr_1,autocorr_2,autocorr_3,autocorr_4,autocorr_5,autocorr_6,autocorr_7,autocorr_8,autocorr_9,autocorr_10,p_rturn_9_5,p_rturn_9_6,p_rturn_10_5,p_rturn_10_6,p_rturn_11_5,p_rturn_11_6,mean_theta_9_5,min_theta_9_5,max_theta_9_5,mean_theta_9_6,min_theta_9_6,max_theta_9_6,mean_theta_10_5,min_theta_10_5,max_theta_10_5,mean_theta_10_6,min_theta_10_6,max_theta_10_6,mean_theta_11_5,min_theta_11_5,max_theta_11_5,mean_theta_11_6,min_theta_11_6,max_theta_11_6
WellC11_Seq0010/xy06,0,1755.6196137211675,536.0321002514681,0.346453399468,0.0946603199729,0.3053235997490982,40.67091466883922,1.7697875578724152,23.4082615163,1.2920766572,0.772315083007,0.263363483762,397.578560205,1.387394581663237,0.130156919306,247.435670099,1.8977354120638212,2.678406255761124,1.3258241876319241,2.392685411626565,1.1444693248945974,-1.5455895867035725,0.7072289306704249,1.4447861116901848,0.6212559823160348,-0.5507876364948205,13.981377142,14.1569781192,14.6977134571,15.5709580195,16.131375321,17.1196558881,17.745837445,18.6117993328,19.0610939537,20.5280769675,1.0,0.9859154929577465,0.9436619718309859,0.8732394366197183,0.8309859154929577,0.7605633802816901,0.7183098591549296,0.6619718309859155,0.6338028169014085,0.5492957746478874,0.408461091992,0.310001837053,0.195571310746,0.0244978083131,0.0290389695505,0.0307852956846,0.00755985720275,0.0144335590664,0.0348034581162,-0.0861318868384,0.666666666667,0.666666666667,0.8,0.75,0.75,0.7,0.667037691619,0.03500841484333796,2.403416567346419,0.635127712891,0.02032656515178065,2.4013368883015187,0.682890066693,0.05233134322385133,2.4356120324851784,0.638650705224,0.029673753124227664,2.433532353440278,0.500937984713,0.0069488898095882564,1.3212200409755783,0.459951535376,0.029606479909224694,1.3153522474910946
