Well/XY,cell_id,total_distance,net_distance,linearity,spearmanrsq,progressivity,max_speed,min_speed,avg_speed,MSD_slope,hurst_RS,nongauss,disp_var,disp_skew,rw_linearity,rw_netdist,rw_kurtosis01,rw_kurtosis02,rw_kurtosis03,rw_kurtosis04,rw_kurtosis05,rw_kurtosis06,rw_kurtosis07,rw_kurtosis08,rw_kurtosis09,rw_kurtosis10,avg_moving_speed01,avg_moving_speed02,avg_moving_speed03,avg_moving_speed04,avg_moving_speed05,avg_moving_speed06,avg_moving_speed07,avg_moving_speed08,avg_moving_speed09,avg_moving_speed10,time_moving01,time_moving02,time_moving03,time_moving04,time_moving05,time_moving06,time_moving07,time_moving08,time_moving09,time_moving10,autocorr_1,autocorr_2,autocorr_3,autocorr_4,autocorr_5,autocorr_6,autocorr_7,autocorr_8,autocorr_9,autocorr_10,p_rturn_9_5,p_rturn_9_6,p_rturn_10_5,p_rturn_10_6,p_rturn_11_5,p_rturn_11_6,mean_theta_9_5,min_theta_9_5,max_theta_9_5,mean_theta_9_6,min_theta_9_6,max_theta_9_6,mean_theta_10_5,min_theta_10_5,max_theta_10_5,mean_theta_10_6,min_theta_10_6,max_theta_10_6,mean_theta_11_5,min_theta_11_5,max_theta_11_5,mean_theta_11_6,min_theta_11_6,max_theta_11_6
WellC11_Seq0010/xy15,0,1430.2843509422933,227.87214595031125,0.0948647565044,0.238464604641,0.1593194708452103,27.757327609119706,1.5848583532921983,19.0704580126,0.792262286346,0.568114107939,-0.259651382454,122.703925633,0.6518942397926897,-0.119728263328,-7.24425088105,1.147108758651875,-0.5841717259149908,-0.7206802219281405,0.14022339423036678,-0.09854574211111533,-0.6927041793317814,-1.2532022809103087,-0.5046381461504641,-0.7191972176371002,-1.1213167318445803,15.4933484827,15.4933484827,15.8642743521,16.4141873569,16.9865518452,16.9865518452,17.5160268623,17.8612169803,18.3538925962,18.680802144,1.0,1.0,0.971830985915493,0.9295774647887324,0.8873239436619719,0.8873239436619719,0.8450704225352113,0.8169014084507042,0.7746478873239436,0.7464788732394366,0.209090417482,-0.00966766748566,-0.086913155534,-0.0479164640118,-0.119822546779,-0.134365969846,0.0125115296464,-0.155663243902,-0.143819059961,-0.351537355957,0.52380952381,0.47619047619,0.6,0.6,0.6,0.6,0.356279812055,0.019863682334135668,1.3230088181647137,0.300412090052,0.0023876341625768843,1.3616149341457775,0.349659559397,0.022552821581728194,1.1141033508181415,0.304048032834,0.005076773410199751,1.1527094667992053,0.339843389777,0.02163506585460433,1.166854344194776,0.291257532301,0.020003506608074893,1.2054604601758396
