Well/XY,cell_id,total_distance,net_distance,linearity,spearmanrsq,progressivity,max_speed,min_speed,avg_speed,MSD_slope,hurst_RS,nongauss,disp_var,disp_skew,rw_linearity,rw_netdist,rw_kurtosis01,rw_kurtosis02,rw_kurtosis03,rw_kurtosis04,rw_kurtosis05,rw_kurtosis06,rw_kurtosis07,rw_kurtosis08,rw_kurtosis09,rw_kurtosis10,avg_moving_speed01,avg_moving_speed02,avg_moving_speed03,avg_moving_speed04,avg_moving_speed05,avg_moving_speed06,avg_moving_speed07,avg_moving_speed08,avg_moving_speed09,avg_moving_speed10,time_moving01,time_moving02,time_moving03,time_moving04,time_moving05,time_moving06,time_moving07,time_moving08,time_moving09,time_moving10,autocorr_1,autocorr_2,autocorr_3,autocorr_4,autocorr_5,autocorr_6,autocorr_7,autocorr_8,autocorr_9,autocorr_10,p_rturn_9_5,p_rturn_9_6,p_rturn_10_5,p_rturn_10_6,p_rturn_11_5,p_rturn_11_6,mean_theta_9_5,min_theta_9_5,max_theta_9_5,mean_theta_9_6,min_theta_9_6,max_theta_9_6,mean_theta_10_5,min_theta_10_5,max_theta_10_5,mean_theta_10_6,min_theta_10_6,max_theta_10_6,mean_theta_11_5,min_theta_11_5,max_theta_11_5,mean_theta_11_6,min_theta_11_6,max_theta_11_6
WellC11_Seq0010/xy11,0,1456.2350465890704,230.0914472552163,0.882091802207,0.697430544945,0.15800433301901226,25.915913952627637,0.25926048676957236,19.4164672879,1.27079002677,0.707621363164,0.160240414127,251.587006107,1.3152851548477333,0.660199222426,-9.29083841966,1.2004424604795245,-0.1910158869200802,2.253714240834153,2.6654315263185753,1.7151059104602489,3.9290745356602876,-0.16628216282082642,2.34130959641164,-0.837822293611147,-1.115927504188979,7.66507169715,8.69111908468,9.80058703078,10.3750227592,11.6345276776,12.5815590122,14.179254329,16.6487047015,17.1271329928,17.1271329928,0.971830985915493,0.8309859154929577,0.704225352112676,0.647887323943662,0.5352112676056338,0.4647887323943662,0.36619718309859156,0.2676056338028169,0.2535211267605634,0.2535211267605634,-0.0342001168147,0.039924374024,0.0515702406453,0.16365627462,0.156465645362,0.0043411110594,0.0597761698634,0.101902468266,0.0513407446022,-0.0361458475725,0.52380952381,0.619047619048,0.6,0.65,0.7,0.7,0.347638462204,0.014928120556327137,1.0574705489547949,0.367816344747,0.03492858551846623,1.1462520606314635,0.32123951513,0.022699101753781002,1.0453032114577196,0.331011030836,0.021967611253969437,1.0550326567715924,0.301151844315,0.0027425259188869934,1.4109106032249035,0.307020141368,5.4965122146182545e-05,1.499692114901572
