Well/XY,cell_id,total_distance,net_distance,linearity,spearmanrsq,progressivity,max_speed,min_speed,avg_speed,MSD_slope,hurst_RS,nongauss,disp_var,disp_skew,rw_linearity,rw_netdist,rw_kurtosis01,rw_kurtosis02,rw_kurtosis03,rw_kurtosis04,rw_kurtosis05,rw_kurtosis06,rw_kurtosis07,rw_kurtosis08,rw_kurtosis09,rw_kurtosis10,avg_moving_speed01,avg_moving_speed02,avg_moving_speed03,avg_moving_speed04,avg_moving_speed05,avg_moving_speed06,avg_moving_speed07,avg_moving_speed08,avg_moving_speed09,avg_moving_speed10,time_moving01,time_moving02,time_moving03,time_moving04,time_moving05,time_moving06,time_moving07,time_moving08,time_moving09,time_moving10,autocorr_1,autocorr_2,autocorr_3,autocorr_4,autocorr_5,autocorr_6,autocorr_7,autocorr_8,autocorr_9,autocorr_10,p_rturn_9_5,p_rturn_9_6,p_rturn_10_5,p_rturn_10_6,p_rturn_11_5,p_rturn_11_6,mean_theta_9_5,min_theta_9_5,max_theta_9_5,mean_theta_9_6,min_theta_9_6,max_theta_9_6,mean_theta_10_5,min_theta_10_5,max_theta_10_5,mean_theta_10_6,min_theta_10_6,max_theta_10_6,mean_theta_11_5,min_theta_11_5,max_theta_11_5,mean_theta_11_6,min_theta_11_6,max_theta_11_6
WellC11_Seq0010/xy20,0,177.91566750463426,2.892766841624069,0.585221532116,0.587821179506,0.01625920236366322,1.4652726708705113,0.059464274989268116,2.37220890006,0.152028973261,0.732241312541,-0.1175214132,2.4015095455,1.0289491113612896,0.376893403176,-26.3537886814,0.8078082377249558,2.192597883609058,1.2746079489915694,-1.3450155569870461,-1.4442551640645622,-0.9092841756750141,-0.8871806690474111,-0.8480318636901965,-0.3718240600734424,-1.0987266710753436,1.31674648684,0.0,0.0,0.0,0.0,0.0,0.0,0.0,0.0,0.0,0.11267605633802817,0.0,0.0,0.0,0.0,0.0,0.0,0.0,0.0,0.0,0.237364175453,0.108300163836,-0.000654828599412,-0.0316001857386,0.0767724502417,0.0598915849507,-0.0209975953937,-0.00499505896151,-0.0241648224607,0.203957014467,0.5,0.55,0.5,0.5,0.526315789474,0.526315789474,0.542216115838,0.0516986370368434,2.090462022372421,0.540776988118,0.02143254437620177,2.1051197089228904,0.799075448127,0.0626038310467418,2.202934705340049,0.796420025541,0.08258851305344549,2.175849495287048,0.596340716215,0.005368569913624515,1.9750993186229813,0.625564759003,0.007961118453799876,1.980865285511837
