Well/XY,cell_id,total_distance,net_distance,linearity,spearmanrsq,progressivity,max_speed,min_speed,avg_speed,MSD_slope,hurst_RS,nongauss,disp_var,disp_skew,rw_linearity,rw_netdist,rw_kurtosis01,rw_kurtosis02,rw_kurtosis03,rw_kurtosis04,rw_kurtosis05,rw_kurtosis06,rw_kurtosis07,rw_kurtosis08,rw_kurtosis09,rw_kurtosis10,avg_moving_speed01,avg_moving_speed02,avg_moving_speed03,avg_moving_speed04,avg_moving_speed05,avg_moving_speed06,avg_moving_speed07,avg_moving_speed08,avg_moving_speed09,avg_moving_speed10,time_moving01,time_moving02,time_moving03,time_moving04,time_moving05,time_moving06,time_moving07,time_moving08,time_moving09,time_moving10,autocorr_1,autocorr_2,autocorr_3,autocorr_4,autocorr_5,autocorr_6,autocorr_7,autocorr_8,autocorr_9,autocorr_10,p_rturn_9_5,p_rturn_9_6,p_rturn_10_5,p_rturn_10_6,p_rturn_11_5,p_rturn_11_6,mean_theta_9_5,min_theta_9_5,max_theta_9_5,mean_theta_9_6,min_theta_9_6,max_theta_9_6,mean_theta_10_5,min_theta_10_5,max_theta_10_5,mean_theta_10_6,min_theta_10_6,max_theta_10_6,mean_theta_11_5,min_theta_11_5,max_theta_11_5,mean_theta_11_6,min_theta_11_6,max_theta_11_6
WellC02_Seq0019/xy10,0,210.67230386306073,63.4306203658769,0.87067988861,0.852053541883,0.30108666019576774,3.5822875373146807,0.03773592452823548,2.80896405151,1.33923514202,0.631383332106,1.70204503974,5.52705267294,3.7193255776356597,0.629658904425,28.7993857,16.886729518674542,7.228084281884744,8.142922201030748,-1.3182648247682216,-0.49636210640205647,5.3685851491071155,2.1221306477879676,-1.3810943957025865,-0.8435608967304504,-1.6638888336357807,1.3470205612,2.63842288148,3.09842798851,0.0,0.0,0.0,0.0,0.0,0.0,0.0,0.5492957746478874,0.028169014084507043,0.014084507042253521,0.0,0.0,0.0,0.0,0.0,0.0,0.0,0.347611082732,-0.101797054828,-0.0656684114523,-0.00670910851366,0.171504671126,0.0237468147018,-0.0911674041411,-0.0229592716853,-0.106214066675,0.012545201086,0.428571428571,0.380952380952,0.3,0.25,0.35,0.35,0.344667890155,0.0017060745022450554,0.7704371563612853,0.307625714723,0.01614279844179404,0.6593764248721563,0.297617031955,0.01897704772565803,0.855364361157996,0.278680123651,0.01626647778388458,0.8478478506373306,0.343387496168,0.06255300471127712,0.9909865859460736,0.320368838048,0.04268128291376312,0.7559018575026589
