Well/XY,cell_id,total_distance,net_distance,linearity,spearmanrsq,progressivity,max_speed,min_speed,avg_speed,MSD_slope,hurst_RS,nongauss,disp_var,disp_skew,rw_linearity,rw_netdist,rw_kurtosis01,rw_kurtosis02,rw_kurtosis03,rw_kurtosis04,rw_kurtosis05,rw_kurtosis06,rw_kurtosis07,rw_kurtosis08,rw_kurtosis09,rw_kurtosis10,avg_moving_speed01,avg_moving_speed02,avg_moving_speed03,avg_moving_speed04,avg_moving_speed05,avg_moving_speed06,avg_moving_speed07,avg_moving_speed08,avg_moving_speed09,avg_moving_speed10,time_moving01,time_moving02,time_moving03,time_moving04,time_moving05,time_moving06,time_moving07,time_moving08,time_moving09,time_moving10,autocorr_1,autocorr_2,autocorr_3,autocorr_4,autocorr_5,autocorr_6,autocorr_7,autocorr_8,autocorr_9,autocorr_10,p_rturn_9_5,p_rturn_9_6,p_rturn_10_5,p_rturn_10_6,p_rturn_11_5,p_rturn_11_6,mean_theta_9_5,min_theta_9_5,max_theta_9_5,mean_theta_9_6,min_theta_9_6,max_theta_9_6,mean_theta_10_5,min_theta_10_5,max_theta_10_5,mean_theta_10_6,min_theta_10_6,max_theta_10_6,mean_theta_11_5,min_theta_11_5,max_theta_11_5,mean_theta_11_6,min_theta_11_6,max_theta_11_6
WellC02_Seq0019/xy19,0,1829.6281502988984,231.8427523128554,0.438385327458,0.410865787476,0.12671577679594637,29.422269456994627,0.5263610927870913,24.395042004,0.899552995402,0.692648328216,1.01813626708,883.497108786,1.9983103010019319,0.182557329373,-68.9195247519,2.9741773389814856,-0.853337116796943,-0.6238830966412725,-0.5021266146094647,-1.0254133883438956,-1.1009206415477133,-1.0553040588015872,-0.4154523527661831,-0.623321687088092,-1.3632624852823896,9.19910909821,9.68789561949,10.1626640162,11.0208223968,11.5688982918,12.1374574467,12.9897960561,13.802935963,14.6659243629,15.5463763012,0.9577464788732394,0.9014084507042254,0.8450704225352113,0.7464788732394366,0.6901408450704225,0.6338028169014085,0.5492957746478874,0.4788732394366197,0.4084507042253521,0.352112676056338,0.00193557969446,0.18819594258,-0.018578212595,0.00212642556885,0.145446787944,0.161367394769,-0.0629243975529,0.132846528407,-0.0746977667111,-0.0389242935301,0.380952380952,0.428571428571,0.45,0.35,0.4,0.35,0.636919084337,0.0706456303675052,1.8502043451370973,0.637015067334,0.014006349183986149,2.0891991461089088,0.694962988961,0.019465845102750033,2.137633007782051,0.69035074974,0.050630380131399914,2.1776392404241345,0.656673238812,0.004469915219868566,1.5585274360070285,0.691463660987,0.004757698343551803,2.255559813419052
