Well/XY,cell_id,total_distance,net_distance,linearity,spearmanrsq,progressivity,max_speed,min_speed,avg_speed,MSD_slope,hurst_RS,nongauss,disp_var,disp_skew,rw_linearity,rw_netdist,rw_kurtosis01,rw_kurtosis02,rw_kurtosis03,rw_kurtosis04,rw_kurtosis05,rw_kurtosis06,rw_kurtosis07,rw_kurtosis08,rw_kurtosis09,rw_kurtosis10,avg_moving_speed01,avg_moving_speed02,avg_moving_speed03,avg_moving_speed04,avg_moving_speed05,avg_moving_speed06,avg_moving_speed07,avg_moving_speed08,avg_moving_speed09,avg_moving_speed10,time_moving01,time_moving02,time_moving03,time_moving04,time_moving05,time_moving06,time_moving07,time_moving08,time_moving09,time_moving10,autocorr_1,autocorr_2,autocorr_3,autocorr_4,autocorr_5,autocorr_6,autocorr_7,autocorr_8,autocorr_9,autocorr_10,p_rturn_9_5,p_rturn_9_6,p_rturn_10_5,p_rturn_10_6,p_rturn_11_5,p_rturn_11_6,mean_theta_9_5,min_theta_9_5,max_theta_9_5,mean_theta_9_6,min_theta_9_6,max_theta_9_6,mean_theta_10_5,min_theta_10_5,max_theta_10_5,mean_theta_10_6,min_theta_10_6,max_theta_10_6,mean_theta_11_5,min_theta_11_5,max_theta_11_5,mean_theta_11_6,min_theta_11_6,max_theta_11_6
WellC02_Seq0019/xy18,0,1145.6715448877412,361.01398643265884,0.428236078691,0.287583306243,0.3151112446176996,22.112487060482373,0.28120455188351795,15.2756205985,1.74538575853,0.747888413681,-0.257926524398,65.1488807244,1.11585570882129,0.190448931063,172.68348739,0.8122580293543074,2.19808280863907,-0.5949848004847893,1.5960650476105753,-0.019464581579462514,-0.9515559828504063,-0.590321848396711,-0.5728417218854358,-0.7182563186562887,-0.7762856420413526,11.5072540976,11.5072540976,11.6356143832,12.0041378142,12.4650712047,13.1989506026,13.4582065717,13.5738106632,13.9827281546,14.6125272372,1.0,1.0,0.9859154929577465,0.9436619718309859,0.8873239436619719,0.8028169014084507,0.7746478873239436,0.7605633802816901,0.704225352112676,0.6197183098591549,0.408250574729,0.226385614595,0.133003276778,-0.0761456092907,-0.0773696108528,-0.0343230109393,0.0866832478816,0.0551851616074,-0.0628679352308,-0.040430178188,0.619047619048,0.619047619048,0.65,0.7,0.6,0.6,0.401870970993,0.024165978298856874,1.2821933584292227,0.383474561399,0.020856109512880517,1.1324074901420635,0.450490807602,0.0037129393579485898,1.3537834798785142,0.407589479853,0.02458141959755304,1.203997611591355,0.591121141773,0.013082345481479237,2.8773687670341555,0.542495943856,0.04137670443698105,2.819726994786429
