Well/XY,cell_id,total_distance,net_distance,linearity,spearmanrsq,progressivity,max_speed,min_speed,avg_speed,MSD_slope,hurst_RS,nongauss,disp_var,disp_skew,rw_linearity,rw_netdist,rw_kurtosis01,rw_kurtosis02,rw_kurtosis03,rw_kurtosis04,rw_kurtosis05,rw_kurtosis06,rw_kurtosis07,rw_kurtosis08,rw_kurtosis09,rw_kurtosis10,avg_moving_speed01,avg_moving_speed02,avg_moving_speed03,avg_moving_speed04,avg_moving_speed05,avg_moving_speed06,avg_moving_speed07,avg_moving_speed08,avg_moving_speed09,avg_moving_speed10,time_moving01,time_moving02,time_moving03,time_moving04,time_moving05,time_moving06,time_moving07,time_moving08,time_moving09,time_moving10,autocorr_1,autocorr_2,autocorr_3,autocorr_4,autocorr_5,autocorr_6,autocorr_7,autocorr_8,autocorr_9,autocorr_10,p_rturn_9_5,p_rturn_9_6,p_rturn_10_5,p_rturn_10_6,p_rturn_11_5,p_rturn_11_6,mean_theta_9_5,min_theta_9_5,max_theta_9_5,mean_theta_9_6,min_theta_9_6,max_theta_9_6,mean_theta_10_5,min_theta_10_5,max_theta_10_5,mean_theta_10_6,min_theta_10_6,max_theta_10_6,mean_theta_11_5,min_theta_11_5,max_theta_11_5,mean_theta_11_6,min_theta_11_6,max_theta_11_6
WellC08_Seq0013/xy12,0,1251.1811031566172,444.3742049219328,0.290567268329,0.322671895818,0.3551637758920885,26.34608198575264,1.4904992452195243,16.6824147088,1.4622578776,0.731540851062,0.331710506906,170.288005912,1.767900828831876,0.0536439162284,238.699583254,3.1104974269373233,5.76353097016719,1.9130047522419655,-0.6522393926908467,0.22184434600693015,-0.636501896509182,-0.5219998602963263,-0.4362025204769333,-0.6027328855714762,-0.7189473221712199,10.7384718573,10.7384718573,11.2235580156,11.7150455813,12.476684579,12.7308618369,13.2300954432,13.8761002329,14.8328559075,16.2242775165,1.0,1.0,0.9436619718309859,0.8873239436619719,0.8028169014084507,0.7746478873239436,0.7183098591549296,0.647887323943662,0.5492957746478874,0.43661971830985913,0.335692799792,0.296705868637,0.283107878683,0.244593097608,-0.0565082678141,-0.00777091767203,-0.0937922343405,-0.100365704653,-0.0894027334377,-0.0840202944971,0.380952380952,0.380952380952,0.4,0.35,0.3,0.3,0.475837672166,0.01266883971822721,1.8909381468064443,0.484407497575,0.0014371016116238623,1.9772123633825425,0.4659258408,0.006516608389335924,1.8419420997452094,0.473578641455,0.017073825111180895,1.9282163163213077,0.491831783005,0.0021944786190250293,1.7961054493997755,0.510821429711,0.025784912119531368,1.8823796659758738
