Well/XY,cell_id,total_distance,net_distance,linearity,spearmanrsq,progressivity,max_speed,min_speed,avg_speed,MSD_slope,hurst_RS,nongauss,disp_var,disp_skew,rw_linearity,rw_netdist,rw_kurtosis01,rw_kurtosis02,rw_kurtosis03,rw_kurtosis04,rw_kurtosis05,rw_kurtosis06,rw_kurtosis07,rw_kurtosis08,rw_kurtosis09,rw_kurtosis10,avg_moving_speed01,avg_moving_speed02,avg_moving_speed03,avg_moving_speed04,avg_moving_speed05,avg_moving_speed06,avg_moving_speed07,avg_moving_speed08,avg_moving_speed09,avg_moving_speed10,time_moving01,time_moving02,time_moving03,time_moving04,time_moving05,time_moving06,time_moving07,time_moving08,time_moving09,time_moving10,autocorr_1,autocorr_2,autocorr_3,autocorr_4,autocorr_5,autocorr_6,autocorr_7,autocorr_8,autocorr_9,autocorr_10,p_rturn_9_5,p_rturn_9_6,p_rturn_10_5,p_rturn_10_6,p_rturn_11_5,p_rturn_11_6,mean_theta_9_5,min_theta_9_5,max_theta_9_5,mean_theta_9_6,min_theta_9_6,max_theta_9_6,mean_theta_10_5,min_theta_10_5,max_theta_10_5,mean_theta_10_6,min_theta_10_6,max_theta_10_6,mean_theta_11_5,min_theta_11_5,max_theta_11_5,mean_theta_11_6,min_theta_11_6,max_theta_11_6
WellC08_Seq0013/xy19,0,1685.9429052988164,54.88453789547656,0.0300590218078,0.000580231040637,0.032554209115254015,32.7091510742789,0.3038486465330827,22.4792387373,0.401132609674,0.870156552382,0.474921898116,420.773567812,1.6747203520712437,-0.187493013704,-222.258130201,2.614528443721455,0.8224615882260471,3.4834754003425017,7.908335555660145,-0.7648873839561796,-0.4096163924014675,0.18022804462628628,1.429070060396568,-1.166686868376066,1.1926730810445418,6.39181387128,6.85695204395,7.48030024278,9.15122599003,10.0678423935,12.8118414744,13.9986447845,14.924255303,15.8579283439,16.3687829815,0.9577464788732394,0.8732394366197183,0.7605633802816901,0.5352112676056338,0.4507042253521127,0.28169014084507044,0.23943661971830985,0.2112676056338028,0.18309859154929578,0.16901408450704225,0.387419841631,0.0585271856941,0.358738174427,0.463071370523,0.0639512237478,-0.00377407638133,0.212054765648,0.174913982068,-0.0914494065001,-0.114560711619,0.47619047619,0.428571428571,0.35,0.3,0.4,0.4,0.810414606186,0.1449263290813256,1.927568138222057,0.765972968183,0.07672900514938352,1.862486128176088,1.11770941489,0.029201724988912704,2.204900659897475,1.10770522016,0.0598152575877123,2.3185464937139275,0.937229339439,0.05678475497098257,2.073021743003994,0.901793293793,0.03544094393440172,1.8218478007207133
