Well/XY,cell_id,total_distance,net_distance,linearity,spearmanrsq,progressivity,max_speed,min_speed,avg_speed,MSD_slope,hurst_RS,nongauss,disp_var,disp_skew,rw_linearity,rw_netdist,rw_kurtosis01,rw_kurtosis02,rw_kurtosis03,rw_kurtosis04,rw_kurtosis05,rw_kurtosis06,rw_kurtosis07,rw_kurtosis08,rw_kurtosis09,rw_kurtosis10,avg_moving_speed01,avg_moving_speed02,avg_moving_speed03,avg_moving_speed04,avg_moving_speed05,avg_moving_speed06,avg_moving_speed07,avg_moving_speed08,avg_moving_speed09,avg_moving_speed10,time_moving01,time_moving02,time_moving03,time_moving04,time_moving05,time_moving06,time_moving07,time_moving08,time_moving09,time_moving10,autocorr_1,autocorr_2,autocorr_3,autocorr_4,autocorr_5,autocorr_6,autocorr_7,autocorr_8,autocorr_9,autocorr_10,p_rturn_9_5,p_rturn_9_6,p_rturn_10_5,p_rturn_10_6,p_rturn_11_5,p_rturn_11_6,mean_theta_9_5,min_theta_9_5,max_theta_9_5,mean_theta_9_6,min_theta_9_6,max_theta_9_6,mean_theta_10_5,min_theta_10_5,max_theta_10_5,mean_theta_10_6,min_theta_10_6,max_theta_10_6,mean_theta_11_5,min_theta_11_5,max_theta_11_5,mean_theta_11_6,min_theta_11_6,max_theta_11_6
WellC08_Seq0013/xy18,0,1708.2967504352885,645.77101204684,0.757007900821,0.602752229228,0.37802039480686955,27.488543067976543,1.9235384061671343,22.7772900058,1.51180390172,0.674031259574,0.459224567676,229.787387597,2.4894262290626425,0.531261380122,364.953721124,9.412588488553842,-0.16243761832946424,-0.10974640122716384,0.2004289204739469,-0.4214300756578253,0.1336659162449414,-0.3784340450799153,-0.23536634306806947,-0.4695167385458472,-1.254530780672405,16.9990054892,17.2222754321,17.2222754321,17.4206545049,17.4206545049,17.6031437324,17.7738550632,17.9227277509,18.067101911,18.337917047,1.0,0.9859154929577465,0.9859154929577465,0.971830985915493,0.971830985915493,0.9577464788732394,0.9436619718309859,0.9295774647887324,0.9154929577464789,0.8873239436619719,0.432780845281,0.184696162354,0.128940373576,0.0582858410989,0.123193318347,0.0259882022295,-0.032033884396,-0.129637136701,-0.11685201465,-0.0216059542705,0.47619047619,0.47619047619,0.4,0.4,0.45,0.45,0.628606887635,0.009907031739976148,2.5064271721964015,0.644867250057,0.01551013341948338,2.55016340954164,0.676269871398,0.07046172062774757,2.321440755689572,0.629706086231,0.04504455546826192,2.3516909168004503,0.60486723989,0.09269129060958049,1.9620548209965476,0.558303454723,0.09528591203977707,1.9923049821074257
