Well/XY,cell_id,total_distance,net_distance,linearity,spearmanrsq,progressivity,max_speed,min_speed,avg_speed,MSD_slope,hurst_RS,nongauss,disp_var,disp_skew,rw_linearity,rw_netdist,rw_kurtosis01,rw_kurtosis02,rw_kurtosis03,rw_kurtosis04,rw_kurtosis05,rw_kurtosis06,rw_kurtosis07,rw_kurtosis08,rw_kurtosis09,rw_kurtosis10,avg_moving_speed01,avg_moving_speed02,avg_moving_speed03,avg_moving_speed04,avg_moving_speed05,avg_moving_speed06,avg_moving_speed07,avg_moving_speed08,avg_moving_speed09,avg_moving_speed10,time_moving01,time_moving02,time_moving03,time_moving04,time_moving05,time_moving06,time_moving07,time_moving08,time_moving09,time_moving10,autocorr_1,autocorr_2,autocorr_3,autocorr_4,autocorr_5,autocorr_6,autocorr_7,autocorr_8,autocorr_9,autocorr_10,p_rturn_9_5,p_rturn_9_6,p_rturn_10_5,p_rturn_10_6,p_rturn_11_5,p_rturn_11_6,mean_theta_9_5,min_theta_9_5,max_theta_9_5,mean_theta_9_6,min_theta_9_6,max_theta_9_6,mean_theta_10_5,min_theta_10_5,max_theta_10_5,mean_theta_10_6,min_theta_10_6,max_theta_10_6,mean_theta_11_5,min_theta_11_5,max_theta_11_5,mean_theta_11_6,min_theta_11_6,max_theta_11_6
WellC08_Seq0013/xy23,0,1301.1161264388768,432.5863332330322,0.275882766623,0.574943321642,0.33247327002010996,45.769845837625454,0.09062008607366501,17.3482150192,1.36763599985,0.690578970956,1.18161092677,246.661620207,2.562582546526407,0.0445234294093,218.703174051,9.63894425609881,6.911921210727142,5.915018550259628,5.958835927911821,4.448090610357532,2.899042590444595,-0.16463868337448417,0.5081319515665919,-0.6669313534533527,-0.5364289321161264,11.1943733494,11.7780478732,12.5590768112,12.8729914771,13.4904504674,14.3085323662,14.8384436736,15.5207535233,16.0571865889,16.3968841197,0.971830985915493,0.9154929577464789,0.8450704225352113,0.8169014084507042,0.7605633802816901,0.6901408450704225,0.647887323943662,0.5915492957746479,0.5492957746478874,0.5211267605633803,0.236822229131,-0.0410734794637,0.211003103701,0.0907418353171,0.0255163285214,0.0581008580745,0.0451527545903,-0.0135421868962,0.00945088938823,-0.0869296698982,0.47619047619,0.47619047619,0.4,0.35,0.45,0.35,0.695987737886,0.023221855702702295,2.8261341566531564,0.639083141124,0.015774694199795384,2.6898718743618684,0.656168088458,0.02128940680137307,2.8332904543710047,0.629546168657,0.021033745739700606,2.6970281720797167,0.604321707059,0.018451520825910877,2.078267133767953,0.612860354526,0.029830814953460325,1.9144174190734016
