Well/XY,cell_id,total_distance,net_distance,linearity,spearmanrsq,progressivity,max_speed,min_speed,avg_speed,MSD_slope,hurst_RS,nongauss,disp_var,disp_skew,rw_linearity,rw_netdist,rw_kurtosis01,rw_kurtosis02,rw_kurtosis03,rw_kurtosis04,rw_kurtosis05,rw_kurtosis06,rw_kurtosis07,rw_kurtosis08,rw_kurtosis09,rw_kurtosis10,avg_moving_speed01,avg_moving_speed02,avg_moving_speed03,avg_moving_speed04,avg_moving_speed05,avg_moving_speed06,avg_moving_speed07,avg_moving_speed08,avg_moving_speed09,avg_moving_speed10,time_moving01,time_moving02,time_moving03,time_moving04,time_moving05,time_moving06,time_moving07,time_moving08,time_moving09,time_moving10,autocorr_1,autocorr_2,autocorr_3,autocorr_4,autocorr_5,autocorr_6,autocorr_7,autocorr_8,autocorr_9,autocorr_10,p_rturn_9_5,p_rturn_9_6,p_rturn_10_5,p_rturn_10_6,p_rturn_11_5,p_rturn_11_6,mean_theta_9_5,min_theta_9_5,max_theta_9_5,mean_theta_9_6,min_theta_9_6,max_theta_9_6,mean_theta_10_5,min_theta_10_5,max_theta_10_5,mean_theta_10_6,min_theta_10_6,max_theta_10_6,mean_theta_11_5,min_theta_11_5,max_theta_11_5,mean_theta_11_6,min_theta_11_6,max_theta_11_6
WellC08_Seq0013/xy17,0,876.287821696254,88.13001758765297,0.0698649491207,0.072472750171,0.10057199861234785,11.062386722583886,1.2041594578792334,11.6838376226,1.2170934247,0.729801677658,0.110087766931,71.9852764274,1.488957566867328,-0.176438791699,-55.9180069109,2.0456375675281624,-0.44588754444020307,-0.6240140012621844,-1.1507155705830447,-0.9746533677377633,-0.5037110503257058,-1.0384463628003633,-1.3980619238700909,0.0958096008299707,-1.4469665249682,6.27878421091,6.35171137896,6.57787899061,7.23567893732,7.75395970601,8.28633955457,8.93249124715,9.94840499583,10.53859706,10.6824419537,1.0,0.9859154929577465,0.9295774647887324,0.7605633802816901,0.6338028169014085,0.5070422535211268,0.38028169014084506,0.22535211267605634,0.15492957746478872,0.1267605633802817,0.492105959834,0.00177338752402,-0.217617816414,-0.106140753204,-0.0122080252367,0.0226323899413,-0.0391336543577,0.054978827931,-0.00762952994276,-0.123341856573,0.47619047619,0.428571428571,0.45,0.45,0.55,0.5,0.853276082927,0.057636210441966894,2.4804563124769814,0.83561617551,0.003456097351678796,2.5636040518082317,0.873212644147,0.005542682326252297,2.157463221028808,0.900120175119,0.06388383946600673,2.2406109603600584,0.954742546449,0.090655479575477,2.2113703312462136,0.987311911319,0.03373615428003047,2.294518070577464
