Well/XY,cell_id,total_distance,net_distance,linearity,spearmanrsq,progressivity,max_speed,min_speed,avg_speed,MSD_slope,hurst_RS,nongauss,disp_var,disp_skew,rw_linearity,rw_netdist,rw_kurtosis01,rw_kurtosis02,rw_kurtosis03,rw_kurtosis04,rw_kurtosis05,rw_kurtosis06,rw_kurtosis07,rw_kurtosis08,rw_kurtosis09,rw_kurtosis10,avg_moving_speed01,avg_moving_speed02,avg_moving_speed03,avg_moving_speed04,avg_moving_speed05,avg_moving_speed06,avg_moving_speed07,avg_moving_speed08,avg_moving_speed09,avg_moving_speed10,time_moving01,time_moving02,time_moving03,time_moving04,time_moving05,time_moving06,time_moving07,time_moving08,time_moving09,time_moving10,autocorr_1,autocorr_2,autocorr_3,autocorr_4,autocorr_5,autocorr_6,autocorr_7,autocorr_8,autocorr_9,autocorr_10,p_rturn_9_5,p_rturn_9_6,p_rturn_10_5,p_rturn_10_6,p_rturn_11_5,p_rturn_11_6,mean_theta_9_5,min_theta_9_5,max_theta_9_5,mean_theta_9_6,min_theta_9_6,max_theta_9_6,mean_theta_10_5,min_theta_10_5,max_theta_10_5,mean_theta_10_6,min_theta_10_6,max_theta_10_6,mean_theta_11_5,min_theta_11_5,max_theta_11_5,mean_theta_11_6,min_theta_11_6,max_theta_11_6
WellC08_Seq0013/xy08,0,1472.2938912870964,296.9507359815766,0.0343731896222,0.0311861597696,0.2016925681339198,28.260622781531197,2.238835411547707,19.6305852172,1.25500275366,0.674638237333,1.51086551178,257.83931288,3.4969642439477338,-0.196491402239,54.9286271833,16.08992081482192,3.2521185063991913,5.187232874634285,-1.0708528664852857,-0.488564526712183,-0.8883048587293136,-0.42863196757322,-1.5217102008348031,-0.7375973104764411,-1.2425271124461783,12.6063150504,12.9331178851,13.079375279,13.5066943189,13.9427099141,14.5156318046,15.0895054007,15.5271759089,15.6631311755,16.6814723294,1.0,0.971830985915493,0.9577464788732394,0.9154929577464789,0.8732394366197183,0.8169014084507042,0.7605633802816901,0.7183098591549296,0.704225352112676,0.6056338028169014,0.361122076008,-0.0137026671785,-0.0508668630384,-0.096456385895,-0.0652329884842,0.0304875857852,-0.0705615306696,-0.0656608315707,-0.059751291387,-0.199140654721,0.333333333333,0.333333333333,0.4,0.4,0.45,0.45,0.829047157702,0.03266029563487549,2.058418737145463,0.7680244853,0.1631232584728179,2.209953354628775,0.984487025487,0.010015425710905065,2.0981440287615727,0.86375909345,0.008621997249429265,2.1027588204838406,0.998324958201,0.000785136408426936,2.460245340213485,0.892609306539,0.08119520253414352,1.9891186584181104
