Well/XY,cell_id,total_distance,net_distance,linearity,spearmanrsq,progressivity,max_speed,min_speed,avg_speed,MSD_slope,hurst_RS,nongauss,disp_var,disp_skew,rw_linearity,rw_netdist,rw_kurtosis01,rw_kurtosis02,rw_kurtosis03,rw_kurtosis04,rw_kurtosis05,rw_kurtosis06,rw_kurtosis07,rw_kurtosis08,rw_kurtosis09,rw_kurtosis10,avg_moving_speed01,avg_moving_speed02,avg_moving_speed03,avg_moving_speed04,avg_moving_speed05,avg_moving_speed06,avg_moving_speed07,avg_moving_speed08,avg_moving_speed09,avg_moving_speed10,time_moving01,time_moving02,time_moving03,time_moving04,time_moving05,time_moving06,time_moving07,time_moving08,time_moving09,time_moving10,autocorr_1,autocorr_2,autocorr_3,autocorr_4,autocorr_5,autocorr_6,autocorr_7,autocorr_8,autocorr_9,autocorr_10,p_rturn_9_5,p_rturn_9_6,p_rturn_10_5,p_rturn_10_6,p_rturn_11_5,p_rturn_11_6,mean_theta_9_5,min_theta_9_5,max_theta_9_5,mean_theta_9_6,min_theta_9_6,max_theta_9_6,mean_theta_10_5,min_theta_10_5,max_theta_10_5,mean_theta_10_6,min_theta_10_6,max_theta_10_6,mean_theta_11_5,min_theta_11_5,max_theta_11_5,mean_theta_11_6,min_theta_11_6,max_theta_11_6
WellD04_Seq0020/xy18,0,365.11179837065225,64.34509771536601,0.160069343389,0.155010567477,0.17623395902984348,6.519195042334573,0.4148493702538314,4.86815731161,0.801042329383,0.652220984546,0.604933697362,17.5020604779,2.058938414350895,-0.0628001935763,4.32642351469,4.307605892822751,0.6471829005020449,1.5567212235941108,1.278389206386306,0.991196229282088,0.3830964845935534,0.27180156119478216,0.8174604671517498,1.1854470791459581,0.3994551114688689,2.4334654351,3.29023177055,4.09702534344,4.94895557599,7.05612499889,7.05612499889,7.05612499889,0.0,0.0,0.0,0.8028169014084507,0.39436619718309857,0.19718309859154928,0.07042253521126761,0.014084507042253521,0.014084507042253521,0.014084507042253521,0.0,0.0,0.0,0.40761607965,-0.0394368279603,-0.118638230421,-0.181656443987,-0.206734604141,-0.163628790542,0.0193461794281,0.0564631642869,0.22928012542,0.511770799228,0.380952380952,0.380952380952,0.35,0.35,0.4,0.4,0.887684814262,0.03851405817608668,2.400774125808548,0.859662265785,0.013218143173780587,2.471909636210101,0.797733076704,0.028501644162497095,2.3717683544079313,0.817445577625,0.03588261920043855,2.442903864809484,0.822936352722,0.006385531655690941,2.3838723994281867,0.858700175552,0.016076513163895596,2.4640676182815087
