Well/XY,cell_id,total_distance,net_distance,linearity,spearmanrsq,progressivity,max_speed,min_speed,avg_speed,MSD_slope,hurst_RS,nongauss,disp_var,disp_skew,rw_linearity,rw_netdist,rw_kurtosis01,rw_kurtosis02,rw_kurtosis03,rw_kurtosis04,rw_kurtosis05,rw_kurtosis06,rw_kurtosis07,rw_kurtosis08,rw_kurtosis09,rw_kurtosis10,avg_moving_speed01,avg_moving_speed02,avg_moving_speed03,avg_moving_speed04,avg_moving_speed05,avg_moving_speed06,avg_moving_speed07,avg_moving_speed08,avg_moving_speed09,avg_moving_speed10,time_moving01,time_moving02,time_moving03,time_moving04,time_moving05,time_moving06,time_moving07,time_moving08,time_moving09,time_moving10,autocorr_1,autocorr_2,autocorr_3,autocorr_4,autocorr_5,autocorr_6,autocorr_7,autocorr_8,autocorr_9,autocorr_10,p_rturn_9_5,p_rturn_9_6,p_rturn_10_5,p_rturn_10_6,p_rturn_11_5,p_rturn_11_6,mean_theta_9_5,min_theta_9_5,max_theta_9_5,mean_theta_9_6,min_theta_9_6,max_theta_9_6,mean_theta_10_5,min_theta_10_5,max_theta_10_5,mean_theta_10_6,min_theta_10_6,max_theta_10_6,mean_theta_11_5,min_theta_11_5,max_theta_11_5,mean_theta_11_6,min_theta_11_6,max_theta_11_6
WellE03_Seq0018/xy11,0,2527.020413428637,974.5531979835683,0.366018585444,0.357608905007,0.3856530769616158,42.01251242189644,1.5792301922139003,33.6936055124,1.65999197454,0.671809733624,-0.142756362859,422.658413878,1.1170624027866674,0.125361667067,559.150530721,1.5130669566038293,-0.3925824855173565,-0.4226093031808231,-1.1952079495961414,-0.8420621504023211,-1.40607668240804,-1.2747705765307713,-0.7095246749191277,-1.1489710165408489,-1.4827368804111996,22.9205972539,22.9205972539,23.2174344109,23.2174344109,23.2174344109,23.744245175,23.744245175,23.9848111801,24.4520076915,25.4472675742,1.0,1.0,0.9859154929577465,0.9859154929577465,0.9859154929577465,0.9577464788732394,0.9577464788732394,0.9436619718309859,0.9154929577464789,0.8591549295774648,0.278982740491,0.0968723441445,0.0151708088184,-0.174314763817,-0.0331526351677,-0.108796324461,-0.0825585824363,0.0318524641163,0.0357438269296,0.10726541251,0.380952380952,0.428571428571,0.45,0.4,0.4,0.3,0.416546607564,0.027615184786374137,1.482800137028122,0.417019033091,0.009701599979915761,1.6416424968694996,0.424142684177,0.0035828042888455458,1.4390592032156593,0.427207906169,0.022453910001919656,1.4788951670732189,0.448984398745,0.014575798961678483,1.406187709043743,0.460498989594,0.025148992359398586,1.4460236729013025
