Well/XY,cell_id,total_distance,net_distance,linearity,spearmanrsq,progressivity,max_speed,min_speed,avg_speed,MSD_slope,hurst_RS,nongauss,disp_var,disp_skew,rw_linearity,rw_netdist,rw_kurtosis01,rw_kurtosis02,rw_kurtosis03,rw_kurtosis04,rw_kurtosis05,rw_kurtosis06,rw_kurtosis07,rw_kurtosis08,rw_kurtosis09,rw_kurtosis10,avg_moving_speed01,avg_moving_speed02,avg_moving_speed03,avg_moving_speed04,avg_moving_speed05,avg_moving_speed06,avg_moving_speed07,avg_moving_speed08,avg_moving_speed09,avg_moving_speed10,time_moving01,time_moving02,time_moving03,time_moving04,time_moving05,time_moving06,time_moving07,time_moving08,time_moving09,time_moving10,autocorr_1,autocorr_2,autocorr_3,autocorr_4,autocorr_5,autocorr_6,autocorr_7,autocorr_8,autocorr_9,autocorr_10,p_rturn_9_5,p_rturn_9_6,p_rturn_10_5,p_rturn_10_6,p_rturn_11_5,p_rturn_11_6,mean_theta_9_5,min_theta_9_5,max_theta_9_5,mean_theta_9_6,min_theta_9_6,max_theta_9_6,mean_theta_10_5,min_theta_10_5,max_theta_10_5,mean_theta_10_6,min_theta_10_6,max_theta_10_6,mean_theta_11_5,min_theta_11_5,max_theta_11_5,mean_theta_11_6,min_theta_11_6,max_theta_11_6
WellE03_Seq0018/xy01,0,671.6031735008974,420.27919482172797,0.747705880478,0.810306387901,0.6257850043068125,10.3168747205731,1.5179472981628896,8.95470898001,1.76456036091,0.608662898934,-0.460011746707,15.5036215996,0.2191421007137995,0.514584259462,309.878127964,-0.7542143515976911,-0.17509837971387876,-1.3719116552305262,-0.32296353825400104,-0.6716989763898038,-0.9635271314393345,1.0378535356292184,-1.2108011397173504,-0.15996569151797102,-0.5039502460654122,7.5233535862,7.5233535862,7.81094661763,7.93354393925,7.98619784956,8.33529478094,9.15635776595,9.60000788132,10.2441931303,10.7841146647,1.0,1.0,0.9436619718309859,0.9154929577464789,0.9014084507042254,0.7887323943661971,0.5492957746478874,0.4225352112676056,0.2676056338028169,0.15492957746478872,-0.0345970926461,0.0660657404213,0.195037916181,-0.12611891388,-0.0198049985771,-0.00631548855636,-0.280623023968,0.0298368729795,0.044689357779,-0.0565617681823,0.666666666667,0.571428571429,0.55,0.5,0.5,0.45,0.609898209293,0.014200191215100489,2.842694310610722,0.584321074042,0.01309495372531969,2.774208951525588,0.652383793134,0.0715093799281602,2.821605378603939,0.625246735008,0.03702646553083374,2.753120019518805,0.654384631951,0.0017565246669574094,2.8241147233308093,0.633483769125,0.005082513771108795,2.7556293642456753
