Well/XY,cell_id,total_distance,net_distance,linearity,spearmanrsq,progressivity,max_speed,min_speed,avg_speed,MSD_slope,hurst_RS,nongauss,disp_var,disp_skew,rw_linearity,rw_netdist,rw_kurtosis01,rw_kurtosis02,rw_kurtosis03,rw_kurtosis04,rw_kurtosis05,rw_kurtosis06,rw_kurtosis07,rw_kurtosis08,rw_kurtosis09,rw_kurtosis10,avg_moving_speed01,avg_moving_speed02,avg_moving_speed03,avg_moving_speed04,avg_moving_speed05,avg_moving_speed06,avg_moving_speed07,avg_moving_speed08,avg_moving_speed09,avg_moving_speed10,time_moving01,time_moving02,time_moving03,time_moving04,time_moving05,time_moving06,time_moving07,time_moving08,time_moving09,time_moving10,autocorr_1,autocorr_2,autocorr_3,autocorr_4,autocorr_5,autocorr_6,autocorr_7,autocorr_8,autocorr_9,autocorr_10,p_rturn_9_5,p_rturn_9_6,p_rturn_10_5,p_rturn_10_6,p_rturn_11_5,p_rturn_11_6,mean_theta_9_5,min_theta_9_5,max_theta_9_5,mean_theta_9_6,min_theta_9_6,max_theta_9_6,mean_theta_10_5,min_theta_10_5,max_theta_10_5,mean_theta_10_6,min_theta_10_6,max_theta_10_6,mean_theta_11_5,min_theta_11_5,max_theta_11_5,mean_theta_11_6,min_theta_11_6,max_theta_11_6
WellE07_Seq0014/xy03,0,1680.466695676387,1094.133140938524,0.157807638078,0.238581833319,0.651088857490351,33.627235449855235,3.309380606699663,22.406222609,1.70564152681,0.812097287902,-0.378373695915,113.156094282,0.6410106101864311,-0.0662497586975,817.890676129,0.2907915615076573,-0.22177056997412814,0.38017360259278155,-0.3356454044584649,-0.5713981934007868,0.19865807666877533,0.7546715244584097,-1.0715714533837133,0.2272738590241632,-0.09055089818830186,19.4098562643,19.4098562643,19.6448455246,19.6448455246,19.8621634292,20.2926887654,20.7206229334,20.7206229334,21.1004056496,21.1004056496,1.0,1.0,0.9859154929577465,0.9859154929577465,0.971830985915493,0.9436619718309859,0.9154929577464789,0.9154929577464789,0.8873239436619719,0.8873239436619719,0.608382211326,0.384197931045,0.215301032262,0.170281942134,0.21080825787,0.0782483747074,0.173282491234,0.234593959098,0.329201425498,0.314088157822,0.47619047619,0.428571428571,0.45,0.45,0.45,0.45,0.286550069075,0.00602947571042908,0.8931574172067202,0.277239603893,0.011549216929256218,0.8050171156701456,0.324657119748,0.009831500272896138,0.8328187590671247,0.314029014845,0.03140588327447626,0.7446784575305502,0.341374549611,0.004705773380981268,0.8442738483853055,0.333166822546,0.0021183911630243525,0.7561335468487309
