Well/XY,cell_id,total_distance,net_distance,linearity,spearmanrsq,progressivity,max_speed,min_speed,avg_speed,MSD_slope,hurst_RS,nongauss,disp_var,disp_skew,rw_linearity,rw_netdist,rw_kurtosis01,rw_kurtosis02,rw_kurtosis03,rw_kurtosis04,rw_kurtosis05,rw_kurtosis06,rw_kurtosis07,rw_kurtosis08,rw_kurtosis09,rw_kurtosis10,avg_moving_speed01,avg_moving_speed02,avg_moving_speed03,avg_moving_speed04,avg_moving_speed05,avg_moving_speed06,avg_moving_speed07,avg_moving_speed08,avg_moving_speed09,avg_moving_speed10,time_moving01,time_moving02,time_moving03,time_moving04,time_moving05,time_moving06,time_moving07,time_moving08,time_moving09,time_moving10,autocorr_1,autocorr_2,autocorr_3,autocorr_4,autocorr_5,autocorr_6,autocorr_7,autocorr_8,autocorr_9,autocorr_10,p_rturn_9_5,p_rturn_9_6,p_rturn_10_5,p_rturn_10_6,p_rturn_11_5,p_rturn_11_6,mean_theta_9_5,min_theta_9_5,max_theta_9_5,mean_theta_9_6,min_theta_9_6,max_theta_9_6,mean_theta_10_5,min_theta_10_5,max_theta_10_5,mean_theta_10_6,min_theta_10_6,max_theta_10_6,mean_theta_11_5,min_theta_11_5,max_theta_11_5,mean_theta_11_6,min_theta_11_6,max_theta_11_6
WellF09_Seq0007/xy11,0,116.90255595713707,2.221440973782583,0.118508861521,0.156590406787,0.019002501319107905,1.4163530633285037,0.04049691346262778,1.88552509608,0.136193977408,0.749096798756,-0.0302627063995,1.71071224109,1.1960396770471857,-0.0823654092813,-18.9435257373,1.1265303003201863,-0.9320043540735661,-0.4509607237692479,-0.14089544461492842,-1.2168980501859583,-1.3857523223439567,-1.0469622742570537,-0.7444157841855015,-1.0232509014462614,-1.4242491857311648,1.03902129236,0.0,0.0,0.0,0.0,0.0,0.0,0.0,0.0,0.0,0.034482758620689655,0.0,0.0,0.0,0.0,0.0,0.0,0.0,0.0,0.0,0.0575214091731,-0.0915214417043,0.119242289269,0.136811694136,-0.0631225730105,0.0135868375924,0.00830323897686,0.105033201787,-0.0815099097362,-0.00113966961282,0.375,0.375,0.375,0.3125,0.3125,0.3125,1.43092812741,0.03805828797544068,2.738744642872685,1.18463105911,0.05859368019851256,2.6467499708634956,1.12636233206,0.04890880791174857,2.508455799873585,1.00826064928,0.13666165717136047,2.5213595049557296,1.16079202572,0.05941807941060146,2.4057926597320933,1.12970892808,0.1877981287862991,2.4481460285788867
