Well/XY,cell_id,total_distance,net_distance,linearity,spearmanrsq,progressivity,max_speed,min_speed,avg_speed,MSD_slope,hurst_RS,nongauss,disp_var,disp_skew,rw_linearity,rw_netdist,rw_kurtosis01,rw_kurtosis02,rw_kurtosis03,rw_kurtosis04,rw_kurtosis05,rw_kurtosis06,rw_kurtosis07,rw_kurtosis08,rw_kurtosis09,rw_kurtosis10,avg_moving_speed01,avg_moving_speed02,avg_moving_speed03,avg_moving_speed04,avg_moving_speed05,avg_moving_speed06,avg_moving_speed07,avg_moving_speed08,avg_moving_speed09,avg_moving_speed10,time_moving01,time_moving02,time_moving03,time_moving04,time_moving05,time_moving06,time_moving07,time_moving08,time_moving09,time_moving10,autocorr_1,autocorr_2,autocorr_3,autocorr_4,autocorr_5,autocorr_6,autocorr_7,autocorr_8,autocorr_9,autocorr_10,p_rturn_9_5,p_rturn_9_6,p_rturn_10_5,p_rturn_10_6,p_rturn_11_5,p_rturn_11_6,mean_theta_9_5,min_theta_9_5,max_theta_9_5,mean_theta_9_6,min_theta_9_6,max_theta_9_6,mean_theta_10_5,min_theta_10_5,max_theta_10_5,mean_theta_10_6,min_theta_10_6,max_theta_10_6,mean_theta_11_5,min_theta_11_5,max_theta_11_5,mean_theta_11_6,min_theta_11_6,max_theta_11_6
WellF09_Seq0007/xy23,0,188.47492898349088,24.902056140005833,0.0518284248687,0.0318329688761,0.1321239714709593,3.7058704780388814,0.06462197768560594,3.03991820941,0.680449334058,0.797397603794,-0.296625889746,2.78817794138,0.7533429920252814,-0.152576914281,-9.22094113029,0.1471147633247165,1.2259073128057763,1.2195926034518836,-0.1938339709018626,0.31027862298549946,0.2785608213112347,-0.30316322262378836,-1.2759455653512104,-0.9874756990284381,-0.702435438290077,2.18942999972,2.83063758541,3.60924351148,4.12108163519,0.0,0.0,0.0,0.0,0.0,0.0,0.6896551724137931,0.3448275862068966,0.1206896551724138,0.034482758620689655,0.0,0.0,0.0,0.0,0.0,0.0,0.212718630762,-0.152907558912,0.103416550635,0.255872173654,0.0698250249961,-0.15968903225,-0.048936568586,0.146831221338,-0.0197633177262,-0.123629116374,0.5625,0.5625,0.5,0.5,0.4375,0.4375,0.68114123148,0.0668614455099578,1.7660971974905773,0.583660132425,0.11031775770887865,1.719451303304791,0.70766652762,0.12470778146767413,2.024124000372681,0.60808762186,0.1570172111862553,1.9774781061868947,0.645203739959,0.0832423499439248,1.66317706159686,0.549763899895,0.04106706947636652,1.6165311674110736
