Well/XY,cell_id,total_distance,net_distance,linearity,spearmanrsq,progressivity,max_speed,min_speed,avg_speed,MSD_slope,hurst_RS,nongauss,disp_var,disp_skew,rw_linearity,rw_netdist,rw_kurtosis01,rw_kurtosis02,rw_kurtosis03,rw_kurtosis04,rw_kurtosis05,rw_kurtosis06,rw_kurtosis07,rw_kurtosis08,rw_kurtosis09,rw_kurtosis10,avg_moving_speed01,avg_moving_speed02,avg_moving_speed03,avg_moving_speed04,avg_moving_speed05,avg_moving_speed06,avg_moving_speed07,avg_moving_speed08,avg_moving_speed09,avg_moving_speed10,time_moving01,time_moving02,time_moving03,time_moving04,time_moving05,time_moving06,time_moving07,time_moving08,time_moving09,time_moving10,autocorr_1,autocorr_2,autocorr_3,autocorr_4,autocorr_5,autocorr_6,autocorr_7,autocorr_8,autocorr_9,autocorr_10,p_rturn_9_5,p_rturn_9_6,p_rturn_10_5,p_rturn_10_6,p_rturn_11_5,p_rturn_11_6,mean_theta_9_5,min_theta_9_5,max_theta_9_5,mean_theta_9_6,min_theta_9_6,max_theta_9_6,mean_theta_10_5,min_theta_10_5,max_theta_10_5,mean_theta_10_6,min_theta_10_6,max_theta_10_6,mean_theta_11_5,min_theta_11_5,max_theta_11_5,mean_theta_11_6,min_theta_11_6,max_theta_11_6
WellC05_Seq0014/xy19,0,539.62239373107,127.90536697105395,0.871183394804,0.882556321005,0.2370275371388641,8.520817096969072,0.16298466185502986,7.19496524975,1.43335198927,0.8361937347,0.054462480099,24.9986203972,1.3519285979141584,0.649671943993,39.1998778982,1.550100169696007,1.3578190083071737,0.9178380120559462,0.7610623572397559,-0.760265157684842,1.6389382474142806,-0.26326949296195723,-1.156565666340255,0.6804554791158783,-1.5063990591382583,3.44305203217,4.31516235124,5.29717543267,6.10533635343,6.79043736106,7.65536993525,8.40312416651,9.65290909334,10.5226470054,10.5226470054,0.8591549295774648,0.5915492957746479,0.39436619718309857,0.2676056338028169,0.18309859154929578,0.11267605633802817,0.07042253521126761,0.028169014084507043,0.014084507042253521,0.014084507042253521,0.281786821434,0.278299675138,0.145924451767,0.259382821333,0.0569681491859,0.15856233209,0.252897744984,0.288896265736,0.220421085608,0.147623142268,0.190476190476,0.238095238095,0.2,0.3,0.15,0.3,0.662277048575,0.02875511478340772,2.2197549822960263,0.666970604075,0.01786202464650004,2.295042758924525,0.756997364634,0.0873249080862728,2.2895157579854266,0.710750484388,0.002533643318444152,2.3309917420574693,0.573757592131,0.003962925710895967,2.118713577018234,0.567981100251,0.006930164426048233,2.0879759160549938
