Well/XY,cell_id,total_distance,net_distance,linearity,spearmanrsq,progressivity,max_speed,min_speed,avg_speed,MSD_slope,hurst_RS,nongauss,disp_var,disp_skew,rw_linearity,rw_netdist,rw_kurtosis01,rw_kurtosis02,rw_kurtosis03,rw_kurtosis04,rw_kurtosis05,rw_kurtosis06,rw_kurtosis07,rw_kurtosis08,rw_kurtosis09,rw_kurtosis10,avg_moving_speed01,avg_moving_speed02,avg_moving_speed03,avg_moving_speed04,avg_moving_speed05,avg_moving_speed06,avg_moving_speed07,avg_moving_speed08,avg_moving_speed09,avg_moving_speed10,time_moving01,time_moving02,time_moving03,time_moving04,time_moving05,time_moving06,time_moving07,time_moving08,time_moving09,time_moving10,autocorr_1,autocorr_2,autocorr_3,autocorr_4,autocorr_5,autocorr_6,autocorr_7,autocorr_8,autocorr_9,autocorr_10,p_rturn_9_5,p_rturn_9_6,p_rturn_10_5,p_rturn_10_6,p_rturn_11_5,p_rturn_11_6,mean_theta_9_5,min_theta_9_5,max_theta_9_5,mean_theta_9_6,min_theta_9_6,max_theta_9_6,mean_theta_10_5,min_theta_10_5,max_theta_10_5,mean_theta_10_6,min_theta_10_6,max_theta_10_6,mean_theta_11_5,min_theta_11_5,max_theta_11_5,mean_theta_11_6,min_theta_11_6,max_theta_11_6
WellB03_Seq0001/xy17,0,1432.201096928827,93.23737662547131,0.439654162784,0.384987091966,0.06510075772557848,33.893751400516294,0.781547183476451,19.0960146257,1.33027876523,0.731187210613,0.396884504615,296.4631541,1.5581682760850655,0.215557681486,-142.194103294,1.9491403109558796,3.5619743743410694,1.3585063415909522,1.4609289663945209,2.2935779674197923,5.254850574137032,-1.0766832427149289,-0.8219131066082146,2.244151896492837,0.722788051818648,11.3785645308,11.5205889939,12.0709084909,13.0844281324,14.2170986832,14.9403545254,15.7149876434,16.776833723,18.2907710325,19.8627701466,1.0,0.9859154929577465,0.9295774647887324,0.8309859154929577,0.7323943661971831,0.676056338028169,0.6197183098591549,0.5492957746478874,0.4647887323943662,0.39436619718309857,0.282531747224,0.0418928751411,0.27512753971,0.167330072083,-0.0880653049473,0.0428138362817,0.0028016366951,-0.106158063721,-0.0319658997746,-0.0164233518026,0.52380952381,0.571428571429,0.55,0.6,0.55,0.55,1.01198290322,0.05976014220013179,2.651703546877714,0.930545983785,0.04750645612289312,2.6407785354024824,1.10500790967,0.06099174695233466,2.591281919122676,1.01119936274,0.026197924725193805,2.5803569076474444,1.3747789111,0.1599069503209433,2.804283800653349,1.24640107117,0.09533796122852792,2.5708690257137916
