Well/XY,cell_id,total_distance,net_distance,linearity,spearmanrsq,progressivity,max_speed,min_speed,avg_speed,MSD_slope,hurst_RS,nongauss,disp_var,disp_skew,rw_linearity,rw_netdist,rw_kurtosis01,rw_kurtosis02,rw_kurtosis03,rw_kurtosis04,rw_kurtosis05,rw_kurtosis06,rw_kurtosis07,rw_kurtosis08,rw_kurtosis09,rw_kurtosis10,avg_moving_speed01,avg_moving_speed02,avg_moving_speed03,avg_moving_speed04,avg_moving_speed05,avg_moving_speed06,avg_moving_speed07,avg_moving_speed08,avg_moving_speed09,avg_moving_speed10,time_moving01,time_moving02,time_moving03,time_moving04,time_moving05,time_moving06,time_moving07,time_moving08,time_moving09,time_moving10,autocorr_1,autocorr_2,autocorr_3,autocorr_4,autocorr_5,autocorr_6,autocorr_7,autocorr_8,autocorr_9,autocorr_10,p_rturn_9_5,p_rturn_9_6,p_rturn_10_5,p_rturn_10_6,p_rturn_11_5,p_rturn_11_6,mean_theta_9_5,min_theta_9_5,max_theta_9_5,mean_theta_9_6,min_theta_9_6,max_theta_9_6,mean_theta_10_5,min_theta_10_5,max_theta_10_5,mean_theta_10_6,min_theta_10_6,max_theta_10_6,mean_theta_11_5,min_theta_11_5,max_theta_11_5,mean_theta_11_6,min_theta_11_6,max_theta_11_6
WellB03_Seq0001/xy20,0,1091.9953052142052,111.4102329231925,0.237506325292,0.274740733954,0.10202446145255022,16.301803581199202,0.8988882021698098,14.5599374029,0.377599871487,0.650719320126,0.427747027954,177.697954682,1.6232111190663026,0.0114088725762,-68.0967310938,1.9887718888958634,0.6243091893986672,1.1224215112162756,-0.8908587842743443,0.12195077621784156,-0.9395836187482272,1.5752925039641745,0.01395830256158792,-0.23919023580659005,-0.9984384598532823,5.5526109949,5.95850687594,6.82433325072,7.07782147473,8.1403063532,8.90049162132,9.8959641536,10.4502453894,10.9967554515,12.8299612249,0.9154929577464789,0.8309859154929577,0.6619718309859155,0.6197183098591549,0.43661971830985913,0.3380281690140845,0.23943661971830985,0.19718309859154928,0.15492957746478872,0.07042253521126761,0.181955972835,0.121985303383,0.0198934913063,-0.171921371374,-0.0982290834182,-0.25408865107,-0.215722501859,0.0518123727794,0.00628159151332,0.0493061903226,0.571428571429,0.571428571429,0.55,0.55,0.526315789474,0.473684210526,0.804996119292,0.11874892512088521,2.3498780408386604,0.818547504273,0.08524916199599523,2.664119306223751,1.03076605066,0.15672289043750823,2.7612711357895083,0.967877114712,0.10161843441412138,2.819910688329011,0.986157822834,0.0626613079879282,2.32040909211571,0.966824801044,0.06031288888463819,2.4162302904292092
