Well/XY,cell_id,total_distance,net_distance,linearity,spearmanrsq,progressivity,max_speed,min_speed,avg_speed,MSD_slope,hurst_RS,nongauss,disp_var,disp_skew,rw_linearity,rw_netdist,rw_kurtosis01,rw_kurtosis02,rw_kurtosis03,rw_kurtosis04,rw_kurtosis05,rw_kurtosis06,rw_kurtosis07,rw_kurtosis08,rw_kurtosis09,rw_kurtosis10,avg_moving_speed01,avg_moving_speed02,avg_moving_speed03,avg_moving_speed04,avg_moving_speed05,avg_moving_speed06,avg_moving_speed07,avg_moving_speed08,avg_moving_speed09,avg_moving_speed10,time_moving01,time_moving02,time_moving03,time_moving04,time_moving05,time_moving06,time_moving07,time_moving08,time_moving09,time_moving10,autocorr_1,autocorr_2,autocorr_3,autocorr_4,autocorr_5,autocorr_6,autocorr_7,autocorr_8,autocorr_9,autocorr_10,p_rturn_9_5,p_rturn_9_6,p_rturn_10_5,p_rturn_10_6,p_rturn_11_5,p_rturn_11_6,mean_theta_9_5,min_theta_9_5,max_theta_9_5,mean_theta_9_6,min_theta_9_6,max_theta_9_6,mean_theta_10_5,min_theta_10_5,max_theta_10_5,mean_theta_10_6,min_theta_10_6,max_theta_10_6,mean_theta_11_5,min_theta_11_5,max_theta_11_5,mean_theta_11_6,min_theta_11_6,max_theta_11_6
WellB03_Seq0001/xy10,0,1680.2308797317191,219.23859719492827,0.0232606096788,0.0043673726988,0.13048123316834523,36.48160681768279,0.6538776643990729,22.4030783964,0.961012186932,0.769736184556,0.203271685052,398.494458463,1.2821938838605929,-0.190426590937,-56.9651031581,0.6678722003436226,0.6223338151332638,-0.13667138965744074,0.4159302983880546,0.2241621036577599,-1.4213423009529764,0.4301964924461479,-0.35473742444531675,-0.5687018737976488,-0.8530337677235873,16.2833612806,16.7012085782,17.3492383145,18.4824651874,18.7200211612,18.7200211612,18.926933833,19.1225022715,20.1130048645,20.5303474435,1.0,0.971830985915493,0.9295774647887324,0.8591549295774648,0.8450704225352113,0.8450704225352113,0.8309859154929577,0.8169014084507042,0.7464788732394366,0.7183098591549296,0.365743412622,0.13342289335,0.149074145761,0.0093195158795,-0.125406697719,-0.0425706640863,0.114922230749,0.0851691798855,-0.0550359376307,-0.154823137496,0.619047619048,0.47619047619,0.7,0.55,0.65,0.55,0.740964540036,0.024260700513385122,2.526763960512581,0.666117721696,0.007200639884159284,2.196005517420862,0.792309642889,0.02876634014145423,2.486486780556588,0.771753626155,0.06419706841611769,2.194612719241788,0.749910484805,0.01141486829379851,2.603992929862823,0.74076281391,0.056239720720922655,2.2626512909578484
