Well/XY,cell_id,total_distance,net_distance,linearity,spearmanrsq,progressivity,max_speed,min_speed,avg_speed,MSD_slope,hurst_RS,nongauss,disp_var,disp_skew,rw_linearity,rw_netdist,rw_kurtosis01,rw_kurtosis02,rw_kurtosis03,rw_kurtosis04,rw_kurtosis05,rw_kurtosis06,rw_kurtosis07,rw_kurtosis08,rw_kurtosis09,rw_kurtosis10,avg_moving_speed01,avg_moving_speed02,avg_moving_speed03,avg_moving_speed04,avg_moving_speed05,avg_moving_speed06,avg_moving_speed07,avg_moving_speed08,avg_moving_speed09,avg_moving_speed10,time_moving01,time_moving02,time_moving03,time_moving04,time_moving05,time_moving06,time_moving07,time_moving08,time_moving09,time_moving10,autocorr_1,autocorr_2,autocorr_3,autocorr_4,autocorr_5,autocorr_6,autocorr_7,autocorr_8,autocorr_9,autocorr_10,p_rturn_9_5,p_rturn_9_6,p_rturn_10_5,p_rturn_10_6,p_rturn_11_5,p_rturn_11_6,mean_theta_9_5,min_theta_9_5,max_theta_9_5,mean_theta_9_6,min_theta_9_6,max_theta_9_6,mean_theta_10_5,min_theta_10_5,max_theta_10_5,mean_theta_10_6,min_theta_10_6,max_theta_10_6,mean_theta_11_5,min_theta_11_5,max_theta_11_5,mean_theta_11_6,min_theta_11_6,max_theta_11_6
WellB03_Seq0001/xy22,0,746.8469669192473,191.67600267117422,0.84933875553,0.416553422188,0.25664695869602316,46.29037048890406,0.0400000000000091,9.95795955892,1.06580751922,0.806024414672,4.2728583047,379.387216775,3.5475054428354014,0.599261906448,68.9060319791,13.38857895398856,19.67699084468212,11.005100833617961,9.85144733250845,6.356709732430817,6.533385938577755,3.9998736976810125,4.001243813010667,2.945262309641646,1.382101053680012,10.1865488517,10.464659377,12.3271125371,15.6026150719,20.7897231824,20.7897231824,23.3906604497,24.9716552579,26.8444966423,26.8444966423,0.4647887323943662,0.4507042253521127,0.36619718309859156,0.2676056338028169,0.18309859154929578,0.18309859154929578,0.15492957746478872,0.14084507042253522,0.1267605633802817,0.1267605633802817,0.638717878559,0.400578685196,0.299103242396,0.173248417754,0.131803725385,0.147913224922,0.0850595146741,0.12440532488,0.108206257071,0.041168151049,0.619047619048,0.571428571429,0.4,0.35,0.5,0.4,0.520027135232,0.012723631547230246,1.5516599070914088,0.538576948553,0.010657092357583093,1.6151365252733565,0.462246241199,0.03766836913497799,1.7428541213213256,0.441847965639,0.028250042349063347,1.6480247463884987,0.485684886841,0.029258598412385584,1.3335125864259167,0.516663668345,0.024128279050613377,1.3872289812086847
