Well/XY,cell_id,total_distance,net_distance,linearity,spearmanrsq,progressivity,max_speed,min_speed,avg_speed,MSD_slope,hurst_RS,nongauss,disp_var,disp_skew,rw_linearity,rw_netdist,rw_kurtosis01,rw_kurtosis02,rw_kurtosis03,rw_kurtosis04,rw_kurtosis05,rw_kurtosis06,rw_kurtosis07,rw_kurtosis08,rw_kurtosis09,rw_kurtosis10,avg_moving_speed01,avg_moving_speed02,avg_moving_speed03,avg_moving_speed04,avg_moving_speed05,avg_moving_speed06,avg_moving_speed07,avg_moving_speed08,avg_moving_speed09,avg_moving_speed10,time_moving01,time_moving02,time_moving03,time_moving04,time_moving05,time_moving06,time_moving07,time_moving08,time_moving09,time_moving10,autocorr_1,autocorr_2,autocorr_3,autocorr_4,autocorr_5,autocorr_6,autocorr_7,autocorr_8,autocorr_9,autocorr_10,p_rturn_9_5,p_rturn_9_6,p_rturn_10_5,p_rturn_10_6,p_rturn_11_5,p_rturn_11_6,mean_theta_9_5,min_theta_9_5,max_theta_9_5,mean_theta_9_6,min_theta_9_6,max_theta_9_6,mean_theta_10_5,min_theta_10_5,max_theta_10_5,mean_theta_10_6,min_theta_10_6,max_theta_10_6,mean_theta_11_5,min_theta_11_5,max_theta_11_5,mean_theta_11_6,min_theta_11_6,max_theta_11_6
WellB03_Seq0001/xy24,0,1535.249420882718,168.7936313964481,0.0533471737351,0.110101759334,0.10994541284333936,23.646056753716866,0.4079215610874174,20.4699922784,1.01337710715,0.715295998559,0.540618477898,373.626088133,1.7839706109712639,-0.213424491283,-83.5773826873,2.4364447133123956,1.0380047270938855,0.49844458628342325,-0.7168084712036813,1.0398670960568506,0.9810909343529493,-0.6105880119690692,-0.31113266170459175,-1.7332902734046183,-0.42680499655995874,8.58711803056,9.0287956449,9.13039649517,9.79968617689,9.88751942143,10.3065597153,11.2377445949,12.9960054786,14.7760147243,14.7760147243,0.971830985915493,0.9154929577464789,0.9014084507042254,0.8028169014084507,0.7887323943661971,0.7183098591549296,0.5774647887323944,0.39436619718309857,0.28169014084507044,0.28169014084507044,0.0671596404261,-0.0229398629549,0.118929220778,0.041769734118,0.154153981954,0.0160379367763,-0.128847903028,-0.185059254027,0.0978003057771,-0.038483891785,0.571428571429,0.52380952381,0.5,0.45,0.55,0.55,0.7134785542,0.006139257928598818,2.057024797808835,0.708299492818,0.0046427936003170436,2.115031191380547,0.791575489398,0.11798654472584533,2.108874504684723,0.749157551423,0.0722643118605085,1.8505135101603678,0.65894826579,0.02247778465926964,2.316217834621381,0.644418994201,0.001977861801301535,2.111263926182607
