Well/XY,cell_id,total_distance,net_distance,linearity,spearmanrsq,progressivity,max_speed,min_speed,avg_speed,MSD_slope,hurst_RS,nongauss,disp_var,disp_skew,rw_linearity,rw_netdist,rw_kurtosis01,rw_kurtosis02,rw_kurtosis03,rw_kurtosis04,rw_kurtosis05,rw_kurtosis06,rw_kurtosis07,rw_kurtosis08,rw_kurtosis09,rw_kurtosis10,avg_moving_speed01,avg_moving_speed02,avg_moving_speed03,avg_moving_speed04,avg_moving_speed05,avg_moving_speed06,avg_moving_speed07,avg_moving_speed08,avg_moving_speed09,avg_moving_speed10,time_moving01,time_moving02,time_moving03,time_moving04,time_moving05,time_moving06,time_moving07,time_moving08,time_moving09,time_moving10,autocorr_1,autocorr_2,autocorr_3,autocorr_4,autocorr_5,autocorr_6,autocorr_7,autocorr_8,autocorr_9,autocorr_10,p_rturn_9_5,p_rturn_9_6,p_rturn_10_5,p_rturn_10_6,p_rturn_11_5,p_rturn_11_6,mean_theta_9_5,min_theta_9_5,max_theta_9_5,mean_theta_9_6,min_theta_9_6,max_theta_9_6,mean_theta_10_5,min_theta_10_5,max_theta_10_5,mean_theta_10_6,min_theta_10_6,max_theta_10_6,mean_theta_11_5,min_theta_11_5,max_theta_11_5,mean_theta_11_6,min_theta_11_6,max_theta_11_6
WellB11_Seq0009/xy11,0,734.4298684447165,353.28579026051995,0.409067752655,0.375417958305,0.4810340720600924,10.776307345282959,1.683448840921498,9.79239824593,1.7676621386,0.6091117845,-0.323885853149,19.9459148664,1.2827727199329677,0.145220026711,232.556996521,2.609759783274389,0.38418215731868166,0.45314812767999113,0.8933588091364628,-0.0236565965045763,-0.38481328633540013,1.6153446919319503,1.3556140860655095,-0.6110606914327144,-0.9329497170890244,8.05960739024,8.05960739024,8.14284044535,8.27929713977,8.52491170186,8.77740875073,8.98352480552,9.50438118413,10.2104341603,10.9134179056,1.0,1.0,0.9859154929577465,0.9577464788732394,0.9014084507042254,0.8309859154929577,0.7605633802816901,0.5633802816901409,0.323943661971831,0.16901408450704225,0.096674882069,0.00638500149782,0.120160746281,0.145720889157,0.136527271328,-0.0595439449985,0.0275935772543,0.129758812692,-0.0688647112669,-0.0613429608249,0.428571428571,0.333333333333,0.4,0.35,0.4,0.4,0.492181587393,0.07557150810865573,2.0407667978707327,0.426522618533,0.01429207805382022,0.9045601284718106,0.496298444145,0.006505041778296554,2.003783841454561,0.432070257158,0.05714532998832701,0.8675771720556386,0.530542224135,0.018711566381024287,2.0205372647695468,0.472915766326,0.015604642632209918,2.012041857167431
