Well/XY,cell_id,total_distance,net_distance,linearity,spearmanrsq,progressivity,max_speed,min_speed,avg_speed,MSD_slope,hurst_RS,nongauss,disp_var,disp_skew,rw_linearity,rw_netdist,rw_kurtosis01,rw_kurtosis02,rw_kurtosis03,rw_kurtosis04,rw_kurtosis05,rw_kurtosis06,rw_kurtosis07,rw_kurtosis08,rw_kurtosis09,rw_kurtosis10,avg_moving_speed01,avg_moving_speed02,avg_moving_speed03,avg_moving_speed04,avg_moving_speed05,avg_moving_speed06,avg_moving_speed07,avg_moving_speed08,avg_moving_speed09,avg_moving_speed10,time_moving01,time_moving02,time_moving03,time_moving04,time_moving05,time_moving06,time_moving07,time_moving08,time_moving09,time_moving10,autocorr_1,autocorr_2,autocorr_3,autocorr_4,autocorr_5,autocorr_6,autocorr_7,autocorr_8,autocorr_9,autocorr_10,p_rturn_9_5,p_rturn_9_6,p_rturn_10_5,p_rturn_10_6,p_rturn_11_5,p_rturn_11_6,mean_theta_9_5,min_theta_9_5,max_theta_9_5,mean_theta_9_6,min_theta_9_6,max_theta_9_6,mean_theta_10_5,min_theta_10_5,max_theta_10_5,mean_theta_10_6,min_theta_10_6,max_theta_10_6,mean_theta_11_5,min_theta_11_5,max_theta_11_5,mean_theta_11_6,min_theta_11_6,max_theta_11_6
WellB11_Seq0009/xy16,0,3031.4761504788244,522.2179445403997,0.158332057445,0.287500331811,0.17226523271770253,42.40532424118463,1.5362929408156298,40.4196820064,1.3079907207,0.630139606589,-0.248667292744,553.86616964,0.7934996888230234,-0.0796235301296,23.890637029,0.05283355909129073,-0.6076824043715487,-0.4593750975963049,-0.6300610373780993,-0.04353196338709564,-0.2464116117897288,-0.21403489843904788,-0.9917656373196255,0.0467938772169596,-0.6514051322365839,25.3636122067,25.3636122067,25.3636122067,25.3636122067,25.3636122067,25.3636122067,25.3636122067,25.3636122067,26.1145935151,26.3616149892,1.0,1.0,1.0,1.0,1.0,1.0,1.0,1.0,0.9577464788732394,0.9436619718309859,-0.0128084418525,0.0504679982937,-0.257865798833,0.147017108024,-0.00147951670399,0.131565079172,0.0232787728592,-0.0672111897784,0.0254220345532,0.0899818803935,0.47619047619,0.428571428571,0.5,0.6,0.55,0.6,0.562879791341,0.09461415985254426,2.1472284707296327,0.52438723818,0.031318196980343244,2.2602679391831146,0.701684621947,0.026314944479506927,2.5448023264147266,0.671679859393,0.091323242508619,2.5043512988738437,0.589743200971,0.09902259117035711,2.195168320520177,0.559738438417,0.04581565132421043,2.3082077889736583
