Well/XY,cell_id,total_distance,net_distance,linearity,spearmanrsq,progressivity,max_speed,min_speed,avg_speed,MSD_slope,hurst_RS,nongauss,disp_var,disp_skew,rw_linearity,rw_netdist,rw_kurtosis01,rw_kurtosis02,rw_kurtosis03,rw_kurtosis04,rw_kurtosis05,rw_kurtosis06,rw_kurtosis07,rw_kurtosis08,rw_kurtosis09,rw_kurtosis10,avg_moving_speed01,avg_moving_speed02,avg_moving_speed03,avg_moving_speed04,avg_moving_speed05,avg_moving_speed06,avg_moving_speed07,avg_moving_speed08,avg_moving_speed09,avg_moving_speed10,time_moving01,time_moving02,time_moving03,time_moving04,time_moving05,time_moving06,time_moving07,time_moving08,time_moving09,time_moving10,autocorr_1,autocorr_2,autocorr_3,autocorr_4,autocorr_5,autocorr_6,autocorr_7,autocorr_8,autocorr_9,autocorr_10,p_rturn_9_5,p_rturn_9_6,p_rturn_10_5,p_rturn_10_6,p_rturn_11_5,p_rturn_11_6,mean_theta_9_5,min_theta_9_5,max_theta_9_5,mean_theta_9_6,min_theta_9_6,max_theta_9_6,mean_theta_10_5,min_theta_10_5,max_theta_10_5,mean_theta_10_6,min_theta_10_6,max_theta_10_6,mean_theta_11_5,min_theta_11_5,max_theta_11_5,mean_theta_11_6,min_theta_11_6,max_theta_11_6
WellB11_Seq0009/xy18,0,1972.1246864071306,817.8797151782163,0.679200225066,0.842940775949,0.4147200837834708,42.711336387427615,0.984885780179647,26.2949958188,1.63685118338,0.773909090606,0.255459695367,422.555705303,1.5776611289028695,0.440141829447,493.693234312,2.7674206163729984,0.019134671196900044,0.6860577372086536,-0.8046755076301562,1.4366606398402233,-1.208331424171733,-1.2969978472695798,-1.4709995965519682,-1.2756254116795729,-0.9178968200571354,15.6131919615,15.814193079,16.2074849929,16.5836530486,16.5836530486,17.8844715543,18.4925912863,19.5665580037,20.2661028913,20.4948805381,1.0,0.9859154929577465,0.9577464788732394,0.9295774647887324,0.9295774647887324,0.8309859154929577,0.7887323943661971,0.7183098591549296,0.676056338028169,0.6619718309859155,0.276960689565,0.106812625924,0.0161357808924,0.114841235196,0.129081738825,0.0298606584128,-0.00901039256388,-0.115087784407,0.0410957901044,0.17476044833,0.571428571429,0.52380952381,0.6,0.55,0.6,0.65,0.865657378918,0.03962590978021605,2.6918713637157983,0.780765322527,0.00029084244975809007,2.622094386288754,0.938355751144,0.09272154192297465,2.7668715767196588,0.914236628185,0.019553104241048183,2.697094599292615,0.900870256015,0.03809176188141307,2.6751676334983565,0.871761755524,0.004120235018108075,2.69182791968769
