Well/XY,cell_id,total_distance,net_distance,linearity,spearmanrsq,progressivity,max_speed,min_speed,avg_speed,MSD_slope,hurst_RS,nongauss,disp_var,disp_skew,rw_linearity,rw_netdist,rw_kurtosis01,rw_kurtosis02,rw_kurtosis03,rw_kurtosis04,rw_kurtosis05,rw_kurtosis06,rw_kurtosis07,rw_kurtosis08,rw_kurtosis09,rw_kurtosis10,avg_moving_speed01,avg_moving_speed02,avg_moving_speed03,avg_moving_speed04,avg_moving_speed05,avg_moving_speed06,avg_moving_speed07,avg_moving_speed08,avg_moving_speed09,avg_moving_speed10,time_moving01,time_moving02,time_moving03,time_moving04,time_moving05,time_moving06,time_moving07,time_moving08,time_moving09,time_moving10,autocorr_1,autocorr_2,autocorr_3,autocorr_4,autocorr_5,autocorr_6,autocorr_7,autocorr_8,autocorr_9,autocorr_10,p_rturn_9_5,p_rturn_9_6,p_rturn_10_5,p_rturn_10_6,p_rturn_11_5,p_rturn_11_6,mean_theta_9_5,min_theta_9_5,max_theta_9_5,mean_theta_9_6,min_theta_9_6,max_theta_9_6,mean_theta_10_5,min_theta_10_5,max_theta_10_5,mean_theta_10_6,min_theta_10_6,max_theta_10_6,mean_theta_11_5,min_theta_11_5,max_theta_11_5,mean_theta_11_6,min_theta_11_6,max_theta_11_6
WellB11_Seq0009/xy14,0,1768.7851035545011,562.5053715299081,0.183020052009,0.235307884949,0.31801792676765145,48.97962372252364,0.9248653956117081,23.5838013807,1.47173230932,0.866010370121,1.00221124757,607.258960107,2.1217106877521656,-0.000677542675897,271.744740581,4.71341095291586,2.3987404059572146,9.622271053119352,0.33637696821285523,3.838335204416664,0.14927288126204186,0.23882536379242536,-0.9587537742042151,-0.8483427598522435,0.4132669213603912,12.7002369607,12.8579242895,13.1675649002,13.7592754724,13.903751286,14.4660965061,15.3840130818,17.67632709,19.6148651554,20.224410764,1.0,0.9859154929577465,0.9577464788732394,0.9014084507042254,0.8873239436619719,0.8309859154929577,0.7464788732394366,0.5774647887323944,0.4788732394366197,0.4507042253521127,0.525129210521,0.411905889495,0.349690132396,0.407613032491,0.20640103894,0.242455095562,0.228222279051,0.046412957594,0.0422153324549,-0.0197476875472,0.619047619048,0.571428571429,0.6,0.6,0.6,0.6,0.432113407842,0.026321941908505144,1.7884592782531792,0.420660374436,0.024649231667953596,1.7076849011837822,0.564300511677,0.0005744938658096325,2.348308358657604,0.542831963693,0.01267128192895854,2.3474534507860203,0.582947996341,0.0007785387777791012,2.0582683229589116,0.568051706567,0.009634611634683501,2.0574134150873276
