Well/XY,cell_id,total_distance,net_distance,linearity,spearmanrsq,progressivity,max_speed,min_speed,avg_speed,MSD_slope,hurst_RS,nongauss,disp_var,disp_skew,rw_linearity,rw_netdist,rw_kurtosis01,rw_kurtosis02,rw_kurtosis03,rw_kurtosis04,rw_kurtosis05,rw_kurtosis06,rw_kurtosis07,rw_kurtosis08,rw_kurtosis09,rw_kurtosis10,avg_moving_speed01,avg_moving_speed02,avg_moving_speed03,avg_moving_speed04,avg_moving_speed05,avg_moving_speed06,avg_moving_speed07,avg_moving_speed08,avg_moving_speed09,avg_moving_speed10,time_moving01,time_moving02,time_moving03,time_moving04,time_moving05,time_moving06,time_moving07,time_moving08,time_moving09,time_moving10,autocorr_1,autocorr_2,autocorr_3,autocorr_4,autocorr_5,autocorr_6,autocorr_7,autocorr_8,autocorr_9,autocorr_10,p_rturn_9_5,p_rturn_9_6,p_rturn_10_5,p_rturn_10_6,p_rturn_11_5,p_rturn_11_6,mean_theta_9_5,min_theta_9_5,max_theta_9_5,mean_theta_9_6,min_theta_9_6,max_theta_9_6,mean_theta_10_5,min_theta_10_5,max_theta_10_5,mean_theta_10_6,min_theta_10_6,max_theta_10_6,mean_theta_11_5,min_theta_11_5,max_theta_11_5,mean_theta_11_6,min_theta_11_6,max_theta_11_6
WellB11_Seq0009/xy03,0,983.7883344144719,442.12229631630214,0.932757433141,0.66528208874,0.4494079476754958,34.19183738847619,0.6161168720299767,13.1171777922,1.34874787585,0.869056251383,0.358035414456,114.474604507,1.7657572905883903,0.707974315768,280.402867393,2.548139230203038,4.252893688744353,4.462409389332682,1.6657883264367843,3.8486468117112924,3.6079911272731353,2.9539592649772173,1.462842834252327,1.908950828040048,1.5398401619573958,8.88194409477,8.9818553949,9.58803925346,11.6978820943,14.1084357728,16.6357063325,20.9360635136,20.9360635136,21.6355624652,22.3426342627,0.9859154929577465,0.971830985915493,0.8873239436619719,0.6619718309859155,0.49295774647887325,0.38028169014084506,0.2676056338028169,0.2676056338028169,0.2535211267605634,0.23943661971830985,0.67452948476,0.592307582256,0.552175698088,0.481902919507,0.473868784325,0.32750182398,0.223225859324,0.107293510615,0.131763787893,0.157236073962,0.333333333333,0.285714285714,0.45,0.35,0.3,0.25,0.715942024136,0.05529118781786575,2.0963019536866017,0.700226204195,0.12430279752485328,2.1813316235548426,0.66197145762,0.09533390915815818,1.918410569458258,0.640621678202,0.08426007618456499,2.0034402393264985,0.66060076723,0.0021771262061213758,1.7719747364731215,0.635847982653,0.029057426024528217,1.857004406341362
