Well/XY,cell_id,total_distance,net_distance,linearity,spearmanrsq,progressivity,max_speed,min_speed,avg_speed,MSD_slope,hurst_RS,nongauss,disp_var,disp_skew,rw_linearity,rw_netdist,rw_kurtosis01,rw_kurtosis02,rw_kurtosis03,rw_kurtosis04,rw_kurtosis05,rw_kurtosis06,rw_kurtosis07,rw_kurtosis08,rw_kurtosis09,rw_kurtosis10,avg_moving_speed01,avg_moving_speed02,avg_moving_speed03,avg_moving_speed04,avg_moving_speed05,avg_moving_speed06,avg_moving_speed07,avg_moving_speed08,avg_moving_speed09,avg_moving_speed10,time_moving01,time_moving02,time_moving03,time_moving04,time_moving05,time_moving06,time_moving07,time_moving08,time_moving09,time_moving10,autocorr_1,autocorr_2,autocorr_3,autocorr_4,autocorr_5,autocorr_6,autocorr_7,autocorr_8,autocorr_9,autocorr_10,p_rturn_9_5,p_rturn_9_6,p_rturn_10_5,p_rturn_10_6,p_rturn_11_5,p_rturn_11_6,mean_theta_9_5,min_theta_9_5,max_theta_9_5,mean_theta_9_6,min_theta_9_6,max_theta_9_6,mean_theta_10_5,min_theta_10_5,max_theta_10_5,mean_theta_10_6,min_theta_10_6,max_theta_10_6,mean_theta_11_5,min_theta_11_5,max_theta_11_5,mean_theta_11_6,min_theta_11_6,max_theta_11_6
WellB11_Seq0009/xy17,0,1549.4968658127336,176.47506792745546,0.000824068897979,0.0297981643739,0.11389185213672035,17.21159887982523,0.5853170081246329,20.6599582108,0.621141845111,0.893192506585,0.513577815865,534.754253444,1.4441732327148373,-0.255766094752,-78.2380034638,1.142714306292298,5.746246574625145,3.105235264294193,-1.3182059990301602,-0.08337314162252474,-0.23599878873204894,-1.2312129284475448,-0.7588810463350306,1.2472312544716777,-1.2733405739812493,5.13728300439,5.82255848228,6.8505869094,7.94156439312,8.70034608631,9.86307183113,11.2855388644,11.8674920221,12.9995073659,15.7859777771,0.971830985915493,0.8169014084507042,0.6197183098591549,0.4647887323943662,0.38028169014084506,0.28169014084507044,0.19718309859154928,0.16901408450704225,0.1267605633802817,0.07042253521126761,0.441539505613,0.600909958545,0.463695683357,0.445234401082,0.518930764879,0.476056305013,0.422529105902,0.405660029473,0.460965756797,0.353472491482,0.380952380952,0.428571428571,0.45,0.5,0.35,0.35,0.66260075221,0.011629994499367715,2.3720614200363532,0.6498487662,0.023200461445043737,2.413160659242314,0.696651691037,0.015085933719207531,1.5704980216665698,0.640975367235,0.001257784893426219,1.6115972608725309,0.752335030055,0.05965200804234114,1.805269551110983,0.730718173178,0.10764857525761685,1.8463687903169443
