Well/XY,cell_id,total_distance,net_distance,linearity,spearmanrsq,progressivity,max_speed,min_speed,avg_speed,MSD_slope,hurst_RS,nongauss,disp_var,disp_skew,rw_linearity,rw_netdist,rw_kurtosis01,rw_kurtosis02,rw_kurtosis03,rw_kurtosis04,rw_kurtosis05,rw_kurtosis06,rw_kurtosis07,rw_kurtosis08,rw_kurtosis09,rw_kurtosis10,avg_moving_speed01,avg_moving_speed02,avg_moving_speed03,avg_moving_speed04,avg_moving_speed05,avg_moving_speed06,avg_moving_speed07,avg_moving_speed08,avg_moving_speed09,avg_moving_speed10,time_moving01,time_moving02,time_moving03,time_moving04,time_moving05,time_moving06,time_moving07,time_moving08,time_moving09,time_moving10,autocorr_1,autocorr_2,autocorr_3,autocorr_4,autocorr_5,autocorr_6,autocorr_7,autocorr_8,autocorr_9,autocorr_10,p_rturn_9_5,p_rturn_9_6,p_rturn_10_5,p_rturn_10_6,p_rturn_11_5,p_rturn_11_6,mean_theta_9_5,min_theta_9_5,max_theta_9_5,mean_theta_9_6,min_theta_9_6,max_theta_9_6,mean_theta_10_5,min_theta_10_5,max_theta_10_5,mean_theta_10_6,min_theta_10_6,max_theta_10_6,mean_theta_11_5,min_theta_11_5,max_theta_11_5,mean_theta_11_6,min_theta_11_6,max_theta_11_6
WellB11_Seq0009/xy13,0,2339.087347265526,1399.5395474941035,0.289069960694,0.292619618393,0.5983271848014626,62.74597960028994,4.117748899580954,31.1878312969,1.63059888186,0.750897121788,0.0943014450354,390.979853035,1.885827813175715,0.0657242757917,1015.03013956,4.128775932486934,1.9630339514056185,2.3214830188487303,2.244430188894877,-1.4207344933772055,-1.1420707346739332,-1.1314983747260305,-0.5427707103216832,-0.3969869747142818,-1.21954071345809,23.1969738552,23.8242241104,23.8242241104,23.8242241104,24.1133727689,24.6696920718,24.9539029574,24.9539029574,25.2091745778,25.460495974,1.0,0.971830985915493,0.971830985915493,0.971830985915493,0.9577464788732394,0.9295774647887324,0.9154929577464789,0.9154929577464789,0.9014084507042254,0.8873239436619719,0.40712604924,0.259749188525,0.174157365363,0.202596564969,-0.0393278425858,-0.151691428162,-0.0402403028664,0.0968366043358,-0.0143921797158,-0.16328134275,0.52380952381,0.52380952381,0.45,0.35,0.5,0.45,0.661569439638,0.0007425392853089663,2.7451930035267766,0.659554257562,0.001753069477833992,2.6302098298883285,0.575166670838,0.026825527387273933,2.6399840174206908,0.552259592367,0.010000322541935676,2.525000843782242,0.695256827022,0.04145964677280337,2.368887942192447,0.676331868429,0.013165932558831474,2.2539047685539986
