Well/XY,cell_id,total_distance,net_distance,linearity,spearmanrsq,progressivity,max_speed,min_speed,avg_speed,MSD_slope,hurst_RS,nongauss,disp_var,disp_skew,rw_linearity,rw_netdist,rw_kurtosis01,rw_kurtosis02,rw_kurtosis03,rw_kurtosis04,rw_kurtosis05,rw_kurtosis06,rw_kurtosis07,rw_kurtosis08,rw_kurtosis09,rw_kurtosis10,avg_moving_speed01,avg_moving_speed02,avg_moving_speed03,avg_moving_speed04,avg_moving_speed05,avg_moving_speed06,avg_moving_speed07,avg_moving_speed08,avg_moving_speed09,avg_moving_speed10,time_moving01,time_moving02,time_moving03,time_moving04,time_moving05,time_moving06,time_moving07,time_moving08,time_moving09,time_moving10,autocorr_1,autocorr_2,autocorr_3,autocorr_4,autocorr_5,autocorr_6,autocorr_7,autocorr_8,autocorr_9,autocorr_10,p_rturn_9_5,p_rturn_9_6,p_rturn_10_5,p_rturn_10_6,p_rturn_11_5,p_rturn_11_6,mean_theta_9_5,min_theta_9_5,max_theta_9_5,mean_theta_9_6,min_theta_9_6,max_theta_9_6,mean_theta_10_5,min_theta_10_5,max_theta_10_5,mean_theta_10_6,min_theta_10_6,max_theta_10_6,mean_theta_11_5,min_theta_11_5,max_theta_11_5,mean_theta_11_6,min_theta_11_6,max_theta_11_6
WellB11_Seq0009/xy25,0,1876.91763937367,909.7415512660724,0.422202179849,0.230573791991,0.4846997716797283,36.70215519557397,8.768274858830578,25.025568525,1.67005996716,0.843285618558,-0.408505422533,114.058011728,0.8383117516326424,0.189193511226,601.205621171,0.6159587914073077,1.162562369581817,0.2893975473700334,-0.5440790412935659,-0.050857499330913214,-1.4176489548791482,-1.0275927726005314,-1.3329737326261888,-1.4297990934204947,-1.6824927334679427,23.1625521178,23.1625521178,23.1625521178,23.1625521178,23.1625521178,23.1625521178,23.1625521178,23.1625521178,23.1625521178,23.1625521178,1.0,1.0,1.0,1.0,1.0,1.0,1.0,1.0,1.0,1.0,0.498629886213,0.288575743967,0.209279109198,0.0870697835327,0.150538945036,0.177494422028,0.22715102212,0.130117311383,0.0292555102251,-0.0968347187685,0.571428571429,0.571428571429,0.55,0.55,0.55,0.5,0.591628126994,0.003040839840948616,2.2539448928408756,0.568157033929,0.009347350973072268,2.2487186469812928,0.613798332208,0.01066738501057394,2.071930337824551,0.593222357433,0.07208963632344934,2.066704091964968,0.613544234285,0.03717815871590379,1.7773058703577733,0.590317182139,0.045578862618134756,1.7720796244981907
