Well/XY,cell_id,total_distance,net_distance,linearity,spearmanrsq,progressivity,max_speed,min_speed,avg_speed,MSD_slope,hurst_RS,nongauss,disp_var,disp_skew,rw_linearity,rw_netdist,rw_kurtosis01,rw_kurtosis02,rw_kurtosis03,rw_kurtosis04,rw_kurtosis05,rw_kurtosis06,rw_kurtosis07,rw_kurtosis08,rw_kurtosis09,rw_kurtosis10,avg_moving_speed01,avg_moving_speed02,avg_moving_speed03,avg_moving_speed04,avg_moving_speed05,avg_moving_speed06,avg_moving_speed07,avg_moving_speed08,avg_moving_speed09,avg_moving_speed10,time_moving01,time_moving02,time_moving03,time_moving04,time_moving05,time_moving06,time_moving07,time_moving08,time_moving09,time_moving10,autocorr_1,autocorr_2,autocorr_3,autocorr_4,autocorr_5,autocorr_6,autocorr_7,autocorr_8,autocorr_9,autocorr_10,p_rturn_9_5,p_rturn_9_6,p_rturn_10_5,p_rturn_10_6,p_rturn_11_5,p_rturn_11_6,mean_theta_9_5,min_theta_9_5,max_theta_9_5,mean_theta_9_6,min_theta_9_6,max_theta_9_6,mean_theta_10_5,min_theta_10_5,max_theta_10_5,mean_theta_10_6,min_theta_10_6,max_theta_10_6,mean_theta_11_5,min_theta_11_5,max_theta_11_5,mean_theta_11_6,min_theta_11_6,max_theta_11_6
WellB11_Seq0009/xy20,0,1974.6842071484914,614.2233128919806,0.183254192973,0.178438390763,0.3110488809645868,46.98356414747609,4.568303404985262,26.329122762,1.39774792949,0.799916770652,-0.194657419728,217.835959104,1.2494803167952586,-0.0397366763872,289.616086812,1.1876775629767193,1.3019043460327584,0.5045844659037644,4.0836661391169935,-0.6173878316320076,1.8875834349952187,-0.7329933943971159,-1.0967361167707237,0.47677799198911375,0.49030825513230347,22.9791873433,22.9791873433,22.9791873433,22.9791873433,22.9791873433,22.9791873433,22.9791873433,23.1979983839,23.1979983839,23.3957669013,1.0,1.0,1.0,1.0,1.0,1.0,1.0,0.9859154929577465,0.9859154929577465,0.971830985915493,0.503030522751,0.250512363029,0.325148288015,0.262114435425,0.124472142088,0.0690340190167,0.020489550928,0.158321867568,0.0481418215112,-0.176266405978,0.47619047619,0.52380952381,0.45,0.5,0.45,0.5,0.521414720563,0.07383158096727085,1.9070807357152406,0.482181690825,0.009984192612414395,1.7288154802685216,0.61308926958,0.010464934422902167,2.0167846000362024,0.585540159502,0.1012093828918897,2.0718668266988747,0.636511643066,0.033809598699601214,2.191971160302684,0.611008823925,0.04329750602391188,2.056479508412698
