Well/XY,cell_id,total_distance,net_distance,linearity,spearmanrsq,progressivity,max_speed,min_speed,avg_speed,MSD_slope,hurst_RS,nongauss,disp_var,disp_skew,rw_linearity,rw_netdist,rw_kurtosis01,rw_kurtosis02,rw_kurtosis03,rw_kurtosis04,rw_kurtosis05,rw_kurtosis06,rw_kurtosis07,rw_kurtosis08,rw_kurtosis09,rw_kurtosis10,avg_moving_speed01,avg_moving_speed02,avg_moving_speed03,avg_moving_speed04,avg_moving_speed05,avg_moving_speed06,avg_moving_speed07,avg_moving_speed08,avg_moving_speed09,avg_moving_speed10,time_moving01,time_moving02,time_moving03,time_moving04,time_moving05,time_moving06,time_moving07,time_moving08,time_moving09,time_moving10,autocorr_1,autocorr_2,autocorr_3,autocorr_4,autocorr_5,autocorr_6,autocorr_7,autocorr_8,autocorr_9,autocorr_10,p_rturn_9_5,p_rturn_9_6,p_rturn_10_5,p_rturn_10_6,p_rturn_11_5,p_rturn_11_6,mean_theta_9_5,min_theta_9_5,max_theta_9_5,mean_theta_9_6,min_theta_9_6,max_theta_9_6,mean_theta_10_5,min_theta_10_5,max_theta_10_5,mean_theta_10_6,min_theta_10_6,max_theta_10_6,mean_theta_11_5,min_theta_11_5,max_theta_11_5,mean_theta_11_6,min_theta_11_6,max_theta_11_6
WellB11_Seq0009/xy05,0,1075.2377044516854,195.3348806537124,0.650508286951,0.555248984063,0.18166669550834147,15.579659688196003,0.4210700654285275,14.336502726,1.38822689213,0.6926022689,-0.0541735180756,91.6643007386,1.1720499900937684,0.420100786558,18.5826043379,1.4612042615603151,-0.5034801696468589,-0.9262701768690467,-1.0405767652580888,-1.3823146920424212,-0.6307146040724745,-1.08629808209458,-1.606120560980008,-1.1643108573972956,-1.1653147533080315,7.5329191371,7.97764489413,8.85263159926,9.87281738464,10.3427193825,10.7069760305,11.387931621,11.7473852146,12.8072584052,13.2894054747,1.0,0.9295774647887324,0.8028169014084507,0.676056338028169,0.6197183098591549,0.5774647887323944,0.49295774647887325,0.4507042253521127,0.3380281690140845,0.29577464788732394,0.00808295285976,0.0875142821926,-0.0403264086616,0.0779167157251,0.0445906211323,-0.0794970780033,0.0775865910617,0.194031720847,0.216853600697,-0.00238294360151,0.428571428571,0.428571428571,0.3,0.35,0.4,0.35,0.660162102425,0.0021137185756085553,1.9576474885607655,0.59261581565,0.004303538380095633,2.0080011449120265,0.563182221686,0.07878098405491198,1.687069636726068,0.455920505041,0.013223819103777304,1.7374232930773288,0.552431611432,0.02852461872980999,2.1557757131217308,0.477594891761,0.02217033820481585,2.2061293694729915
