Well/XY,cell_id,total_distance,net_distance,linearity,spearmanrsq,progressivity,max_speed,min_speed,avg_speed,MSD_slope,hurst_RS,nongauss,disp_var,disp_skew,rw_linearity,rw_netdist,rw_kurtosis01,rw_kurtosis02,rw_kurtosis03,rw_kurtosis04,rw_kurtosis05,rw_kurtosis06,rw_kurtosis07,rw_kurtosis08,rw_kurtosis09,rw_kurtosis10,avg_moving_speed01,avg_moving_speed02,avg_moving_speed03,avg_moving_speed04,avg_moving_speed05,avg_moving_speed06,avg_moving_speed07,avg_moving_speed08,avg_moving_speed09,avg_moving_speed10,time_moving01,time_moving02,time_moving03,time_moving04,time_moving05,time_moving06,time_moving07,time_moving08,time_moving09,time_moving10,autocorr_1,autocorr_2,autocorr_3,autocorr_4,autocorr_5,autocorr_6,autocorr_7,autocorr_8,autocorr_9,autocorr_10,p_rturn_9_5,p_rturn_9_6,p_rturn_10_5,p_rturn_10_6,p_rturn_11_5,p_rturn_11_6,mean_theta_9_5,min_theta_9_5,max_theta_9_5,mean_theta_9_6,min_theta_9_6,max_theta_9_6,mean_theta_10_5,min_theta_10_5,max_theta_10_5,mean_theta_10_6,min_theta_10_6,max_theta_10_6,mean_theta_11_5,min_theta_11_5,max_theta_11_5,mean_theta_11_6,min_theta_11_6,max_theta_11_6
WellB11_Seq0009/xy19,0,1889.515389925081,939.0280921250439,0.10557348748,0.0152927118642,0.496967686599407,35.66651090308666,2.986476854087427,25.1935385323,1.65540541672,0.764595278991,-0.286799566079,170.74614517,0.9205246958902327,-0.135543895707,628.421288699,1.4866402465535629,1.9999642214477698,0.2732412685677952,0.2990695403533121,1.184120651597576,2.836397395507203,-0.5329763412676742,-1.2773151522113368,-0.8354258230677325,0.05431681590844617,19.4372380582,19.4372380582,19.4372380582,19.4372380582,19.4372380582,19.6434033963,19.6434033963,19.8222127119,19.8222127119,19.9752123892,1.0,1.0,1.0,1.0,1.0,0.9859154929577465,0.9859154929577465,0.971830985915493,0.971830985915493,0.9577464788732394,0.224721503669,0.162686631666,-0.100990375383,0.0138041456016,0.151291095805,0.24980247221,0.284159754665,-0.0791899867529,-0.0459758250688,-0.0520952829577,0.619047619048,0.619047619048,0.65,0.65,0.6,0.65,0.490244719697,0.021505647699102366,2.5378964466337632,0.488884161361,0.04090282929775219,2.605117439756442,0.551716481094,0.003803320690729479,2.788412561901625,0.540415854282,0.06215906533075617,2.7520732253737417,0.581616693625,0.024176500146036083,2.7275672555874175,0.568278748868,0.04221125214281307,2.6912279190595343
