Well/XY,cell_id,total_distance,net_distance,linearity,spearmanrsq,progressivity,max_speed,min_speed,avg_speed,MSD_slope,hurst_RS,nongauss,disp_var,disp_skew,rw_linearity,rw_netdist,rw_kurtosis01,rw_kurtosis02,rw_kurtosis03,rw_kurtosis04,rw_kurtosis05,rw_kurtosis06,rw_kurtosis07,rw_kurtosis08,rw_kurtosis09,rw_kurtosis10,avg_moving_speed01,avg_moving_speed02,avg_moving_speed03,avg_moving_speed04,avg_moving_speed05,avg_moving_speed06,avg_moving_speed07,avg_moving_speed08,avg_moving_speed09,avg_moving_speed10,time_moving01,time_moving02,time_moving03,time_moving04,time_moving05,time_moving06,time_moving07,time_moving08,time_moving09,time_moving10,autocorr_1,autocorr_2,autocorr_3,autocorr_4,autocorr_5,autocorr_6,autocorr_7,autocorr_8,autocorr_9,autocorr_10,p_rturn_9_5,p_rturn_9_6,p_rturn_10_5,p_rturn_10_6,p_rturn_11_5,p_rturn_11_6,mean_theta_9_5,min_theta_9_5,max_theta_9_5,mean_theta_9_6,min_theta_9_6,max_theta_9_6,mean_theta_10_5,min_theta_10_5,max_theta_10_5,mean_theta_10_6,min_theta_10_6,max_theta_10_6,mean_theta_11_5,min_theta_11_5,max_theta_11_5,mean_theta_11_6,min_theta_11_6,max_theta_11_6
WellD10_Seq0008/xy02,0,3651.696824922856,1199.2405239984178,0.0202038684311,0.0676845792877,0.32840637695155656,64.68449582396076,1.4103900169811303,48.0486424332,1.50087626407,0.63446617526,-0.123609426603,1194.5978772,0.8255260182097716,-0.215928100292,602.97255227,-0.15557418391102917,-0.40230666801644155,-0.5931585302161024,-1.0430473531965891,-1.018901275949361,-1.0985790155412336,-1.4938007919082714,-1.3124638933015411,-1.6286267980775155,-1.3584650665554798,34.3840315097,34.3840315097,34.3840315097,34.3840315097,34.3840315097,34.8031475422,35.2157250727,35.6274660262,36.0353469257,36.0353469257,0.9861111111111112,0.9861111111111112,0.9861111111111112,0.9861111111111112,0.9861111111111112,0.9722222222222222,0.9583333333333334,0.9444444444444444,0.9305555555555556,0.9305555555555556,0.0827140809695,-0.198159316927,0.0750036013522,0.193070868561,0.149025144161,-0.102250106748,-0.255951631724,0.154878997324,0.19137440879,-0.380734380334,0.47619047619,0.47619047619,0.47619047619,0.47619047619,0.6,0.55,0.650656916235,0.018566743761039017,1.8469094586532826,0.57266421198,0.007971574592182016,1.8693265124602998,0.684781960835,0.03200256076560389,2.52042335213949,0.597413203177,0.08122406349650449,2.362493172058957,0.759725152407,0.006607647922988039,2.251617414881619,0.723031190657,0.045251222121285344,2.2199784365470743
