Well/XY,cell_id,total_distance,net_distance,linearity,spearmanrsq,progressivity,max_speed,min_speed,avg_speed,MSD_slope,hurst_RS,nongauss,disp_var,disp_skew,rw_linearity,rw_netdist,rw_kurtosis01,rw_kurtosis02,rw_kurtosis03,rw_kurtosis04,rw_kurtosis05,rw_kurtosis06,rw_kurtosis07,rw_kurtosis08,rw_kurtosis09,rw_kurtosis10,avg_moving_speed01,avg_moving_speed02,avg_moving_speed03,avg_moving_speed04,avg_moving_speed05,avg_moving_speed06,avg_moving_speed07,avg_moving_speed08,avg_moving_speed09,avg_moving_speed10,time_moving01,time_moving02,time_moving03,time_moving04,time_moving05,time_moving06,time_moving07,time_moving08,time_moving09,time_moving10,autocorr_1,autocorr_2,autocorr_3,autocorr_4,autocorr_5,autocorr_6,autocorr_7,autocorr_8,autocorr_9,autocorr_10,p_rturn_9_5,p_rturn_9_6,p_rturn_10_5,p_rturn_10_6,p_rturn_11_5,p_rturn_11_6,mean_theta_9_5,min_theta_9_5,max_theta_9_5,mean_theta_9_6,min_theta_9_6,max_theta_9_6,mean_theta_10_5,min_theta_10_5,max_theta_10_5,mean_theta_10_6,min_theta_10_6,max_theta_10_6,mean_theta_11_5,min_theta_11_5,max_theta_11_5,mean_theta_11_6,min_theta_11_6,max_theta_11_6
WellC06_Seq0015/xy11,0,1450.2349029728762,485.18410209012416,0.417971407948,0.194424225031,0.33455552689811285,28.319601409624386,1.2808200498118285,19.336465373,1.32732894727,0.800242600847,2.66575555107,573.167923512,3.4620242066438602,0.16893629006,246.788146264,11.137295459699583,6.129246303952296,2.2636073501390106,-0.5741031152370706,-0.6840480397144417,-0.8900413437281625,-0.03602546657443284,-0.5350695139840118,-1.3035408183635622,-0.5622924641466103,12.0996757966,12.0996757966,12.2378886391,12.6284275932,13.2895140582,14.1459031461,14.4411066147,14.7034734067,15.0809297955,15.7199221643,0.9859154929577465,0.9859154929577465,0.971830985915493,0.9295774647887324,0.8591549295774648,0.7746478873239436,0.7464788732394366,0.7183098591549296,0.676056338028169,0.6056338028169014,0.70091824569,0.409604801025,0.147463972618,-0.113768575388,-0.0137366215884,0.0752154559542,0.10183865699,0.0780869377993,-0.0298603300185,-0.126847918242,0.47619047619,0.571428571429,0.55,0.5,0.45,0.5,0.772225908066,0.0052569201514384035,2.8104787881528974,0.739911463142,0.010057174260785177,2.8010959743753845,0.63221349757,0.02477499804139616,2.6728175465456014,0.603035129665,0.015669128100480958,2.694080003718218,0.592071559344,0.01220758732691033,2.671559981020778,0.580395758356,0.01365239030021542,2.6928224381933945
