Well/XY,cell_id,total_distance,net_distance,linearity,spearmanrsq,progressivity,max_speed,min_speed,avg_speed,MSD_slope,hurst_RS,nongauss,disp_var,disp_skew,rw_linearity,rw_netdist,rw_kurtosis01,rw_kurtosis02,rw_kurtosis03,rw_kurtosis04,rw_kurtosis05,rw_kurtosis06,rw_kurtosis07,rw_kurtosis08,rw_kurtosis09,rw_kurtosis10,avg_moving_speed01,avg_moving_speed02,avg_moving_speed03,avg_moving_speed04,avg_moving_speed05,avg_moving_speed06,avg_moving_speed07,avg_moving_speed08,avg_moving_speed09,avg_moving_speed10,time_moving01,time_moving02,time_moving03,time_moving04,time_moving05,time_moving06,time_moving07,time_moving08,time_moving09,time_moving10,autocorr_1,autocorr_2,autocorr_3,autocorr_4,autocorr_5,autocorr_6,autocorr_7,autocorr_8,autocorr_9,autocorr_10,p_rturn_9_5,p_rturn_9_6,p_rturn_10_5,p_rturn_10_6,p_rturn_11_5,p_rturn_11_6,mean_theta_9_5,min_theta_9_5,max_theta_9_5,mean_theta_9_6,min_theta_9_6,max_theta_9_6,mean_theta_10_5,min_theta_10_5,max_theta_10_5,mean_theta_10_6,min_theta_10_6,max_theta_10_6,mean_theta_11_5,min_theta_11_5,max_theta_11_5,mean_theta_11_6,min_theta_11_6,max_theta_11_6
WellC06_Seq0015/xy04,0,2048.2878737881947,193.72292068828617,0.581024832196,0.529417428348,0.0945779756680424,53.87832959548765,2.611972434770335,27.3105049838,1.27930712458,0.767577606215,0.292934458177,607.297734865,1.4313144883925266,0.360007253953,-142.983598013,1.187165185619497,4.8689457467019,3.878195002248546,-0.34158225798015796,-0.7629895250217582,-1.0148907076410976,-0.05315328100048511,-0.5592637194337744,-0.6241067757898668,-0.693266738109962,19.9247759423,19.9247759423,19.9247759423,20.3994249292,21.3708068053,22.1458637065,22.4094712132,22.9104263528,23.1554194357,23.3942217237,1.0,1.0,1.0,0.971830985915493,0.9154929577464789,0.8732394366197183,0.8591549295774648,0.8309859154929577,0.8169014084507042,0.8028169014084507,0.491078287701,0.364549704009,0.115800084215,-0.0135388029657,-0.107295586023,-0.186694570569,-0.104627214788,-0.0175692175525,0.0150554069847,-0.00965077766483,0.47619047619,0.47619047619,0.45,0.45,0.4,0.45,0.738817386552,0.0004785344799178661,2.7811440621898105,0.74226761955,0.001252182173313652,2.5282267868840878,0.703853558439,0.018704309575576287,2.6527861819525267,0.703932224979,0.03729933752907539,2.3998689066468044,0.75784735343,0.0010693886542648334,2.4619674569735577,0.748719029129,0.01669056343467317,2.209050181667835
