Well/XY,cell_id,total_distance,net_distance,linearity,spearmanrsq,progressivity,max_speed,min_speed,avg_speed,MSD_slope,hurst_RS,nongauss,disp_var,disp_skew,rw_linearity,rw_netdist,rw_kurtosis01,rw_kurtosis02,rw_kurtosis03,rw_kurtosis04,rw_kurtosis05,rw_kurtosis06,rw_kurtosis07,rw_kurtosis08,rw_kurtosis09,rw_kurtosis10,avg_moving_speed01,avg_moving_speed02,avg_moving_speed03,avg_moving_speed04,avg_moving_speed05,avg_moving_speed06,avg_moving_speed07,avg_moving_speed08,avg_moving_speed09,avg_moving_speed10,time_moving01,time_moving02,time_moving03,time_moving04,time_moving05,time_moving06,time_moving07,time_moving08,time_moving09,time_moving10,autocorr_1,autocorr_2,autocorr_3,autocorr_4,autocorr_5,autocorr_6,autocorr_7,autocorr_8,autocorr_9,autocorr_10,p_rturn_9_5,p_rturn_9_6,p_rturn_10_5,p_rturn_10_6,p_rturn_11_5,p_rturn_11_6,mean_theta_9_5,min_theta_9_5,max_theta_9_5,mean_theta_9_6,min_theta_9_6,max_theta_9_6,mean_theta_10_5,min_theta_10_5,max_theta_10_5,mean_theta_10_6,min_theta_10_6,max_theta_10_6,mean_theta_11_5,min_theta_11_5,max_theta_11_5,mean_theta_11_6,min_theta_11_6,max_theta_11_6
WellC11_Seq0010/xy14,0,2312.1247669602317,290.90207974505796,0.308856588296,0.342077216663,0.12581590920264618,48.24475768412565,0.2683281572999341,30.8283302261,1.20839260465,0.708981050786,0.549747819093,875.533186912,1.6848076662778066,0.0511366722992,-89.1751013232,2.604169405850155,-0.86042662432124,-0.7392244980443774,-1.5563721522364147,-1.3401023595271044,-0.8382651815461601,-1.377598284251793,-1.3114723367210688,-1.0713013879065238,-1.7851317375858984,25.8092290191,26.5261883311,27.6565676335,27.6565676335,27.6565676335,27.6565676335,28.7092998445,29.4360355121,29.8029492504,30.5187487538,0.971830985915493,0.9436619718309859,0.9014084507042254,0.9014084507042254,0.9014084507042254,0.9014084507042254,0.8591549295774648,0.8309859154929577,0.8169014084507042,0.7887323943661971,0.256955037135,0.133970343005,0.0298601363218,-0.0527888455531,0.0940447361122,0.111584372651,0.146716170232,0.0396625555494,-0.0172264675806,-0.0419063203853,0.52380952381,0.571428571429,0.45,0.5,0.4,0.45,0.77168433314,0.032048493743946485,2.0914032154237776,0.644551198985,0.03873969674046083,2.1450972198493936,0.800072860636,0.007708050546204532,1.994444451524384,0.715930297007,0.053130188160031115,2.04813845595,0.796229751831,0.03244078784738031,1.8483085027931239,0.711859829833,0.021899145900661162,1.825827727752625
