Well/XY,cell_id,total_distance,net_distance,linearity,spearmanrsq,progressivity,max_speed,min_speed,avg_speed,MSD_slope,hurst_RS,nongauss,disp_var,disp_skew,rw_linearity,rw_netdist,rw_kurtosis01,rw_kurtosis02,rw_kurtosis03,rw_kurtosis04,rw_kurtosis05,rw_kurtosis06,rw_kurtosis07,rw_kurtosis08,rw_kurtosis09,rw_kurtosis10,avg_moving_speed01,avg_moving_speed02,avg_moving_speed03,avg_moving_speed04,avg_moving_speed05,avg_moving_speed06,avg_moving_speed07,avg_moving_speed08,avg_moving_speed09,avg_moving_speed10,time_moving01,time_moving02,time_moving03,time_moving04,time_moving05,time_moving06,time_moving07,time_moving08,time_moving09,time_moving10,autocorr_1,autocorr_2,autocorr_3,autocorr_4,autocorr_5,autocorr_6,autocorr_7,autocorr_8,autocorr_9,autocorr_10,p_rturn_9_5,p_rturn_9_6,p_rturn_10_5,p_rturn_10_6,p_rturn_11_5,p_rturn_11_6,mean_theta_9_5,min_theta_9_5,max_theta_9_5,mean_theta_9_6,min_theta_9_6,max_theta_9_6,mean_theta_10_5,min_theta_10_5,max_theta_10_5,mean_theta_10_6,min_theta_10_6,max_theta_10_6,mean_theta_11_5,min_theta_11_5,max_theta_11_5,mean_theta_11_6,min_theta_11_6,max_theta_11_6
WellC11_Seq0010/xy06,0,2283.312832086838,614.4285312385813,0.0532150201486,0.0628071154126,0.269095203514896,48.69245937514349,5.769332717047954,30.4441710945,1.30103238761,0.827324520046,-0.271983322497,245.05122861,1.0484505359329102,-0.17540293321,239.087582031,1.5863932501022644,0.6447147009022323,0.2953394330176824,-0.14697042000209404,0.6604107631491405,0.40441527493642404,-1.0736107186480033,-0.46449858662061505,-0.4935644349754287,-1.0519656042098575,25.5833586315,25.5833586315,25.5833586315,25.5833586315,25.5833586315,25.5833586315,25.5833586315,26.1091536136,26.1091536136,26.1091536136,1.0,1.0,1.0,1.0,1.0,1.0,1.0,0.971830985915493,0.971830985915493,0.971830985915493,0.455141240658,0.363773356018,0.351712743138,0.114933593854,0.0510216868134,-0.0925436411642,-0.188830783202,-0.122531512022,-0.152314530189,-0.133830708366,0.52380952381,0.52380952381,0.45,0.4,0.4,0.4,0.846722588442,0.10293488658911226,2.138841551094614,0.812351507673,0.14849764356802342,2.092757404916767,0.85058812901,0.08424092659755313,2.157727466594284,0.823225589636,0.07384956243151658,2.1116433204164373,0.864077871638,0.011812594275266248,2.070721679827117,0.83775446868,0.02220395844131539,2.02463753364927
