Well/XY,cell_id,total_distance,net_distance,linearity,spearmanrsq,progressivity,max_speed,min_speed,avg_speed,MSD_slope,hurst_RS,nongauss,disp_var,disp_skew,rw_linearity,rw_netdist,rw_kurtosis01,rw_kurtosis02,rw_kurtosis03,rw_kurtosis04,rw_kurtosis05,rw_kurtosis06,rw_kurtosis07,rw_kurtosis08,rw_kurtosis09,rw_kurtosis10,avg_moving_speed01,avg_moving_speed02,avg_moving_speed03,avg_moving_speed04,avg_moving_speed05,avg_moving_speed06,avg_moving_speed07,avg_moving_speed08,avg_moving_speed09,avg_moving_speed10,time_moving01,time_moving02,time_moving03,time_moving04,time_moving05,time_moving06,time_moving07,time_moving08,time_moving09,time_moving10,autocorr_1,autocorr_2,autocorr_3,autocorr_4,autocorr_5,autocorr_6,autocorr_7,autocorr_8,autocorr_9,autocorr_10,p_rturn_9_5,p_rturn_9_6,p_rturn_10_5,p_rturn_10_6,p_rturn_11_5,p_rturn_11_6,mean_theta_9_5,min_theta_9_5,max_theta_9_5,mean_theta_9_6,min_theta_9_6,max_theta_9_6,mean_theta_10_5,min_theta_10_5,max_theta_10_5,mean_theta_10_6,min_theta_10_6,max_theta_10_6,mean_theta_11_5,min_theta_11_5,max_theta_11_5,mean_theta_11_6,min_theta_11_6,max_theta_11_6
WellC11_Seq0010/xy19,0,2420.764921514699,99.92417325152104,0.0209852717037,0.0522963348757,0.041277933418250874,51.46148948485654,1.9134931408290765,32.2768656202,1.0631776274,0.567608747842,1.44254795194,983.937502607,2.7455150785712084,-0.225212005841,-298.011751551,9.594541845310845,2.8757286525303947,0.41520149622076374,-0.257758461836163,-0.06362132453225611,-0.7555626257959278,-0.6474147105769252,-0.9114948078540541,0.8898574010705551,-1.0619645536018127,24.5746086216,24.5746086216,24.5746086216,24.5746086216,25.1578088172,25.1578088172,25.4283480189,25.6946757581,26.796706921,27.9761782268,1.0,1.0,1.0,1.0,0.971830985915493,0.971830985915493,0.9577464788732394,0.9436619718309859,0.8873239436619719,0.8309859154929577,-0.0908944074019,0.0383928177062,-0.0384754123107,-0.136604634172,-0.129734729185,-0.0344455698462,-0.0177903378388,-0.106589288957,-0.0522888999651,0.158271565364,0.380952380952,0.380952380952,0.4,0.45,0.45,0.45,0.724975337105,0.10234398570510818,2.6372242070343273,0.658617950623,0.04034299159958895,2.5682661094756365,0.833963388322,0.053001907070676126,2.8641229524656318,0.760034251636,0.012194645123039445,2.8943999909986737,0.824525351311,0.00881596826356973,2.8126506046636344,0.755014808506,0.05638058393012827,2.842927643196676
