Well/XY,cell_id,total_distance,net_distance,linearity,spearmanrsq,progressivity,max_speed,min_speed,avg_speed,MSD_slope,hurst_RS,nongauss,disp_var,disp_skew,rw_linearity,rw_netdist,rw_kurtosis01,rw_kurtosis02,rw_kurtosis03,rw_kurtosis04,rw_kurtosis05,rw_kurtosis06,rw_kurtosis07,rw_kurtosis08,rw_kurtosis09,rw_kurtosis10,avg_moving_speed01,avg_moving_speed02,avg_moving_speed03,avg_moving_speed04,avg_moving_speed05,avg_moving_speed06,avg_moving_speed07,avg_moving_speed08,avg_moving_speed09,avg_moving_speed10,time_moving01,time_moving02,time_moving03,time_moving04,time_moving05,time_moving06,time_moving07,time_moving08,time_moving09,time_moving10,autocorr_1,autocorr_2,autocorr_3,autocorr_4,autocorr_5,autocorr_6,autocorr_7,autocorr_8,autocorr_9,autocorr_10,p_rturn_9_5,p_rturn_9_6,p_rturn_10_5,p_rturn_10_6,p_rturn_11_5,p_rturn_11_6,mean_theta_9_5,min_theta_9_5,max_theta_9_5,mean_theta_9_6,min_theta_9_6,max_theta_9_6,mean_theta_10_5,min_theta_10_5,max_theta_10_5,mean_theta_10_6,min_theta_10_6,max_theta_10_6,mean_theta_11_5,min_theta_11_5,max_theta_11_5,mean_theta_11_6,min_theta_11_6,max_theta_11_6
WellC11_Seq0010/xy24,0,1050.1967883794819,537.2426896664114,0.0730129794247,0.0799231160608,0.5115638284282032,23.325483574837193,1.2084519022286453,14.0026238451,1.62161667709,0.662289277907,0.185881101724,92.3521442911,1.8184056476037402,-0.165487890774,364.606748649,3.344227615867835,5.85245433107243,0.5043847205687979,3.516997349849606,0.15362833571506007,-1.208927212864151,-0.4039333351359171,0.14673115478674736,-0.17153548886655479,-0.7511669130123297,9.39564491865,9.39564491865,9.59595750177,9.96367458255,10.410942491,10.9592601832,11.7363178752,12.2596007142,12.9947164656,13.7401416752,1.0,1.0,0.971830985915493,0.9154929577464789,0.8450704225352113,0.7605633802816901,0.647887323943662,0.5774647887323944,0.4788732394366197,0.39436619718309857,0.339438684506,0.260684970957,0.0436482745247,-0.0093357335983,-0.0423590066236,-0.178240548819,-0.238451822273,-0.152508567634,-0.118581002087,-0.119547414169,0.52380952381,0.571428571429,0.6,0.65,0.6,0.65,0.496128423038,0.008134051524013143,1.3478868489366196,0.483678648859,0.02615964063264137,1.37973930537372,0.440818960764,0.005314274431783372,1.41589304861875,0.446647036828,0.051419421544015895,1.4477455050558503,0.476640357035,0.0028228458165803125,1.4603628658566399,0.484127000534,0.05579391067999915,1.4922153222937402
