Well/XY,cell_id,total_distance,net_distance,linearity,spearmanrsq,progressivity,max_speed,min_speed,avg_speed,MSD_slope,hurst_RS,nongauss,disp_var,disp_skew,rw_linearity,rw_netdist,rw_kurtosis01,rw_kurtosis02,rw_kurtosis03,rw_kurtosis04,rw_kurtosis05,rw_kurtosis06,rw_kurtosis07,rw_kurtosis08,rw_kurtosis09,rw_kurtosis10,avg_moving_speed01,avg_moving_speed02,avg_moving_speed03,avg_moving_speed04,avg_moving_speed05,avg_moving_speed06,avg_moving_speed07,avg_moving_speed08,avg_moving_speed09,avg_moving_speed10,time_moving01,time_moving02,time_moving03,time_moving04,time_moving05,time_moving06,time_moving07,time_moving08,time_moving09,time_moving10,autocorr_1,autocorr_2,autocorr_3,autocorr_4,autocorr_5,autocorr_6,autocorr_7,autocorr_8,autocorr_9,autocorr_10,p_rturn_9_5,p_rturn_9_6,p_rturn_10_5,p_rturn_10_6,p_rturn_11_5,p_rturn_11_6,mean_theta_9_5,min_theta_9_5,max_theta_9_5,mean_theta_9_6,min_theta_9_6,max_theta_9_6,mean_theta_10_5,min_theta_10_5,max_theta_10_5,mean_theta_10_6,min_theta_10_6,max_theta_10_6,mean_theta_11_5,min_theta_11_5,max_theta_11_5,mean_theta_11_6,min_theta_11_6,max_theta_11_6
WellC11_Seq0010/xy25,0,641.5484713879966,61.35535836420481,0.0492718403302,0.0645215356527,0.09563635656626517,13.615667445997627,0.3111269837221195,8.55397961851,1.18113556057,0.685216716453,1.95883652597,82.3584177291,3.1373360050089985,-0.175717848862,-44.1051851187,10.703272217360961,2.6118891466532688,4.141696566765117,0.8450598335177189,-0.0038944974409265143,1.0273142956897576,-0.3579811083418396,0.13200746219236015,1.1660261852993772,-0.10416382918790612,4.87579867782,5.04347133271,5.90263553787,7.10360512395,8.26664799382,9.25003451781,10.1507043492,10.6664585758,11.5878782858,11.8755199686,0.9436619718309859,0.9014084507042254,0.676056338028169,0.4507042253521127,0.30985915492957744,0.22535211267605634,0.16901408450704225,0.14084507042253522,0.09859154929577464,0.08450704225352113,0.0509989334559,0.213443311379,0.243022052171,-0.0921656132756,-0.056304187442,-0.0905630652186,-0.0878809659611,-0.193108818586,-0.0155853266699,0.0461291889259,0.428571428571,0.428571428571,0.55,0.5,0.5,0.5,0.56730502854,0.06116637838701554,1.9072317242601022,0.581678555131,0.07118593574296923,1.8623587675689213,0.658993091036,0.03529149357769653,2.8380465290213883,0.644559997754,0.020878736246986992,2.8159993327846067,0.574622418324,0.0025785204833908143,2.713100337267091,0.586140129611,0.03946193961377597,2.6910531410303102
