Well/XY,cell_id,total_distance,net_distance,linearity,spearmanrsq,progressivity,max_speed,min_speed,avg_speed,MSD_slope,hurst_RS,nongauss,disp_var,disp_skew,rw_linearity,rw_netdist,rw_kurtosis01,rw_kurtosis02,rw_kurtosis03,rw_kurtosis04,rw_kurtosis05,rw_kurtosis06,rw_kurtosis07,rw_kurtosis08,rw_kurtosis09,rw_kurtosis10,avg_moving_speed01,avg_moving_speed02,avg_moving_speed03,avg_moving_speed04,avg_moving_speed05,avg_moving_speed06,avg_moving_speed07,avg_moving_speed08,avg_moving_speed09,avg_moving_speed10,time_moving01,time_moving02,time_moving03,time_moving04,time_moving05,time_moving06,time_moving07,time_moving08,time_moving09,time_moving10,autocorr_1,autocorr_2,autocorr_3,autocorr_4,autocorr_5,autocorr_6,autocorr_7,autocorr_8,autocorr_9,autocorr_10,p_rturn_9_5,p_rturn_9_6,p_rturn_10_5,p_rturn_10_6,p_rturn_11_5,p_rturn_11_6,mean_theta_9_5,min_theta_9_5,max_theta_9_5,mean_theta_9_6,min_theta_9_6,max_theta_9_6,mean_theta_10_5,min_theta_10_5,max_theta_10_5,mean_theta_10_6,min_theta_10_6,max_theta_10_6,mean_theta_11_5,min_theta_11_5,max_theta_11_5,mean_theta_11_6,min_theta_11_6,max_theta_11_6
WellE07_Seq0030/xy04,0,712.49681592872,78.69928208058822,0.538811974306,0.25880141234,0.11045562635673799,7.613175158893961,0.15211837495844932,9.49995754572,1.15641335289,0.841839550878,0.5080779194,79.6620701169,1.673905122921802,0.258686743084,-38.4240605643,2.205831003547967,1.0164647271380485,0.319997587308813,-0.5569309054038554,-0.21156156285133054,-1.0309015482802026,-1.1765750745635806,-1.3016366836265498,-0.4924489748652636,-1.6352262745315884,3.48966981428,4.08948688378,4.75022384895,5.6905803909,6.50249492093,7.99026713808,8.44167351695,8.62821029538,0.0,0.0,0.9154929577464789,0.704225352112676,0.49295774647887325,0.28169014084507044,0.16901408450704225,0.07042253521126761,0.056338028169014086,0.04225352112676056,0.0,0.0,0.388147849389,0.148240785464,0.204514124121,0.297026700065,0.181932979653,0.314528310106,0.184219165324,0.188324186741,0.0211796521611,0.00502464721993,0.47619047619,0.428571428571,0.45,0.35,0.4,0.4,0.796568723409,0.0052824713661925185,2.706433316727025,0.78715762709,0.03807625180262247,2.6498832964840258,0.75816402293,0.05036292105812747,2.4311851288112303,0.751963511235,0.05699631305102577,2.4350489591318003,0.809288550603,0.04248292675117771,2.4018191724220235,0.788382019877,0.01308879919041176,2.4056830027425935
