Well/XY,cell_id,total_distance,net_distance,linearity,spearmanrsq,progressivity,max_speed,min_speed,avg_speed,MSD_slope,hurst_RS,nongauss,disp_var,disp_skew,rw_linearity,rw_netdist,rw_kurtosis01,rw_kurtosis02,rw_kurtosis03,rw_kurtosis04,rw_kurtosis05,rw_kurtosis06,rw_kurtosis07,rw_kurtosis08,rw_kurtosis09,rw_kurtosis10,avg_moving_speed01,avg_moving_speed02,avg_moving_speed03,avg_moving_speed04,avg_moving_speed05,avg_moving_speed06,avg_moving_speed07,avg_moving_speed08,avg_moving_speed09,avg_moving_speed10,time_moving01,time_moving02,time_moving03,time_moving04,time_moving05,time_moving06,time_moving07,time_moving08,time_moving09,time_moving10,autocorr_1,autocorr_2,autocorr_3,autocorr_4,autocorr_5,autocorr_6,autocorr_7,autocorr_8,autocorr_9,autocorr_10,p_rturn_9_5,p_rturn_9_6,p_rturn_10_5,p_rturn_10_6,p_rturn_11_5,p_rturn_11_6,mean_theta_9_5,min_theta_9_5,max_theta_9_5,mean_theta_9_6,min_theta_9_6,max_theta_9_6,mean_theta_10_5,min_theta_10_5,max_theta_10_5,mean_theta_10_6,min_theta_10_6,max_theta_10_6,mean_theta_11_5,min_theta_11_5,max_theta_11_5,mean_theta_11_6,min_theta_11_6,max_theta_11_6
WellF04_Seq0002/xy18,0,105.92559090136913,9.237272378792344,0.358671159458,0.292101325111,0.08720529477521138,2.3125857821927385,0.13181517363338854,1.7084772726,0.76906904477,0.782319611637,-0.292982917999,0.916360566159,0.7233749251121753,0.119787362562,-9.94033744272,-0.018070438274226053,0.6806643651675337,0.7994594435795404,0.45014826288476106,3.758927119893853,-0.7692701286862667,2.1919062373760534,-1.6119386174351649,-0.822657339752698,-0.9025211807472644,1.54207105918,2.35707193334,0.0,0.0,0.0,0.0,0.0,0.0,0.0,0.0,0.1724137931034483,0.05172413793103448,0.0,0.0,0.0,0.0,0.0,0.0,0.0,0.0,0.0658998053209,0.134471014207,0.15577258718,0.170199777733,0.257802154602,-0.101076482949,-0.0215697120501,-0.0481343560122,0.0411517188356,0.000681215784327,0.5625,0.5625,0.5,0.5625,0.5,0.5,1.00943693559,0.028047390379453523,2.5561793987727834,1.04494649605,0.018492522277425223,2.5765240879955718,0.915978289569,0.00826152336598971,1.9070772047493865,0.857663852286,0.039934642599113945,1.9274218939721746,0.898331188601,0.1271853779839713,1.945890539895576,0.834266489456,0.08064546532709199,2.004829301282899
