Well/XY,cell_id,total_distance,net_distance,linearity,spearmanrsq,progressivity,max_speed,min_speed,avg_speed,MSD_slope,hurst_RS,nongauss,disp_var,disp_skew,rw_linearity,rw_netdist,rw_kurtosis01,rw_kurtosis02,rw_kurtosis03,rw_kurtosis04,rw_kurtosis05,rw_kurtosis06,rw_kurtosis07,rw_kurtosis08,rw_kurtosis09,rw_kurtosis10,avg_moving_speed01,avg_moving_speed02,avg_moving_speed03,avg_moving_speed04,avg_moving_speed05,avg_moving_speed06,avg_moving_speed07,avg_moving_speed08,avg_moving_speed09,avg_moving_speed10,time_moving01,time_moving02,time_moving03,time_moving04,time_moving05,time_moving06,time_moving07,time_moving08,time_moving09,time_moving10,autocorr_1,autocorr_2,autocorr_3,autocorr_4,autocorr_5,autocorr_6,autocorr_7,autocorr_8,autocorr_9,autocorr_10,p_rturn_9_5,p_rturn_9_6,p_rturn_10_5,p_rturn_10_6,p_rturn_11_5,p_rturn_11_6,mean_theta_9_5,min_theta_9_5,max_theta_9_5,mean_theta_9_6,min_theta_9_6,max_theta_9_6,mean_theta_10_5,min_theta_10_5,max_theta_10_5,mean_theta_10_6,min_theta_10_6,max_theta_10_6,mean_theta_11_5,min_theta_11_5,max_theta_11_5,mean_theta_11_6,min_theta_11_6,max_theta_11_6
WellD04_Seq0002/xy01,0,1835.814388305608,372.4745628898704,0.0439028725237,0.00528258253001,0.20289336725029775,51.799073350785,1.0478549517944074,24.1554524777,1.30248639979,0.796955746563,0.459050380266,409.947883027,1.8087637629415951,-0.176084398486,72.7132808703,2.9470624943500914,2.191407594981732,-0.07405240455853423,-0.38921272709487553,0.9022455468427362,-0.8213975110736276,-0.9585408301269362,-0.9248245913529374,-0.9426538567670222,-1.1531890043667787,19.5151616372,20.5884390205,21.1450497907,22.3206247607,23.9239717933,24.9987397212,27.4082386761,28.3103645463,28.7624431074,28.7624431074,0.9722222222222222,0.9166666666666666,0.8888888888888888,0.8333333333333334,0.7638888888888888,0.7222222222222222,0.6388888888888888,0.6111111111111112,0.5972222222222222,0.5972222222222222,0.636982766733,0.327349084267,0.121278231215,0.0790121119827,0.0560031784829,0.0536360563848,0.00860949524296,-0.0107178764943,0.00624002406956,-0.0358011999302,0.47619047619,0.52380952381,0.619047619048,0.571428571429,0.6,0.6,0.690963644435,0.04088221270122551,2.0642271898900697,0.638605306981,0.029072740006397813,2.0392191018156924,0.837383775818,0.08013231620040258,2.47256389403956,0.781900102789,0.01017736349278839,2.4716759134012354,0.977489519107,0.1390789197190269,2.444551147989927,0.906782849327,0.007981239627548629,2.4436631673516027
