Well/XY,cell_id,total_distance,net_distance,linearity,spearmanrsq,progressivity,max_speed,min_speed,avg_speed,MSD_slope,hurst_RS,nongauss,disp_var,disp_skew,rw_linearity,rw_netdist,rw_kurtosis01,rw_kurtosis02,rw_kurtosis03,rw_kurtosis04,rw_kurtosis05,rw_kurtosis06,rw_kurtosis07,rw_kurtosis08,rw_kurtosis09,rw_kurtosis10,avg_moving_speed01,avg_moving_speed02,avg_moving_speed03,avg_moving_speed04,avg_moving_speed05,avg_moving_speed06,avg_moving_speed07,avg_moving_speed08,avg_moving_speed09,avg_moving_speed10,time_moving01,time_moving02,time_moving03,time_moving04,time_moving05,time_moving06,time_moving07,time_moving08,time_moving09,time_moving10,autocorr_1,autocorr_2,autocorr_3,autocorr_4,autocorr_5,autocorr_6,autocorr_7,autocorr_8,autocorr_9,autocorr_10,p_rturn_9_5,p_rturn_9_6,p_rturn_10_5,p_rturn_10_6,p_rturn_11_5,p_rturn_11_6,mean_theta_9_5,min_theta_9_5,max_theta_9_5,mean_theta_9_6,min_theta_9_6,max_theta_9_6,mean_theta_10_5,min_theta_10_5,max_theta_10_5,mean_theta_10_6,min_theta_10_6,max_theta_10_6,mean_theta_11_5,min_theta_11_5,max_theta_11_5,mean_theta_11_6,min_theta_11_6,max_theta_11_6
WellD04_Seq0002/xy02,0,2798.2687721614484,468.7315329695666,0.108844259937,0.102087622843,0.16750768819376397,52.490723904324284,2.3722773868163105,36.8193259495,1.19121613653,0.672022619253,-0.0708661046011,778.332885087,0.8547854498568465,-0.112452329421,11.815714071,-0.3060170022019051,-0.39302363432550136,-0.39785835856362395,-0.6361395567557486,-1.3980194580906187,-0.5877436061033019,-1.1191522622701648,-1.1323470855171052,-0.6172727584045576,-0.6480614687752708,25.1859975801,25.5245716036,25.5245716036,25.8360724273,26.4583949477,26.7652027716,27.0706947597,28.0043605254,28.6516081924,29.3033084599,1.0,0.9861111111111112,0.9861111111111112,0.9722222222222222,0.9444444444444444,0.9305555555555556,0.9166666666666666,0.875,0.8472222222222222,0.8194444444444444,0.34239785449,-0.0807390482774,0.0207530489367,0.0755812709792,-0.0297819548363,-0.0311837397668,0.0194528755487,0.0129152246551,-0.0805705451665,-0.0799946855539,0.52380952381,0.47619047619,0.571428571429,0.571428571429,0.6,0.6,0.72327983986,0.07851346497205612,2.4255236652367964,0.728332894541,0.05058236810365234,2.4835727098771514,0.727008345137,0.08355324328176855,2.5757710549950192,0.740841019663,0.09533646145528252,2.635183474862726,0.691259121234,0.02987646372198388,2.264679532476054,0.698431545913,0.04346473389866865,2.2255719115117847
