Well/XY,cell_id,total_distance,net_distance,linearity,spearmanrsq,progressivity,max_speed,min_speed,avg_speed,MSD_slope,hurst_RS,nongauss,disp_var,disp_skew,rw_linearity,rw_netdist,rw_kurtosis01,rw_kurtosis02,rw_kurtosis03,rw_kurtosis04,rw_kurtosis05,rw_kurtosis06,rw_kurtosis07,rw_kurtosis08,rw_kurtosis09,rw_kurtosis10,avg_moving_speed01,avg_moving_speed02,avg_moving_speed03,avg_moving_speed04,avg_moving_speed05,avg_moving_speed06,avg_moving_speed07,avg_moving_speed08,avg_moving_speed09,avg_moving_speed10,time_moving01,time_moving02,time_moving03,time_moving04,time_moving05,time_moving06,time_moving07,time_moving08,time_moving09,time_moving10,autocorr_1,autocorr_2,autocorr_3,autocorr_4,autocorr_5,autocorr_6,autocorr_7,autocorr_8,autocorr_9,autocorr_10,p_rturn_9_5,p_rturn_9_6,p_rturn_10_5,p_rturn_10_6,p_rturn_11_5,p_rturn_11_6,mean_theta_9_5,min_theta_9_5,max_theta_9_5,mean_theta_9_6,min_theta_9_6,max_theta_9_6,mean_theta_10_5,min_theta_10_5,max_theta_10_5,mean_theta_10_6,min_theta_10_6,max_theta_10_6,mean_theta_11_5,min_theta_11_5,max_theta_11_5,mean_theta_11_6,min_theta_11_6,max_theta_11_6
WellD04_Seq0002/xy21,0,2863.896352604567,594.6297074650743,0.104484329445,0.195531456238,0.20762961862229723,52.23195577421929,6.077241479487215,37.6828467448,1.19796959728,0.737727665806,-0.354501691454,373.287322566,0.6138345438030955,-0.133686094717,126.99787731,-0.2880902931473841,-0.8826629281504963,-0.8082544848673301,0.029703907025305565,1.6858605053518634,-0.6453123300879042,-0.9153932291983606,-0.7123252218385687,-1.176653951230414,-1.2410430151857519,33.3901255295,33.3901255295,33.3901255295,33.3901255295,33.7988606201,33.7988606201,33.7988606201,33.7988606201,33.7988606201,34.1495195459,1.0,1.0,1.0,1.0,0.9861111111111112,0.9861111111111112,0.9861111111111112,0.9861111111111112,0.9861111111111112,0.9722222222222222,0.364504918759,-0.103130686511,0.136086038088,0.224601805763,0.17712231959,0.253318078807,0.218239390746,0.00549229880945,0.0269838431997,0.150762482179,0.52380952381,0.52380952381,0.571428571429,0.571428571429,0.5,0.5,0.764437597972,0.13217645460576433,2.526030403243187,0.757384511678,0.08024295970679729,2.61010029016168,0.748471495336,0.05001232578687569,2.4769606418351735,0.757000878666,0.03422307762023524,2.5610305287536663,0.79679480347,0.10910046494918677,2.457272003380381,0.800377796851,0.03511850990847596,2.541341890298874
