Well/XY,cell_id,total_distance,net_distance,linearity,spearmanrsq,progressivity,max_speed,min_speed,avg_speed,MSD_slope,hurst_RS,nongauss,disp_var,disp_skew,rw_linearity,rw_netdist,rw_kurtosis01,rw_kurtosis02,rw_kurtosis03,rw_kurtosis04,rw_kurtosis05,rw_kurtosis06,rw_kurtosis07,rw_kurtosis08,rw_kurtosis09,rw_kurtosis10,avg_moving_speed01,avg_moving_speed02,avg_moving_speed03,avg_moving_speed04,avg_moving_speed05,avg_moving_speed06,avg_moving_speed07,avg_moving_speed08,avg_moving_speed09,avg_moving_speed10,time_moving01,time_moving02,time_moving03,time_moving04,time_moving05,time_moving06,time_moving07,time_moving08,time_moving09,time_moving10,autocorr_1,autocorr_2,autocorr_3,autocorr_4,autocorr_5,autocorr_6,autocorr_7,autocorr_8,autocorr_9,autocorr_10,p_rturn_9_5,p_rturn_9_6,p_rturn_10_5,p_rturn_10_6,p_rturn_11_5,p_rturn_11_6,mean_theta_9_5,min_theta_9_5,max_theta_9_5,mean_theta_9_6,min_theta_9_6,max_theta_9_6,mean_theta_10_5,min_theta_10_5,max_theta_10_5,mean_theta_10_6,min_theta_10_6,max_theta_10_6,mean_theta_11_5,min_theta_11_5,max_theta_11_5,mean_theta_11_6,min_theta_11_6,max_theta_11_6
WellD04_Seq0002/xy16,0,1357.383307887724,102.92811520668181,0.168704885651,0.12456747407,0.07582833427269131,23.616711794828696,0.3448187929913244,17.8603066827,1.05964296777,0.671227445957,0.515729143335,201.01504672,2.01745505997564,-0.091324763161,-118.712461943,5.3697889972788175,3.3463919226316303,1.646294738223956,1.3437744505352454,0.10614843298939824,1.0806711599168937,-1.2595321504102144,-1.3500193164544276,-1.1260690552726487,0.4276701808450616,8.43505613547,8.88037327488,9.78887255625,10.4242616641,11.3847677046,11.9498232354,12.2336274351,13.2653968943,14.4080886343,15.0885302231,0.9444444444444444,0.8888888888888888,0.7777777777777778,0.7083333333333334,0.6111111111111112,0.5555555555555556,0.5277777777777778,0.4305555555555556,0.3472222222222222,0.3055555555555556,0.0669203174789,0.136746443925,-0.168665701137,-0.0141506321446,-0.166410386485,-0.000520548483806,-0.138394446052,-0.0575865342189,0.119769472062,0.123983256418,0.52380952381,0.52380952381,0.47619047619,0.47619047619,0.6,0.55,0.88611399041,0.0868383758715951,2.688538290460743,0.818097107431,0.040586043247110154,2.6704737697818643,0.771930363322,0.14571855983645624,2.6118902222665694,0.687931675844,0.010698819776036815,2.5790584847543987,0.649375757921,0.002630029233694155,2.27713883353851,0.585497812696,0.0005272252586833952,2.270155429884255
