Well/XY,cell_id,total_distance,net_distance,linearity,spearmanrsq,progressivity,max_speed,min_speed,avg_speed,MSD_slope,hurst_RS,nongauss,disp_var,disp_skew,rw_linearity,rw_netdist,rw_kurtosis01,rw_kurtosis02,rw_kurtosis03,rw_kurtosis04,rw_kurtosis05,rw_kurtosis06,rw_kurtosis07,rw_kurtosis08,rw_kurtosis09,rw_kurtosis10,avg_moving_speed01,avg_moving_speed02,avg_moving_speed03,avg_moving_speed04,avg_moving_speed05,avg_moving_speed06,avg_moving_speed07,avg_moving_speed08,avg_moving_speed09,avg_moving_speed10,time_moving01,time_moving02,time_moving03,time_moving04,time_moving05,time_moving06,time_moving07,time_moving08,time_moving09,time_moving10,autocorr_1,autocorr_2,autocorr_3,autocorr_4,autocorr_5,autocorr_6,autocorr_7,autocorr_8,autocorr_9,autocorr_10,p_rturn_9_5,p_rturn_9_6,p_rturn_10_5,p_rturn_10_6,p_rturn_11_5,p_rturn_11_6,mean_theta_9_5,min_theta_9_5,max_theta_9_5,mean_theta_9_6,min_theta_9_6,max_theta_9_6,mean_theta_10_5,min_theta_10_5,max_theta_10_5,mean_theta_10_6,min_theta_10_6,max_theta_10_6,mean_theta_11_5,min_theta_11_5,max_theta_11_5,mean_theta_11_6,min_theta_11_6,max_theta_11_6
WellD04_Seq0002/xy18,0,2000.2858003709998,465.8811865701383,0.000631298519908,0.0115873340926,0.23290731078715338,36.11785154186222,0.52801515129775,26.3195500049,1.4075382737,0.71129491865,-0.373005180645,207.983153919,0.25607317880228037,-0.218281074387,139.2641605,-0.8202447395037842,-0.7710274782377469,-1.074153324296136,-0.3008270527135557,-0.997791703298085,-0.9483017964961298,-0.6038805187216223,-1.4026558570787335,-1.5521315242058957,-0.7003057639854071,19.8355216978,19.8355216978,20.8556119156,21.9483382216,22.2286413306,22.7745885271,23.0463168583,23.5682859605,24.0939289941,24.0939289941,1.0,1.0,0.9444444444444444,0.8888888888888888,0.875,0.8472222222222222,0.8333333333333334,0.8055555555555556,0.7777777777777778,0.7777777777777778,0.354894936202,0.143099712199,0.103220625658,0.0112004533812,-0.00929987972318,-0.15910911716,-0.190240960426,-0.0149563362612,-0.0970834222534,0.094823302027,0.47619047619,0.52380952381,0.571428571429,0.571428571429,0.5,0.45,0.886975746695,0.03154626271888443,2.60888355275532,0.867030176161,0.0900306352734909,2.597691861709436,1.02465252806,0.07255175684845147,2.6872467833286526,0.986983405628,0.10235460047376534,2.6760550922827693,0.907498941093,0.025570562840587622,2.20686177510892,0.893215472898,0.004232280784716954,2.246717482940394
