Well/XY,cell_id,total_distance,net_distance,linearity,spearmanrsq,progressivity,max_speed,min_speed,avg_speed,MSD_slope,hurst_RS,nongauss,disp_var,disp_skew,rw_linearity,rw_netdist,rw_kurtosis01,rw_kurtosis02,rw_kurtosis03,rw_kurtosis04,rw_kurtosis05,rw_kurtosis06,rw_kurtosis07,rw_kurtosis08,rw_kurtosis09,rw_kurtosis10,avg_moving_speed01,avg_moving_speed02,avg_moving_speed03,avg_moving_speed04,avg_moving_speed05,avg_moving_speed06,avg_moving_speed07,avg_moving_speed08,avg_moving_speed09,avg_moving_speed10,time_moving01,time_moving02,time_moving03,time_moving04,time_moving05,time_moving06,time_moving07,time_moving08,time_moving09,time_moving10,autocorr_1,autocorr_2,autocorr_3,autocorr_4,autocorr_5,autocorr_6,autocorr_7,autocorr_8,autocorr_9,autocorr_10,p_rturn_9_5,p_rturn_9_6,p_rturn_10_5,p_rturn_10_6,p_rturn_11_5,p_rturn_11_6,mean_theta_9_5,min_theta_9_5,max_theta_9_5,mean_theta_9_6,min_theta_9_6,max_theta_9_6,mean_theta_10_5,min_theta_10_5,max_theta_10_5,mean_theta_10_6,min_theta_10_6,max_theta_10_6,mean_theta_11_5,min_theta_11_5,max_theta_11_5,mean_theta_11_6,min_theta_11_6,max_theta_11_6
WellE03_Seq0034/xy23,0,1714.7673131464612,187.1569662075124,0.472632466054,0.395025555809,0.10914423477322663,19.5428759398406,0.10770329614269344,22.5627278046,0.7009288756,0.788307655595,-0.251204056658,229.060364975,0.4593578286198517,0.265236134434,-92.8391224104,-0.5895533238032371,0.9091037802716802,-0.5081122534270546,-0.8784337958460124,-0.7039182492957483,-0.9291251783903292,0.8604093365821264,-0.6283194062184432,-0.47981569314701833,-1.540345507444271,8.98913263296,9.5635995244,10.2846005005,10.7925599313,11.442573052,11.9938780452,12.8379872038,13.8558598011,14.6119234532,15.2170441155,0.9583333333333334,0.8888888888888888,0.8055555555555556,0.75,0.6805555555555556,0.625,0.5416666666666666,0.4583333333333333,0.4027777777777778,0.3611111111111111,0.121917403071,0.119000305998,0.149391332424,0.199487383221,0.343552934489,0.0209032703317,0.0309449482768,-0.00192832959344,0.130920302157,0.0500297518916,0.52380952381,0.47619047619,0.571428571429,0.714285714286,0.5,0.5,0.592887535986,0.0013354800004978127,2.5272809875060056,0.540133711785,0.0069595030111049465,2.268329307294252,0.53816260966,0.022684931228054456,2.4016253102865157,0.530269156641,0.07244223023918483,2.142673630074762,0.680112588523,0.048320341682599674,2.5852609128973145,0.635166470865,0.0014369573285736654,2.3263092326855612
