Well/XY,cell_id,total_distance,net_distance,linearity,spearmanrsq,progressivity,max_speed,min_speed,avg_speed,MSD_slope,hurst_RS,nongauss,disp_var,disp_skew,rw_linearity,rw_netdist,rw_kurtosis01,rw_kurtosis02,rw_kurtosis03,rw_kurtosis04,rw_kurtosis05,rw_kurtosis06,rw_kurtosis07,rw_kurtosis08,rw_kurtosis09,rw_kurtosis10,avg_moving_speed01,avg_moving_speed02,avg_moving_speed03,avg_moving_speed04,avg_moving_speed05,avg_moving_speed06,avg_moving_speed07,avg_moving_speed08,avg_moving_speed09,avg_moving_speed10,time_moving01,time_moving02,time_moving03,time_moving04,time_moving05,time_moving06,time_moving07,time_moving08,time_moving09,time_moving10,autocorr_1,autocorr_2,autocorr_3,autocorr_4,autocorr_5,autocorr_6,autocorr_7,autocorr_8,autocorr_9,autocorr_10,p_rturn_9_5,p_rturn_9_6,p_rturn_10_5,p_rturn_10_6,p_rturn_11_5,p_rturn_11_6,mean_theta_9_5,min_theta_9_5,max_theta_9_5,mean_theta_9_6,min_theta_9_6,max_theta_9_6,mean_theta_10_5,min_theta_10_5,max_theta_10_5,mean_theta_10_6,min_theta_10_6,max_theta_10_6,mean_theta_11_5,min_theta_11_5,max_theta_11_5,mean_theta_11_6,min_theta_11_6,max_theta_11_6
WellE03_Seq0034/xy19,0,747.4910983923047,35.4613056725214,0.905543588031,0.359441744555,0.047440438754108465,6.148249832269354,0.06999999999999999,9.83540918937,0.00833756572242,0.733597244159,0.0730756050908,150.481138725,0.8381416368017959,0.664314935399,-86.5929125424,-1.248556829421398,-0.9120815202907973,-1.0205384985099066,-1.4456034394486181,-1.946369050616304,-1.9599628772174125,-1.7816211468958092,-0.20644955474814264,-0.407805704240908,-1.8590754875600322,5.67362294896,5.67362294896,5.67362294896,5.67362294896,5.72913850283,6.11766382763,0.0,0.0,0.0,0.0,0.3194444444444444,0.3194444444444444,0.3194444444444444,0.3194444444444444,0.3055555555555556,0.06944444444444445,0.0,0.0,0.0,0.0,0.322558339979,0.123057656654,0.0621676964517,0.138266498505,-0.121953966654,-0.115554038219,-0.0241064826529,-0.0127397327831,-0.121514404233,-0.0277802933087,0.52380952381,0.47619047619,0.52380952381,0.428571428571,0.444444444444,0.444444444444,0.475125411883,0.005864840942129714,1.8582034408872647,0.41747740467,0.012963199471544342,1.8315064751645527,0.571156047952,0.0022897397969552542,2.04601581098462,0.63022310072,0.0055742845698481605,2.019318845261908,0.637233693194,0.016501963380358836,2.14845020761103,0.538365397038,0.012029789810765756,2.1604826209192005
