Well/XY,cell_id,total_distance,net_distance,linearity,spearmanrsq,progressivity,max_speed,min_speed,avg_speed,MSD_slope,hurst_RS,nongauss,disp_var,disp_skew,rw_linearity,rw_netdist,rw_kurtosis01,rw_kurtosis02,rw_kurtosis03,rw_kurtosis04,rw_kurtosis05,rw_kurtosis06,rw_kurtosis07,rw_kurtosis08,rw_kurtosis09,rw_kurtosis10,avg_moving_speed01,avg_moving_speed02,avg_moving_speed03,avg_moving_speed04,avg_moving_speed05,avg_moving_speed06,avg_moving_speed07,avg_moving_speed08,avg_moving_speed09,avg_moving_speed10,time_moving01,time_moving02,time_moving03,time_moving04,time_moving05,time_moving06,time_moving07,time_moving08,time_moving09,time_moving10,autocorr_1,autocorr_2,autocorr_3,autocorr_4,autocorr_5,autocorr_6,autocorr_7,autocorr_8,autocorr_9,autocorr_10,p_rturn_9_5,p_rturn_9_6,p_rturn_10_5,p_rturn_10_6,p_rturn_11_5,p_rturn_11_6,mean_theta_9_5,min_theta_9_5,max_theta_9_5,mean_theta_9_6,min_theta_9_6,max_theta_9_6,mean_theta_10_5,min_theta_10_5,max_theta_10_5,mean_theta_10_6,min_theta_10_6,max_theta_10_6,mean_theta_11_5,min_theta_11_5,max_theta_11_5,mean_theta_11_6,min_theta_11_6,max_theta_11_6
WellE03_Seq0034/xy25,0,2319.7247843506725,766.8924318964166,0.46529919827,0.49830046184,0.3305963005051403,35.74676735034933,0.46321485295702824,30.5226945309,1.39230743944,0.806186021502,-0.286538443417,337.148266093,0.4750988046058565,0.227864342923,388.115753971,-0.19616737168503917,-0.4109303050372115,-0.9929713920779828,-1.3906726465160464,-0.2508989397784638,-1.044431336634662,-0.8980486860898993,-0.292507047472347,-0.8521175239431655,-0.9973851916259058,16.7219471898,17.6609664397,18.6399926959,18.8841222453,19.3698176087,20.1274111532,20.622509262,21.3903998271,21.6515129455,22.1393083028,0.9722222222222222,0.9166666666666666,0.8611111111111112,0.8472222222222222,0.8194444444444444,0.7777777777777778,0.75,0.7083333333333334,0.6944444444444444,0.6666666666666666,0.353242792658,0.345336689297,0.298760403359,0.107717320627,0.245138193358,0.0369126239901,0.176751648427,0.0380792035544,0.127422579156,-0.112241035287,0.333333333333,0.380952380952,0.47619047619,0.428571428571,0.45,0.45,0.759120630452,0.012007227643035452,2.1228328049054284,0.605804951344,0.017432404074614407,2.216965396557691,0.981171092294,0.09300474887070798,2.187229193695288,0.839092398434,0.06720898466837792,2.2629209427461614,1.0054614537,0.24987120822962722,2.1847606710846623,0.850315512039,0.20888909361041116,2.2907782366790355
