Well/XY,cell_id,total_distance,net_distance,linearity,spearmanrsq,progressivity,max_speed,min_speed,avg_speed,MSD_slope,hurst_RS,nongauss,disp_var,disp_skew,rw_linearity,rw_netdist,rw_kurtosis01,rw_kurtosis02,rw_kurtosis03,rw_kurtosis04,rw_kurtosis05,rw_kurtosis06,rw_kurtosis07,rw_kurtosis08,rw_kurtosis09,rw_kurtosis10,avg_moving_speed01,avg_moving_speed02,avg_moving_speed03,avg_moving_speed04,avg_moving_speed05,avg_moving_speed06,avg_moving_speed07,avg_moving_speed08,avg_moving_speed09,avg_moving_speed10,time_moving01,time_moving02,time_moving03,time_moving04,time_moving05,time_moving06,time_moving07,time_moving08,time_moving09,time_moving10,autocorr_1,autocorr_2,autocorr_3,autocorr_4,autocorr_5,autocorr_6,autocorr_7,autocorr_8,autocorr_9,autocorr_10,p_rturn_9_5,p_rturn_9_6,p_rturn_10_5,p_rturn_10_6,p_rturn_11_5,p_rturn_11_6,mean_theta_9_5,min_theta_9_5,max_theta_9_5,mean_theta_9_6,min_theta_9_6,max_theta_9_6,mean_theta_10_5,min_theta_10_5,max_theta_10_5,mean_theta_10_6,min_theta_10_6,max_theta_10_6,mean_theta_11_5,min_theta_11_5,max_theta_11_5,mean_theta_11_6,min_theta_11_6,max_theta_11_6
WellE03_Seq0034/xy17,0,2009.10644228466,570.6214006677282,0.28369627838,0.412961155033,0.2840175058215655,29.417551495663275,1.7424132690036611,26.4356110827,1.49222395884,0.778069981518,-0.252611636339,199.912598699,1.0894722720043055,0.0453737557943,242.564094499,1.4391443347389172,0.023544122920319932,-0.02480631888456708,1.104237155945171,-1.0657083527559663,-0.8940604525421025,-0.48483798708287473,-1.001320721711625,-0.8992243257019674,-1.4676208891039073,21.0047917341,21.0047917341,21.0047917341,21.0047917341,21.4706670952,21.7047097792,21.7047097792,21.7047097792,22.2997961189,22.6935262761,1.0,1.0,1.0,1.0,0.9722222222222222,0.9583333333333334,0.9583333333333334,0.9583333333333334,0.9166666666666666,0.8888888888888888,0.279851547369,0.0243282625157,0.171001329344,0.302365025449,0.236483536429,0.154980894809,0.175307252674,0.218105861896,0.156923959152,0.0426313967865,0.285714285714,0.333333333333,0.428571428571,0.47619047619,0.45,0.5,0.695159458162,0.08072869875231863,2.945675958490092,0.592214810195,0.09805838839787462,2.9454931424922584,0.810521091748,0.01129488399470991,2.8604179352409336,0.716954146426,0.019379299355831315,2.8658488891430394,0.823311007653,0.01858965184754896,2.7474837203517724,0.721841112667,0.10466764956829185,2.747300904353939
