Well/XY,cell_id,total_distance,net_distance,linearity,spearmanrsq,progressivity,max_speed,min_speed,avg_speed,MSD_slope,hurst_RS,nongauss,disp_var,disp_skew,rw_linearity,rw_netdist,rw_kurtosis01,rw_kurtosis02,rw_kurtosis03,rw_kurtosis04,rw_kurtosis05,rw_kurtosis06,rw_kurtosis07,rw_kurtosis08,rw_kurtosis09,rw_kurtosis10,avg_moving_speed01,avg_moving_speed02,avg_moving_speed03,avg_moving_speed04,avg_moving_speed05,avg_moving_speed06,avg_moving_speed07,avg_moving_speed08,avg_moving_speed09,avg_moving_speed10,time_moving01,time_moving02,time_moving03,time_moving04,time_moving05,time_moving06,time_moving07,time_moving08,time_moving09,time_moving10,autocorr_1,autocorr_2,autocorr_3,autocorr_4,autocorr_5,autocorr_6,autocorr_7,autocorr_8,autocorr_9,autocorr_10,p_rturn_9_5,p_rturn_9_6,p_rturn_10_5,p_rturn_10_6,p_rturn_11_5,p_rturn_11_6,mean_theta_9_5,min_theta_9_5,max_theta_9_5,mean_theta_9_6,min_theta_9_6,max_theta_9_6,mean_theta_10_5,min_theta_10_5,max_theta_10_5,mean_theta_10_6,min_theta_10_6,max_theta_10_6,mean_theta_11_5,min_theta_11_5,max_theta_11_5,mean_theta_11_6,min_theta_11_6,max_theta_11_6
WellB09_Seq0007/xy09,0,2285.6296870764872,217.5730114237517,0.00292128857367,0.0199112739906,0.09519171572453887,48.62614132336639,3.111706927073954,30.4750624944,1.22921256696,0.650165478326,1.18446649214,627.721137317,2.899725404740213,-0.227696883979,-158.148792539,12.636690361327732,7.005929555960751,-0.3991337830367967,1.504364195945402,-1.2311124186627163,-1.4440667081491176,-1.0506120495346138,-0.41315681938989846,-1.247415890076858,-0.4402055692101956,21.1832850542,21.1832850542,21.1832850542,21.4291765118,21.4291765118,21.6557177615,21.8800010877,22.0886609717,22.7296968475,23.3707047608,1.0,1.0,1.0,0.9859154929577465,0.9859154929577465,0.971830985915493,0.9577464788732394,0.9436619718309859,0.9014084507042254,0.8591549295774648,0.21144636799,0.0844316286,-0.105546648606,0.150675904451,0.176505550214,-0.0488946772868,0.0598973446793,-0.0230753083689,-0.0139900437519,-0.0605386626046,0.666666666667,0.666666666667,0.6,0.6,0.55,0.6,0.960512700878,0.11872301685399067,2.5927737251789726,1.00237618033,0.16590160411824031,2.593785147178429,0.769513814223,0.041529759315738685,2.0029405853422886,0.810427871118,0.040518337316281135,2.1119894674351096,0.936309423897,0.04862597453487249,2.6850614841640086,0.972618942228,0.09580456179911642,2.6860729061634654
