Well/XY,cell_id,total_distance,net_distance,linearity,spearmanrsq,progressivity,max_speed,min_speed,avg_speed,MSD_slope,hurst_RS,nongauss,disp_var,disp_skew,rw_linearity,rw_netdist,rw_kurtosis01,rw_kurtosis02,rw_kurtosis03,rw_kurtosis04,rw_kurtosis05,rw_kurtosis06,rw_kurtosis07,rw_kurtosis08,rw_kurtosis09,rw_kurtosis10,avg_moving_speed01,avg_moving_speed02,avg_moving_speed03,avg_moving_speed04,avg_moving_speed05,avg_moving_speed06,avg_moving_speed07,avg_moving_speed08,avg_moving_speed09,avg_moving_speed10,time_moving01,time_moving02,time_moving03,time_moving04,time_moving05,time_moving06,time_moving07,time_moving08,time_moving09,time_moving10,autocorr_1,autocorr_2,autocorr_3,autocorr_4,autocorr_5,autocorr_6,autocorr_7,autocorr_8,autocorr_9,autocorr_10,p_rturn_9_5,p_rturn_9_6,p_rturn_10_5,p_rturn_10_6,p_rturn_11_5,p_rturn_11_6,mean_theta_9_5,min_theta_9_5,max_theta_9_5,mean_theta_9_6,min_theta_9_6,max_theta_9_6,mean_theta_10_5,min_theta_10_5,max_theta_10_5,mean_theta_10_6,min_theta_10_6,max_theta_10_6,mean_theta_11_5,min_theta_11_5,max_theta_11_5,mean_theta_11_6,min_theta_11_6,max_theta_11_6
WellB09_Seq0007/xy17,0,1872.7366068351744,191.26267696547595,0.292932711406,0.200535587528,0.10213004662129169,46.86968013545642,1.7182549286994848,24.9698214245,0.896962773279,0.791919221885,0.245432922075,415.963699586,1.4918666911516918,0.0554023110549,-116.585956716,2.0180857984237868,4.523274881735698,-0.0009362451046963649,2.0488989141700316,-0.6014700700569486,-1.4450562599480088,-0.3542582857211962,-0.08336141310390133,-0.7418907724014447,-1.055237798029796,14.8228682629,15.0102020545,15.5613176772,15.7488210543,16.2817883539,16.4545621743,17.1505588927,18.2482735576,18.6330055972,19.424558066,1.0,0.9859154929577465,0.9436619718309859,0.9295774647887324,0.8873239436619719,0.8732394366197183,0.8169014084507042,0.7323943661971831,0.704225352112676,0.647887323943662,0.517385848583,0.34256315981,0.324655354178,0.167515920134,0.0560260929848,0.157459106793,0.161062963325,0.0627062117162,-0.0716282908028,-0.0806867208018,0.55,0.6,0.5,0.5,0.45,0.45,0.627126080855,0.042221407979942865,1.7750427332709886,0.606918846893,0.008903699657481532,1.83580604063718,0.759183665405,0.030149266815940094,2.34386710380837,0.744720850442,0.05731346957889398,2.3767237937077605,0.764443299304,0.07302135634698312,2.108405493073736,0.728382022825,0.00394636568644104,2.1412621829731266
