Well/XY,cell_id,total_distance,net_distance,linearity,spearmanrsq,progressivity,max_speed,min_speed,avg_speed,MSD_slope,hurst_RS,nongauss,disp_var,disp_skew,rw_linearity,rw_netdist,rw_kurtosis01,rw_kurtosis02,rw_kurtosis03,rw_kurtosis04,rw_kurtosis05,rw_kurtosis06,rw_kurtosis07,rw_kurtosis08,rw_kurtosis09,rw_kurtosis10,avg_moving_speed01,avg_moving_speed02,avg_moving_speed03,avg_moving_speed04,avg_moving_speed05,avg_moving_speed06,avg_moving_speed07,avg_moving_speed08,avg_moving_speed09,avg_moving_speed10,time_moving01,time_moving02,time_moving03,time_moving04,time_moving05,time_moving06,time_moving07,time_moving08,time_moving09,time_moving10,autocorr_1,autocorr_2,autocorr_3,autocorr_4,autocorr_5,autocorr_6,autocorr_7,autocorr_8,autocorr_9,autocorr_10,p_rturn_9_5,p_rturn_9_6,p_rturn_10_5,p_rturn_10_6,p_rturn_11_5,p_rturn_11_6,mean_theta_9_5,min_theta_9_5,max_theta_9_5,mean_theta_9_6,min_theta_9_6,max_theta_9_6,mean_theta_10_5,min_theta_10_5,max_theta_10_5,mean_theta_10_6,min_theta_10_6,max_theta_10_6,mean_theta_11_5,min_theta_11_5,max_theta_11_5,mean_theta_11_6,min_theta_11_6,max_theta_11_6
WellB09_Seq0007/xy10,0,470.58990267888447,79.29136238582358,0.00140912444969,0.000228192744765,0.16849354806477748,8.922796879902629,0.4037078151336738,6.27453203572,1.1825414454,0.781458569282,-0.19021836074,17.1763640385,0.7508986738402811,-0.228781688809,1.9337360997,-0.3118152835088419,1.6600297126639916,3.5305064629722285,-0.7842323708809245,0.33290010821015814,-0.08597081112412353,-1.200651518339205,-1.0346954372663877,-1.218728205422749,-1.3462657877247541,3.38495502858,4.05204130277,4.9007106969,5.66761948941,6.42404107136,7.29451637107,7.93224373823,10.0375954172,10.0375954172,10.0375954172,1.0,0.7464788732394366,0.4788732394366197,0.30985915492957744,0.19718309859154928,0.09859154929577464,0.056338028169014086,0.014084507042253521,0.014084507042253521,0.014084507042253521,0.313958703733,0.116767724745,0.207966958652,0.0430598415454,0.0882884208261,-0.00514488583933,0.0836855345015,0.168651125919,0.0252646227228,-0.0202211076978,0.47619047619,0.47619047619,0.55,0.5,0.4,0.4,0.967592270068,0.09762952429988854,2.5720687261467874,0.985022911442,0.0022993408953526995,2.4602449408740488,1.0105612153,0.011447585036596753,2.491313359237827,1.01284209695,0.019724499735818093,2.3920919184213334,1.02207692269,0.16209384510946526,2.474810591776286,0.996630169234,0.15866777615441177,2.362986806503547
