Well/XY,cell_id,total_distance,net_distance,linearity,spearmanrsq,progressivity,max_speed,min_speed,avg_speed,MSD_slope,hurst_RS,nongauss,disp_var,disp_skew,rw_linearity,rw_netdist,rw_kurtosis01,rw_kurtosis02,rw_kurtosis03,rw_kurtosis04,rw_kurtosis05,rw_kurtosis06,rw_kurtosis07,rw_kurtosis08,rw_kurtosis09,rw_kurtosis10,avg_moving_speed01,avg_moving_speed02,avg_moving_speed03,avg_moving_speed04,avg_moving_speed05,avg_moving_speed06,avg_moving_speed07,avg_moving_speed08,avg_moving_speed09,avg_moving_speed10,time_moving01,time_moving02,time_moving03,time_moving04,time_moving05,time_moving06,time_moving07,time_moving08,time_moving09,time_moving10,autocorr_1,autocorr_2,autocorr_3,autocorr_4,autocorr_5,autocorr_6,autocorr_7,autocorr_8,autocorr_9,autocorr_10,p_rturn_9_5,p_rturn_9_6,p_rturn_10_5,p_rturn_10_6,p_rturn_11_5,p_rturn_11_6,mean_theta_9_5,min_theta_9_5,max_theta_9_5,mean_theta_9_6,min_theta_9_6,max_theta_9_6,mean_theta_10_5,min_theta_10_5,max_theta_10_5,mean_theta_10_6,min_theta_10_6,max_theta_10_6,mean_theta_11_5,min_theta_11_5,max_theta_11_5,mean_theta_11_6,min_theta_11_6,max_theta_11_6
WellB09_Seq0007/xy15,0,1239.165738571813,882.6738344938067,0.0478894255834,0.010220064409,0.7123129755920485,20.010447271363017,1.7925222453292076,16.5222098476,1.93609265952,0.706243763704,-0.356750433989,60.711452229,0.8632072161075324,-0.197141554762,678.974351004,0.8506635754658856,-0.3988464493191368,-0.7165782263778868,0.1837186949875993,-1.135016536496171,0.36348557413194404,0.22100818710156922,1.2240338959744017,0.9215097815681443,0.08144137026219145,15.74460553,15.74460553,15.9328770357,16.1129812089,16.1129812089,16.1129812089,16.2611007766,16.392191817,16.5088413626,16.5088413626,1.0,1.0,0.9859154929577465,0.971830985915493,0.971830985915493,0.971830985915493,0.9577464788732394,0.9436619718309859,0.9295774647887324,0.9295774647887324,0.308966973817,0.193860045389,0.0378614419342,-0.0124606189404,-0.118001030957,-0.104340806966,-0.0814114070726,-0.140051395475,-0.0697915037173,0.0981374429852,0.190476190476,0.0952380952381,0.15,0.1,0.2,0.1,0.193043389152,0.007507279678716038,0.836394486312005,0.189670689222,0.00604998467712233,0.8554219189772584,0.169688796462,0.014588740600638698,0.5554766427289556,0.168531900703,0.019115620676414,0.4835663680776084,0.179345942182,0.005608555685945535,0.5541605256589642,0.179777000321,0.03090100564034118,0.48225025100761737
