Well/XY,cell_id,total_distance,net_distance,linearity,spearmanrsq,progressivity,max_speed,min_speed,avg_speed,MSD_slope,hurst_RS,nongauss,disp_var,disp_skew,rw_linearity,rw_netdist,rw_kurtosis01,rw_kurtosis02,rw_kurtosis03,rw_kurtosis04,rw_kurtosis05,rw_kurtosis06,rw_kurtosis07,rw_kurtosis08,rw_kurtosis09,rw_kurtosis10,avg_moving_speed01,avg_moving_speed02,avg_moving_speed03,avg_moving_speed04,avg_moving_speed05,avg_moving_speed06,avg_moving_speed07,avg_moving_speed08,avg_moving_speed09,avg_moving_speed10,time_moving01,time_moving02,time_moving03,time_moving04,time_moving05,time_moving06,time_moving07,time_moving08,time_moving09,time_moving10,autocorr_1,autocorr_2,autocorr_3,autocorr_4,autocorr_5,autocorr_6,autocorr_7,autocorr_8,autocorr_9,autocorr_10,p_rturn_9_5,p_rturn_9_6,p_rturn_10_5,p_rturn_10_6,p_rturn_11_5,p_rturn_11_6,mean_theta_9_5,min_theta_9_5,max_theta_9_5,mean_theta_9_6,min_theta_9_6,max_theta_9_6,mean_theta_10_5,min_theta_10_5,max_theta_10_5,mean_theta_10_6,min_theta_10_6,max_theta_10_6,mean_theta_11_5,min_theta_11_5,max_theta_11_5,mean_theta_11_6,min_theta_11_6,max_theta_11_6
WellB09_Seq0007/xy16,0,2612.9608302624283,305.46151459717476,0.350444653347,0.350294002577,0.11690244685623406,40.17323487099341,2.8798673580566168,34.8394777368,0.724676123622,0.598975869378,0.0963661617857,903.468640362,1.0089917273503817,0.083173952204,-124.068414237,0.4608074305829515,0.38233808000305647,-0.6619276309872859,-0.12602850574792468,-0.596160918770559,-0.4931150290292181,-0.5624699083247982,-1.256202741561744,-1.032052169015327,-1.4857461721576313,15.9886856841,16.1981816254,16.4034656771,16.5874389301,17.33865861,18.1535415763,19.7147331871,20.4384023362,21.2003641663,22.0025788407,1.0,0.9859154929577465,0.971830985915493,0.9577464788732394,0.9014084507042254,0.8450704225352113,0.7464788732394366,0.704225352112676,0.6619718309859155,0.6197183098591549,0.202395255234,0.120878371053,0.10911908881,-0.232943998115,-0.157503266695,-0.340544443623,-0.174928803572,0.0299187570945,-0.00593434961278,-0.031031611366,0.571428571429,0.571428571429,0.55,0.5,0.45,0.45,0.572450904999,0.08942500916494632,2.2888273470760527,0.578779407593,0.07931448360086946,2.363927156702787,0.631656710848,0.08364866557299853,2.2955486826774103,0.630020107272,0.06861451409538467,2.337935132424903,0.772088819426,0.04473788860113847,2.3888389307948703,0.77465697248,0.0624526229369383,2.430886497099691
