Well/XY,cell_id,total_distance,net_distance,linearity,spearmanrsq,progressivity,max_speed,min_speed,avg_speed,MSD_slope,hurst_RS,nongauss,disp_var,disp_skew,rw_linearity,rw_netdist,rw_kurtosis01,rw_kurtosis02,rw_kurtosis03,rw_kurtosis04,rw_kurtosis05,rw_kurtosis06,rw_kurtosis07,rw_kurtosis08,rw_kurtosis09,rw_kurtosis10,avg_moving_speed01,avg_moving_speed02,avg_moving_speed03,avg_moving_speed04,avg_moving_speed05,avg_moving_speed06,avg_moving_speed07,avg_moving_speed08,avg_moving_speed09,avg_moving_speed10,time_moving01,time_moving02,time_moving03,time_moving04,time_moving05,time_moving06,time_moving07,time_moving08,time_moving09,time_moving10,autocorr_1,autocorr_2,autocorr_3,autocorr_4,autocorr_5,autocorr_6,autocorr_7,autocorr_8,autocorr_9,autocorr_10,p_rturn_9_5,p_rturn_9_6,p_rturn_10_5,p_rturn_10_6,p_rturn_11_5,p_rturn_11_6,mean_theta_9_5,min_theta_9_5,max_theta_9_5,mean_theta_9_6,min_theta_9_6,max_theta_9_6,mean_theta_10_5,min_theta_10_5,max_theta_10_5,mean_theta_10_6,min_theta_10_6,max_theta_10_6,mean_theta_11_5,min_theta_11_5,max_theta_11_5,mean_theta_11_6,min_theta_11_6,max_theta_11_6
WellC05_Seq0014/xy19,0,376.407640002382,13.614584092068238,0.0412081468895,0.0465075634253,0.036169786808743,2.8600699292150207,0.048826222462940695,4.95273210529,0.141335858416,0.519178627743,-0.119175609638,10.5176497193,0.9844804005984117,-0.185331473519,-47.8472049907,1.2185441044323886,-0.8685185096882067,-0.764116605918352,-0.31294944392205615,-1.5402861490183946,-1.3026716306452728,2.028410177829973,-0.732006846280894,-1.0549547796699377,-1.2646290345039672,1.55471572136,2.25944647932,0.0,0.0,0.0,0.0,0.0,0.0,0.0,0.0,0.5277777777777778,0.09722222222222222,0.0,0.0,0.0,0.0,0.0,0.0,0.0,0.0,0.216865238241,-0.350545606918,-0.194837380795,0.000371122687677,-0.13971663808,0.0127373875165,0.147413337981,-0.0722177390964,-0.122386101281,0.0745736174176,0.35,0.4,0.736842105263,0.684210526316,0.5,0.5,0.704625352525,0.002389053395230902,1.998216907930807,0.867993382859,0.0517726287657577,1.9525110835655028,0.80072801027,0.013856172091517353,2.39169105216932,0.816585118095,0.018229961762867317,2.2742874444746324,0.922190287128,0.08508744998770545,2.3746247520486405,0.971767089791,0.013646709604796055,2.2837557319705333
