Well/XY,cell_id,total_distance,net_distance,linearity,spearmanrsq,progressivity,max_speed,min_speed,avg_speed,MSD_slope,hurst_RS,nongauss,disp_var,disp_skew,rw_linearity,rw_netdist,rw_kurtosis01,rw_kurtosis02,rw_kurtosis03,rw_kurtosis04,rw_kurtosis05,rw_kurtosis06,rw_kurtosis07,rw_kurtosis08,rw_kurtosis09,rw_kurtosis10,avg_moving_speed01,avg_moving_speed02,avg_moving_speed03,avg_moving_speed04,avg_moving_speed05,avg_moving_speed06,avg_moving_speed07,avg_moving_speed08,avg_moving_speed09,avg_moving_speed10,time_moving01,time_moving02,time_moving03,time_moving04,time_moving05,time_moving06,time_moving07,time_moving08,time_moving09,time_moving10,autocorr_1,autocorr_2,autocorr_3,autocorr_4,autocorr_5,autocorr_6,autocorr_7,autocorr_8,autocorr_9,autocorr_10,p_rturn_9_5,p_rturn_9_6,p_rturn_10_5,p_rturn_10_6,p_rturn_11_5,p_rturn_11_6,mean_theta_9_5,min_theta_9_5,max_theta_9_5,mean_theta_9_6,min_theta_9_6,max_theta_9_6,mean_theta_10_5,min_theta_10_5,max_theta_10_5,mean_theta_10_6,min_theta_10_6,max_theta_10_6,mean_theta_11_5,min_theta_11_5,max_theta_11_5,mean_theta_11_6,min_theta_11_6,max_theta_11_6
WellC05_Seq0014/xy21,0,308.7800242769968,5.6080299571239305,0.00958366807272,0.00927532235112,0.018161893633679954,2.1305736316776196,0.055713553108744575,4.06289505628,0.100882550519,0.783128948457,-0.225009700291,6.83501136363,0.5815759559920886,-0.248973094376,-44.8111717492,0.2856872772317751,-0.7401003684753213,-0.6125865099089447,-1.0380263387682538,-0.7443992731846789,-1.0784758379693378,-0.02210919128491229,-1.5312400811112072,-1.301520293378026,0.9800377426911102,1.29969049369,0.0,0.0,0.0,0.0,0.0,0.0,0.0,0.0,0.0,0.5416666666666666,0.0,0.0,0.0,0.0,0.0,0.0,0.0,0.0,0.0,0.253319057277,0.0376611698518,0.0472849556911,0.0484710617799,0.181663696324,0.179912640203,0.173490527026,0.0701401761584,-0.189903453377,-0.00636668789514,0.428571428571,0.428571428571,0.571428571429,0.571428571429,0.35,0.35,0.687405566391,0.011365490137673302,1.3400682728165239,0.663418431701,0.03197755687300093,1.278697907668131,0.704931030318,0.024872310243613648,1.3825134684725715,0.718556626518,0.19890712883588976,1.439974560725067,0.767219741717,0.06423820838001755,1.6688499648824522,0.733552669978,0.08573949136531468,1.5713839169439177
