Well/XY,cell_id,total_distance,net_distance,linearity,spearmanrsq,progressivity,max_speed,min_speed,avg_speed,MSD_slope,hurst_RS,nongauss,disp_var,disp_skew,rw_linearity,rw_netdist,rw_kurtosis01,rw_kurtosis02,rw_kurtosis03,rw_kurtosis04,rw_kurtosis05,rw_kurtosis06,rw_kurtosis07,rw_kurtosis08,rw_kurtosis09,rw_kurtosis10,avg_moving_speed01,avg_moving_speed02,avg_moving_speed03,avg_moving_speed04,avg_moving_speed05,avg_moving_speed06,avg_moving_speed07,avg_moving_speed08,avg_moving_speed09,avg_moving_speed10,time_moving01,time_moving02,time_moving03,time_moving04,time_moving05,time_moving06,time_moving07,time_moving08,time_moving09,time_moving10,autocorr_1,autocorr_2,autocorr_3,autocorr_4,autocorr_5,autocorr_6,autocorr_7,autocorr_8,autocorr_9,autocorr_10,p_rturn_9_5,p_rturn_9_6,p_rturn_10_5,p_rturn_10_6,p_rturn_11_5,p_rturn_11_6,mean_theta_9_5,min_theta_9_5,max_theta_9_5,mean_theta_9_6,min_theta_9_6,max_theta_9_6,mean_theta_10_5,min_theta_10_5,max_theta_10_5,mean_theta_10_6,min_theta_10_6,max_theta_10_6,mean_theta_11_5,min_theta_11_5,max_theta_11_5,mean_theta_11_6,min_theta_11_6,max_theta_11_6
WellC05_Seq0014/xy16,0,3001.1472848537846,1369.5065559740851,0.294901586538,0.417127577717,0.45632767271560526,58.9231100672733,1.680977096810064,39.4887800639,1.40537027761,0.665475590596,-0.278771704702,496.651659207,0.7395463659701846,0.0649146491558,879.463682703,0.00827009683139801,0.2546774707079744,-0.14072563483230827,0.0991462761804196,-0.2341843378891193,-0.1340156181118779,-0.7535676836987286,-0.08546085319634233,0.285332506075914,-0.8163436010414782,29.2531514092,29.6443435028,29.6443435028,30.0232927058,30.0232927058,30.3800720826,30.7331741039,31.0732489858,31.4198929131,31.7603324064,1.0,0.9861111111111112,0.9861111111111112,0.9722222222222222,0.9722222222222222,0.9583333333333334,0.9444444444444444,0.9305555555555556,0.9166666666666666,0.9027777777777778,0.320301769533,0.00427594907398,-0.174792482744,0.0368346615806,0.0739666974699,-0.180599831632,-0.245390623085,-0.0827756178753,0.0334879252353,0.0233562986673,0.428571428571,0.380952380952,0.47619047619,0.52380952381,0.45,0.35,0.763291364851,0.023118799113206592,1.810788400333258,0.755544123922,0.007283830317951295,1.8908498790601707,0.906901278766,0.0014065763903538958,2.340302228939142,0.910191078134,0.003751471114964209,2.4742333383167785,0.939258173347,0.05305622207327468,2.2808509851884704,0.891305109818,0.04121751819638052,2.314903882353889
