Well/XY,cell_id,total_distance,net_distance,linearity,spearmanrsq,progressivity,max_speed,min_speed,avg_speed,MSD_slope,hurst_RS,nongauss,disp_var,disp_skew,rw_linearity,rw_netdist,rw_kurtosis01,rw_kurtosis02,rw_kurtosis03,rw_kurtosis04,rw_kurtosis05,rw_kurtosis06,rw_kurtosis07,rw_kurtosis08,rw_kurtosis09,rw_kurtosis10,avg_moving_speed01,avg_moving_speed02,avg_moving_speed03,avg_moving_speed04,avg_moving_speed05,avg_moving_speed06,avg_moving_speed07,avg_moving_speed08,avg_moving_speed09,avg_moving_speed10,time_moving01,time_moving02,time_moving03,time_moving04,time_moving05,time_moving06,time_moving07,time_moving08,time_moving09,time_moving10,autocorr_1,autocorr_2,autocorr_3,autocorr_4,autocorr_5,autocorr_6,autocorr_7,autocorr_8,autocorr_9,autocorr_10,p_rturn_9_5,p_rturn_9_6,p_rturn_10_5,p_rturn_10_6,p_rturn_11_5,p_rturn_11_6,mean_theta_9_5,min_theta_9_5,max_theta_9_5,mean_theta_9_6,min_theta_9_6,max_theta_9_6,mean_theta_10_5,min_theta_10_5,max_theta_10_5,mean_theta_10_6,min_theta_10_6,max_theta_10_6,mean_theta_11_5,min_theta_11_5,max_theta_11_5,mean_theta_11_6,min_theta_11_6,max_theta_11_6
WellD02_Seq0018/xy15,0,1045.9709990863573,122.14921039450073,0.618587602119,0.314342468591,0.11678068560332604,34.548468909634764,0.28131121556028515,13.7627763038,1.12172013724,0.776728868946,2.30927425855,182.579734311,3.4019367372140503,0.387750860043,-48.642351998,15.846425472228297,6.2613475529475835,10.51725747356273,9.48049705726358,2.6512175468734336,4.4605081657972026,4.012870930999051,2.3047778639464758,1.928134322004242,1.3528331535790228,6.05621133081,7.78655542591,9.05981470523,11.4390963057,13.7436838975,14.8115326905,15.9707403983,18.3395926979,19.3659463956,20.4856730227,0.8055555555555556,0.5833333333333334,0.4722222222222222,0.3333333333333333,0.25,0.2222222222222222,0.19444444444444445,0.1527777777777778,0.1388888888888889,0.125,0.388154509777,0.251743900806,0.29232521207,0.247911894331,0.128329446577,0.0879057906405,0.129327092796,0.0679855387598,0.0196620207759,-0.138448097784,0.52380952381,0.428571428571,0.380952380952,0.380952380952,0.3,0.35,0.675258521955,0.007621996702381312,1.9931456949768238,0.662512754774,0.07906984022431304,1.576830336618226,0.784077578904,0.011100717501041543,2.1882959454705952,0.793910209937,0.01332442585264612,2.0773786545497885,0.719069521627,0.01634173990444818,2.0508270892757343,0.729516741113,0.016116323363787485,1.8880257108054914
