Well/XY,cell_id,total_distance,net_distance,linearity,spearmanrsq,progressivity,max_speed,min_speed,avg_speed,MSD_slope,hurst_RS,nongauss,disp_var,disp_skew,rw_linearity,rw_netdist,rw_kurtosis01,rw_kurtosis02,rw_kurtosis03,rw_kurtosis04,rw_kurtosis05,rw_kurtosis06,rw_kurtosis07,rw_kurtosis08,rw_kurtosis09,rw_kurtosis10,avg_moving_speed01,avg_moving_speed02,avg_moving_speed03,avg_moving_speed04,avg_moving_speed05,avg_moving_speed06,avg_moving_speed07,avg_moving_speed08,avg_moving_speed09,avg_moving_speed10,time_moving01,time_moving02,time_moving03,time_moving04,time_moving05,time_moving06,time_moving07,time_moving08,time_moving09,time_moving10,autocorr_1,autocorr_2,autocorr_3,autocorr_4,autocorr_5,autocorr_6,autocorr_7,autocorr_8,autocorr_9,autocorr_10,p_rturn_9_5,p_rturn_9_6,p_rturn_10_5,p_rturn_10_6,p_rturn_11_5,p_rturn_11_6,mean_theta_9_5,min_theta_9_5,max_theta_9_5,mean_theta_9_6,min_theta_9_6,max_theta_9_6,mean_theta_10_5,min_theta_10_5,max_theta_10_5,mean_theta_10_6,min_theta_10_6,max_theta_10_6,mean_theta_11_5,min_theta_11_5,max_theta_11_5,mean_theta_11_6,min_theta_11_6,max_theta_11_6
WellD02_Seq0018/xy08,0,675.1223737973659,19.994561760638906,0.0757256992153,0.000256767832968,0.02961620372344549,14.028315508285402,0.4210700654285275,8.88318912891,0.300986154668,0.545333962292,0.643064388448,57.3694586323,1.9574174258474994,-0.145233361205,-90.2429162648,5.865051110928809,5.073591393642406,-0.639742357362421,2.558244910162135,1.810343553665894,3.456297212062755,3.034609335656498,1.396792450047049,2.380040661598162,0.508810796229648,3.91035142049,4.68160721522,5.31307251883,6.91558324591,7.91545301406,8.93874460456,9.76678551688,12.0339413424,13.3369858932,13.3369858932,0.9722222222222222,0.7361111111111112,0.5694444444444444,0.3055555555555556,0.2222222222222222,0.1527777777777778,0.1111111111111111,0.05555555555555555,0.041666666666666664,0.041666666666666664,-0.0365037929247,-0.127186537425,0.0749302315527,-0.0160848893324,0.218185458931,0.0650543607688,-0.145694553782,-0.119210851985,-0.0584150720283,0.0494209371218,0.380952380952,0.428571428571,0.333333333333,0.333333333333,0.35,0.35,0.863897996275,0.07103609652509468,1.5784365210683038,0.791965632341,0.11640032389560942,1.4970233015029786,0.949389506057,0.0007151440271739796,1.9306291613955466,0.872413067595,0.03849276312546572,1.64139758728421,0.8642838806,0.014993671474842202,1.667214098038325,0.778618996036,0.01788705737470066,1.623281852097017
