Well/XY,cell_id,total_distance,net_distance,linearity,spearmanrsq,progressivity,max_speed,min_speed,avg_speed,MSD_slope,hurst_RS,nongauss,disp_var,disp_skew,rw_linearity,rw_netdist,rw_kurtosis01,rw_kurtosis02,rw_kurtosis03,rw_kurtosis04,rw_kurtosis05,rw_kurtosis06,rw_kurtosis07,rw_kurtosis08,rw_kurtosis09,rw_kurtosis10,avg_moving_speed01,avg_moving_speed02,avg_moving_speed03,avg_moving_speed04,avg_moving_speed05,avg_moving_speed06,avg_moving_speed07,avg_moving_speed08,avg_moving_speed09,avg_moving_speed10,time_moving01,time_moving02,time_moving03,time_moving04,time_moving05,time_moving06,time_moving07,time_moving08,time_moving09,time_moving10,autocorr_1,autocorr_2,autocorr_3,autocorr_4,autocorr_5,autocorr_6,autocorr_7,autocorr_8,autocorr_9,autocorr_10,p_rturn_9_5,p_rturn_9_6,p_rturn_10_5,p_rturn_10_6,p_rturn_11_5,p_rturn_11_6,mean_theta_9_5,min_theta_9_5,max_theta_9_5,mean_theta_9_6,min_theta_9_6,max_theta_9_6,mean_theta_10_5,min_theta_10_5,max_theta_10_5,mean_theta_10_6,min_theta_10_6,max_theta_10_6,mean_theta_11_5,min_theta_11_5,max_theta_11_5,mean_theta_11_6,min_theta_11_6,max_theta_11_6
WellD02_Seq0018/xy13,0,1358.321794660665,943.2522633951112,0.804493327505,0.962875182828,0.6944247431668088,36.83488156625458,0.28999999999999343,17.8726551929,1.43895832628,0.868951851457,0.0978622312664,184.207767303,1.2605975869342017,0.553309599987,721.458445264,1.213493843839335,0.48089338404653104,0.4830185360545993,0.4947729332957227,0.36582785070104995,0.8711876039351818,-0.18368000932923767,0.69692673251126,1.5677131372919586,1.4576091877646746,14.1960434072,14.5746239006,14.9302369268,15.8652355763,16.6435139459,17.2579886212,17.8707055569,18.5315184033,20.503790472,21.3815267447,0.9861111111111112,0.9583333333333334,0.9305555555555556,0.8611111111111112,0.8055555555555556,0.7638888888888888,0.7222222222222222,0.6805555555555556,0.5694444444444444,0.5277777777777778,0.609985382588,0.464702062182,0.42112485398,0.339070973153,0.324208779131,0.279244370017,0.149864263581,0.0354842279358,0.052259549163,-0.0327783943689,0.52380952381,0.47619047619,0.47619047619,0.47619047619,0.5,0.55,0.48992219305,0.011888054522851976,2.4550090737028274,0.447263305706,0.03249762093594234,2.305185180386161,0.4088429594,0.0011302127833091656,1.430150168668139,0.345074202115,0.016513769015591324,1.105279103672425,0.46160522546,0.011968328557139496,2.058248375162454,0.375890132078,0.0012574832580025612,1.2985405575381765
