Well/XY,cell_id,total_distance,net_distance,linearity,spearmanrsq,progressivity,max_speed,min_speed,avg_speed,MSD_slope,hurst_RS,nongauss,disp_var,disp_skew,rw_linearity,rw_netdist,rw_kurtosis01,rw_kurtosis02,rw_kurtosis03,rw_kurtosis04,rw_kurtosis05,rw_kurtosis06,rw_kurtosis07,rw_kurtosis08,rw_kurtosis09,rw_kurtosis10,avg_moving_speed01,avg_moving_speed02,avg_moving_speed03,avg_moving_speed04,avg_moving_speed05,avg_moving_speed06,avg_moving_speed07,avg_moving_speed08,avg_moving_speed09,avg_moving_speed10,time_moving01,time_moving02,time_moving03,time_moving04,time_moving05,time_moving06,time_moving07,time_moving08,time_moving09,time_moving10,autocorr_1,autocorr_2,autocorr_3,autocorr_4,autocorr_5,autocorr_6,autocorr_7,autocorr_8,autocorr_9,autocorr_10,p_rturn_9_5,p_rturn_9_6,p_rturn_10_5,p_rturn_10_6,p_rturn_11_5,p_rturn_11_6,mean_theta_9_5,min_theta_9_5,max_theta_9_5,mean_theta_9_6,min_theta_9_6,max_theta_9_6,mean_theta_10_5,min_theta_10_5,max_theta_10_5,mean_theta_10_6,min_theta_10_6,max_theta_10_6,mean_theta_11_5,min_theta_11_5,max_theta_11_5,mean_theta_11_6,min_theta_11_6,max_theta_11_6
WellD02_Seq0018/xy24,0,1277.288167685369,255.74813410854046,0.234483827461,0.178076788799,0.20022743542046043,19.21419017289044,0.11599999999997526,16.806423259,1.56209277313,0.827735606873,-0.341958574017,92.3065704318,0.3530398502124585,-0.00309828453739,47.1859063077,-0.6303159560099569,-0.4626902782732314,-1.1702978281489682,-1.0061293542679968,-1.0039272862343542,-1.196786605524019,-1.02430007810376,-1.2826104920533228,-0.9023906827549784,-1.6047018137733586,11.536860816,11.831173304,12.4450536996,13.409849672,14.485632165,14.6697022585,15.0071955274,15.5287180125,15.6817924162,15.9792137335,0.9444444444444444,0.9166666666666666,0.8611111111111112,0.7777777777777778,0.6944444444444444,0.6805555555555556,0.6527777777777778,0.6111111111111112,0.5972222222222222,0.5694444444444444,0.0717211043316,0.303502477287,0.259400075034,0.135416072588,0.253329222318,0.118766468807,0.0809996488804,-0.00782613813605,0.108291661225,0.0286045195722,0.52380952381,0.52380952381,0.52380952381,0.52380952381,0.55,0.55,0.6998202239,0.005536418968154623,2.3793670837357297,0.692717283758,0.0032908583576837613,2.4189194493187203,0.656986504472,0.12341234956868602,2.3637245538124665,0.644510431854,0.06067992809815752,2.403276919395457,0.815763929073,0.06136110930834645,2.6764031163034137,0.805700009252,0.02705158720834698,2.713490401995187
