Well/XY,cell_id,total_distance,net_distance,linearity,spearmanrsq,progressivity,max_speed,min_speed,avg_speed,MSD_slope,hurst_RS,nongauss,disp_var,disp_skew,rw_linearity,rw_netdist,rw_kurtosis01,rw_kurtosis02,rw_kurtosis03,rw_kurtosis04,rw_kurtosis05,rw_kurtosis06,rw_kurtosis07,rw_kurtosis08,rw_kurtosis09,rw_kurtosis10,avg_moving_speed01,avg_moving_speed02,avg_moving_speed03,avg_moving_speed04,avg_moving_speed05,avg_moving_speed06,avg_moving_speed07,avg_moving_speed08,avg_moving_speed09,avg_moving_speed10,time_moving01,time_moving02,time_moving03,time_moving04,time_moving05,time_moving06,time_moving07,time_moving08,time_moving09,time_moving10,autocorr_1,autocorr_2,autocorr_3,autocorr_4,autocorr_5,autocorr_6,autocorr_7,autocorr_8,autocorr_9,autocorr_10,p_rturn_9_5,p_rturn_9_6,p_rturn_10_5,p_rturn_10_6,p_rturn_11_5,p_rturn_11_6,mean_theta_9_5,min_theta_9_5,max_theta_9_5,mean_theta_9_6,min_theta_9_6,max_theta_9_6,mean_theta_10_5,min_theta_10_5,max_theta_10_5,mean_theta_10_6,min_theta_10_6,max_theta_10_6,mean_theta_11_5,min_theta_11_5,max_theta_11_5,mean_theta_11_6,min_theta_11_6,max_theta_11_6
WellD04_Seq0002/xy10,0,1807.9263963484698,392.64582323004527,0.0747154421269,0.0731199335154,0.2171802038086757,36.56254635552618,1.7623847480048507,24.1056852846,1.37052529661,0.770972470365,2.21465154005,547.040323269,3.464694097610527,-0.156995364225,95.4509753904,15.700962106259098,-0.12210435492894156,-1.2331115981375127,-1.2561466082646702,-0.8336400821010184,1.236494026902811,-1.2015639558838387,0.1802688461500801,-1.2857535357335141,-1.1950787807576975,15.6214620768,15.6214620768,15.81245509,16.1699124918,16.8908185637,16.8908185637,17.5844962717,17.9267647135,18.2568970842,19.7229864494,1.0,1.0,0.9859154929577465,0.9577464788732394,0.9014084507042254,0.9014084507042254,0.8450704225352113,0.8169014084507042,0.7887323943661971,0.676056338028169,0.395953061578,0.430516080947,0.181911628869,0.0398098649934,0.0909749088956,-0.0948416403896,0.0806619289257,0.0182417462731,0.125456179457,0.168252830004,0.380952380952,0.380952380952,0.45,0.4,0.35,0.3,0.401481053811,0.019635131315150958,1.6018572882674462,0.390031618598,0.005077712911076629,1.7280222973739596,0.435345077648,0.01990357898558062,1.2948219020720322,0.424345677958,0.007527969405373411,1.4209869111785456,0.478703638894,0.047709681150028355,1.9080735288305262,0.473947774525,0.0026374795557565027,1.9705088820429248
