Well/XY,cell_id,total_distance,net_distance,linearity,spearmanrsq,progressivity,max_speed,min_speed,avg_speed,MSD_slope,hurst_RS,nongauss,disp_var,disp_skew,rw_linearity,rw_netdist,rw_kurtosis01,rw_kurtosis02,rw_kurtosis03,rw_kurtosis04,rw_kurtosis05,rw_kurtosis06,rw_kurtosis07,rw_kurtosis08,rw_kurtosis09,rw_kurtosis10,avg_moving_speed01,avg_moving_speed02,avg_moving_speed03,avg_moving_speed04,avg_moving_speed05,avg_moving_speed06,avg_moving_speed07,avg_moving_speed08,avg_moving_speed09,avg_moving_speed10,time_moving01,time_moving02,time_moving03,time_moving04,time_moving05,time_moving06,time_moving07,time_moving08,time_moving09,time_moving10,autocorr_1,autocorr_2,autocorr_3,autocorr_4,autocorr_5,autocorr_6,autocorr_7,autocorr_8,autocorr_9,autocorr_10,p_rturn_9_5,p_rturn_9_6,p_rturn_10_5,p_rturn_10_6,p_rturn_11_5,p_rturn_11_6,mean_theta_9_5,min_theta_9_5,max_theta_9_5,mean_theta_9_6,min_theta_9_6,max_theta_9_6,mean_theta_10_5,min_theta_10_5,max_theta_10_5,mean_theta_10_6,min_theta_10_6,max_theta_10_6,mean_theta_11_5,min_theta_11_5,max_theta_11_5,mean_theta_11_6,min_theta_11_6,max_theta_11_6
WellD04_Seq0002/xy01,0,1058.4583446798604,398.1731588141019,0.418026101658,0.416764156307,0.376182171755217,33.04421280648094,0.6918265678622053,14.1127779291,1.45417863908,0.805710583842,1.88930154134,172.46475057,3.207534149335661,0.191335282848,224.179147041,13.694815369503718,1.0452865336516428,0.11199273092433293,0.9980797819481428,-0.5677117401501057,-0.6549089307165028,-1.037245002492451,-1.2690275812367509,-0.5438618894958189,-1.5766764992007225,10.1764760744,10.574333634,10.574333634,10.9095988569,11.7897813734,12.6960276066,13.8794608962,14.9503796097,15.7638261231,16.4156450656,1.0,0.9577464788732394,0.9577464788732394,0.9154929577464789,0.8028169014084507,0.704225352112676,0.5915492957746479,0.5070422535211268,0.4507042253521127,0.4084507042253521,0.486845402276,0.45905670883,0.118776324352,0.000365331192663,-0.04339691057,-0.117525256655,-0.0261100904871,-0.0373201963903,0.0838033279626,0.0578056276804,0.47619047619,0.47619047619,0.5,0.55,0.45,0.5,0.973598810732,0.001414285655630063,2.7223853924728836,0.892153280991,0.026573782824889397,2.702194594569284,1.23742613351,0.14846135984137618,2.7799045296950657,1.15699918118,0.11420275234550525,2.7785404766323296,1.13823954682,0.18268530797329272,2.8295879113498854,1.05817625117,0.06455183208480965,2.8093971134462863
