Well/XY,cell_id,total_distance,net_distance,linearity,spearmanrsq,progressivity,max_speed,min_speed,avg_speed,MSD_slope,hurst_RS,nongauss,disp_var,disp_skew,rw_linearity,rw_netdist,rw_kurtosis01,rw_kurtosis02,rw_kurtosis03,rw_kurtosis04,rw_kurtosis05,rw_kurtosis06,rw_kurtosis07,rw_kurtosis08,rw_kurtosis09,rw_kurtosis10,avg_moving_speed01,avg_moving_speed02,avg_moving_speed03,avg_moving_speed04,avg_moving_speed05,avg_moving_speed06,avg_moving_speed07,avg_moving_speed08,avg_moving_speed09,avg_moving_speed10,time_moving01,time_moving02,time_moving03,time_moving04,time_moving05,time_moving06,time_moving07,time_moving08,time_moving09,time_moving10,autocorr_1,autocorr_2,autocorr_3,autocorr_4,autocorr_5,autocorr_6,autocorr_7,autocorr_8,autocorr_9,autocorr_10,p_rturn_9_5,p_rturn_9_6,p_rturn_10_5,p_rturn_10_6,p_rturn_11_5,p_rturn_11_6,mean_theta_9_5,min_theta_9_5,max_theta_9_5,mean_theta_9_6,min_theta_9_6,max_theta_9_6,mean_theta_10_5,min_theta_10_5,max_theta_10_5,mean_theta_10_6,min_theta_10_6,max_theta_10_6,mean_theta_11_5,min_theta_11_5,max_theta_11_5,mean_theta_11_6,min_theta_11_6,max_theta_11_6
WellD04_Seq0002/xy20,0,1432.6822693880563,138.28299172349438,0.179326663593,0.179618374962,0.09652034835508881,24.812255358995454,2.392886123491876,19.1024302585,1.20324880004,0.630532090744,1.38402231527,264.884744309,3.1157783357780557,-0.0635630321078,-97.2275854291,12.296692450043968,7.095721037079821,1.7769013324692269,0.4245325855052231,-1.1119952298151554,-0.8875590846383496,-1.1631286200441178,-1.020689041970265,0.4474215865112261,0.03199175380145691,13.2812251075,13.2812251075,13.2812251075,13.571877054,13.571877054,13.9334558309,14.4033026088,14.7436031188,15.1871710361,15.6535329991,1.0,1.0,1.0,0.971830985915493,0.971830985915493,0.9295774647887324,0.8732394366197183,0.8309859154929577,0.7746478873239436,0.7183098591549296,0.443751653546,-0.0308325414195,-0.126695297221,-0.15102941516,-0.154740947009,-0.148723926098,-0.0732915176695,0.00782986832782,-0.0308574143335,-0.0967024825675,0.571428571429,0.571428571429,0.5,0.5,0.5,0.5,0.787775283432,0.011231541544342343,1.915739395145273,0.723619700751,0.007448618448040095,1.776118677082265,0.812586603507,0.005993892936225193,1.9582443020594722,0.755180405997,0.06355162199253533,1.818623583996464,0.886222009531,0.00036475789878043636,2.1684910255231387,0.838927422403,0.054336784849350006,2.3487073178782714
