Well/XY,cell_id,total_distance,net_distance,linearity,spearmanrsq,progressivity,max_speed,min_speed,avg_speed,MSD_slope,hurst_RS,nongauss,disp_var,disp_skew,rw_linearity,rw_netdist,rw_kurtosis01,rw_kurtosis02,rw_kurtosis03,rw_kurtosis04,rw_kurtosis05,rw_kurtosis06,rw_kurtosis07,rw_kurtosis08,rw_kurtosis09,rw_kurtosis10,avg_moving_speed01,avg_moving_speed02,avg_moving_speed03,avg_moving_speed04,avg_moving_speed05,avg_moving_speed06,avg_moving_speed07,avg_moving_speed08,avg_moving_speed09,avg_moving_speed10,time_moving01,time_moving02,time_moving03,time_moving04,time_moving05,time_moving06,time_moving07,time_moving08,time_moving09,time_moving10,autocorr_1,autocorr_2,autocorr_3,autocorr_4,autocorr_5,autocorr_6,autocorr_7,autocorr_8,autocorr_9,autocorr_10,p_rturn_9_5,p_rturn_9_6,p_rturn_10_5,p_rturn_10_6,p_rturn_11_5,p_rturn_11_6,mean_theta_9_5,min_theta_9_5,max_theta_9_5,mean_theta_9_6,min_theta_9_6,max_theta_9_6,mean_theta_10_5,min_theta_10_5,max_theta_10_5,mean_theta_10_6,min_theta_10_6,max_theta_10_6,mean_theta_11_5,min_theta_11_5,max_theta_11_5,mean_theta_11_6,min_theta_11_6,max_theta_11_6
WellD04_Seq0002/xy13,0,2075.5827590076783,759.0878611860422,0.165990869272,0.286503247564,0.3657227628682736,67.22375797290717,3.3485334103156,27.6744367868,1.53348724135,0.618591581667,0.390395302535,539.403943508,1.767102365051809,-0.0689892198478,417.894489881,2.2629833492594136,2.9215735687503654,-0.03333288238426091,1.3638836487123518,2.378049869385171,1.1108893014626666,0.09891953337727033,-0.7732513704658817,-1.001114729427811,0.27920040125033196,22.1386835908,22.4320618781,22.7170071183,22.9990825407,22.9990825407,22.9990825407,23.2422591603,23.7290234468,24.2112467694,24.451017885,1.0,0.9859154929577465,0.971830985915493,0.9577464788732394,0.9577464788732394,0.9577464788732394,0.9436619718309859,0.9154929577464789,0.8873239436619719,0.8732394366197183,0.418434074406,0.150240599201,-0.0794086542431,-0.298131709197,-0.133507707808,-0.193528220999,-0.130327700386,-0.13934791885,-0.0275182029516,-0.104947272947,0.428571428571,0.428571428571,0.5,0.5,0.55,0.55,0.556126143962,0.05380372360280497,1.580605637249949,0.534737065217,0.00994734450409528,1.6099391904611235,0.532316774625,0.04425512293662623,1.7071231868807146,0.509673281493,0.022000134114762693,1.736456740091889,0.54379951681,0.007883704741935352,1.5315881908000848,0.522078912767,0.010660946858915374,1.4116027281823127
