Well/XY,cell_id,total_distance,net_distance,linearity,spearmanrsq,progressivity,max_speed,min_speed,avg_speed,MSD_slope,hurst_RS,nongauss,disp_var,disp_skew,rw_linearity,rw_netdist,rw_kurtosis01,rw_kurtosis02,rw_kurtosis03,rw_kurtosis04,rw_kurtosis05,rw_kurtosis06,rw_kurtosis07,rw_kurtosis08,rw_kurtosis09,rw_kurtosis10,avg_moving_speed01,avg_moving_speed02,avg_moving_speed03,avg_moving_speed04,avg_moving_speed05,avg_moving_speed06,avg_moving_speed07,avg_moving_speed08,avg_moving_speed09,avg_moving_speed10,time_moving01,time_moving02,time_moving03,time_moving04,time_moving05,time_moving06,time_moving07,time_moving08,time_moving09,time_moving10,autocorr_1,autocorr_2,autocorr_3,autocorr_4,autocorr_5,autocorr_6,autocorr_7,autocorr_8,autocorr_9,autocorr_10,p_rturn_9_5,p_rturn_9_6,p_rturn_10_5,p_rturn_10_6,p_rturn_11_5,p_rturn_11_6,mean_theta_9_5,min_theta_9_5,max_theta_9_5,mean_theta_9_6,min_theta_9_6,max_theta_9_6,mean_theta_10_5,min_theta_10_5,max_theta_10_5,mean_theta_10_6,min_theta_10_6,max_theta_10_6,mean_theta_11_5,min_theta_11_5,max_theta_11_5,mean_theta_11_6,min_theta_11_6,max_theta_11_6
WellB02_Seq0000/xy20,0,1274.526322192907,24.14391020526706,0.879570164042,0.886889741524,0.018943437875591194,32.43335474476853,0.7155417527999429,16.9936842959,0.421933889574,0.805976189418,2.28557094606,369.498064273,3.1087691820068923,0.645920595763,-185.368300666,11.854985438086553,5.220567841722868,2.3856617899688164,2.4728244356821225,0.014221171857003778,0.39637108874568217,-0.003456810050079362,0.7437056109898528,0.950749921409495,-0.08538843044640299,9.02285985507,9.89003538919,11.0184934914,11.8244500522,14.3318608844,15.8070512222,18.608702768,20.944823299,21.6578827523,23.2163085161,0.9436619718309859,0.8450704225352113,0.7323943661971831,0.6619718309859155,0.49295774647887325,0.4225352112676056,0.323943661971831,0.2676056338028169,0.2535211267605634,0.22535211267605634,0.118879223288,0.160407260723,0.346430783846,0.0759857855716,0.173559084757,0.0166143505008,0.108799762463,0.063492854031,0.0959344188375,0.0248555150934,0.52380952381,0.571428571429,0.4,0.4,0.45,0.4,0.315413262967,0.01197148604177837,1.958215237001301,0.312260044204,0.013356337961828592,1.8809920151116608,0.262347943316,0.0035564807552665944,1.0034658135516523,0.266644245156,0.00790253694262903,1.03294070621219,0.355420715798,0.016732008871140333,1.3181414428674738,0.355073329638,0.038827513526547106,1.3426385188526202
