Well/XY,cell_id,total_distance,net_distance,linearity,spearmanrsq,progressivity,max_speed,min_speed,avg_speed,MSD_slope,hurst_RS,nongauss,disp_var,disp_skew,rw_linearity,rw_netdist,rw_kurtosis01,rw_kurtosis02,rw_kurtosis03,rw_kurtosis04,rw_kurtosis05,rw_kurtosis06,rw_kurtosis07,rw_kurtosis08,rw_kurtosis09,rw_kurtosis10,avg_moving_speed01,avg_moving_speed02,avg_moving_speed03,avg_moving_speed04,avg_moving_speed05,avg_moving_speed06,avg_moving_speed07,avg_moving_speed08,avg_moving_speed09,avg_moving_speed10,time_moving01,time_moving02,time_moving03,time_moving04,time_moving05,time_moving06,time_moving07,time_moving08,time_moving09,time_moving10,autocorr_1,autocorr_2,autocorr_3,autocorr_4,autocorr_5,autocorr_6,autocorr_7,autocorr_8,autocorr_9,autocorr_10,p_rturn_9_5,p_rturn_9_6,p_rturn_10_5,p_rturn_10_6,p_rturn_11_5,p_rturn_11_6,mean_theta_9_5,min_theta_9_5,max_theta_9_5,mean_theta_9_6,min_theta_9_6,max_theta_9_6,mean_theta_10_5,min_theta_10_5,max_theta_10_5,mean_theta_10_6,min_theta_10_6,max_theta_10_6,mean_theta_11_5,min_theta_11_5,max_theta_11_5,mean_theta_11_6,min_theta_11_6,max_theta_11_6
WellB02_Seq0000/xy18,0,1622.8627783149896,222.267280767998,0.583095001062,0.735547842699,0.13695999670334236,27.394570629962423,0.2731226830565273,21.6381703775,0.931005122599,0.634011230458,0.820831198585,306.71319809,2.332711145802688,0.355417185784,-44.5060001798,8.260729918730075,0.981844218775136,-1.0184783508977522,-0.5937575873915533,-0.5709846991711305,-1.0742508518354597,-1.119039855540949,-1.5209661150119638,-0.9999778151188856,-1.5904791800689484,12.4145439,12.5681619515,13.7178786295,14.8386110785,15.0294896797,15.5815792634,16.3419341395,16.7289173346,17.530918852,18.8641542407,0.9859154929577465,0.971830985915493,0.8732394366197183,0.7887323943661971,0.7746478873239436,0.7323943661971831,0.676056338028169,0.647887323943662,0.5915492957746479,0.5070422535211268,-0.0946842854751,0.0123694389346,0.080278824305,-0.141780886196,0.151789337616,-0.0119065020949,-0.00177503300097,0.117581170297,-0.11736298715,0.0891572411145,0.52380952381,0.571428571429,0.6,0.6,0.4,0.45,0.506358642344,0.009308687588903247,2.3353410512857264,0.522615477602,0.003598187023766209,2.5962177598443,0.464820301484,0.030668446385329822,1.7546901851025107,0.440834487683,0.02658821610476669,1.666114830769193,0.583579173387,0.0014598582385409915,2.346657575567667,0.606213861061,0.0032943058822310295,2.404039710680407
