Well/XY,cell_id,total_distance,net_distance,linearity,spearmanrsq,progressivity,max_speed,min_speed,avg_speed,MSD_slope,hurst_RS,nongauss,disp_var,disp_skew,rw_linearity,rw_netdist,rw_kurtosis01,rw_kurtosis02,rw_kurtosis03,rw_kurtosis04,rw_kurtosis05,rw_kurtosis06,rw_kurtosis07,rw_kurtosis08,rw_kurtosis09,rw_kurtosis10,avg_moving_speed01,avg_moving_speed02,avg_moving_speed03,avg_moving_speed04,avg_moving_speed05,avg_moving_speed06,avg_moving_speed07,avg_moving_speed08,avg_moving_speed09,avg_moving_speed10,time_moving01,time_moving02,time_moving03,time_moving04,time_moving05,time_moving06,time_moving07,time_moving08,time_moving09,time_moving10,autocorr_1,autocorr_2,autocorr_3,autocorr_4,autocorr_5,autocorr_6,autocorr_7,autocorr_8,autocorr_9,autocorr_10,p_rturn_9_5,p_rturn_9_6,p_rturn_10_5,p_rturn_10_6,p_rturn_11_5,p_rturn_11_6,mean_theta_9_5,min_theta_9_5,max_theta_9_5,mean_theta_9_6,min_theta_9_6,max_theta_9_6,mean_theta_10_5,min_theta_10_5,max_theta_10_5,mean_theta_10_6,min_theta_10_6,max_theta_10_6,mean_theta_11_5,min_theta_11_5,max_theta_11_5,mean_theta_11_6,min_theta_11_6,max_theta_11_6
WellB02_Seq0000/xy19,0,763.7809723438723,247.03232581992177,0.826055382025,0.636932443561,0.323433464258523,13.342158745870183,0.9219544457292888,10.1837462979,1.30417092892,0.618335589199,-0.0020424865099,59.2292570572,1.1007479852404218,0.614254653193,121.478669257,0.4807232412666087,0.33427840938826003,-0.0927364388813352,0.513033014479253,1.8870626299501412,-0.7477571350943393,-0.9394704368605735,-0.3257847345614824,-1.0647967212900815,-0.9682549112044256,5.33345925724,5.73849332627,6.13348225763,6.94182903927,7.77385570804,8.59852309108,9.93138061441,10.0860596536,11.5475405778,12.3630330686,1.0,0.9014084507042254,0.8028169014084507,0.6197183098591549,0.4647887323943662,0.3380281690140845,0.2112676056338028,0.19718309859154928,0.09859154929577464,0.07042253521126761,-0.0475196073071,0.213286721297,0.0295233461915,-0.0247832743043,-0.226497243802,-0.00235204164543,0.0193118473995,-0.160363237199,0.211598633399,0.0743773384276,0.47619047619,0.428571428571,0.45,0.4,0.421052631579,0.526315789474,0.650372834427,0.017704723472803087,2.5559616103381764,0.603387846635,0.02235182165760215,1.8767762118697484,0.77410010089,0.005075738584614831,2.629798496112061,0.723789805377,0.027158635437534998,2.1594198587551334,0.662593130828,0.004823077016960849,2.6901955246394773,0.638361095795,0.08652195837555708,1.8730452205540578
