Well/XY,cell_id,total_distance,net_distance,linearity,spearmanrsq,progressivity,max_speed,min_speed,avg_speed,MSD_slope,hurst_RS,nongauss,disp_var,disp_skew,rw_linearity,rw_netdist,rw_kurtosis01,rw_kurtosis02,rw_kurtosis03,rw_kurtosis04,rw_kurtosis05,rw_kurtosis06,rw_kurtosis07,rw_kurtosis08,rw_kurtosis09,rw_kurtosis10,avg_moving_speed01,avg_moving_speed02,avg_moving_speed03,avg_moving_speed04,avg_moving_speed05,avg_moving_speed06,avg_moving_speed07,avg_moving_speed08,avg_moving_speed09,avg_moving_speed10,time_moving01,time_moving02,time_moving03,time_moving04,time_moving05,time_moving06,time_moving07,time_moving08,time_moving09,time_moving10,autocorr_1,autocorr_2,autocorr_3,autocorr_4,autocorr_5,autocorr_6,autocorr_7,autocorr_8,autocorr_9,autocorr_10,p_rturn_9_5,p_rturn_9_6,p_rturn_10_5,p_rturn_10_6,p_rturn_11_5,p_rturn_11_6,mean_theta_9_5,min_theta_9_5,max_theta_9_5,mean_theta_9_6,min_theta_9_6,max_theta_9_6,mean_theta_10_5,min_theta_10_5,max_theta_10_5,mean_theta_10_6,min_theta_10_6,max_theta_10_6,mean_theta_11_5,min_theta_11_5,max_theta_11_5,mean_theta_11_6,min_theta_11_6,max_theta_11_6
WellB02_Seq0000/xy16,0,1215.9134758744647,44.538185863368945,0.0252775562977,0.0352824530859,0.036629403939567186,34.053898455243,0.10770329614269344,16.2121796783,1.47815957059,0.830691584551,0.236090792904,157.846940369,1.6337231541637829,-0.207095453407,-155.338988992,2.4339825552758336,1.5012655955252692,1.2238938777385675,1.4274372232497345,-0.3740745210594407,0.7390364716792233,-0.48039718025651323,-0.7911582155138266,-0.8320444548710113,-0.2863741633823369,9.87550480516,10.9561809818,12.3759517579,13.6833545965,14.7513088153,15.7240019232,17.4440676114,18.0972189347,20.9892193916,22.0854568478,1.0,0.8873239436619719,0.7605633802816901,0.6619718309859155,0.5915492957746479,0.5352112676056338,0.4507042253521127,0.4225352112676056,0.323943661971831,0.29577464788732394,0.449727994087,0.317685153197,0.386774528785,0.38477066515,0.270224029999,0.0522884697266,0.0549953846261,0.0463023520466,-0.120367914019,-0.209610594445,0.428571428571,0.380952380952,0.5,0.55,0.5,0.45,1.01657236184,0.012323240487854615,2.662643442004544,0.985582616963,0.022884395513874074,2.7676219170280874,1.03923499031,0.004794283176218831,2.6491509553085426,0.960665927661,0.009103393546108148,2.7541294303320862,1.05058197025,0.01709412348366255,2.7355810559941762,0.975407014513,0.05235514001956007,2.746817204467187
