Well/XY,cell_id,total_distance,net_distance,linearity,spearmanrsq,progressivity,max_speed,min_speed,avg_speed,MSD_slope,hurst_RS,nongauss,disp_var,disp_skew,rw_linearity,rw_netdist,rw_kurtosis01,rw_kurtosis02,rw_kurtosis03,rw_kurtosis04,rw_kurtosis05,rw_kurtosis06,rw_kurtosis07,rw_kurtosis08,rw_kurtosis09,rw_kurtosis10,avg_moving_speed01,avg_moving_speed02,avg_moving_speed03,avg_moving_speed04,avg_moving_speed05,avg_moving_speed06,avg_moving_speed07,avg_moving_speed08,avg_moving_speed09,avg_moving_speed10,time_moving01,time_moving02,time_moving03,time_moving04,time_moving05,time_moving06,time_moving07,time_moving08,time_moving09,time_moving10,autocorr_1,autocorr_2,autocorr_3,autocorr_4,autocorr_5,autocorr_6,autocorr_7,autocorr_8,autocorr_9,autocorr_10,p_rturn_9_5,p_rturn_9_6,p_rturn_10_5,p_rturn_10_6,p_rturn_11_5,p_rturn_11_6,mean_theta_9_5,min_theta_9_5,max_theta_9_5,mean_theta_9_6,min_theta_9_6,max_theta_9_6,mean_theta_10_5,min_theta_10_5,max_theta_10_5,mean_theta_10_6,min_theta_10_6,max_theta_10_6,mean_theta_11_5,min_theta_11_5,max_theta_11_5,mean_theta_11_6,min_theta_11_6,max_theta_11_6
WellB02_Seq0000/xy24,0,571.770754896854,173.34293640065056,0.051078154336,0.0318298010202,0.30316859495886805,12.131622974688913,0.16011246047699418,7.62361006529,1.13016259589,0.882347061322,0.352725899129,48.168251372,1.4630303643990428,-0.205231505964,79.3527591213,1.7993990440777479,0.5989955765299269,5.765501954301229,-0.43900118697548773,3.166027792267986,0.9326497192123973,2.6288218751476586,-0.11623892018749071,-0.21687545909706918,-0.7344906135948275,4.13203668497,4.82619611558,5.77259210271,6.74140899032,8.49466949932,9.00008470932,9.52656656914,10.6700041264,11.1472694145,12.2821132315,0.8169014084507042,0.647887323943662,0.4647887323943662,0.323943661971831,0.18309859154929578,0.15492957746478872,0.1267605633802817,0.08450704225352113,0.07042253521126761,0.04225352112676056,0.410051159343,0.362596026247,0.31564770357,0.0641807686819,0.228170036913,0.221818929242,0.263996672113,0.177700475361,0.263014746566,0.0884838472927,0.666666666667,0.619047619048,0.55,0.55,0.65,0.65,0.79223974027,0.03559494134305319,2.0108610435718255,0.676146958213,0.035547064982853156,2.0589415702691216,0.872685650654,0.05846370243715865,2.311112067665349,0.75543525513,0.039989897941434115,2.217385135776418,0.961889822718,0.0747219787720976,2.293559353618566,0.8810657683,0.009875716321980796,2.252848304752994
