Well/XY,cell_id,total_distance,net_distance,linearity,spearmanrsq,progressivity,max_speed,min_speed,avg_speed,MSD_slope,hurst_RS,nongauss,disp_var,disp_skew,rw_linearity,rw_netdist,rw_kurtosis01,rw_kurtosis02,rw_kurtosis03,rw_kurtosis04,rw_kurtosis05,rw_kurtosis06,rw_kurtosis07,rw_kurtosis08,rw_kurtosis09,rw_kurtosis10,avg_moving_speed01,avg_moving_speed02,avg_moving_speed03,avg_moving_speed04,avg_moving_speed05,avg_moving_speed06,avg_moving_speed07,avg_moving_speed08,avg_moving_speed09,avg_moving_speed10,time_moving01,time_moving02,time_moving03,time_moving04,time_moving05,time_moving06,time_moving07,time_moving08,time_moving09,time_moving10,autocorr_1,autocorr_2,autocorr_3,autocorr_4,autocorr_5,autocorr_6,autocorr_7,autocorr_8,autocorr_9,autocorr_10,p_rturn_9_5,p_rturn_9_6,p_rturn_10_5,p_rturn_10_6,p_rturn_11_5,p_rturn_11_6,mean_theta_9_5,min_theta_9_5,max_theta_9_5,mean_theta_9_6,min_theta_9_6,max_theta_9_6,mean_theta_10_5,min_theta_10_5,max_theta_10_5,mean_theta_10_6,min_theta_10_6,max_theta_10_6,mean_theta_11_5,min_theta_11_5,max_theta_11_5,mean_theta_11_6,min_theta_11_6,max_theta_11_6
WellB02_Seq0000/xy22,0,2793.690505531445,114.08111149528655,0.550353808216,0.626731150731,0.04083527193488631,34.55620928284814,1.3591173606425733,37.2492067404,0.101807954307,0.558275812718,-0.0663594669336,710.980878473,0.9912401361721558,0.312865686589,-345.157951765,0.22362690659572193,-1.203789876259705,-0.6691505323149043,-1.161602486284989,-1.0026021054147165,-0.8046268411318582,-0.9362696385692253,0.16091570280769263,-1.5252718427129055,-0.9554010123947188,15.7372161869,15.7372161869,15.9277371341,16.4863860896,17.053862436,17.6198233901,18.0047209035,18.5614673112,19.1305297338,20.1292998438,1.0,1.0,0.9859154929577465,0.9436619718309859,0.9014084507042254,0.8591549295774648,0.8309859154929577,0.7887323943661971,0.7464788732394366,0.676056338028169,0.0022319059513,-0.0371127496243,-0.100532182502,-0.203682286757,0.00591328543671,0.147491762403,0.236743328253,-0.215707708825,-0.114536329492,-0.0211430580623,0.428571428571,0.428571428571,0.45,0.5,0.45,0.45,0.84173205567,0.01380058725504091,2.5829947798993844,0.851858633536,0.010232282271231576,2.5756578309034888,0.690367919359,0.01552219102252754,2.568062178734747,0.686361629003,0.013263596664447451,2.5317092543197455,0.499906365952,0.014344874236231769,2.1068875982758932,0.497794110367,0.00285829146883613,2.1044928058420678
