Well/XY,cell_id,total_distance,net_distance,linearity,spearmanrsq,progressivity,max_speed,min_speed,avg_speed,MSD_slope,hurst_RS,nongauss,disp_var,disp_skew,rw_linearity,rw_netdist,rw_kurtosis01,rw_kurtosis02,rw_kurtosis03,rw_kurtosis04,rw_kurtosis05,rw_kurtosis06,rw_kurtosis07,rw_kurtosis08,rw_kurtosis09,rw_kurtosis10,avg_moving_speed01,avg_moving_speed02,avg_moving_speed03,avg_moving_speed04,avg_moving_speed05,avg_moving_speed06,avg_moving_speed07,avg_moving_speed08,avg_moving_speed09,avg_moving_speed10,time_moving01,time_moving02,time_moving03,time_moving04,time_moving05,time_moving06,time_moving07,time_moving08,time_moving09,time_moving10,autocorr_1,autocorr_2,autocorr_3,autocorr_4,autocorr_5,autocorr_6,autocorr_7,autocorr_8,autocorr_9,autocorr_10,p_rturn_9_5,p_rturn_9_6,p_rturn_10_5,p_rturn_10_6,p_rturn_11_5,p_rturn_11_6,mean_theta_9_5,min_theta_9_5,max_theta_9_5,mean_theta_9_6,min_theta_9_6,max_theta_9_6,mean_theta_10_5,min_theta_10_5,max_theta_10_5,mean_theta_10_6,min_theta_10_6,max_theta_10_6,mean_theta_11_5,min_theta_11_5,max_theta_11_5,mean_theta_11_6,min_theta_11_6,max_theta_11_6
WellB02_Seq0000/xy07,0,1616.715408027815,218.5182063353076,0.72619822495,0.784255601595,0.13516182579212982,29.281669078110987,1.8053265632566373,21.5562054404,0.914933596618,0.728942418854,0.334082288236,348.777606845,1.5548565355676571,0.474005955253,-47.2445429997,2.0763043281728324,1.7800726569795273,-0.6256992908156107,1.9803638099259802,0.10325972604958045,2.50916991117876,-0.8013858460148819,-0.3785243621106176,1.9174142794163718,-0.9706166587992198,10.3847931684,10.9119898412,11.4531144037,12.1376147204,12.4164294187,12.9624392853,13.5084943311,14.5889749538,15.456126241,17.824389149,0.9859154929577465,0.9295774647887324,0.8732394366197183,0.8028169014084507,0.7746478873239436,0.7183098591549296,0.6619718309859155,0.5633802816901409,0.49295774647887325,0.352112676056338,0.256915670165,0.0853037061589,0.0152775995381,0.174547146976,0.0402195085488,-0.0422021008347,-0.135366910387,-0.121678124432,-0.0847813760177,-0.123157162007,0.666666666667,0.571428571429,0.65,0.65,0.6,0.6,0.545850864089,0.018771709197212903,2.050909429874744,0.583787452046,0.024793121857968854,2.111767697566696,0.564811027257,0.06302786958132572,1.6914064765864836,0.618748329318,0.050484594570221676,2.156741153230847,0.556558742046,0.02112392959302735,1.792723351006998,0.612141908555,0.013225500487598584,1.8535816186989496
