Well/XY,cell_id,total_distance,net_distance,linearity,spearmanrsq,progressivity,max_speed,min_speed,avg_speed,MSD_slope,hurst_RS,nongauss,disp_var,disp_skew,rw_linearity,rw_netdist,rw_kurtosis01,rw_kurtosis02,rw_kurtosis03,rw_kurtosis04,rw_kurtosis05,rw_kurtosis06,rw_kurtosis07,rw_kurtosis08,rw_kurtosis09,rw_kurtosis10,avg_moving_speed01,avg_moving_speed02,avg_moving_speed03,avg_moving_speed04,avg_moving_speed05,avg_moving_speed06,avg_moving_speed07,avg_moving_speed08,avg_moving_speed09,avg_moving_speed10,time_moving01,time_moving02,time_moving03,time_moving04,time_moving05,time_moving06,time_moving07,time_moving08,time_moving09,time_moving10,autocorr_1,autocorr_2,autocorr_3,autocorr_4,autocorr_5,autocorr_6,autocorr_7,autocorr_8,autocorr_9,autocorr_10,p_rturn_9_5,p_rturn_9_6,p_rturn_10_5,p_rturn_10_6,p_rturn_11_5,p_rturn_11_6,mean_theta_9_5,min_theta_9_5,max_theta_9_5,mean_theta_9_6,min_theta_9_6,max_theta_9_6,mean_theta_10_5,min_theta_10_5,max_theta_10_5,mean_theta_10_6,min_theta_10_6,max_theta_10_6,mean_theta_11_5,min_theta_11_5,max_theta_11_5,mean_theta_11_6,min_theta_11_6,max_theta_11_6
WellC02_Seq0019/xy25,0,117.1609803051371,6.651924533546524,0.181240468045,0.149199916741,0.05677593782692905,1.398715124676944,0.1048618138313779,1.88969323073,0.275787329358,0.796619321235,-0.169194489492,1.3671336787,1.0464320334069581,-0.0509993224024,-14.5598293729,0.500738598400043,1.8151425949073046,3.02333075603424,1.5696892677810608,-0.7757299353436609,-0.6057428584982274,-1.4763528045411902,-0.5196085494911622,-1.3931258731665002,-0.43586254990983964,1.16106006559,0.0,0.0,0.0,0.0,0.0,0.0,0.0,0.0,0.0,0.08620689655172414,0.0,0.0,0.0,0.0,0.0,0.0,0.0,0.0,0.0,0.464520717784,0.166411273663,0.0132013441833,-0.147767543583,-0.208620814076,0.0923840018017,0.0280265276184,0.00186399263578,0.087121831644,0.0915705517539,0.4375,0.4375,0.6875,0.625,0.625,0.625,0.712115400371,0.015262925605489183,1.8204196877253844,0.683195460426,0.0025066226697137537,1.6488726615846958,0.742210901246,0.10376230523022502,1.6951310070717451,0.679226137581,0.0037761542635929013,1.4795198258412439,0.918220357624,0.011072404802157773,2.0262657506419077,0.859606330606,0.06009848390827788,2.2386487226673806
