Well/XY,cell_id,total_distance,net_distance,linearity,spearmanrsq,progressivity,max_speed,min_speed,avg_speed,MSD_slope,hurst_RS,nongauss,disp_var,disp_skew,rw_linearity,rw_netdist,rw_kurtosis01,rw_kurtosis02,rw_kurtosis03,rw_kurtosis04,rw_kurtosis05,rw_kurtosis06,rw_kurtosis07,rw_kurtosis08,rw_kurtosis09,rw_kurtosis10,avg_moving_speed01,avg_moving_speed02,avg_moving_speed03,avg_moving_speed04,avg_moving_speed05,avg_moving_speed06,avg_moving_speed07,avg_moving_speed08,avg_moving_speed09,avg_moving_speed10,time_moving01,time_moving02,time_moving03,time_moving04,time_moving05,time_moving06,time_moving07,time_moving08,time_moving09,time_moving10,autocorr_1,autocorr_2,autocorr_3,autocorr_4,autocorr_5,autocorr_6,autocorr_7,autocorr_8,autocorr_9,autocorr_10,p_rturn_9_5,p_rturn_9_6,p_rturn_10_5,p_rturn_10_6,p_rturn_11_5,p_rturn_11_6,mean_theta_9_5,min_theta_9_5,max_theta_9_5,mean_theta_9_6,min_theta_9_6,max_theta_9_6,mean_theta_10_5,min_theta_10_5,max_theta_10_5,mean_theta_10_6,min_theta_10_6,max_theta_10_6,mean_theta_11_5,min_theta_11_5,max_theta_11_5,mean_theta_11_6,min_theta_11_6,max_theta_11_6
WellC02_Seq0019/xy05,0,60.63730019392269,4.742362280551782,0.149291686659,0.11869781274,0.07820866472262694,0.620322496770817,0.03999999999996362,0.97802097087,0.488027701931,0.616998267862,-0.218035339188,0.315307788386,0.9943485794871754,-0.10075055926,-6.23589588967,1.1638076420188295,-0.04592039893840871,-0.23995222511587233,-0.9458499713799755,0.6530420720944345,-0.6554232699860716,-1.0983855670411404,-0.40137152523926556,-1.559271078655683,0.34627875029453303,0.0,0.0,0.0,0.0,0.0,0.0,0.0,0.0,0.0,0.0,0.0,0.0,0.0,0.0,0.0,0.0,0.0,0.0,0.0,0.0,0.194146184981,-0.0274408929764,0.0903124568753,0.027244899371,-0.0805293102814,-0.216931335819,-0.0741537698098,0.035332713396,-0.0817780771667,-0.137640454558,0.4,0.4,0.666666666667,0.666666666667,0.25,0.25,0.654405303607,0.02707380125287217,1.7782789145314093,0.664548273784,0.030323028996535228,1.845890309411872,0.782321060392,0.35204289713468023,1.8680993841273195,0.838283044555,0.34375141142072174,1.899670536290112,0.712687317196,0.010164500551761038,1.5796718333775954,0.75039170168,0.03572477981075822,1.663124269162429
