Well/XY,cell_id,total_distance,net_distance,linearity,spearmanrsq,progressivity,max_speed,min_speed,avg_speed,MSD_slope,hurst_RS,nongauss,disp_var,disp_skew,rw_linearity,rw_netdist,rw_kurtosis01,rw_kurtosis02,rw_kurtosis03,rw_kurtosis04,rw_kurtosis05,rw_kurtosis06,rw_kurtosis07,rw_kurtosis08,rw_kurtosis09,rw_kurtosis10,avg_moving_speed01,avg_moving_speed02,avg_moving_speed03,avg_moving_speed04,avg_moving_speed05,avg_moving_speed06,avg_moving_speed07,avg_moving_speed08,avg_moving_speed09,avg_moving_speed10,time_moving01,time_moving02,time_moving03,time_moving04,time_moving05,time_moving06,time_moving07,time_moving08,time_moving09,time_moving10,autocorr_1,autocorr_2,autocorr_3,autocorr_4,autocorr_5,autocorr_6,autocorr_7,autocorr_8,autocorr_9,autocorr_10,p_rturn_9_5,p_rturn_9_6,p_rturn_10_5,p_rturn_10_6,p_rturn_11_5,p_rturn_11_6,mean_theta_9_5,min_theta_9_5,max_theta_9_5,mean_theta_9_6,min_theta_9_6,max_theta_9_6,mean_theta_10_5,min_theta_10_5,max_theta_10_5,mean_theta_10_6,min_theta_10_6,max_theta_10_6,mean_theta_11_5,min_theta_11_5,max_theta_11_5,mean_theta_11_6,min_theta_11_6,max_theta_11_6
WellC08_Seq0013/xy14,0,901.888140639141,315.03245864513707,0.290654751441,0.11534161138,0.34930324998162526,18.867760863441127,0.1,12.0251752085,1.49783995078,0.750027155689,1.07170967421,128.557665801,2.3793372217914714,0.0334311202664,166.776141758,6.2795286658798055,2.1071710077660333,0.36388002186931345,0.040298350068353805,-0.11460916040407243,-0.3825944278512443,1.3939622502669273,-0.6671162926443275,-0.14153665495692858,1.279575707213871,8.16854979847,8.26954746115,8.95969863174,9.70104735765,10.2896768924,11.0509792823,12.0969630432,13.1069693166,13.9218912233,14.8931873685,0.9154929577464789,0.9014084507042254,0.8028169014084507,0.704225352112676,0.6338028169014085,0.5492957746478874,0.4507042253521127,0.36619718309859156,0.30985915492957744,0.2535211267605634,0.342986180572,0.197248884861,0.00133363892419,0.0372157205709,0.128620803133,0.260390875727,0.11290393762,0.224088042994,0.00891165017924,0.132948697057,0.571428571429,0.571428571429,0.55,0.55,0.5,0.5,0.680739415001,0.12577542629851532,2.366992998924066,0.617901845354,0.09439520902506524,2.486037066015689,0.713829260981,0.06724058346435441,2.452422459392325,0.644814733513,0.05439977884927347,2.519176335905858,0.832182389637,0.08837848513044474,2.4196799447637454,0.764192084902,0.08597181347695894,2.5387240118553684
