Well/XY,cell_id,total_distance,net_distance,linearity,spearmanrsq,progressivity,max_speed,min_speed,avg_speed,MSD_slope,hurst_RS,nongauss,disp_var,disp_skew,rw_linearity,rw_netdist,rw_kurtosis01,rw_kurtosis02,rw_kurtosis03,rw_kurtosis04,rw_kurtosis05,rw_kurtosis06,rw_kurtosis07,rw_kurtosis08,rw_kurtosis09,rw_kurtosis10,avg_moving_speed01,avg_moving_speed02,avg_moving_speed03,avg_moving_speed04,avg_moving_speed05,avg_moving_speed06,avg_moving_speed07,avg_moving_speed08,avg_moving_speed09,avg_moving_speed10,time_moving01,time_moving02,time_moving03,time_moving04,time_moving05,time_moving06,time_moving07,time_moving08,time_moving09,time_moving10,autocorr_1,autocorr_2,autocorr_3,autocorr_4,autocorr_5,autocorr_6,autocorr_7,autocorr_8,autocorr_9,autocorr_10,p_rturn_9_5,p_rturn_9_6,p_rturn_10_5,p_rturn_10_6,p_rturn_11_5,p_rturn_11_6,mean_theta_9_5,min_theta_9_5,max_theta_9_5,mean_theta_9_6,min_theta_9_6,max_theta_9_6,mean_theta_10_5,min_theta_10_5,max_theta_10_5,mean_theta_10_6,min_theta_10_6,max_theta_10_6,mean_theta_11_5,min_theta_11_5,max_theta_11_5,mean_theta_11_6,min_theta_11_6,max_theta_11_6
WellC08_Seq0013/xy17,0,2144.361479152266,381.3547398420533,0.409589317546,0.348285533943,0.17784069689258497,48.79754092164891,3.0564031147739734,28.5914863887,0.961746789608,0.66530095152,2.10743055206,712.412140795,3.4296242568769286,0.188540227489,28.8552217217,17.515844427440257,3.806106527764178,5.432393708879244,-0.09487649176989033,-1.0324697912550107,-0.03640463709361219,0.8186242075537056,1.704602411141603,-0.5162623805045463,1.0558015802743963,16.6298720648,16.6298720648,16.6298720648,16.6298720648,16.6298720648,17.2918282887,17.8062646862,18.3295914287,19.004780063,19.9101264815,1.0,1.0,1.0,1.0,1.0,0.9436619718309859,0.9014084507042254,0.8591549295774648,0.8028169014084507,0.7323943661971831,0.126345098199,-0.0598387622717,0.0216296790902,0.0240813206719,0.043124284584,-0.00190090091674,0.0364177591734,0.002472117762,-0.0366331886666,-0.161056697884,0.571428571429,0.571428571429,0.45,0.45,0.25,0.3,1.05687899219,0.08069597764579155,2.52703696760144,1.02378323896,0.08302640492337457,2.5193662288966916,1.10643372657,0.058085749680418526,2.5025430619241598,1.05196949161,0.05575532240283398,2.496957135691635,0.86904425445,0.012389331431579241,2.629192788821701,0.848009347278,0.025435052701246554,2.5964696475237727
