Well/XY,cell_id,total_distance,net_distance,linearity,spearmanrsq,progressivity,max_speed,min_speed,avg_speed,MSD_slope,hurst_RS,nongauss,disp_var,disp_skew,rw_linearity,rw_netdist,rw_kurtosis01,rw_kurtosis02,rw_kurtosis03,rw_kurtosis04,rw_kurtosis05,rw_kurtosis06,rw_kurtosis07,rw_kurtosis08,rw_kurtosis09,rw_kurtosis10,avg_moving_speed01,avg_moving_speed02,avg_moving_speed03,avg_moving_speed04,avg_moving_speed05,avg_moving_speed06,avg_moving_speed07,avg_moving_speed08,avg_moving_speed09,avg_moving_speed10,time_moving01,time_moving02,time_moving03,time_moving04,time_moving05,time_moving06,time_moving07,time_moving08,time_moving09,time_moving10,autocorr_1,autocorr_2,autocorr_3,autocorr_4,autocorr_5,autocorr_6,autocorr_7,autocorr_8,autocorr_9,autocorr_10,p_rturn_9_5,p_rturn_9_6,p_rturn_10_5,p_rturn_10_6,p_rturn_11_5,p_rturn_11_6,mean_theta_9_5,min_theta_9_5,max_theta_9_5,mean_theta_9_6,min_theta_9_6,max_theta_9_6,mean_theta_10_5,min_theta_10_5,max_theta_10_5,mean_theta_10_6,min_theta_10_6,max_theta_10_6,mean_theta_11_5,min_theta_11_5,max_theta_11_5,mean_theta_11_6,min_theta_11_6,max_theta_11_6
WellC08_Seq0013/xy03,0,978.9023256600586,505.200575217408,0.236673100154,0.713796177887,0.5160888496988288,31.261805961908202,0.1726615185847687,13.0520310088,1.25465655688,0.919157163049,0.535223891201,159.811629203,1.6008184471751858,0.0100810078297,344.284329782,2.2420242388579927,1.0674611604184312,0.7172822959992238,1.176722298262976,0.9689656300411404,0.5155179414873721,0.5293784185024557,-0.540888928567949,0.8041253016211471,1.1536676150206775,9.45415528352,11.472567465,12.8943892987,13.8461897131,14.0821639912,14.8240342066,15.8375492726,16.6848980014,18.3355203688,19.6464472613,0.9014084507042254,0.7183098591549296,0.6197183098591549,0.5633802816901409,0.5492957746478874,0.5070422535211268,0.4507042253521127,0.4084507042253521,0.3380281690140845,0.29577464788732394,0.724867931494,0.558400953313,0.470956940342,0.43316174905,0.375497795249,0.337999558545,0.38102380564,0.341451887088,0.199071050029,0.118912901518,0.714285714286,0.619047619048,0.8,0.75,0.7,0.7,0.588183571317,0.09762264845711051,1.805441338049391,0.501658892011,0.0239788327633491,1.562419515291273,0.604663395256,0.039267233793130865,1.8979562148874431,0.523052912618,0.0073944950505459035,1.815914497260412,0.550844142712,0.047268464509438855,1.903132047565277,0.477574777656,0.062298246388158986,1.3892656717208811
