Well/XY,cell_id,total_distance,net_distance,linearity,spearmanrsq,progressivity,max_speed,min_speed,avg_speed,MSD_slope,hurst_RS,nongauss,disp_var,disp_skew,rw_linearity,rw_netdist,rw_kurtosis01,rw_kurtosis02,rw_kurtosis03,rw_kurtosis04,rw_kurtosis05,rw_kurtosis06,rw_kurtosis07,rw_kurtosis08,rw_kurtosis09,rw_kurtosis10,avg_moving_speed01,avg_moving_speed02,avg_moving_speed03,avg_moving_speed04,avg_moving_speed05,avg_moving_speed06,avg_moving_speed07,avg_moving_speed08,avg_moving_speed09,avg_moving_speed10,time_moving01,time_moving02,time_moving03,time_moving04,time_moving05,time_moving06,time_moving07,time_moving08,time_moving09,time_moving10,autocorr_1,autocorr_2,autocorr_3,autocorr_4,autocorr_5,autocorr_6,autocorr_7,autocorr_8,autocorr_9,autocorr_10,p_rturn_9_5,p_rturn_9_6,p_rturn_10_5,p_rturn_10_6,p_rturn_11_5,p_rturn_11_6,mean_theta_9_5,min_theta_9_5,max_theta_9_5,mean_theta_9_6,min_theta_9_6,max_theta_9_6,mean_theta_10_5,min_theta_10_5,max_theta_10_5,mean_theta_10_6,min_theta_10_6,max_theta_10_6,mean_theta_11_5,min_theta_11_5,max_theta_11_5,mean_theta_11_6,min_theta_11_6,max_theta_11_6
WellC08_Seq0013/xy21,0,1319.5587489489772,378.4406643055157,0.968483978763,0.93783933518,0.28679334255253286,21.17813551755678,0.6001866376386563,17.5941166527,1.43142747363,0.715428447059,0.120426208371,191.552910473,1.2458367590833916,0.727547786435,161.525826179,1.380675308702136,1.3969431395831924,-1.0882072564994105,-0.6527318069995114,0.11717524383225308,0.43702115387273244,0.8303733410999632,1.1860069733416942,0.34518488775102263,-1.3453257851248628,7.55992184967,8.04810097801,8.95956283403,10.2286292734,11.7338682844,13.5659474742,13.8473596097,14.365018022,15.5463858646,16.6135723624,0.9577464788732394,0.8873239436619719,0.7605633802816901,0.6197183098591549,0.49295774647887325,0.38028169014084506,0.36619718309859156,0.3380281690140845,0.28169014084507044,0.23943661971830985,0.109645547412,0.0246588756072,0.174052890018,-0.020274481785,-0.0352397665901,0.141473486073,0.0164185268674,-0.0107692791041,0.103312476266,-0.139885512513,0.428571428571,0.47619047619,0.5,0.55,0.55,0.5,0.333105501894,0.0009307888682939247,1.3726317490146211,0.319544208855,0.002749756760183307,1.3868200231019259,0.207745957309,0.00168508777517314,1.210967990426104,0.1937593676,0.019898442750995886,1.1967797163387992,0.281485963864,0.05643991458638359,1.1413352577231075,0.255971692016,0.03822655961060062,1.1283046795261502
