Well/XY,cell_id,total_distance,net_distance,linearity,spearmanrsq,progressivity,max_speed,min_speed,avg_speed,MSD_slope,hurst_RS,nongauss,disp_var,disp_skew,rw_linearity,rw_netdist,rw_kurtosis01,rw_kurtosis02,rw_kurtosis03,rw_kurtosis04,rw_kurtosis05,rw_kurtosis06,rw_kurtosis07,rw_kurtosis08,rw_kurtosis09,rw_kurtosis10,avg_moving_speed01,avg_moving_speed02,avg_moving_speed03,avg_moving_speed04,avg_moving_speed05,avg_moving_speed06,avg_moving_speed07,avg_moving_speed08,avg_moving_speed09,avg_moving_speed10,time_moving01,time_moving02,time_moving03,time_moving04,time_moving05,time_moving06,time_moving07,time_moving08,time_moving09,time_moving10,autocorr_1,autocorr_2,autocorr_3,autocorr_4,autocorr_5,autocorr_6,autocorr_7,autocorr_8,autocorr_9,autocorr_10,p_rturn_9_5,p_rturn_9_6,p_rturn_10_5,p_rturn_10_6,p_rturn_11_5,p_rturn_11_6,mean_theta_9_5,min_theta_9_5,max_theta_9_5,mean_theta_9_6,min_theta_9_6,max_theta_9_6,mean_theta_10_5,min_theta_10_5,max_theta_10_5,mean_theta_10_6,min_theta_10_6,max_theta_10_6,mean_theta_11_5,min_theta_11_5,max_theta_11_5,mean_theta_11_6,min_theta_11_6,max_theta_11_6
WellC08_Seq0013/xy16,0,853.9319880284957,208.93542064475332,0.518272635006,0.570386409546,0.2446745450151484,13.641583485798089,1.0846197490365106,11.3857598404,1.52521741394,0.717221879046,0.78360710678,87.7238478759,2.3686596117573484,0.259558292879,68.5623458558,7.418606032467798,-0.5727268633910958,-0.4378385471795889,-0.5545004664124913,-0.5043583120093942,-0.35571941857190215,-0.9766300700989161,-0.9372977826782627,-0.7489465668818265,-1.3200471092704877,9.04217007095,9.14365911415,9.33874253991,9.42429848614,9.6684781814,10.1891524063,10.630207958,11.4113017852,11.8273250676,12.7306903831,1.0,0.9859154929577465,0.9577464788732394,0.9436619718309859,0.9014084507042254,0.8028169014084507,0.7183098591549296,0.5774647887323944,0.5070422535211268,0.36619718309859156,0.158166127849,0.163847212142,0.14525231421,-0.242460451057,-0.109667091317,-0.144989617271,-0.118871226551,0.11569220541,0.0923994272937,0.156112389162,0.52380952381,0.52380952381,0.55,0.55,0.65,0.65,0.880420339419,0.02577985220135807,2.6580910472405592,0.847212207635,0.01866831829899333,2.6330840548009076,0.869494338518,0.0310778667594716,2.5779147235658653,0.83647396819,0.06674677252041371,2.5776885081277596,1.10367807243,0.10735663453281448,2.5678252055554007,1.06453765596,0.13240547910391362,2.5675989901172946
