Well/XY,cell_id,total_distance,net_distance,linearity,spearmanrsq,progressivity,max_speed,min_speed,avg_speed,MSD_slope,hurst_RS,nongauss,disp_var,disp_skew,rw_linearity,rw_netdist,rw_kurtosis01,rw_kurtosis02,rw_kurtosis03,rw_kurtosis04,rw_kurtosis05,rw_kurtosis06,rw_kurtosis07,rw_kurtosis08,rw_kurtosis09,rw_kurtosis10,avg_moving_speed01,avg_moving_speed02,avg_moving_speed03,avg_moving_speed04,avg_moving_speed05,avg_moving_speed06,avg_moving_speed07,avg_moving_speed08,avg_moving_speed09,avg_moving_speed10,time_moving01,time_moving02,time_moving03,time_moving04,time_moving05,time_moving06,time_moving07,time_moving08,time_moving09,time_moving10,autocorr_1,autocorr_2,autocorr_3,autocorr_4,autocorr_5,autocorr_6,autocorr_7,autocorr_8,autocorr_9,autocorr_10,p_rturn_9_5,p_rturn_9_6,p_rturn_10_5,p_rturn_10_6,p_rturn_11_5,p_rturn_11_6,mean_theta_9_5,min_theta_9_5,max_theta_9_5,mean_theta_9_6,min_theta_9_6,max_theta_9_6,mean_theta_10_5,min_theta_10_5,max_theta_10_5,mean_theta_10_6,min_theta_10_6,max_theta_10_6,mean_theta_11_5,min_theta_11_5,max_theta_11_5,mean_theta_11_6,min_theta_11_6,max_theta_11_6
WellC08_Seq0013/xy18,0,2136.55512771108,719.576962457804,0.249103050489,0.102627604119,0.33679307082925425,46.841078083238024,0.42469753943248234,28.4874017028,1.12195933831,0.710447104914,-0.0165013836819,375.987125095,1.2607782282481423,0.0154314287485,368.360686528,1.5537217974816029,3.35926050254617,-0.16756210535237637,1.4727951154225076,-0.6042207695752659,0.06607036886156026,-1.0555131111109843,0.7651417627961181,0.8009839052501544,-0.0974885291644969,18.3532586054,18.8415679475,19.3393243378,19.8373986557,20.8715762998,21.9665971019,22.5458285611,24.0842348303,24.0842348303,25.3843361195,0.9859154929577465,0.9577464788732394,0.9295774647887324,0.9014084507042254,0.8450704225352113,0.7887323943661971,0.7605633802816901,0.6901408450704225,0.6901408450704225,0.6338028169014085,0.235766158539,-0.179928301424,-0.0371340176222,0.195576551798,-0.0124123361816,-0.113027770077,-0.0298966536303,0.209529135477,0.172234590076,-0.0963438893373,0.47619047619,0.571428571429,0.45,0.5,0.65,0.6,0.682944788754,0.036766176420980706,2.329110712976066,0.675129224632,0.0787245226320982,2.346721545151603,0.642124338686,0.06385618818964181,2.3522276615446067,0.646886106503,0.07434414322694768,2.367513799966999,0.696790256228,0.011447955220119689,2.3899138538069944,0.674357214401,0.005553103035956881,2.4224633993794273
