Well/XY,cell_id,total_distance,net_distance,linearity,spearmanrsq,progressivity,max_speed,min_speed,avg_speed,MSD_slope,hurst_RS,nongauss,disp_var,disp_skew,rw_linearity,rw_netdist,rw_kurtosis01,rw_kurtosis02,rw_kurtosis03,rw_kurtosis04,rw_kurtosis05,rw_kurtosis06,rw_kurtosis07,rw_kurtosis08,rw_kurtosis09,rw_kurtosis10,avg_moving_speed01,avg_moving_speed02,avg_moving_speed03,avg_moving_speed04,avg_moving_speed05,avg_moving_speed06,avg_moving_speed07,avg_moving_speed08,avg_moving_speed09,avg_moving_speed10,time_moving01,time_moving02,time_moving03,time_moving04,time_moving05,time_moving06,time_moving07,time_moving08,time_moving09,time_moving10,autocorr_1,autocorr_2,autocorr_3,autocorr_4,autocorr_5,autocorr_6,autocorr_7,autocorr_8,autocorr_9,autocorr_10,p_rturn_9_5,p_rturn_9_6,p_rturn_10_5,p_rturn_10_6,p_rturn_11_5,p_rturn_11_6,mean_theta_9_5,min_theta_9_5,max_theta_9_5,mean_theta_9_6,min_theta_9_6,max_theta_9_6,mean_theta_10_5,min_theta_10_5,max_theta_10_5,mean_theta_10_6,min_theta_10_6,max_theta_10_6,mean_theta_11_5,min_theta_11_5,max_theta_11_5,mean_theta_11_6,min_theta_11_6,max_theta_11_6
WellC08_Seq0013/xy10,0,1203.4893596235916,61.885478910645915,0.93684778377,0.849709970063,0.05142170839798823,19.834215386548557,0.42169183060617976,16.046524795,1.0242364538,0.538305207385,0.0968674027178,202.015894507,1.0710782446322649,0.710356252455,-135.94936538,0.03257517990280334,0.45048328358535583,0.13393887934974824,-1.174657901156036,-1.3624324432536539,-1.1613786700149649,-1.4981525072321242,-0.5353649806770142,-0.2887317377257257,-1.0613920607552827,7.77260776329,9.25265514082,10.4095098231,11.8133456138,12.6395965235,13.0780021142,13.740049752,14.4520321583,14.6702909807,15.097304717,0.9577464788732394,0.7746478873239436,0.6619718309859155,0.5492957746478874,0.49295774647887325,0.4647887323943662,0.4225352112676056,0.38028169014084506,0.36619718309859156,0.3380281690140845,0.315986812765,-0.0625816932956,-0.208350919432,-0.13888666573,-0.165608567406,0.0100046497907,0.0423042172196,-0.104720926038,0.107574568473,0.172817940817,0.52380952381,0.52380952381,0.45,0.4,0.35,0.4,0.218819244329,0.011658929066328516,0.982255960468516,0.206170571251,0.00444375634043632,0.9815596602538684,0.373802710127,0.010237082720236941,2.0621346732357035,0.355960830298,0.004806232683038297,2.0548976477453404,0.29959187001,0.0010469189718899433,1.3628866423075023,0.283505387583,0.000861708291370502,1.3730449052824736
