Well/XY,cell_id,total_distance,net_distance,linearity,spearmanrsq,progressivity,max_speed,min_speed,avg_speed,MSD_slope,hurst_RS,nongauss,disp_var,disp_skew,rw_linearity,rw_netdist,rw_kurtosis01,rw_kurtosis02,rw_kurtosis03,rw_kurtosis04,rw_kurtosis05,rw_kurtosis06,rw_kurtosis07,rw_kurtosis08,rw_kurtosis09,rw_kurtosis10,avg_moving_speed01,avg_moving_speed02,avg_moving_speed03,avg_moving_speed04,avg_moving_speed05,avg_moving_speed06,avg_moving_speed07,avg_moving_speed08,avg_moving_speed09,avg_moving_speed10,time_moving01,time_moving02,time_moving03,time_moving04,time_moving05,time_moving06,time_moving07,time_moving08,time_moving09,time_moving10,autocorr_1,autocorr_2,autocorr_3,autocorr_4,autocorr_5,autocorr_6,autocorr_7,autocorr_8,autocorr_9,autocorr_10,p_rturn_9_5,p_rturn_9_6,p_rturn_10_5,p_rturn_10_6,p_rturn_11_5,p_rturn_11_6,mean_theta_9_5,min_theta_9_5,max_theta_9_5,mean_theta_9_6,min_theta_9_6,max_theta_9_6,mean_theta_10_5,min_theta_10_5,max_theta_10_5,mean_theta_10_6,min_theta_10_6,max_theta_10_6,mean_theta_11_5,min_theta_11_5,max_theta_11_5,mean_theta_11_6,min_theta_11_6,max_theta_11_6
WellC08_Seq0013/xy08,0,420.70307858322195,51.1950192889895,0.209809813316,0.113658327217,0.12168919576580252,9.915422330894435,0.044721359549995794,5.60937438111,0.297101097347,0.760243450998,1.96835513165,72.1967568424,2.530982956362103,-0.00964736739622,-17.9619926766,5.447948875472942,3.4055976606482243,0.565631897485436,4.225233445446076,0.4070162981110679,-0.6401888986829625,0.6050599311796132,-0.6728112528039758,-0.913812740522506,0.7653020665221484,3.29661616881,4.48937073318,5.09540585623,5.49747770867,6.15660398798,6.54400524327,7.45399221894,0.0,0.0,0.0,0.4788732394366197,0.29577464788732394,0.22535211267605634,0.18309859154929578,0.11267605633802817,0.07042253521126761,0.014084507042253521,0.0,0.0,0.0,0.393867786607,0.330651231002,0.184386197305,0.331781908236,0.045505144626,-0.0281663879108,-0.0521676987643,-0.08416494523,-0.0769604429395,-0.105792778689,0.285714285714,0.285714285714,0.4,0.35,0.4,0.4,0.717203474632,0.010829581401333058,2.49396824920956,0.650565209556,0.0028025480282623436,2.5523999973180276,0.666538785898,0.0398697476793848,2.4818353764412766,0.588357035629,0.009524732899783922,2.540267124549744,0.692104212392,0.004225218108672219,2.3954985900245225,0.666494629052,0.01225225148175328,2.4205076545018653
