Well/XY,cell_id,total_distance,net_distance,linearity,spearmanrsq,progressivity,max_speed,min_speed,avg_speed,MSD_slope,hurst_RS,nongauss,disp_var,disp_skew,rw_linearity,rw_netdist,rw_kurtosis01,rw_kurtosis02,rw_kurtosis03,rw_kurtosis04,rw_kurtosis05,rw_kurtosis06,rw_kurtosis07,rw_kurtosis08,rw_kurtosis09,rw_kurtosis10,avg_moving_speed01,avg_moving_speed02,avg_moving_speed03,avg_moving_speed04,avg_moving_speed05,avg_moving_speed06,avg_moving_speed07,avg_moving_speed08,avg_moving_speed09,avg_moving_speed10,time_moving01,time_moving02,time_moving03,time_moving04,time_moving05,time_moving06,time_moving07,time_moving08,time_moving09,time_moving10,autocorr_1,autocorr_2,autocorr_3,autocorr_4,autocorr_5,autocorr_6,autocorr_7,autocorr_8,autocorr_9,autocorr_10,p_rturn_9_5,p_rturn_9_6,p_rturn_10_5,p_rturn_10_6,p_rturn_11_5,p_rturn_11_6,mean_theta_9_5,min_theta_9_5,max_theta_9_5,mean_theta_9_6,min_theta_9_6,max_theta_9_6,mean_theta_10_5,min_theta_10_5,max_theta_10_5,mean_theta_10_6,min_theta_10_6,max_theta_10_6,mean_theta_11_5,min_theta_11_5,max_theta_11_5,mean_theta_11_6,min_theta_11_6,max_theta_11_6
WellD04_Seq0020/xy11,0,1414.745589494022,193.37055101540165,0.960247043412,0.5379944023,0.13668220806015013,70.75625284029671,0.10000000000001819,18.615073546,0.867956407374,0.867087110717,1.70554170697,612.075768664,2.264347565955846,0.721808819561,-37.6364365863,6.090985497196996,8.815212651696697,7.89510503874836,-0.847723241625983,4.512573988774677,2.2258669198509136,-1.2991388166220088,-0.5353226859144087,-0.9545831774855715,-1.423611886712045,14.9051385381,20.8194475156,22.458489615,24.9652701159,25.6821207582,26.4158332538,28.8030101931,28.8030101931,28.8030101931,28.8030101931,0.7361111111111112,0.5138888888888888,0.4722222222222222,0.4166666666666667,0.4027777777777778,0.3888888888888889,0.3472222222222222,0.3472222222222222,0.3472222222222222,0.3472222222222222,0.753719476698,0.575309548411,0.472580849767,0.37016812104,0.312261440667,0.23783562496,0.255326194233,0.191109217037,0.161986489846,0.0928543692969,0.809523809524,0.619047619048,0.761904761905,0.666666666667,0.65,0.65,0.49499068291,0.0004632075735101436,2.149377451795613,0.484981138164,0.0004929421367181258,2.142106231523781,0.414716019972,0.0032406158302292765,2.0001033531787837,0.432947083702,0.0029900798557361877,1.992832132906952,0.35977517482,0.02155241034596274,2.083458427818253,0.338803145976,0.0024511842829444686,2.076187207546422
