Well/XY,cell_id,total_distance,net_distance,linearity,spearmanrsq,progressivity,max_speed,min_speed,avg_speed,MSD_slope,hurst_RS,nongauss,disp_var,disp_skew,rw_linearity,rw_netdist,rw_kurtosis01,rw_kurtosis02,rw_kurtosis03,rw_kurtosis04,rw_kurtosis05,rw_kurtosis06,rw_kurtosis07,rw_kurtosis08,rw_kurtosis09,rw_kurtosis10,avg_moving_speed01,avg_moving_speed02,avg_moving_speed03,avg_moving_speed04,avg_moving_speed05,avg_moving_speed06,avg_moving_speed07,avg_moving_speed08,avg_moving_speed09,avg_moving_speed10,time_moving01,time_moving02,time_moving03,time_moving04,time_moving05,time_moving06,time_moving07,time_moving08,time_moving09,time_moving10,autocorr_1,autocorr_2,autocorr_3,autocorr_4,autocorr_5,autocorr_6,autocorr_7,autocorr_8,autocorr_9,autocorr_10,p_rturn_9_5,p_rturn_9_6,p_rturn_10_5,p_rturn_10_6,p_rturn_11_5,p_rturn_11_6,mean_theta_9_5,min_theta_9_5,max_theta_9_5,mean_theta_9_6,min_theta_9_6,max_theta_9_6,mean_theta_10_5,min_theta_10_5,max_theta_10_5,mean_theta_10_6,min_theta_10_6,max_theta_10_6,mean_theta_11_5,min_theta_11_5,max_theta_11_5,mean_theta_11_6,min_theta_11_6,max_theta_11_6
WellD04_Seq0020/xy05,0,2520.2043055499953,232.16125861133665,0.109734323174,0.0678771155025,0.09212001507182216,38.694621073218954,1.4223923509355516,33.1605829678,0.856979538591,0.468442220979,-0.367649486707,294.033294863,0.46508179021217566,-0.122253222803,-179.350753929,-0.38458086444406536,-0.7572859739956859,-0.32246336201002457,-0.6286136156434776,-0.6703225839587024,-0.9206032386272929,-1.2094636522536228,-1.7501126946125145,-1.5487596957656773,-1.3311164159812585,21.9830657723,21.9830657723,22.2515557978,22.5208763445,22.5208763445,23.8449113119,24.1083499148,24.1083499148,24.356158282,25.6343672195,1.0,1.0,0.9861111111111112,0.9722222222222222,0.9722222222222222,0.9027777777777778,0.8888888888888888,0.8888888888888888,0.875,0.8055555555555556,0.105960752387,-0.373403497603,-0.190358457499,0.0857683692362,0.0512399753691,0.0958830153812,-0.193991393927,-0.221410434459,-7.5457242769e-07,0.208133855625,0.428571428571,0.380952380952,0.380952380952,0.380952380952,0.4,0.45,0.683165721569,0.039805588289458106,2.3548831155773327,0.637932626168,0.011257900957095704,2.324706682118501,0.558764097346,0.00940206484697472,1.7479194068783923,0.526739409269,0.013760272483458994,1.610966795128315,0.604044531077,0.0018017281925610657,1.3838778298970549,0.579893081031,0.017379959629275785,1.305949866601608
