Well/XY,cell_id,total_distance,net_distance,linearity,spearmanrsq,progressivity,max_speed,min_speed,avg_speed,MSD_slope,hurst_RS,nongauss,disp_var,disp_skew,rw_linearity,rw_netdist,rw_kurtosis01,rw_kurtosis02,rw_kurtosis03,rw_kurtosis04,rw_kurtosis05,rw_kurtosis06,rw_kurtosis07,rw_kurtosis08,rw_kurtosis09,rw_kurtosis10,avg_moving_speed01,avg_moving_speed02,avg_moving_speed03,avg_moving_speed04,avg_moving_speed05,avg_moving_speed06,avg_moving_speed07,avg_moving_speed08,avg_moving_speed09,avg_moving_speed10,time_moving01,time_moving02,time_moving03,time_moving04,time_moving05,time_moving06,time_moving07,time_moving08,time_moving09,time_moving10,autocorr_1,autocorr_2,autocorr_3,autocorr_4,autocorr_5,autocorr_6,autocorr_7,autocorr_8,autocorr_9,autocorr_10,p_rturn_9_5,p_rturn_9_6,p_rturn_10_5,p_rturn_10_6,p_rturn_11_5,p_rturn_11_6,mean_theta_9_5,min_theta_9_5,max_theta_9_5,mean_theta_9_6,min_theta_9_6,max_theta_9_6,mean_theta_10_5,min_theta_10_5,max_theta_10_5,mean_theta_10_6,min_theta_10_6,max_theta_10_6,mean_theta_11_5,min_theta_11_5,max_theta_11_5,mean_theta_11_6,min_theta_11_6,max_theta_11_6
WellD04_Seq0020/xy09,0,2339.1646205095008,282.590498070972,0.331501869624,0.289340051448,0.12080829865211457,48.952683644515346,2.192715211786543,30.7784818488,1.43877045197,0.768870087693,-0.313094926302,326.292775821,0.46907474558082457,0.0774860146697,-99.3604169918,-0.4974018276058798,-1.0577539498842923,-0.4733971958390297,-1.1768180493003975,-0.9618595099848464,-0.41065698829706987,-1.2030526650825293,-0.8126075441064233,-1.3005737562703512,0.4048153456427004,26.9597773145,26.9597773145,27.3015635616,27.6359302514,28.3141825082,28.3141825082,28.3141825082,28.630773425,28.9306881439,29.2327437336,1.0,1.0,0.9861111111111112,0.9722222222222222,0.9444444444444444,0.9444444444444444,0.9444444444444444,0.9305555555555556,0.9166666666666666,0.9027777777777778,0.597243340074,0.39751386142,0.368618054365,0.275546246855,0.102863545764,-0.0390964401369,-0.132702482517,-0.34660169173,-0.365665048396,-0.302029727291,0.47619047619,0.47619047619,0.47619047619,0.47619047619,0.55,0.5,0.75425187697,0.14709230155394576,2.111622935194074,0.722543139797,0.07123249158867404,2.150411424867227,0.746319612911,0.03516063744686216,2.057225756308784,0.722282151167,0.06184102350582199,2.096014245981937,0.775154136123,0.03381612240906392,1.9266202163039148,0.74722794583,0.009323315475415348,1.9654087059770675
