Well/XY,cell_id,total_distance,net_distance,linearity,spearmanrsq,progressivity,max_speed,min_speed,avg_speed,MSD_slope,hurst_RS,nongauss,disp_var,disp_skew,rw_linearity,rw_netdist,rw_kurtosis01,rw_kurtosis02,rw_kurtosis03,rw_kurtosis04,rw_kurtosis05,rw_kurtosis06,rw_kurtosis07,rw_kurtosis08,rw_kurtosis09,rw_kurtosis10,avg_moving_speed01,avg_moving_speed02,avg_moving_speed03,avg_moving_speed04,avg_moving_speed05,avg_moving_speed06,avg_moving_speed07,avg_moving_speed08,avg_moving_speed09,avg_moving_speed10,time_moving01,time_moving02,time_moving03,time_moving04,time_moving05,time_moving06,time_moving07,time_moving08,time_moving09,time_moving10,autocorr_1,autocorr_2,autocorr_3,autocorr_4,autocorr_5,autocorr_6,autocorr_7,autocorr_8,autocorr_9,autocorr_10,p_rturn_9_5,p_rturn_9_6,p_rturn_10_5,p_rturn_10_6,p_rturn_11_5,p_rturn_11_6,mean_theta_9_5,min_theta_9_5,max_theta_9_5,mean_theta_9_6,min_theta_9_6,max_theta_9_6,mean_theta_10_5,min_theta_10_5,max_theta_10_5,mean_theta_10_6,min_theta_10_6,max_theta_10_6,mean_theta_11_5,min_theta_11_5,max_theta_11_5,mean_theta_11_6,min_theta_11_6,max_theta_11_6
WellD04_Seq0020/xy01,0,1238.3359138374276,71.84439087360958,0.114614700602,0.102322954213,0.05801688384452486,18.46269330298263,1.0538918350570865,16.2938936031,1.14470120124,0.606766023052,-0.181464280943,115.247673586,0.7935877075061817,-0.129927174857,-130.357511164,0.08188198797393786,-0.8098199261726884,-0.8531493564584283,-1.301516981023792,-0.8424743400169161,-0.73425366412985,-0.44670762885167914,-0.8457092419536067,-1.1419930676187422,-1.117555072084408,8.53207634112,8.94972847149,9.44931796498,9.84503875646,10.6837582488,10.8882380264,11.4067238276,11.6717036332,12.5679194945,13.4351339658,1.0,0.9444444444444444,0.875,0.8194444444444444,0.7083333333333334,0.6805555555555556,0.6111111111111112,0.5694444444444444,0.4444444444444444,0.3472222222222222,-0.117712499969,0.146107615926,0.218632126045,0.117663092487,0.0420539059277,-0.202158241038,-0.0139556311082,-0.106604538633,-0.158769064643,-0.0831417902896,0.428571428571,0.47619047619,0.428571428571,0.47619047619,0.55,0.5,0.496174146638,0.02675112306151595,2.3864792318369084,0.469321001792,0.024485074707133295,2.4487748578711064,0.633310881363,0.0020255846210633028,2.3765721226576795,0.620125035281,0.009650542134605731,2.2473320321162653,0.643182085332,0.0011551091934185844,2.571026189277197,0.594293224656,0.016542692732956835,2.4417860987357822
