Well/XY,cell_id,total_distance,net_distance,linearity,spearmanrsq,progressivity,max_speed,min_speed,avg_speed,MSD_slope,hurst_RS,nongauss,disp_var,disp_skew,rw_linearity,rw_netdist,rw_kurtosis01,rw_kurtosis02,rw_kurtosis03,rw_kurtosis04,rw_kurtosis05,rw_kurtosis06,rw_kurtosis07,rw_kurtosis08,rw_kurtosis09,rw_kurtosis10,avg_moving_speed01,avg_moving_speed02,avg_moving_speed03,avg_moving_speed04,avg_moving_speed05,avg_moving_speed06,avg_moving_speed07,avg_moving_speed08,avg_moving_speed09,avg_moving_speed10,time_moving01,time_moving02,time_moving03,time_moving04,time_moving05,time_moving06,time_moving07,time_moving08,time_moving09,time_moving10,autocorr_1,autocorr_2,autocorr_3,autocorr_4,autocorr_5,autocorr_6,autocorr_7,autocorr_8,autocorr_9,autocorr_10,p_rturn_9_5,p_rturn_9_6,p_rturn_10_5,p_rturn_10_6,p_rturn_11_5,p_rturn_11_6,mean_theta_9_5,min_theta_9_5,max_theta_9_5,mean_theta_9_6,min_theta_9_6,max_theta_9_6,mean_theta_10_5,min_theta_10_5,max_theta_10_5,mean_theta_10_6,min_theta_10_6,max_theta_10_6,mean_theta_11_5,min_theta_11_5,max_theta_11_5,mean_theta_11_6,min_theta_11_6,max_theta_11_6
WellD04_Seq0020/xy10,0,2411.5530157722637,288.8725284619498,0.187255619349,0.162343054017,0.11978692841195643,36.43350743477767,3.1205550788281062,31.7309607338,1.04768573988,0.523787950558,-0.0642797919026,501.488010039,1.0125975257346371,-0.0494425541156,-104.898338719,0.8328906977226707,0.7774278516592004,0.6867915088790264,-0.7305903605852371,-1.2541718364827361,-1.4966032908044555,-1.1616975245379668,-1.2720795328911432,-1.1396712106839708,-1.1745753936683478,15.7751019506,15.7751019506,16.1534454901,16.1534454901,16.862426507,17.3993413026,18.3429648897,20.0922855868,20.3310033197,20.7972649367,1.0,1.0,0.9722222222222222,0.9722222222222222,0.9166666666666666,0.875,0.8055555555555556,0.6944444444444444,0.6805555555555556,0.6527777777777778,-0.0462823619821,-0.112895568676,-0.236051827946,-0.0405312487387,0.0522520971854,0.0948304487895,0.023896594022,0.114171653003,-0.00635659783972,0.0973350918088,0.619047619048,0.571428571429,0.619047619048,0.571428571429,0.5,0.5,0.863828013309,0.06445906039251685,2.033470896267783,0.995327206014,0.15337171410728745,1.973737457867912,0.93708680221,0.046781712755408926,2.5940333485770006,0.987447295472,0.20568298392181364,2.0708424988503387,0.925503393552,0.05721153234415478,2.3550224133223776,0.972055036155,0.041902824284915666,2.066098328090322
