Well/XY,cell_id,total_distance,net_distance,linearity,spearmanrsq,progressivity,max_speed,min_speed,avg_speed,MSD_slope,hurst_RS,nongauss,disp_var,disp_skew,rw_linearity,rw_netdist,rw_kurtosis01,rw_kurtosis02,rw_kurtosis03,rw_kurtosis04,rw_kurtosis05,rw_kurtosis06,rw_kurtosis07,rw_kurtosis08,rw_kurtosis09,rw_kurtosis10,avg_moving_speed01,avg_moving_speed02,avg_moving_speed03,avg_moving_speed04,avg_moving_speed05,avg_moving_speed06,avg_moving_speed07,avg_moving_speed08,avg_moving_speed09,avg_moving_speed10,time_moving01,time_moving02,time_moving03,time_moving04,time_moving05,time_moving06,time_moving07,time_moving08,time_moving09,time_moving10,autocorr_1,autocorr_2,autocorr_3,autocorr_4,autocorr_5,autocorr_6,autocorr_7,autocorr_8,autocorr_9,autocorr_10,p_rturn_9_5,p_rturn_9_6,p_rturn_10_5,p_rturn_10_6,p_rturn_11_5,p_rturn_11_6,mean_theta_9_5,min_theta_9_5,max_theta_9_5,mean_theta_9_6,min_theta_9_6,max_theta_9_6,mean_theta_10_5,min_theta_10_5,max_theta_10_5,mean_theta_10_6,min_theta_10_6,max_theta_10_6,mean_theta_11_5,min_theta_11_5,max_theta_11_5,mean_theta_11_6,min_theta_11_6,max_theta_11_6
WellD04_Seq0020/xy20,0,1376.0411749980663,249.27782191763472,0.574917346026,0.405521606308,0.1811557869392862,22.801740635311177,0.8562733208502978,18.1058049342,1.41431433684,0.619489166257,-0.226007481391,108.812656758,0.893973904225422,0.310223034426,24.5906915864,1.0477168258565461,-0.575264096969506,1.319167090177774,0.39656784515391763,0.6128609322614498,0.16426202618274477,0.5132246316520046,-1.378102620823075,-0.8326679332757849,-0.8971521192642711,9.88225862528,10.3718696131,10.6075818422,11.3148464328,11.65244247,12.1200973559,12.3498169828,12.8725692539,13.5393054503,14.577280869,1.0,0.9444444444444444,0.9166666666666666,0.8333333333333334,0.7916666666666666,0.7361111111111112,0.7083333333333334,0.6388888888888888,0.5555555555555556,0.4444444444444444,-0.0182076959898,-0.0661683706667,0.117555745257,0.133182813343,-0.063684523418,-0.0697410923556,0.200608573063,0.163206285597,-0.150204909956,-0.253084770497,0.47619047619,0.47619047619,0.47619047619,0.47619047619,0.45,0.45,0.822263031959,0.008801707291870086,2.1640919517817774,0.858596195815,0.003960520974638166,2.204338000439175,0.82206109901,0.0020157925736515618,2.190247300683036,0.857558204808,0.0055612136172893635,2.2549224214512167,0.931454078045,0.02015735310149914,2.319815789877743,0.958213104069,0.007763604126320302,2.3844909106459236
