Well/XY,cell_id,total_distance,net_distance,linearity,spearmanrsq,progressivity,max_speed,min_speed,avg_speed,MSD_slope,hurst_RS,nongauss,disp_var,disp_skew,rw_linearity,rw_netdist,rw_kurtosis01,rw_kurtosis02,rw_kurtosis03,rw_kurtosis04,rw_kurtosis05,rw_kurtosis06,rw_kurtosis07,rw_kurtosis08,rw_kurtosis09,rw_kurtosis10,avg_moving_speed01,avg_moving_speed02,avg_moving_speed03,avg_moving_speed04,avg_moving_speed05,avg_moving_speed06,avg_moving_speed07,avg_moving_speed08,avg_moving_speed09,avg_moving_speed10,time_moving01,time_moving02,time_moving03,time_moving04,time_moving05,time_moving06,time_moving07,time_moving08,time_moving09,time_moving10,autocorr_1,autocorr_2,autocorr_3,autocorr_4,autocorr_5,autocorr_6,autocorr_7,autocorr_8,autocorr_9,autocorr_10,p_rturn_9_5,p_rturn_9_6,p_rturn_10_5,p_rturn_10_6,p_rturn_11_5,p_rturn_11_6,mean_theta_9_5,min_theta_9_5,max_theta_9_5,mean_theta_9_6,min_theta_9_6,max_theta_9_6,mean_theta_10_5,min_theta_10_5,max_theta_10_5,mean_theta_10_6,min_theta_10_6,max_theta_10_6,mean_theta_11_5,min_theta_11_5,max_theta_11_5,mean_theta_11_6,min_theta_11_6,max_theta_11_6
WellB05_Seq0003/xy17,0,1734.0084851093818,296.3673278214047,8.75332331494e-05,0.120932547652,0.17091457761967627,41.93223371107244,1.379120009281281,23.1201131348,1.22837243662,0.694701778595,0.751816493102,495.401840035,1.9238150995118055,-0.207732898259,11.3234295047,4.202256941014077,0.7579258604147716,0.3620922364811814,3.9721896108857333,-0.8946680083455392,0.10971255349353992,-1.4176938950831115,-1.2181908922843212,-1.1943372947856477,-1.1825530411273906,12.5198323371,13.1759066949,14.2129773781,14.5745355913,16.1590668545,17.0878295691,18.3513487168,19.4892103625,19.7733112661,20.0573598337,1.0,0.9436619718309859,0.8591549295774648,0.8309859154929577,0.7183098591549296,0.6619718309859155,0.5915492957746479,0.5352112676056338,0.5211267605633803,0.5070422535211268,0.183534885562,0.252376283254,0.419898980698,0.115103689946,0.118043208423,0.0670543125061,0.0346470139849,-0.168949637761,-0.0280332820379,-0.161939365269,0.666666666667,0.714285714286,0.7,0.7,0.75,0.75,0.517211458302,0.13980165730390337,1.2512710767435105,0.479955186141,0.06952789463000945,1.2609337193335453,0.535735189201,0.04588156389236513,1.847976635955618,0.488418657508,0.036218921302335436,1.8237727382993263,0.413949091484,0.10303584957324832,0.8821708221371101,0.370019213816,0.06992831244047965,0.9141032437071295
