Well/XY,cell_id,total_distance,net_distance,linearity,spearmanrsq,progressivity,max_speed,min_speed,avg_speed,MSD_slope,hurst_RS,nongauss,disp_var,disp_skew,rw_linearity,rw_netdist,rw_kurtosis01,rw_kurtosis02,rw_kurtosis03,rw_kurtosis04,rw_kurtosis05,rw_kurtosis06,rw_kurtosis07,rw_kurtosis08,rw_kurtosis09,rw_kurtosis10,avg_moving_speed01,avg_moving_speed02,avg_moving_speed03,avg_moving_speed04,avg_moving_speed05,avg_moving_speed06,avg_moving_speed07,avg_moving_speed08,avg_moving_speed09,avg_moving_speed10,time_moving01,time_moving02,time_moving03,time_moving04,time_moving05,time_moving06,time_moving07,time_moving08,time_moving09,time_moving10,autocorr_1,autocorr_2,autocorr_3,autocorr_4,autocorr_5,autocorr_6,autocorr_7,autocorr_8,autocorr_9,autocorr_10,p_rturn_9_5,p_rturn_9_6,p_rturn_10_5,p_rturn_10_6,p_rturn_11_5,p_rturn_11_6,mean_theta_9_5,min_theta_9_5,max_theta_9_5,mean_theta_9_6,min_theta_9_6,max_theta_9_6,mean_theta_10_5,min_theta_10_5,max_theta_10_5,mean_theta_10_6,min_theta_10_6,max_theta_10_6,mean_theta_11_5,min_theta_11_5,max_theta_11_5,mean_theta_11_6,min_theta_11_6,max_theta_11_6
WellB05_Seq0003/xy16,0,1196.04142212881,187.61986808437962,0.154839379286,0.116498912936,0.15686736647501623,26.71965935411605,0.4411076966002908,15.9472189617,1.28470165549,0.683992682864,1.01702975048,213.47518551,2.4498075308267238,-0.0690436545372,-8.99065166767,6.808193801474131,7.696683938085162,1.8746834015753722,3.495400880514117,4.466845909972338,4.281362952023604,1.9765814722165977,2.670050604744742,-1.0671875540114888,1.0264540759853888,7.7633949764,8.03562466175,8.48384600886,9.68566650027,10.2528495972,10.8403148046,11.5876516412,13.3003335943,14.3254311282,15.8471812591,0.9859154929577465,0.9436619718309859,0.8732394366197183,0.704225352112676,0.6338028169014085,0.5633802816901409,0.4788732394366197,0.3380281690140845,0.28169014084507044,0.2112676056338028,0.261602887235,-0.117880722842,-0.0464554134457,0.241980051123,0.104129274091,0.00026871072058,-0.0971699861842,-0.204806988042,-0.133744500389,-0.042344856798,0.47619047619,0.47619047619,0.65,0.65,0.55,0.55,0.331631743794,0.020799461235984296,1.4912711223535546,0.307351379396,0.005469109521944146,1.3902602824959307,0.27282857654,0.004678888325353528,1.1053619932469592,0.254089406592,0.002369827462022403,1.004351153389335,0.323340644917,0.006895309042030154,1.0409487725168027,0.304239641431,0.017709104404351396,0.9976884686698276
