Well/XY,cell_id,total_distance,net_distance,linearity,spearmanrsq,progressivity,max_speed,min_speed,avg_speed,MSD_slope,hurst_RS,nongauss,disp_var,disp_skew,rw_linearity,rw_netdist,rw_kurtosis01,rw_kurtosis02,rw_kurtosis03,rw_kurtosis04,rw_kurtosis05,rw_kurtosis06,rw_kurtosis07,rw_kurtosis08,rw_kurtosis09,rw_kurtosis10,avg_moving_speed01,avg_moving_speed02,avg_moving_speed03,avg_moving_speed04,avg_moving_speed05,avg_moving_speed06,avg_moving_speed07,avg_moving_speed08,avg_moving_speed09,avg_moving_speed10,time_moving01,time_moving02,time_moving03,time_moving04,time_moving05,time_moving06,time_moving07,time_moving08,time_moving09,time_moving10,autocorr_1,autocorr_2,autocorr_3,autocorr_4,autocorr_5,autocorr_6,autocorr_7,autocorr_8,autocorr_9,autocorr_10,p_rturn_9_5,p_rturn_9_6,p_rturn_10_5,p_rturn_10_6,p_rturn_11_5,p_rturn_11_6,mean_theta_9_5,min_theta_9_5,max_theta_9_5,mean_theta_9_6,min_theta_9_6,max_theta_9_6,mean_theta_10_5,min_theta_10_5,max_theta_10_5,mean_theta_10_6,min_theta_10_6,max_theta_10_6,mean_theta_11_5,min_theta_11_5,max_theta_11_5,mean_theta_11_6,min_theta_11_6,max_theta_11_6
WellB05_Seq0003/xy01,0,1543.3532448562783,677.625479154968,0.885123920656,0.857513699491,0.439060520599139,31.831116851282474,1.259999999999991,20.5780432648,1.46274805583,0.705385306295,0.0746530710194,236.694885973,1.3034768229929157,0.641131073416,423.922323045,1.0547582428717632,-0.5638694991054449,-0.9237588923310058,-0.7042544197517868,-0.5453063307266044,-0.17382216002382478,-0.5518100535878507,-0.9875033458022022,-0.8978678322710296,0.03349521394914978,12.5002229479,12.5002229479,12.9517819389,14.4032919268,15.7375283456,16.8355782047,17.77535461,19.1349466076,19.4279445128,19.7018588963,1.0,1.0,0.9577464788732394,0.8309859154929577,0.7323943661971831,0.6619718309859155,0.6056338028169014,0.5352112676056338,0.5211267605633803,0.5070422535211268,0.246168172252,-0.0515995643849,0.119390704975,0.0267181743675,-0.0136536001989,-0.120086068463,-0.17601308411,-0.0386154056811,-0.0670138223517,-0.182549023449,0.52380952381,0.52380952381,0.7,0.7,0.789473684211,0.736842105263,0.461949001387,0.036097282442943815,2.0674913138913347,0.516153210838,0.05548029818932093,2.139164372527175,0.547608397851,0.006445677516052692,1.9455984487779077,0.477003504017,0.01019765616233091,1.5668024012710906,0.508757865693,0.10315742953352745,1.2539430948648143,0.458518553125,0.10651339471722923,1.3377517750305583
