Well/XY,cell_id,total_distance,net_distance,linearity,spearmanrsq,progressivity,max_speed,min_speed,avg_speed,MSD_slope,hurst_RS,nongauss,disp_var,disp_skew,rw_linearity,rw_netdist,rw_kurtosis01,rw_kurtosis02,rw_kurtosis03,rw_kurtosis04,rw_kurtosis05,rw_kurtosis06,rw_kurtosis07,rw_kurtosis08,rw_kurtosis09,rw_kurtosis10,avg_moving_speed01,avg_moving_speed02,avg_moving_speed03,avg_moving_speed04,avg_moving_speed05,avg_moving_speed06,avg_moving_speed07,avg_moving_speed08,avg_moving_speed09,avg_moving_speed10,time_moving01,time_moving02,time_moving03,time_moving04,time_moving05,time_moving06,time_moving07,time_moving08,time_moving09,time_moving10,autocorr_1,autocorr_2,autocorr_3,autocorr_4,autocorr_5,autocorr_6,autocorr_7,autocorr_8,autocorr_9,autocorr_10,p_rturn_9_5,p_rturn_9_6,p_rturn_10_5,p_rturn_10_6,p_rturn_11_5,p_rturn_11_6,mean_theta_9_5,min_theta_9_5,max_theta_9_5,mean_theta_9_6,min_theta_9_6,max_theta_9_6,mean_theta_10_5,min_theta_10_5,max_theta_10_5,mean_theta_10_6,min_theta_10_6,max_theta_10_6,mean_theta_11_5,min_theta_11_5,max_theta_11_5,mean_theta_11_6,min_theta_11_6,max_theta_11_6
WellE07_Seq0014/xy01,0,2847.1921598385075,1253.9600003588632,0.511378880933,0.588351339236,0.4404198698095557,46.82515563241622,1.7088007490634638,37.4630547347,1.41219192318,0.752218276528,-0.342431700719,428.078612881,0.42401999090830605,0.276829289038,789.055717319,-0.5653162167201535,-0.5470584220269501,-0.7494859242638543,-1.134390431031315,-0.9571802700551308,-0.822887763394244,-1.1115206203011878,-1.385390861518675,-0.5223438947332566,-0.718025810407922,25.7792742946,25.7792742946,26.7882122298,27.4890394133,27.4890394133,27.8160947248,28.1458229414,28.467068317,28.7893615026,29.4166466445,1.0,1.0,0.9583333333333334,0.9305555555555556,0.9305555555555556,0.9166666666666666,0.9027777777777778,0.8888888888888888,0.875,0.8472222222222222,0.198007638431,0.191936423641,0.309402526287,0.129072525708,0.0242738532458,0.0173236588254,-0.0567085688215,-0.16084470853,0.0142125699912,0.0635107547604,0.52380952381,0.52380952381,0.47619047619,0.47619047619,0.55,0.55,0.941708131377,0.005675241476246376,2.370769724802208,0.972101578426,0.06869901903150383,2.3905009090432188,0.952685935921,0.07810208946417181,2.3163766674902377,0.982307782657,0.08405622894036223,2.336201157065473,1.10306411259,0.2468271743984089,2.455727984695868,1.13128501564,0.2527813138745949,2.5145326381854995
