Well/XY,cell_id,total_distance,net_distance,linearity,spearmanrsq,progressivity,max_speed,min_speed,avg_speed,MSD_slope,hurst_RS,nongauss,disp_var,disp_skew,rw_linearity,rw_netdist,rw_kurtosis01,rw_kurtosis02,rw_kurtosis03,rw_kurtosis04,rw_kurtosis05,rw_kurtosis06,rw_kurtosis07,rw_kurtosis08,rw_kurtosis09,rw_kurtosis10,avg_moving_speed01,avg_moving_speed02,avg_moving_speed03,avg_moving_speed04,avg_moving_speed05,avg_moving_speed06,avg_moving_speed07,avg_moving_speed08,avg_moving_speed09,avg_moving_speed10,time_moving01,time_moving02,time_moving03,time_moving04,time_moving05,time_moving06,time_moving07,time_moving08,time_moving09,time_moving10,autocorr_1,autocorr_2,autocorr_3,autocorr_4,autocorr_5,autocorr_6,autocorr_7,autocorr_8,autocorr_9,autocorr_10,p_rturn_9_5,p_rturn_9_6,p_rturn_10_5,p_rturn_10_6,p_rturn_11_5,p_rturn_11_6,mean_theta_9_5,min_theta_9_5,max_theta_9_5,mean_theta_9_6,min_theta_9_6,max_theta_9_6,mean_theta_10_5,min_theta_10_5,max_theta_10_5,mean_theta_10_6,min_theta_10_6,max_theta_10_6,mean_theta_11_5,min_theta_11_5,max_theta_11_5,mean_theta_11_6,min_theta_11_6,max_theta_11_6
WellE07_Seq0014/xy12,0,3782.4147470778157,134.8270373478556,0.336477183372,0.29762495992,0.03564575710583274,51.804347307923855,1.9274688064920689,49.7686150931,1.24091515735,0.594074542028,-0.254006624053,825.387413161,0.7303618584029596,0.117578933926,-482.785233771,0.3239263507699772,-0.9681723780058524,-0.7370365854630316,-1.1414472568282463,-0.5090152734890254,0.05466176671002154,-0.26130343105347853,1.3925256519774338,-0.7640091847694714,-0.4721526489538834,31.3241911363,31.3241911363,31.3241911363,31.3241911363,31.7048790915,32.0848838358,32.0848838358,32.0848838358,32.0848838358,32.416485192,1.0,1.0,1.0,1.0,0.9861111111111112,0.9722222222222222,0.9722222222222222,0.9722222222222222,0.9722222222222222,0.9583333333333334,0.204866438099,0.00884536805854,-0.12833640041,-0.222950966719,-0.0528398801588,-0.019533455759,0.0212014076206,0.169049391765,-0.145548659487,-0.0433519616438,0.428571428571,0.47619047619,0.380952380952,0.380952380952,0.45,0.45,0.670450109831,0.0870647578001518,1.9888388747628103,0.574961679175,0.0018068492938966868,2.0392547830844823,0.88224043461,0.052018554209999054,2.2464079135483965,0.796086054013,0.01598798716020281,2.272330398982909,0.822099562782,0.04958305034339046,2.2298958699741127,0.730100017396,0.029680583723682877,2.255818355408625
