Well/XY,cell_id,total_distance,net_distance,linearity,spearmanrsq,progressivity,max_speed,min_speed,avg_speed,MSD_slope,hurst_RS,nongauss,disp_var,disp_skew,rw_linearity,rw_netdist,rw_kurtosis01,rw_kurtosis02,rw_kurtosis03,rw_kurtosis04,rw_kurtosis05,rw_kurtosis06,rw_kurtosis07,rw_kurtosis08,rw_kurtosis09,rw_kurtosis10,avg_moving_speed01,avg_moving_speed02,avg_moving_speed03,avg_moving_speed04,avg_moving_speed05,avg_moving_speed06,avg_moving_speed07,avg_moving_speed08,avg_moving_speed09,avg_moving_speed10,time_moving01,time_moving02,time_moving03,time_moving04,time_moving05,time_moving06,time_moving07,time_moving08,time_moving09,time_moving10,autocorr_1,autocorr_2,autocorr_3,autocorr_4,autocorr_5,autocorr_6,autocorr_7,autocorr_8,autocorr_9,autocorr_10,p_rturn_9_5,p_rturn_9_6,p_rturn_10_5,p_rturn_10_6,p_rturn_11_5,p_rturn_11_6,mean_theta_9_5,min_theta_9_5,max_theta_9_5,mean_theta_9_6,min_theta_9_6,max_theta_9_6,mean_theta_10_5,min_theta_10_5,max_theta_10_5,mean_theta_10_6,min_theta_10_6,max_theta_10_6,mean_theta_11_5,min_theta_11_5,max_theta_11_5,mean_theta_11_6,min_theta_11_6,max_theta_11_6
WellE07_Seq0014/xy25,0,925.175347527594,107.14192690072372,0.528099270863,0.362555141902,0.11580715719138651,10.167870966923203,0.5025693981929105,12.1733598359,0.871421634724,0.61001641559,-0.136724732018,61.8888785443,0.9797653529260214,0.274254244442,-43.9254958379,0.4115395395940986,-0.8470578594174953,-0.6037685325488158,0.7583611507004839,0.41739749195246345,0.7122538634119939,1.022655230664232,-0.7961045970452885,1.379127472524698,-1.0958503204299719,4.67727745969,4.96828857478,5.64836853083,6.33030679841,6.87088889839,7.72784302597,8.98008718659,10.2976407856,10.712184088,10.712184088,0.9722222222222222,0.8888888888888888,0.6944444444444444,0.5277777777777778,0.4166666666666667,0.25,0.125,0.06944444444444445,0.05555555555555555,0.05555555555555555,-0.151717805541,0.0953421689033,-0.180707451769,0.108397917808,0.0564746378518,0.111444624576,-0.126751617904,0.162851125061,-0.0988773040139,0.109662112804,0.428571428571,0.428571428571,0.428571428571,0.380952380952,0.35,0.3,0.804652904951,0.03745744961682247,2.0286321776495253,0.731002116432,0.02417116305830843,1.8958243644020452,0.805028303065,0.14705142300826193,1.559780190598184,0.729312314367,0.049040368181923845,1.2984268606085174,0.797784687913,0.08680438618237928,2.1959655863679552,0.769132791896,0.01484561274776255,2.4016264793511533
