Well/XY,cell_id,total_distance,net_distance,linearity,spearmanrsq,progressivity,max_speed,min_speed,avg_speed,MSD_slope,hurst_RS,nongauss,disp_var,disp_skew,rw_linearity,rw_netdist,rw_kurtosis01,rw_kurtosis02,rw_kurtosis03,rw_kurtosis04,rw_kurtosis05,rw_kurtosis06,rw_kurtosis07,rw_kurtosis08,rw_kurtosis09,rw_kurtosis10,avg_moving_speed01,avg_moving_speed02,avg_moving_speed03,avg_moving_speed04,avg_moving_speed05,avg_moving_speed06,avg_moving_speed07,avg_moving_speed08,avg_moving_speed09,avg_moving_speed10,time_moving01,time_moving02,time_moving03,time_moving04,time_moving05,time_moving06,time_moving07,time_moving08,time_moving09,time_moving10,autocorr_1,autocorr_2,autocorr_3,autocorr_4,autocorr_5,autocorr_6,autocorr_7,autocorr_8,autocorr_9,autocorr_10,p_rturn_9_5,p_rturn_9_6,p_rturn_10_5,p_rturn_10_6,p_rturn_11_5,p_rturn_11_6,mean_theta_9_5,min_theta_9_5,max_theta_9_5,mean_theta_9_6,min_theta_9_6,max_theta_9_6,mean_theta_10_5,min_theta_10_5,max_theta_10_5,mean_theta_10_6,min_theta_10_6,max_theta_10_6,mean_theta_11_5,min_theta_11_5,max_theta_11_5,mean_theta_11_6,min_theta_11_6,max_theta_11_6
WellD10_Seq0026/xy06,0,3573.5796011178268,1003.3686672405114,0.354801166512,0.277901864927,0.28077411985636325,61.42273520448274,0.09999999999997271,47.0207842252,1.19191559801,0.763932226511,-0.258622780546,768.258980355,0.6849097990490537,0.0961719082899,419.856080427,0.4903192124688509,-0.5165367908844503,0.10671010076211873,-0.8768803607381477,-0.4025272512449307,-0.227229226015234,-1.2774844077536984,-1.0955834405952067,0.15945166336658945,-0.8671704952688635,34.3914398754,34.3914398754,35.311462053,37.2336276629,38.2464391806,38.2464391806,38.2464391806,39.2346278578,39.7418856971,40.2499290049,1.0,1.0,0.9722222222222222,0.9166666666666666,0.8888888888888888,0.8888888888888888,0.8888888888888888,0.8611111111111112,0.8472222222222222,0.8333333333333334,0.273530508485,0.206615133423,0.143520638723,0.191305287487,0.211070642211,-0.00820053453557,-0.167275657532,-0.172555116333,-0.037088143669,-0.0447524325847,0.47619047619,0.47619047619,0.47619047619,0.47619047619,0.45,0.45,1.0036252728,0.06339677174234394,2.6210317961699463,0.94766158263,0.05003667818358962,2.1628310685523466,1.07004169974,0.15455386974344248,2.685926150870021,1.02004579485,0.04222128027538301,2.227725423252421,1.00015063425,0.06910644607748655,2.8417883585198283,0.946161840991,0.037311380939430185,2.383587630902228
