Well/XY,cell_id,total_distance,net_distance,linearity,spearmanrsq,progressivity,max_speed,min_speed,avg_speed,MSD_slope,hurst_RS,nongauss,disp_var,disp_skew,rw_linearity,rw_netdist,rw_kurtosis01,rw_kurtosis02,rw_kurtosis03,rw_kurtosis04,rw_kurtosis05,rw_kurtosis06,rw_kurtosis07,rw_kurtosis08,rw_kurtosis09,rw_kurtosis10,avg_moving_speed01,avg_moving_speed02,avg_moving_speed03,avg_moving_speed04,avg_moving_speed05,avg_moving_speed06,avg_moving_speed07,avg_moving_speed08,avg_moving_speed09,avg_moving_speed10,time_moving01,time_moving02,time_moving03,time_moving04,time_moving05,time_moving06,time_moving07,time_moving08,time_moving09,time_moving10,autocorr_1,autocorr_2,autocorr_3,autocorr_4,autocorr_5,autocorr_6,autocorr_7,autocorr_8,autocorr_9,autocorr_10,p_rturn_9_5,p_rturn_9_6,p_rturn_10_5,p_rturn_10_6,p_rturn_11_5,p_rturn_11_6,mean_theta_9_5,min_theta_9_5,max_theta_9_5,mean_theta_9_6,min_theta_9_6,max_theta_9_6,mean_theta_10_5,min_theta_10_5,max_theta_10_5,mean_theta_10_6,min_theta_10_6,max_theta_10_6,mean_theta_11_5,min_theta_11_5,max_theta_11_5,mean_theta_11_6,min_theta_11_6,max_theta_11_6
WellD10_Seq0026/xy01,0,2730.293597955651,239.5031709602192,0.0262549412995,0.00804604943956,0.08772066533047979,37.48259270648175,3.1703942972444157,35.9249157626,0.702130654035,0.731173747219,-0.371960966481,299.999244795,0.6269749571323333,-0.195822796139,-206.313309413,0.9333753743723303,0.22757545959291337,0.30081074570522937,1.1388697357372672,-0.3314398315756626,1.8538682238946826,1.765147063869831,-0.08305626611796901,-0.6391292970782376,-1.2968352856010852,28.9652282166,28.9652282166,29.3362538175,29.7132379372,29.7132379372,30.0710600097,30.7913763245,30.7913763245,30.7913763245,30.7913763245,0.9861111111111112,0.9861111111111112,0.9722222222222222,0.9583333333333334,0.9583333333333334,0.9444444444444444,0.9166666666666666,0.9166666666666666,0.9166666666666666,0.9166666666666666,0.159405374766,0.195127557172,0.138075018435,0.0374289040786,-0.00487843658522,0.0379660195879,-0.105164696561,-0.0290708217254,-0.030453668132,-0.0294609530509,0.47619047619,0.47619047619,0.428571428571,0.428571428571,0.45,0.4,1.1183536372,0.011074499989425153,2.151033862030925,1.05522220097,0.00651007186184954,2.2660389913137404,1.08227090425,0.06026195554183203,2.0374093206564203,1.0378652214,0.05569752741427464,1.916983129297286,1.09460420045,0.03348964847995066,2.552892032782529,1.05403563963,0.02892522035239338,2.4391528016833575
