Well/XY,cell_id,total_distance,net_distance,linearity,spearmanrsq,progressivity,max_speed,min_speed,avg_speed,MSD_slope,hurst_RS,nongauss,disp_var,disp_skew,rw_linearity,rw_netdist,rw_kurtosis01,rw_kurtosis02,rw_kurtosis03,rw_kurtosis04,rw_kurtosis05,rw_kurtosis06,rw_kurtosis07,rw_kurtosis08,rw_kurtosis09,rw_kurtosis10,avg_moving_speed01,avg_moving_speed02,avg_moving_speed03,avg_moving_speed04,avg_moving_speed05,avg_moving_speed06,avg_moving_speed07,avg_moving_speed08,avg_moving_speed09,avg_moving_speed10,time_moving01,time_moving02,time_moving03,time_moving04,time_moving05,time_moving06,time_moving07,time_moving08,time_moving09,time_moving10,autocorr_1,autocorr_2,autocorr_3,autocorr_4,autocorr_5,autocorr_6,autocorr_7,autocorr_8,autocorr_9,autocorr_10,p_rturn_9_5,p_rturn_9_6,p_rturn_10_5,p_rturn_10_6,p_rturn_11_5,p_rturn_11_6,mean_theta_9_5,min_theta_9_5,max_theta_9_5,mean_theta_9_6,min_theta_9_6,max_theta_9_6,mean_theta_10_5,min_theta_10_5,max_theta_10_5,mean_theta_10_6,min_theta_10_6,max_theta_10_6,mean_theta_11_5,min_theta_11_5,max_theta_11_5,mean_theta_11_6,min_theta_11_6,max_theta_11_6
WellD05_Seq0021/xy19,0,2349.814840902982,1020.6581420338547,0.372805210236,0.537602996017,0.43435683708663547,42.27231439133655,4.40010227153869,30.9186163277,1.46869868184,0.625184465731,-0.172702489094,448.345874891,0.681222564870764,0.107612980695,636.968203822,-0.08473192987677525,-0.8593817765545562,0.6066313724636396,-0.56780787073482,-0.8421627131076095,-0.44150416816474225,-0.20581235924179708,0.2093304840948229,-1.420660935088582,-1.1686082635390922,23.2687252755,23.2687252755,23.5675887519,23.5675887519,23.5675887519,23.5675887519,23.5675887519,23.5675887519,23.5675887519,24.4100731359,1.0,1.0,0.9861111111111112,0.9861111111111112,0.9861111111111112,0.9861111111111112,0.9861111111111112,0.9861111111111112,0.9861111111111112,0.9305555555555556,0.136020600845,-0.163801396894,0.0179177124616,0.064563215754,-0.196414952098,-0.133744055752,-0.173271870649,-0.0347936535774,0.0327253167673,0.0980471106232,0.666666666667,0.571428571429,0.619047619048,0.52380952381,0.6,0.6,0.835312123799,0.018909063637010143,2.5828689065291957,0.738349840472,0.0021541367819587123,2.5304622852342824,0.934648473434,0.06804057589802805,2.825552151873176,0.838851651989,0.08800069116925846,2.8292685476058663,1.07052182764,0.002932282817986971,2.739309810599634,0.977689108701,0.020624557627074158,2.7430262063323245
