Well/XY,cell_id,total_distance,net_distance,linearity,spearmanrsq,progressivity,max_speed,min_speed,avg_speed,MSD_slope,hurst_RS,nongauss,disp_var,disp_skew,rw_linearity,rw_netdist,rw_kurtosis01,rw_kurtosis02,rw_kurtosis03,rw_kurtosis04,rw_kurtosis05,rw_kurtosis06,rw_kurtosis07,rw_kurtosis08,rw_kurtosis09,rw_kurtosis10,avg_moving_speed01,avg_moving_speed02,avg_moving_speed03,avg_moving_speed04,avg_moving_speed05,avg_moving_speed06,avg_moving_speed07,avg_moving_speed08,avg_moving_speed09,avg_moving_speed10,time_moving01,time_moving02,time_moving03,time_moving04,time_moving05,time_moving06,time_moving07,time_moving08,time_moving09,time_moving10,autocorr_1,autocorr_2,autocorr_3,autocorr_4,autocorr_5,autocorr_6,autocorr_7,autocorr_8,autocorr_9,autocorr_10,p_rturn_9_5,p_rturn_9_6,p_rturn_10_5,p_rturn_10_6,p_rturn_11_5,p_rturn_11_6,mean_theta_9_5,min_theta_9_5,max_theta_9_5,mean_theta_9_6,min_theta_9_6,max_theta_9_6,mean_theta_10_5,min_theta_10_5,max_theta_10_5,mean_theta_10_6,min_theta_10_6,max_theta_10_6,mean_theta_11_5,min_theta_11_5,max_theta_11_5,mean_theta_11_6,min_theta_11_6,max_theta_11_6
WellD05_Seq0021/xy18,0,1561.1817149606575,379.0350593282896,4.18701650632e-05,1.13236018605e-05,0.24278727818551313,25.326735675961082,2.4795523789587586,20.5418646705,1.18759045491,0.700705020427,-0.390700748558,100.80517242,0.48959993587832285,-0.225046711711,124.117222687,-0.20325371540801385,-0.6542759034817149,-0.6359653234683611,-0.3787541336272766,-0.6153264273240904,-0.8974897396484329,-0.5704183408536259,-0.9102608559924756,-0.6989017368122332,-0.1637818794579431,17.5705437072,17.5705437072,17.7819400479,17.7819400479,17.9706055445,17.9706055445,17.9706055445,18.1295629442,18.4100051819,18.5443118461,1.0,1.0,0.9861111111111112,0.9861111111111112,0.9722222222222222,0.9722222222222222,0.9722222222222222,0.9583333333333334,0.9305555555555556,0.9166666666666666,0.329776468151,0.11770842847,0.0291316466385,-0.243343283543,-0.144277385991,-0.0826942837147,0.0896218347394,0.133040738346,0.0204356582167,-0.0415447075078,0.428571428571,0.428571428571,0.380952380952,0.380952380952,0.4,0.45,0.9619444704,0.07145300642299883,2.2507925163539726,0.95378735237,0.010881094133256842,2.253720546619903,1.01416488443,0.09580573616669748,2.116940926539451,1.00648415417,0.035233823876952806,2.093864847869233,1.06371686866,0.13044119874053317,2.093714602268443,1.05677155093,0.11134973303648363,1.9172703641412225
