Well/XY,cell_id,total_distance,net_distance,linearity,spearmanrsq,progressivity,max_speed,min_speed,avg_speed,MSD_slope,hurst_RS,nongauss,disp_var,disp_skew,rw_linearity,rw_netdist,rw_kurtosis01,rw_kurtosis02,rw_kurtosis03,rw_kurtosis04,rw_kurtosis05,rw_kurtosis06,rw_kurtosis07,rw_kurtosis08,rw_kurtosis09,rw_kurtosis10,avg_moving_speed01,avg_moving_speed02,avg_moving_speed03,avg_moving_speed04,avg_moving_speed05,avg_moving_speed06,avg_moving_speed07,avg_moving_speed08,avg_moving_speed09,avg_moving_speed10,time_moving01,time_moving02,time_moving03,time_moving04,time_moving05,time_moving06,time_moving07,time_moving08,time_moving09,time_moving10,autocorr_1,autocorr_2,autocorr_3,autocorr_4,autocorr_5,autocorr_6,autocorr_7,autocorr_8,autocorr_9,autocorr_10,p_rturn_9_5,p_rturn_9_6,p_rturn_10_5,p_rturn_10_6,p_rturn_11_5,p_rturn_11_6,mean_theta_9_5,min_theta_9_5,max_theta_9_5,mean_theta_9_6,min_theta_9_6,max_theta_9_6,mean_theta_10_5,min_theta_10_5,max_theta_10_5,mean_theta_10_6,min_theta_10_6,max_theta_10_6,mean_theta_11_5,min_theta_11_5,max_theta_11_5,mean_theta_11_6,min_theta_11_6,max_theta_11_6
WellD05_Seq0021/xy06,0,3211.216630882348,766.7668331376886,0.620134384338,0.446298359491,0.23877767253808835,63.68167083235177,0.2209072203437296,42.2528504063,1.30261554554,0.846579970571,-0.143405247854,1089.00913457,0.5997072543456504,0.377713945889,242.422748982,-0.6510817387838439,-1.1412259537824077,-1.4947116126766204,-1.314749124502572,-1.5126124950771715,-1.0802911954666001,-0.7906943490635654,-1.2645638315356265,0.03938392910029487,-1.403763218658015,33.0421252219,33.9475675641,34.8806587674,36.8559400678,36.8559400678,37.8831587587,39.5119289666,40.077528825,42.452729784,43.0783603661,0.9861111111111112,0.9583333333333334,0.9305555555555556,0.875,0.875,0.8472222222222222,0.8055555555555556,0.7916666666666666,0.7361111111111112,0.7222222222222222,0.600527903711,0.253117763292,-0.00112211022153,0.00917566936126,0.110746301093,0.133268614698,0.163128256467,0.170746452182,0.208094412722,0.179697500743,0.571428571429,0.52380952381,0.666666666667,0.619047619048,0.6,0.55,0.501537283475,0.011622580060325828,1.6310966854634341,0.495088658455,0.060677981730521045,1.4859576603376146,0.516773639661,0.01713250389558031,1.7632198653190556,0.511429590156,0.03660472576144869,1.6316697505678959,0.600399207453,0.035543252655162415,1.9165429919956327,0.600462017653,0.006953413750110736,1.784992877244473
