Well/XY,cell_id,total_distance,net_distance,linearity,spearmanrsq,progressivity,max_speed,min_speed,avg_speed,MSD_slope,hurst_RS,nongauss,disp_var,disp_skew,rw_linearity,rw_netdist,rw_kurtosis01,rw_kurtosis02,rw_kurtosis03,rw_kurtosis04,rw_kurtosis05,rw_kurtosis06,rw_kurtosis07,rw_kurtosis08,rw_kurtosis09,rw_kurtosis10,avg_moving_speed01,avg_moving_speed02,avg_moving_speed03,avg_moving_speed04,avg_moving_speed05,avg_moving_speed06,avg_moving_speed07,avg_moving_speed08,avg_moving_speed09,avg_moving_speed10,time_moving01,time_moving02,time_moving03,time_moving04,time_moving05,time_moving06,time_moving07,time_moving08,time_moving09,time_moving10,autocorr_1,autocorr_2,autocorr_3,autocorr_4,autocorr_5,autocorr_6,autocorr_7,autocorr_8,autocorr_9,autocorr_10,p_rturn_9_5,p_rturn_9_6,p_rturn_10_5,p_rturn_10_6,p_rturn_11_5,p_rturn_11_6,mean_theta_9_5,min_theta_9_5,max_theta_9_5,mean_theta_9_6,min_theta_9_6,max_theta_9_6,mean_theta_10_5,min_theta_10_5,max_theta_10_5,mean_theta_10_6,min_theta_10_6,max_theta_10_6,mean_theta_11_5,min_theta_11_5,max_theta_11_5,mean_theta_11_6,min_theta_11_6,max_theta_11_6
WellD05_Seq0021/xy09,0,2526.013093838898,94.77549261280573,0.0559144221186,0.0840387145709,0.03751979466930279,45.34076121990016,2.9867400288609174,33.2370143926,1.18736733634,0.832232861981,-0.384527147189,285.887056868,0.2991213156213875,-0.168710308731,-317.685008967,0.06709970220740935,-1.0989157393358633,-0.4660117925196805,-0.45537477858262676,-0.2703092820623696,-1.1096825474522227,-0.8248442494364969,-1.2453120843458794,-0.8823921002288873,-0.9154255030128549,27.1333517111,27.1333517111,27.1333517111,27.4612665494,27.7915524731,29.1480347999,29.4964231646,29.4964231646,30.163356878,30.8339092666,1.0,1.0,1.0,0.9861111111111112,0.9722222222222222,0.9166666666666666,0.9027777777777778,0.9027777777777778,0.875,0.8472222222222222,0.475651917407,0.207262509926,0.287323857483,0.241371171454,0.13149355908,0.119006777482,-0.0686683175474,-0.124231359514,-0.0343220331004,-0.0986298358942,0.380952380952,0.428571428571,0.428571428571,0.47619047619,0.4,0.45,0.681271709413,0.07994997421284944,2.086494698860124,0.699377976498,0.07220282919203969,1.920085363397332,0.775475612989,0.06714368609155748,1.6140289362320146,0.756307180562,0.015197764921556911,1.4694308612301463,0.731009867514,0.03095866315505406,1.5052105505973452,0.730860619839,0.15665316416574687,1.368163632351379
