Well/XY,cell_id,total_distance,net_distance,linearity,spearmanrsq,progressivity,max_speed,min_speed,avg_speed,MSD_slope,hurst_RS,nongauss,disp_var,disp_skew,rw_linearity,rw_netdist,rw_kurtosis01,rw_kurtosis02,rw_kurtosis03,rw_kurtosis04,rw_kurtosis05,rw_kurtosis06,rw_kurtosis07,rw_kurtosis08,rw_kurtosis09,rw_kurtosis10,avg_moving_speed01,avg_moving_speed02,avg_moving_speed03,avg_moving_speed04,avg_moving_speed05,avg_moving_speed06,avg_moving_speed07,avg_moving_speed08,avg_moving_speed09,avg_moving_speed10,time_moving01,time_moving02,time_moving03,time_moving04,time_moving05,time_moving06,time_moving07,time_moving08,time_moving09,time_moving10,autocorr_1,autocorr_2,autocorr_3,autocorr_4,autocorr_5,autocorr_6,autocorr_7,autocorr_8,autocorr_9,autocorr_10,p_rturn_9_5,p_rturn_9_6,p_rturn_10_5,p_rturn_10_6,p_rturn_11_5,p_rturn_11_6,mean_theta_9_5,min_theta_9_5,max_theta_9_5,mean_theta_9_6,min_theta_9_6,max_theta_9_6,mean_theta_10_5,min_theta_10_5,max_theta_10_5,mean_theta_10_6,min_theta_10_6,max_theta_10_6,mean_theta_11_5,min_theta_11_5,max_theta_11_5,mean_theta_11_6,min_theta_11_6,max_theta_11_6
WellC04_Seq0017/xy06,0,92.1246707703125,4.867627758980726,0.143750786438,0.108599487984,0.05283739652233673,0.975952867714424,0.08590692637965144,1.48588178662,0.434729423118,0.545897221045,-0.20710005507,0.831420777648,0.8494750471713722,-0.096603755918,-11.8113539293,0.2972058872071339,-0.9145820866405123,0.18567128707443192,0.4841850205980176,-0.09108768622266217,-0.7973056309575361,-0.7852016404096878,-1.2253612567306933,-1.3049928536629938,-0.18404423598199404,0.0,0.0,0.0,0.0,0.0,0.0,0.0,0.0,0.0,0.0,0.0,0.0,0.0,0.0,0.0,0.0,0.0,0.0,0.0,0.0,0.202056817272,-0.163746824532,-0.0728441194142,0.0165185299364,-0.123396083624,-0.150529345727,0.0339964096386,-0.208268527151,-0.235315904812,-0.0590158417875,0.5,0.4375,0.4375,0.4375,0.8125,0.75,1.12474558736,0.08967389776453587,2.4063015957883365,1.08151017819,0.10208660659774715,2.398292729223845,0.808744720424,0.03422017914086972,1.9755661605468529,0.833404375497,0.05700194063531626,1.872556118956264,1.04897231157,0.12749799902068693,2.662379277242203,1.14518969519,0.25823992655883826,2.639377766468786
