Well/XY,cell_id,total_distance,net_distance,linearity,spearmanrsq,progressivity,max_speed,min_speed,avg_speed,MSD_slope,hurst_RS,nongauss,disp_var,disp_skew,rw_linearity,rw_netdist,rw_kurtosis01,rw_kurtosis02,rw_kurtosis03,rw_kurtosis04,rw_kurtosis05,rw_kurtosis06,rw_kurtosis07,rw_kurtosis08,rw_kurtosis09,rw_kurtosis10,avg_moving_speed01,avg_moving_speed02,avg_moving_speed03,avg_moving_speed04,avg_moving_speed05,avg_moving_speed06,avg_moving_speed07,avg_moving_speed08,avg_moving_speed09,avg_moving_speed10,time_moving01,time_moving02,time_moving03,time_moving04,time_moving05,time_moving06,time_moving07,time_moving08,time_moving09,time_moving10,autocorr_1,autocorr_2,autocorr_3,autocorr_4,autocorr_5,autocorr_6,autocorr_7,autocorr_8,autocorr_9,autocorr_10,p_rturn_9_5,p_rturn_9_6,p_rturn_10_5,p_rturn_10_6,p_rturn_11_5,p_rturn_11_6,mean_theta_9_5,min_theta_9_5,max_theta_9_5,mean_theta_9_6,min_theta_9_6,max_theta_9_6,mean_theta_10_5,min_theta_10_5,max_theta_10_5,mean_theta_10_6,min_theta_10_6,max_theta_10_6,mean_theta_11_5,min_theta_11_5,max_theta_11_5,mean_theta_11_6,min_theta_11_6,max_theta_11_6
WellC04_Seq0017/xy22,0,70.80616297898632,2.0808652046685445,0.0676441644106,0.0644459523416,0.02938819330297701,0.6053098380168586,0.02828427124746833,1.14203488676,0.160169875205,0.613585061092,-0.385056943515,0.312054148128,0.5013854098404653,-0.174079111651,-10.7384446053,-0.305518890526145,-0.36676636758753656,-0.1570246884901514,-0.6897805209172367,3.517406148103041,-0.8532728062735133,-0.9125158731166505,-0.6521455960439075,-0.9220516919688944,-1.9445919552117763,0.0,0.0,0.0,0.0,0.0,0.0,0.0,0.0,0.0,0.0,0.0,0.0,0.0,0.0,0.0,0.0,0.0,0.0,0.0,0.0,0.060784788281,-0.0279771129036,-0.0990368302038,-0.0398639785895,-0.0324952438962,-0.144196226446,-0.0686480283599,0.193497345014,0.119668594586,-0.119265888489,0.2,0.2,0.375,0.375,0.533333333333,0.533333333333,0.879759953211,0.09996303832915275,1.8335990942669644,0.852360249345,0.11096128102465215,1.6923941093544228,0.850683456187,0.07431748579523957,1.8161590021912613,0.829497206178,0.12708909573108496,1.6749540172787196,0.814322769353,0.06177404193634316,1.3099057707761026,0.808222057433,0.11061447273423826,1.4481666961493374
