Well/XY,cell_id,total_distance,net_distance,linearity,spearmanrsq,progressivity,max_speed,min_speed,avg_speed,MSD_slope,hurst_RS,nongauss,disp_var,disp_skew,rw_linearity,rw_netdist,rw_kurtosis01,rw_kurtosis02,rw_kurtosis03,rw_kurtosis04,rw_kurtosis05,rw_kurtosis06,rw_kurtosis07,rw_kurtosis08,rw_kurtosis09,rw_kurtosis10,avg_moving_speed01,avg_moving_speed02,avg_moving_speed03,avg_moving_speed04,avg_moving_speed05,avg_moving_speed06,avg_moving_speed07,avg_moving_speed08,avg_moving_speed09,avg_moving_speed10,time_moving01,time_moving02,time_moving03,time_moving04,time_moving05,time_moving06,time_moving07,time_moving08,time_moving09,time_moving10,autocorr_1,autocorr_2,autocorr_3,autocorr_4,autocorr_5,autocorr_6,autocorr_7,autocorr_8,autocorr_9,autocorr_10,p_rturn_9_5,p_rturn_9_6,p_rturn_10_5,p_rturn_10_6,p_rturn_11_5,p_rturn_11_6,mean_theta_9_5,min_theta_9_5,max_theta_9_5,mean_theta_9_6,min_theta_9_6,max_theta_9_6,mean_theta_10_5,min_theta_10_5,max_theta_10_5,mean_theta_10_6,min_theta_10_6,max_theta_10_6,mean_theta_11_5,min_theta_11_5,max_theta_11_5,mean_theta_11_6,min_theta_11_6,max_theta_11_6
WellC04_Seq0017/xy25,0,95.60934847757652,22.604645540242323,0.812690598569,0.502749539785,0.23642714755601377,1.3560235986147178,0.08944271910001192,1.54208626577,1.12677659513,0.589504943761,-0.163212617612,0.900444678745,1.0320134109913734,0.55843473596,5.29477013819,0.8539403963578698,-0.08093032337954176,0.14408055730815272,-0.16621192305358168,1.8949106686383104,-0.9775719221621597,-1.3912935311018673,-0.9271853477220104,0.3724009646530968,-0.9167489120636247,1.24441132374,0.0,0.0,0.0,0.0,0.0,0.0,0.0,0.0,0.0,0.15517241379310345,0.0,0.0,0.0,0.0,0.0,0.0,0.0,0.0,0.0,-0.0135497972739,-0.0226541449207,-0.146088970795,0.0298079272487,0.0929085572796,-0.142665168324,-0.0546465224418,-0.23080884801,0.348440945359,-0.00522253507126,0.5625,0.625,0.3125,0.3125,0.375,0.375,0.415837167847,0.01773170080746512,1.5447191271219394,0.387231226803,0.019006634976699643,1.4496477340853786,0.576078073521,0.07678808941490106,1.8893506719533264,0.56255561215,0.08647129179396551,1.9656775375651425,0.474463377756,0.07825941297175246,1.3648656273294582,0.451400058183,0.0803930478688172,1.2697942342928972
