Well/XY,cell_id,total_distance,net_distance,linearity,spearmanrsq,progressivity,max_speed,min_speed,avg_speed,MSD_slope,hurst_RS,nongauss,disp_var,disp_skew,rw_linearity,rw_netdist,rw_kurtosis01,rw_kurtosis02,rw_kurtosis03,rw_kurtosis04,rw_kurtosis05,rw_kurtosis06,rw_kurtosis07,rw_kurtosis08,rw_kurtosis09,rw_kurtosis10,avg_moving_speed01,avg_moving_speed02,avg_moving_speed03,avg_moving_speed04,avg_moving_speed05,avg_moving_speed06,avg_moving_speed07,avg_moving_speed08,avg_moving_speed09,avg_moving_speed10,time_moving01,time_moving02,time_moving03,time_moving04,time_moving05,time_moving06,time_moving07,time_moving08,time_moving09,time_moving10,autocorr_1,autocorr_2,autocorr_3,autocorr_4,autocorr_5,autocorr_6,autocorr_7,autocorr_8,autocorr_9,autocorr_10,p_rturn_9_5,p_rturn_9_6,p_rturn_10_5,p_rturn_10_6,p_rturn_11_5,p_rturn_11_6,mean_theta_9_5,min_theta_9_5,max_theta_9_5,mean_theta_9_6,min_theta_9_6,max_theta_9_6,mean_theta_10_5,min_theta_10_5,max_theta_10_5,mean_theta_10_6,min_theta_10_6,max_theta_10_6,mean_theta_11_5,min_theta_11_5,max_theta_11_5,mean_theta_11_6,min_theta_11_6,max_theta_11_6
WellE06_Seq0031/xy05,0,2035.00739453426,244.76200052295695,0.351158089525,0.369085477273,0.12027573028990107,43.66610882595334,0.7861602889996492,26.776413086,0.83859341003,0.689046811826,0.16791580541,382.403601909,1.565596713506699,0.131951512141,-87.5245472843,2.881487495082827,2.3878217506327832,-1.2480139763379687,-0.45019146035468793,-0.5126921763337662,-0.7638069207597482,-0.9945045973054323,0.3499881353233536,2.2280716020430082,-0.90983839996442,19.3580603172,19.6103706162,20.0980408199,20.339999225,20.8125217307,21.7898725843,22.3070347136,22.5631447605,24.7354459443,25.0317522825,1.0,0.9861111111111112,0.9583333333333334,0.9444444444444444,0.9166666666666666,0.8611111111111112,0.8333333333333334,0.8194444444444444,0.7083333333333334,0.6944444444444444,0.162250972988,-0.0221893825782,0.0680489976527,0.113162151069,0.0348872470437,0.0341571712298,0.106174552749,-0.000228333762325,0.265620684599,0.154757054914,0.571428571429,0.47619047619,0.47619047619,0.428571428571,0.55,0.55,0.739526198783,0.02972345978611737,2.287675971171565,0.704666774896,0.005932661735628934,2.127268604148686,0.752846187114,0.03887260812411087,2.0960963997547664,0.736588387352,0.013184745592919952,2.160361268061594,0.726267856847,0.03228391496434097,2.021784195594897,0.709931929601,0.014336667998162113,2.0860490639017244
