Well/XY,cell_id,total_distance,net_distance,linearity,spearmanrsq,progressivity,max_speed,min_speed,avg_speed,MSD_slope,hurst_RS,nongauss,disp_var,disp_skew,rw_linearity,rw_netdist,rw_kurtosis01,rw_kurtosis02,rw_kurtosis03,rw_kurtosis04,rw_kurtosis05,rw_kurtosis06,rw_kurtosis07,rw_kurtosis08,rw_kurtosis09,rw_kurtosis10,avg_moving_speed01,avg_moving_speed02,avg_moving_speed03,avg_moving_speed04,avg_moving_speed05,avg_moving_speed06,avg_moving_speed07,avg_moving_speed08,avg_moving_speed09,avg_moving_speed10,time_moving01,time_moving02,time_moving03,time_moving04,time_moving05,time_moving06,time_moving07,time_moving08,time_moving09,time_moving10,autocorr_1,autocorr_2,autocorr_3,autocorr_4,autocorr_5,autocorr_6,autocorr_7,autocorr_8,autocorr_9,autocorr_10,p_rturn_9_5,p_rturn_9_6,p_rturn_10_5,p_rturn_10_6,p_rturn_11_5,p_rturn_11_6,mean_theta_9_5,min_theta_9_5,max_theta_9_5,mean_theta_9_6,min_theta_9_6,max_theta_9_6,mean_theta_10_5,min_theta_10_5,max_theta_10_5,mean_theta_10_6,min_theta_10_6,max_theta_10_6,mean_theta_11_5,min_theta_11_5,max_theta_11_5,mean_theta_11_6,min_theta_11_6,max_theta_11_6
WellE06_Seq0031/xy14,0,606.9714040549632,274.50744980783304,0.00382883496921,0.0200061102105,0.4522576318652658,14.992544814006706,0.16124515496596534,7.98646584283,1.30117491308,0.852829027596,-0.0471508657519,38.8833869536,0.8369923829624061,-0.233598581236,175.398015113,0.16684105027492713,-0.6300622553233746,0.18595667305779218,-0.9021851728271888,0.8486617173351214,-1.4341667612121445,-0.2741104603630453,-1.2427663241880949,-0.5178462297740771,-0.8631859662980736,6.12004778952,7.08534943845,7.83070858535,8.65363804674,9.26340300733,9.90473125856,11.1297445995,11.3774819338,11.9807158234,13.146025236,0.7222222222222222,0.5972222222222222,0.5138888888888888,0.4305555555555556,0.375,0.3194444444444444,0.2361111111111111,0.2222222222222222,0.18055555555555555,0.125,0.583496109441,0.378734447187,0.310943507486,0.175515366746,0.208359468591,0.146694314564,-0.0955975516143,-0.139500149887,-0.139404704866,-0.120039772166,0.428571428571,0.428571428571,0.571428571429,0.571428571429,0.45,0.5,0.909627071833,0.11617196405413682,2.3895286724761746,0.859465130215,0.0691732240339239,2.3922290294801054,1.03244730732,0.12963903976416116,2.6704225671294894,1.00043722288,0.08264029974394589,2.6689447403161344,1.07966904417,0.07077827553828145,2.7147710954060336,1.10009038651,0.02377953551807091,2.7132932685926785
