Well/XY,cell_id,total_distance,net_distance,linearity,spearmanrsq,progressivity,max_speed,min_speed,avg_speed,MSD_slope,hurst_RS,nongauss,disp_var,disp_skew,rw_linearity,rw_netdist,rw_kurtosis01,rw_kurtosis02,rw_kurtosis03,rw_kurtosis04,rw_kurtosis05,rw_kurtosis06,rw_kurtosis07,rw_kurtosis08,rw_kurtosis09,rw_kurtosis10,avg_moving_speed01,avg_moving_speed02,avg_moving_speed03,avg_moving_speed04,avg_moving_speed05,avg_moving_speed06,avg_moving_speed07,avg_moving_speed08,avg_moving_speed09,avg_moving_speed10,time_moving01,time_moving02,time_moving03,time_moving04,time_moving05,time_moving06,time_moving07,time_moving08,time_moving09,time_moving10,autocorr_1,autocorr_2,autocorr_3,autocorr_4,autocorr_5,autocorr_6,autocorr_7,autocorr_8,autocorr_9,autocorr_10,p_rturn_9_5,p_rturn_9_6,p_rturn_10_5,p_rturn_10_6,p_rturn_11_5,p_rturn_11_6,mean_theta_9_5,min_theta_9_5,max_theta_9_5,mean_theta_9_6,min_theta_9_6,max_theta_9_6,mean_theta_10_5,min_theta_10_5,max_theta_10_5,mean_theta_10_6,min_theta_10_6,max_theta_10_6,mean_theta_11_5,min_theta_11_5,max_theta_11_5,mean_theta_11_6,min_theta_11_6,max_theta_11_6
WellE06_Seq0031/xy20,0,2643.2609573695113,118.08323886140651,0.0120084884706,0.00525337235096,0.04467331858861154,50.54407676474071,1.5508139798183465,34.7797494391,1.10016691073,0.623865576702,-0.230095219223,538.413638476,0.6286046618121819,-0.232475344268,-313.522101167,-0.9226299340068405,-0.1402225073367358,-0.11610856852683193,-0.4780140199994918,-1.21264484779347,-0.9559793773309724,-0.7398112254285785,-0.7401801792323561,-1.1738324085521485,-0.27939786061034644,27.0093243712,27.3739009672,27.3739009672,27.3739009672,28.0402177032,28.0402177032,28.6865715031,28.6865715031,28.6865715031,29.589590815,1.0,0.9861111111111112,0.9861111111111112,0.9861111111111112,0.9583333333333334,0.9583333333333334,0.9305555555555556,0.9305555555555556,0.9305555555555556,0.8888888888888888,0.346465947802,-0.0136971941193,-0.100794416132,-0.173429085204,-0.10206079799,-0.0751028997742,-0.0497862661741,-0.0357607018736,-0.0425213879811,-0.129282927094,0.52380952381,0.47619047619,0.428571428571,0.428571428571,0.35,0.3,0.423868501391,0.0024918332278805024,1.2052024884969232,0.396249817585,0.03562009764669628,0.854092734580663,0.526599456683,0.016448833693950896,2.4705696986197125,0.472734527015,0.026368772954457276,2.2737926281684446,0.485217300772,0.0008577943804461289,2.415583736920789,0.437354665468,0.012730409082889213,2.218806666469521
