Well/XY,cell_id,total_distance,net_distance,linearity,spearmanrsq,progressivity,max_speed,min_speed,avg_speed,MSD_slope,hurst_RS,nongauss,disp_var,disp_skew,rw_linearity,rw_netdist,rw_kurtosis01,rw_kurtosis02,rw_kurtosis03,rw_kurtosis04,rw_kurtosis05,rw_kurtosis06,rw_kurtosis07,rw_kurtosis08,rw_kurtosis09,rw_kurtosis10,avg_moving_speed01,avg_moving_speed02,avg_moving_speed03,avg_moving_speed04,avg_moving_speed05,avg_moving_speed06,avg_moving_speed07,avg_moving_speed08,avg_moving_speed09,avg_moving_speed10,time_moving01,time_moving02,time_moving03,time_moving04,time_moving05,time_moving06,time_moving07,time_moving08,time_moving09,time_moving10,autocorr_1,autocorr_2,autocorr_3,autocorr_4,autocorr_5,autocorr_6,autocorr_7,autocorr_8,autocorr_9,autocorr_10,p_rturn_9_5,p_rturn_9_6,p_rturn_10_5,p_rturn_10_6,p_rturn_11_5,p_rturn_11_6,mean_theta_9_5,min_theta_9_5,max_theta_9_5,mean_theta_9_6,min_theta_9_6,max_theta_9_6,mean_theta_10_5,min_theta_10_5,max_theta_10_5,mean_theta_10_6,min_theta_10_6,max_theta_10_6,mean_theta_11_5,min_theta_11_5,max_theta_11_5,mean_theta_11_6,min_theta_11_6,max_theta_11_6
WellE06_Seq0031/xy25,0,708.3822404477106,106.0133123716074,0.158516507366,0.126809332043,0.14965551974398036,24.47072283362305,0.3801315561749825,9.32081895326,1.0273722788,0.79146174287,0.817300727895,83.4029733464,2.0487403618210984,-0.0726707322805,-9.65500895171,4.196492999510755,4.35822814358256,0.09104329189755545,3.4316484260522104,-0.0741946563253637,1.1733932603291821,-0.8426218415922593,0.005255182047442908,-0.08806374839247866,-0.8709661066097243,6.48955501277,6.94570585532,8.85555781916,11.0208525802,11.6813729026,12.4096816879,12.4096816879,13.0390991047,15.3949210274,16.2823710838,0.9722222222222222,0.8888888888888888,0.625,0.4444444444444444,0.4027777777777778,0.3611111111111111,0.3611111111111111,0.3194444444444444,0.20833333333333334,0.18055555555555555,0.335250619397,0.124326197895,0.0817132344645,0.172183618418,0.204942777433,0.338150077816,0.0927322008043,0.069552880119,0.189800251612,0.164656697811,0.52380952381,0.571428571429,0.52380952381,0.52380952381,0.65,0.6,0.927683680836,0.06645139777719898,2.365090486594479,0.899475089402,0.051720003984068987,2.285603168114182,1.02377071583,0.010124015715946615,2.499996052115666,1.00380509232,0.05921106317337937,2.558438345778082,0.950673408737,0.09660001693142693,2.154745589218981,0.924720593918,0.027264938042102015,2.213187882881397
