Well/XY,cell_id,total_distance,net_distance,linearity,spearmanrsq,progressivity,max_speed,min_speed,avg_speed,MSD_slope,hurst_RS,nongauss,disp_var,disp_skew,rw_linearity,rw_netdist,rw_kurtosis01,rw_kurtosis02,rw_kurtosis03,rw_kurtosis04,rw_kurtosis05,rw_kurtosis06,rw_kurtosis07,rw_kurtosis08,rw_kurtosis09,rw_kurtosis10,avg_moving_speed01,avg_moving_speed02,avg_moving_speed03,avg_moving_speed04,avg_moving_speed05,avg_moving_speed06,avg_moving_speed07,avg_moving_speed08,avg_moving_speed09,avg_moving_speed10,time_moving01,time_moving02,time_moving03,time_moving04,time_moving05,time_moving06,time_moving07,time_moving08,time_moving09,time_moving10,autocorr_1,autocorr_2,autocorr_3,autocorr_4,autocorr_5,autocorr_6,autocorr_7,autocorr_8,autocorr_9,autocorr_10,p_rturn_9_5,p_rturn_9_6,p_rturn_10_5,p_rturn_10_6,p_rturn_11_5,p_rturn_11_6,mean_theta_9_5,min_theta_9_5,max_theta_9_5,mean_theta_9_6,min_theta_9_6,max_theta_9_6,mean_theta_10_5,min_theta_10_5,max_theta_10_5,mean_theta_10_6,min_theta_10_6,max_theta_10_6,mean_theta_11_5,min_theta_11_5,max_theta_11_5,mean_theta_11_6,min_theta_11_6,max_theta_11_6
WellE06_Seq0031/xy22,0,2604.9692964291717,484.69133982360364,0.0211980928364,0.0893729044534,0.1860641276993194,44.17046637743368,0.5811161673882601,34.2759117951,1.09640209742,0.800405544762,-0.201185540396,415.018545121,0.8164848176677107,-0.207166399718,59.3384605274,1.5803317331726197,-0.112788516938088,-0.4244084705933573,-0.4185683388222592,-1.4075238774523113,-0.6002499567007931,-1.4628630603503952,-1.0863893793607957,-1.211205374557743,-0.7295031912028342,26.0328285441,26.7545237863,28.2438765053,29.448987379,29.448987379,30.2491989653,30.6466604645,30.6466604645,30.6466604645,30.6466604645,0.9861111111111112,0.9583333333333334,0.9027777777777778,0.8611111111111112,0.8611111111111112,0.8333333333333334,0.8194444444444444,0.8194444444444444,0.8194444444444444,0.8194444444444444,0.382637895169,0.24631340594,0.287449785936,0.244976288997,0.0753763003427,-0.0474388675299,0.000923599152876,-0.0648336397167,-0.124894708139,-0.211024799807,0.428571428571,0.47619047619,0.428571428571,0.428571428571,0.55,0.5,0.815188392676,0.011411655195776844,2.572668552523641,0.819992327316,0.04188109652705938,2.5706446077054323,0.842808779257,0.07080938919591767,2.589336130932753,0.837822432482,0.009071198649061439,2.5873121861145445,0.920837657006,0.0032573821394259435,2.591978565991648,0.899006200203,0.017648530971429724,2.5899546211734386
