Well/XY,cell_id,total_distance,net_distance,linearity,spearmanrsq,progressivity,max_speed,min_speed,avg_speed,MSD_slope,hurst_RS,nongauss,disp_var,disp_skew,rw_linearity,rw_netdist,rw_kurtosis01,rw_kurtosis02,rw_kurtosis03,rw_kurtosis04,rw_kurtosis05,rw_kurtosis06,rw_kurtosis07,rw_kurtosis08,rw_kurtosis09,rw_kurtosis10,avg_moving_speed01,avg_moving_speed02,avg_moving_speed03,avg_moving_speed04,avg_moving_speed05,avg_moving_speed06,avg_moving_speed07,avg_moving_speed08,avg_moving_speed09,avg_moving_speed10,time_moving01,time_moving02,time_moving03,time_moving04,time_moving05,time_moving06,time_moving07,time_moving08,time_moving09,time_moving10,autocorr_1,autocorr_2,autocorr_3,autocorr_4,autocorr_5,autocorr_6,autocorr_7,autocorr_8,autocorr_9,autocorr_10,p_rturn_9_5,p_rturn_9_6,p_rturn_10_5,p_rturn_10_6,p_rturn_11_5,p_rturn_11_6,mean_theta_9_5,min_theta_9_5,max_theta_9_5,mean_theta_9_6,min_theta_9_6,max_theta_9_6,mean_theta_10_5,min_theta_10_5,max_theta_10_5,mean_theta_10_6,min_theta_10_6,max_theta_10_6,mean_theta_11_5,min_theta_11_5,max_theta_11_5,mean_theta_11_6,min_theta_11_6,max_theta_11_6
WellE06_Seq0031/xy03,0,513.3818924712336,53.61186808907148,0.182577227511,0.30257013428,0.10442882554934584,7.74149236258747,0.23211204191082407,6.75502490094,0.80898253698,0.762947593305,-0.185106703269,16.7190007234,1.0066700020700818,-0.0468691218467,-30.2157864021,0.5423150811970499,2.2819451495833425,0.4316842410532029,2.0992453778212417,-0.553484196012429,1.1824675024924352,0.3863590099687566,-0.4600802850885439,-1.0861824830365416,-1.069493840164992,2.82321436894,3.70363612199,4.91156498979,5.88335293574,6.321150458,6.99339564667,7.67847557256,0.0,0.0,0.0,0.8194444444444444,0.4861111111111111,0.25,0.1527777777777778,0.1111111111111111,0.05555555555555555,0.027777777777777776,0.0,0.0,0.0,0.481255889211,0.278102766986,0.280134121196,0.231477735343,0.0839415970951,0.0652494153215,0.124440815012,-0.098535667717,-0.189138022844,-0.151245729153,0.428571428571,0.47619047619,0.52380952381,0.571428571429,0.5,0.55,0.57826265086,0.04867032321873308,1.7684789174353939,0.618626153604,0.003338518766104023,1.8330601498736663,0.634083213341,0.029443751682793874,1.6561969415925941,0.685527007939,0.08266205594145822,1.5985518634034894,0.57944439402,0.0106790122389893,1.681211636287627,0.584482732174,0.030802198855983277,1.733829047033327
