Well/XY,cell_id,total_distance,net_distance,linearity,spearmanrsq,progressivity,max_speed,min_speed,avg_speed,MSD_slope,hurst_RS,nongauss,disp_var,disp_skew,rw_linearity,rw_netdist,rw_kurtosis01,rw_kurtosis02,rw_kurtosis03,rw_kurtosis04,rw_kurtosis05,rw_kurtosis06,rw_kurtosis07,rw_kurtosis08,rw_kurtosis09,rw_kurtosis10,avg_moving_speed01,avg_moving_speed02,avg_moving_speed03,avg_moving_speed04,avg_moving_speed05,avg_moving_speed06,avg_moving_speed07,avg_moving_speed08,avg_moving_speed09,avg_moving_speed10,time_moving01,time_moving02,time_moving03,time_moving04,time_moving05,time_moving06,time_moving07,time_moving08,time_moving09,time_moving10,autocorr_1,autocorr_2,autocorr_3,autocorr_4,autocorr_5,autocorr_6,autocorr_7,autocorr_8,autocorr_9,autocorr_10,p_rturn_9_5,p_rturn_9_6,p_rturn_10_5,p_rturn_10_6,p_rturn_11_5,p_rturn_11_6,mean_theta_9_5,min_theta_9_5,max_theta_9_5,mean_theta_9_6,min_theta_9_6,max_theta_9_6,mean_theta_10_5,min_theta_10_5,max_theta_10_5,mean_theta_10_6,min_theta_10_6,max_theta_10_6,mean_theta_11_5,min_theta_11_5,max_theta_11_5,mean_theta_11_6,min_theta_11_6,max_theta_11_6
WellE06_Seq0031/xy21,0,3727.9077519486045,839.1623368574164,0.252259611746,0.0291699009829,0.22510276345190683,79.05427249681068,5.1869451510498985,49.0514177888,1.02570128496,0.570299989402,-0.141811930776,1357.4025309,0.6852612521020714,0.00909130928288,230.450250225,-0.5082736432535926,-0.7941010305276897,-0.6977006525518719,-1.4460617245829748,-1.2089387017886128,-1.3562276889998455,-1.2438788280027189,-1.1270627778793576,-1.520436502269595,-0.46231028654354533,36.1944660322,36.1944660322,36.1944660322,36.1944660322,36.1944660322,36.1944660322,36.1944660322,36.1944660322,36.1944660322,36.1944660322,1.0,1.0,1.0,1.0,1.0,1.0,1.0,1.0,1.0,1.0,0.224422317206,-0.00538165628508,-0.189394180964,-0.245439435851,-0.173299140654,-0.0956451433945,0.0543273962294,0.119115447472,0.0928448273346,-0.0312078232894,0.428571428571,0.428571428571,0.47619047619,0.47619047619,0.45,0.45,1.15205884254,0.09579114177795618,2.3041331433408625,1.15527875405,0.13052097939070773,2.3282352941597053,1.1140589926,0.13383857809534183,2.4669302536120177,1.11397130053,0.0991087404825894,2.4954586870427726,0.919160331495,0.14938014378325284,2.09066823190643,0.910837169595,0.12085171035249914,1.9526315865530899
