Well/XY,cell_id,total_distance,net_distance,linearity,spearmanrsq,progressivity,max_speed,min_speed,avg_speed,MSD_slope,hurst_RS,nongauss,disp_var,disp_skew,rw_linearity,rw_netdist,rw_kurtosis01,rw_kurtosis02,rw_kurtosis03,rw_kurtosis04,rw_kurtosis05,rw_kurtosis06,rw_kurtosis07,rw_kurtosis08,rw_kurtosis09,rw_kurtosis10,avg_moving_speed01,avg_moving_speed02,avg_moving_speed03,avg_moving_speed04,avg_moving_speed05,avg_moving_speed06,avg_moving_speed07,avg_moving_speed08,avg_moving_speed09,avg_moving_speed10,time_moving01,time_moving02,time_moving03,time_moving04,time_moving05,time_moving06,time_moving07,time_moving08,time_moving09,time_moving10,autocorr_1,autocorr_2,autocorr_3,autocorr_4,autocorr_5,autocorr_6,autocorr_7,autocorr_8,autocorr_9,autocorr_10,p_rturn_9_5,p_rturn_9_6,p_rturn_10_5,p_rturn_10_6,p_rturn_11_5,p_rturn_11_6,mean_theta_9_5,min_theta_9_5,max_theta_9_5,mean_theta_9_6,min_theta_9_6,max_theta_9_6,mean_theta_10_5,min_theta_10_5,max_theta_10_5,mean_theta_10_6,min_theta_10_6,max_theta_10_6,mean_theta_11_5,min_theta_11_5,max_theta_11_5,mean_theta_11_6,min_theta_11_6,max_theta_11_6
WellE06_Seq0031/xy13,0,1930.305828029726,232.41742619691846,0.13561574134,0.192004447288,0.12040445758491453,30.58705608586746,1.1292475370794601,25.3987608951,1.38784473262,0.682639720172,-0.384346440119,146.25259619,0.5375548178360817,-0.101637690711,-82.7729075242,0.937829580554852,-0.39130414599892394,-0.6968892038312555,-0.6409079382420773,0.017204812892616772,-0.09422713844496267,-1.3721924123147007,0.13804945935220791,-0.9451593190391696,-0.2760891586209908,21.4895786637,21.4895786637,21.7590004013,21.7590004013,22.0053134195,22.0053134195,22.4712342348,22.9331088396,23.6328443794,23.858211933,0.9861111111111112,0.9861111111111112,0.9722222222222222,0.9722222222222222,0.9583333333333334,0.9583333333333334,0.9305555555555556,0.9027777777777778,0.8611111111111112,0.8472222222222222,0.237497705664,0.111711064179,0.0419894853304,-0.0125705551356,-0.0856715933102,-0.0583326274055,-0.018149114434,-0.0261079084549,0.096570071101,0.115458411954,0.380952380952,0.333333333333,0.333333333333,0.380952380952,0.4,0.4,0.959942773358,0.1108474915583052,2.443800661846549,0.910205248412,0.0542439105790106,2.321454152021128,0.953952134931,0.002543755651298041,2.363312068308912,0.916766806961,0.023494332346779934,2.1924263276153972,1.00225513082,0.16683309484038364,2.362483019741673,0.972688971544,0.12655305297865083,2.191597279048158
