Well/XY,cell_id,total_distance,net_distance,linearity,spearmanrsq,progressivity,max_speed,min_speed,avg_speed,MSD_slope,hurst_RS,nongauss,disp_var,disp_skew,rw_linearity,rw_netdist,rw_kurtosis01,rw_kurtosis02,rw_kurtosis03,rw_kurtosis04,rw_kurtosis05,rw_kurtosis06,rw_kurtosis07,rw_kurtosis08,rw_kurtosis09,rw_kurtosis10,avg_moving_speed01,avg_moving_speed02,avg_moving_speed03,avg_moving_speed04,avg_moving_speed05,avg_moving_speed06,avg_moving_speed07,avg_moving_speed08,avg_moving_speed09,avg_moving_speed10,time_moving01,time_moving02,time_moving03,time_moving04,time_moving05,time_moving06,time_moving07,time_moving08,time_moving09,time_moving10,autocorr_1,autocorr_2,autocorr_3,autocorr_4,autocorr_5,autocorr_6,autocorr_7,autocorr_8,autocorr_9,autocorr_10,p_rturn_9_5,p_rturn_9_6,p_rturn_10_5,p_rturn_10_6,p_rturn_11_5,p_rturn_11_6,mean_theta_9_5,min_theta_9_5,max_theta_9_5,mean_theta_9_6,min_theta_9_6,max_theta_9_6,mean_theta_10_5,min_theta_10_5,max_theta_10_5,mean_theta_10_6,min_theta_10_6,max_theta_10_6,mean_theta_11_5,min_theta_11_5,max_theta_11_5,mean_theta_11_6,min_theta_11_6,max_theta_11_6
WellD08_Seq0006/xy21,0,2384.3639073253144,442.13284202827555,0.628507861328,0.615476760644,0.18543010178519384,29.66884561286468,0.26907248094145597,31.3732093069,1.20380847804,0.405679086371,-0.415520808157,233.52902829,0.2807937245083681,0.394196557885,52.8015533021,-0.5601626428489657,-0.25237759705643503,-0.9093131412093651,-1.1505557278605048,-1.1997243864899285,-0.917201044100806,-1.3974338240292183,-1.2309160175318614,0.3160549709388367,0.056829805380047116,16.882094833,16.882094833,17.5122955226,17.5122955226,17.7052994396,18.0695459286,18.8122635259,19.3841777678,19.7727025001,20.5446150345,1.0,1.0,0.9583333333333334,0.9583333333333334,0.9444444444444444,0.9166666666666666,0.8611111111111112,0.8194444444444444,0.7916666666666666,0.7361111111111112,-0.224170627505,-0.150069526288,0.116712713575,-0.107786836352,-0.0462913598214,-0.0204554999619,0.104471671538,-0.162700720569,-0.109856445367,-0.000265702039085,0.619047619048,0.619047619048,0.619047619048,0.666666666667,0.6,0.55,0.673583986391,0.042282923696491136,1.6999804175377073,0.657053731305,0.010642756066463246,1.6931814253103443,0.583083706464,0.004525936090776993,1.849959054603456,0.559618531486,0.008672126946048787,1.8361994204947985,0.627770581994,0.02647835807174433,1.9275126673408243,0.599284161389,0.01023606461036734,2.151824900059818
