Well/XY,cell_id,total_distance,net_distance,linearity,spearmanrsq,progressivity,max_speed,min_speed,avg_speed,MSD_slope,hurst_RS,nongauss,disp_var,disp_skew,rw_linearity,rw_netdist,rw_kurtosis01,rw_kurtosis02,rw_kurtosis03,rw_kurtosis04,rw_kurtosis05,rw_kurtosis06,rw_kurtosis07,rw_kurtosis08,rw_kurtosis09,rw_kurtosis10,avg_moving_speed01,avg_moving_speed02,avg_moving_speed03,avg_moving_speed04,avg_moving_speed05,avg_moving_speed06,avg_moving_speed07,avg_moving_speed08,avg_moving_speed09,avg_moving_speed10,time_moving01,time_moving02,time_moving03,time_moving04,time_moving05,time_moving06,time_moving07,time_moving08,time_moving09,time_moving10,autocorr_1,autocorr_2,autocorr_3,autocorr_4,autocorr_5,autocorr_6,autocorr_7,autocorr_8,autocorr_9,autocorr_10,p_rturn_9_5,p_rturn_9_6,p_rturn_10_5,p_rturn_10_6,p_rturn_11_5,p_rturn_11_6,mean_theta_9_5,min_theta_9_5,max_theta_9_5,mean_theta_9_6,min_theta_9_6,max_theta_9_6,mean_theta_10_5,min_theta_10_5,max_theta_10_5,mean_theta_10_6,min_theta_10_6,max_theta_10_6,mean_theta_11_5,min_theta_11_5,max_theta_11_5,mean_theta_11_6,min_theta_11_6,max_theta_11_6
WellD08_Seq0006/xy12,0,1398.7653845826223,115.16283992677498,0.0758284709495,0.0206951341863,0.08233177714870205,15.588683716080714,0.7958944653658446,18.4048076919,0.608546250084,0.838434843672,-0.243758719302,138.952009344,0.6233785552450131,-0.129540019716,-113.234817047,-0.5363739697664109,0.6317337839637802,-0.62002726081856,0.5121257606968106,-1.0108134029803209,-0.6809148356502961,0.12981207146453722,-1.0229091325193498,-1.306050543480506,-1.3800618455194034,5.56470464265,6.15971067412,6.78933161538,7.46867997703,8.27472632316,8.67712409038,9.61606059477,10.1348174692,10.9446861476,13.3261617909,0.9583333333333334,0.8333333333333334,0.7083333333333334,0.5833333333333334,0.4583333333333333,0.4027777777777778,0.2777777777777778,0.2222222222222222,0.1527777777777778,0.05555555555555555,0.439446903786,0.181194181386,0.170466801236,0.139209788993,0.251012404837,0.300805712161,0.304149201112,0.180276622736,0.222422847122,0.186957190795,0.619047619048,0.619047619048,0.47619047619,0.47619047619,0.65,0.65,0.748385875597,0.00734586510432379,2.403704199573551,0.759088658243,0.014636919685771153,2.2361758287914357,0.899491806325,0.12001456629329997,2.357823712113179,0.899753528991,0.18095004759567737,2.1802804919101924,1.09784368877,0.0515853740460177,2.3726490198207744,1.10932591292,0.08827993458558903,2.444410796052288
