Well/XY,cell_id,total_distance,net_distance,linearity,spearmanrsq,progressivity,max_speed,min_speed,avg_speed,MSD_slope,hurst_RS,nongauss,disp_var,disp_skew,rw_linearity,rw_netdist,rw_kurtosis01,rw_kurtosis02,rw_kurtosis03,rw_kurtosis04,rw_kurtosis05,rw_kurtosis06,rw_kurtosis07,rw_kurtosis08,rw_kurtosis09,rw_kurtosis10,avg_moving_speed01,avg_moving_speed02,avg_moving_speed03,avg_moving_speed04,avg_moving_speed05,avg_moving_speed06,avg_moving_speed07,avg_moving_speed08,avg_moving_speed09,avg_moving_speed10,time_moving01,time_moving02,time_moving03,time_moving04,time_moving05,time_moving06,time_moving07,time_moving08,time_moving09,time_moving10,autocorr_1,autocorr_2,autocorr_3,autocorr_4,autocorr_5,autocorr_6,autocorr_7,autocorr_8,autocorr_9,autocorr_10,p_rturn_9_5,p_rturn_9_6,p_rturn_10_5,p_rturn_10_6,p_rturn_11_5,p_rturn_11_6,mean_theta_9_5,min_theta_9_5,max_theta_9_5,mean_theta_9_6,min_theta_9_6,max_theta_9_6,mean_theta_10_5,min_theta_10_5,max_theta_10_5,mean_theta_10_6,min_theta_10_6,max_theta_10_6,mean_theta_11_5,min_theta_11_5,max_theta_11_5,mean_theta_11_6,min_theta_11_6,max_theta_11_6
WellD08_Seq0006/xy22,0,675.5533111319172,6.692092348436293,0.00816926672773,0.0030483184262,0.009906090663997218,7.954598418524975,0.1354843164355313,8.888859357,0.22060731305,0.699887013594,0.0720655309962,43.5081708358,1.280639734924657,-0.22140080225,-103.615751357,1.6912155286085566,-0.5842286814804019,-0.8634957601636799,2.536264457109258,0.6717195482652505,0.608680906230298,0.008831842616426222,-0.8819518356239482,-1.0713291834855407,-1.2241924231718448,3.41933693902,3.99770156117,4.83413064311,5.64899076723,6.54786808111,6.91829195285,7.47107452833,8.05695451148,0.0,0.0,1.0,0.7638888888888888,0.4861111111111111,0.3055555555555556,0.18055555555555555,0.1388888888888889,0.05555555555555555,0.013888888888888888,0.0,0.0,0.182492612418,0.108880675829,0.0853359932325,-0.117931901913,0.0843458904412,-0.0622339273858,-0.0331530162169,0.106892254452,0.0466497351966,0.199253584155,0.52380952381,0.47619047619,0.428571428571,0.47619047619,0.5,0.5,0.671852677823,0.00693953105485785,2.153723914273997,0.671902143989,0.06006436103974308,2.10977551390655,0.591965810677,0.07988157069825796,1.8061540035735981,0.58975781492,0.001988920121695454,1.480957231650179,0.804998717093,0.009905967246210675,2.2297161598333,0.789209886075,0.10083489135914846,1.6763048282546387
