Well/XY,cell_id,total_distance,net_distance,linearity,spearmanrsq,progressivity,max_speed,min_speed,avg_speed,MSD_slope,hurst_RS,nongauss,disp_var,disp_skew,rw_linearity,rw_netdist,rw_kurtosis01,rw_kurtosis02,rw_kurtosis03,rw_kurtosis04,rw_kurtosis05,rw_kurtosis06,rw_kurtosis07,rw_kurtosis08,rw_kurtosis09,rw_kurtosis10,avg_moving_speed01,avg_moving_speed02,avg_moving_speed03,avg_moving_speed04,avg_moving_speed05,avg_moving_speed06,avg_moving_speed07,avg_moving_speed08,avg_moving_speed09,avg_moving_speed10,time_moving01,time_moving02,time_moving03,time_moving04,time_moving05,time_moving06,time_moving07,time_moving08,time_moving09,time_moving10,autocorr_1,autocorr_2,autocorr_3,autocorr_4,autocorr_5,autocorr_6,autocorr_7,autocorr_8,autocorr_9,autocorr_10,p_rturn_9_5,p_rturn_9_6,p_rturn_10_5,p_rturn_10_6,p_rturn_11_5,p_rturn_11_6,mean_theta_9_5,min_theta_9_5,max_theta_9_5,mean_theta_9_6,min_theta_9_6,max_theta_9_6,mean_theta_10_5,min_theta_10_5,max_theta_10_5,mean_theta_10_6,min_theta_10_6,max_theta_10_6,mean_theta_11_5,min_theta_11_5,max_theta_11_5,mean_theta_11_6,min_theta_11_6,max_theta_11_6
WellD08_Seq0006/xy09,0,2983.9027008984826,296.4825379343613,0.272879272711,0.25568419034,0.099360658725597,60.89459302762439,2.8516696863416753,39.2618776434,1.01503848852,0.702262530319,-0.327014638508,463.433992453,0.557662710238542,0.0521407409528,-190.744550349,-0.6237414490004034,-0.38169013934314755,-0.6261355026909148,0.8795939606051006,0.17737941949501268,-0.45336349782244234,0.4766369386789493,-1.2012903772292998,-1.4697687884146338,-1.3164097009785491,29.5475425411,29.5475425411,29.5475425411,29.5475425411,29.5475425411,29.8826693601,30.2194482947,30.2194482947,30.2194482947,30.2194482947,1.0,1.0,1.0,1.0,1.0,0.9861111111111112,0.9722222222222222,0.9722222222222222,0.9722222222222222,0.9722222222222222,0.316201667487,0.100888499539,-0.0452743685641,-0.191116495757,0.030174638085,0.0436477204628,0.0396492328695,-0.155338437781,-0.0805975265849,0.0966017999389,0.52380952381,0.571428571429,0.619047619048,0.52380952381,0.55,0.6,0.616602046401,0.06085864733836628,2.253120475924914,0.605428124559,0.00035197488615272245,2.3273976166765284,0.615888015476,0.001025573320617523,2.216221316030973,0.611309648825,0.014555625951758295,2.2904984567825872,0.640645575302,0.003411240615643937,2.0664123296737213,0.609828344132,0.056760962215176645,2.045798617747783
