Well/XY,cell_id,total_distance,net_distance,linearity,spearmanrsq,progressivity,max_speed,min_speed,avg_speed,MSD_slope,hurst_RS,nongauss,disp_var,disp_skew,rw_linearity,rw_netdist,rw_kurtosis01,rw_kurtosis02,rw_kurtosis03,rw_kurtosis04,rw_kurtosis05,rw_kurtosis06,rw_kurtosis07,rw_kurtosis08,rw_kurtosis09,rw_kurtosis10,avg_moving_speed01,avg_moving_speed02,avg_moving_speed03,avg_moving_speed04,avg_moving_speed05,avg_moving_speed06,avg_moving_speed07,avg_moving_speed08,avg_moving_speed09,avg_moving_speed10,time_moving01,time_moving02,time_moving03,time_moving04,time_moving05,time_moving06,time_moving07,time_moving08,time_moving09,time_moving10,autocorr_1,autocorr_2,autocorr_3,autocorr_4,autocorr_5,autocorr_6,autocorr_7,autocorr_8,autocorr_9,autocorr_10,p_rturn_9_5,p_rturn_9_6,p_rturn_10_5,p_rturn_10_6,p_rturn_11_5,p_rturn_11_6,mean_theta_9_5,min_theta_9_5,max_theta_9_5,mean_theta_9_6,min_theta_9_6,max_theta_9_6,mean_theta_10_5,min_theta_10_5,max_theta_10_5,mean_theta_10_6,min_theta_10_6,max_theta_10_6,mean_theta_11_5,min_theta_11_5,max_theta_11_5,mean_theta_11_6,min_theta_11_6,max_theta_11_6
WellC03_Seq0016/xy21,0,886.4907056679493,244.38428938865945,0.888549737554,0.620846512057,0.2756760875507677,13.282752124465768,0.8839117603019139,11.6643513904,1.33890813648,0.73798926383,-0.360905179273,42.5121193971,0.30620654867980046,0.673976241521,99.633495342,-0.9536366143680892,-1.0637172011744886,-0.4251293789221813,-0.6227898315187237,-0.4738817999621463,-0.9762308095180421,-1.207599549100811,0.9219919318579048,-1.1026949487714155,0.29586827265754057,6.79246912148,7.01947825012,7.54354752063,7.91219776091,8.38981638781,9.52841122426,9.78705704871,10.2755199555,10.8117833985,11.7553662616,0.9722222222222222,0.9305555555555556,0.8333333333333334,0.7638888888888888,0.6666666666666666,0.4861111111111111,0.4444444444444444,0.3611111111111111,0.2777777777777778,0.16666666666666666,0.180733479724,-0.111354695516,0.0113980041786,0.00137725808401,0.210814827292,0.248690913191,0.0328855867174,-0.0619992694604,-0.0140934145991,-0.0500395237837,0.380952380952,0.333333333333,0.428571428571,0.333333333333,0.6,0.5,0.605235406935,0.01986085628357554,2.180826460459035,0.561267594773,0.003603724412844061,2.254100091963563,0.397244195627,0.011537718886301254,1.38386940494014,0.371590577327,0.008274412743574764,1.4200590468984156,0.552554385853,0.061349095036698796,1.9893257745791078,0.534380034842,0.013996815236766654,1.9890115956863659
