Well/XY,cell_id,total_distance,net_distance,linearity,spearmanrsq,progressivity,max_speed,min_speed,avg_speed,MSD_slope,hurst_RS,nongauss,disp_var,disp_skew,rw_linearity,rw_netdist,rw_kurtosis01,rw_kurtosis02,rw_kurtosis03,rw_kurtosis04,rw_kurtosis05,rw_kurtosis06,rw_kurtosis07,rw_kurtosis08,rw_kurtosis09,rw_kurtosis10,avg_moving_speed01,avg_moving_speed02,avg_moving_speed03,avg_moving_speed04,avg_moving_speed05,avg_moving_speed06,avg_moving_speed07,avg_moving_speed08,avg_moving_speed09,avg_moving_speed10,time_moving01,time_moving02,time_moving03,time_moving04,time_moving05,time_moving06,time_moving07,time_moving08,time_moving09,time_moving10,autocorr_1,autocorr_2,autocorr_3,autocorr_4,autocorr_5,autocorr_6,autocorr_7,autocorr_8,autocorr_9,autocorr_10,p_rturn_9_5,p_rturn_9_6,p_rturn_10_5,p_rturn_10_6,p_rturn_11_5,p_rturn_11_6,mean_theta_9_5,min_theta_9_5,max_theta_9_5,mean_theta_9_6,min_theta_9_6,max_theta_9_6,mean_theta_10_5,min_theta_10_5,max_theta_10_5,mean_theta_10_6,min_theta_10_6,max_theta_10_6,mean_theta_11_5,min_theta_11_5,max_theta_11_5,mean_theta_11_6,min_theta_11_6,max_theta_11_6
WellC03_Seq0016/xy05,0,2403.691657712515,368.3944012875332,0.605841403484,0.536177530507,0.15326192113930184,34.14491640054199,1.1529180369826801,31.627521812,1.34855622318,0.695327196188,-0.363488116326,302.786124836,0.3396212289711181,0.401387156806,-24.0928226309,-0.7151804858904862,-0.8355588066115889,-1.0748900683640812,-0.6091055854242184,-0.07319937873941784,-0.43071528754616484,-0.996107433841324,-0.13943799639652932,-0.8618631888415265,-1.5011339268734676,23.2457194878,23.8877344306,24.207241628,24.5169235151,24.8209750567,24.8209750567,24.8209750567,25.081245395,25.8916908817,26.1672771741,0.9861111111111112,0.9583333333333334,0.9444444444444444,0.9305555555555556,0.9166666666666666,0.9166666666666666,0.9166666666666666,0.9027777777777778,0.8611111111111112,0.8472222222222222,0.182801384887,0.0121999354458,0.196095151227,0.134167382316,0.0137160052627,-0.0910953377857,-0.0997914224475,-0.0530766788821,-0.10955268552,-0.176574773894,0.380952380952,0.333333333333,0.285714285714,0.428571428571,0.3,0.35,0.701487174212,0.057953846400489055,1.871898745204836,0.678565956992,0.02296306351275884,1.8667840569218945,0.702824854956,0.05392604222766244,1.781578988095946,0.674290830369,0.07335442668092419,1.7764642998130047,0.73865243325,0.05687968759189161,1.637408618080313,0.716170752324,0.029566019095157874,1.7782529450753823
