Well/XY,cell_id,total_distance,net_distance,linearity,spearmanrsq,progressivity,max_speed,min_speed,avg_speed,MSD_slope,hurst_RS,nongauss,disp_var,disp_skew,rw_linearity,rw_netdist,rw_kurtosis01,rw_kurtosis02,rw_kurtosis03,rw_kurtosis04,rw_kurtosis05,rw_kurtosis06,rw_kurtosis07,rw_kurtosis08,rw_kurtosis09,rw_kurtosis10,avg_moving_speed01,avg_moving_speed02,avg_moving_speed03,avg_moving_speed04,avg_moving_speed05,avg_moving_speed06,avg_moving_speed07,avg_moving_speed08,avg_moving_speed09,avg_moving_speed10,time_moving01,time_moving02,time_moving03,time_moving04,time_moving05,time_moving06,time_moving07,time_moving08,time_moving09,time_moving10,autocorr_1,autocorr_2,autocorr_3,autocorr_4,autocorr_5,autocorr_6,autocorr_7,autocorr_8,autocorr_9,autocorr_10,p_rturn_9_5,p_rturn_9_6,p_rturn_10_5,p_rturn_10_6,p_rturn_11_5,p_rturn_11_6,mean_theta_9_5,min_theta_9_5,max_theta_9_5,mean_theta_9_6,min_theta_9_6,max_theta_9_6,mean_theta_10_5,min_theta_10_5,max_theta_10_5,mean_theta_10_6,min_theta_10_6,max_theta_10_6,mean_theta_11_5,min_theta_11_5,max_theta_11_5,mean_theta_11_6,min_theta_11_6,max_theta_11_6
WellC03_Seq0016/xy07,0,618.2600943978701,111.1457696001067,0.00158149193361,0.056697993724,0.17977186398930164,20.153352971652147,0.05656854249492863,8.13500124208,0.759249882054,0.865589035679,6.77513369912,266.973787104,4.357560862217771,-0.220068253314,10.1930590762,23.0612738452252,6.995041955466828,5.1193029532437855,2.2049966566954584,4.548282785623852,1.2164335961063637,3.599134832448179,2.9616093208644365,1.9060734166242703,1.6964782086142414,9.24688466631,11.0009736071,12.0386474367,12.6338587045,13.2217931875,13.2217931875,13.7011294313,14.8132211958,15.4122371553,16.1243871129,0.3055555555555556,0.25,0.2222222222222222,0.20833333333333334,0.19444444444444445,0.19444444444444445,0.18055555555555555,0.1527777777777778,0.1388888888888889,0.125,0.33186504977,0.388412725569,0.319974718957,0.308756862117,0.261098098019,0.27240144064,0.329725047357,0.374810368857,0.213729352411,0.429782510087,0.380952380952,0.380952380952,0.571428571429,0.47619047619,0.4,0.5,0.775111342819,0.17667011002666516,2.270184784432727,0.840941626634,0.029069609769052252,2.2961730483127782,0.757466669106,0.025982019967674057,2.047625993833522,0.773147798754,0.0834559931310905,2.2076679122699017,0.719539468357,0.022732064284422156,1.7816444784887613,0.728289781721,0.018357353771480737,1.7252671321629645
