Well/XY,cell_id,total_distance,net_distance,linearity,spearmanrsq,progressivity,max_speed,min_speed,avg_speed,MSD_slope,hurst_RS,nongauss,disp_var,disp_skew,rw_linearity,rw_netdist,rw_kurtosis01,rw_kurtosis02,rw_kurtosis03,rw_kurtosis04,rw_kurtosis05,rw_kurtosis06,rw_kurtosis07,rw_kurtosis08,rw_kurtosis09,rw_kurtosis10,avg_moving_speed01,avg_moving_speed02,avg_moving_speed03,avg_moving_speed04,avg_moving_speed05,avg_moving_speed06,avg_moving_speed07,avg_moving_speed08,avg_moving_speed09,avg_moving_speed10,time_moving01,time_moving02,time_moving03,time_moving04,time_moving05,time_moving06,time_moving07,time_moving08,time_moving09,time_moving10,autocorr_1,autocorr_2,autocorr_3,autocorr_4,autocorr_5,autocorr_6,autocorr_7,autocorr_8,autocorr_9,autocorr_10,p_rturn_9_5,p_rturn_9_6,p_rturn_10_5,p_rturn_10_6,p_rturn_11_5,p_rturn_11_6,mean_theta_9_5,min_theta_9_5,max_theta_9_5,mean_theta_9_6,min_theta_9_6,max_theta_9_6,mean_theta_10_5,min_theta_10_5,max_theta_10_5,mean_theta_10_6,min_theta_10_6,max_theta_10_6,mean_theta_11_5,min_theta_11_5,max_theta_11_5,mean_theta_11_6,min_theta_11_6,max_theta_11_6
WellC06_Seq0015/xy20,0,416.9776997169427,282.4797587438788,0.986335685796,0.987200246894,0.6774457217631417,15.157926111444127,0.6351724175371449,6.72544676963,1.88845066865,0.874993052385,0.0988611334013,24.5305204239,1.4227195949641436,0.764929927267,206.986805989,1.7037594716848439,2.7394808068925967,2.079076643128004,3.4705176658389876,-0.8502384705726449,0.5560672963247613,0.07463336943768972,-0.27166305619676745,-1.464955431442617,-1.333715306380899,6.13751866649,6.49474333474,6.8032585342,7.16880328367,9.13287489404,9.98073544793,10.1452305039,10.6169703232,12.0300318571,13.1209750487,1.0,0.9310344827586207,0.8620689655172413,0.7758620689655172,0.4482758620689655,0.3620689655172414,0.3448275862068966,0.29310344827586204,0.1724137931034483,0.1206896551724138,0.438421354102,0.222727288842,0.21402019587,0.168498989942,0.243327010082,0.151939664283,0.374933176161,0.198585178793,-0.0860918968343,-0.0687884517034,0.4375,0.4375,0.4375,0.4375,0.4375,0.4375,0.170347022907,0.04724619775766376,0.9115116571274814,0.162454402172,0.03134733440343266,0.9129989114490884,0.172723449663,0.048073520652662814,0.7511393661104223,0.164830828927,0.04013663878631791,0.7526266204320293,0.183629872186,0.04411121745612349,0.7159377805605582,0.17573725145,0.04878478155323563,0.7174250348821654
