Well/XY,cell_id,total_distance,net_distance,linearity,spearmanrsq,progressivity,max_speed,min_speed,avg_speed,MSD_slope,hurst_RS,nongauss,disp_var,disp_skew,rw_linearity,rw_netdist,rw_kurtosis01,rw_kurtosis02,rw_kurtosis03,rw_kurtosis04,rw_kurtosis05,rw_kurtosis06,rw_kurtosis07,rw_kurtosis08,rw_kurtosis09,rw_kurtosis10,avg_moving_speed01,avg_moving_speed02,avg_moving_speed03,avg_moving_speed04,avg_moving_speed05,avg_moving_speed06,avg_moving_speed07,avg_moving_speed08,avg_moving_speed09,avg_moving_speed10,time_moving01,time_moving02,time_moving03,time_moving04,time_moving05,time_moving06,time_moving07,time_moving08,time_moving09,time_moving10,autocorr_1,autocorr_2,autocorr_3,autocorr_4,autocorr_5,autocorr_6,autocorr_7,autocorr_8,autocorr_9,autocorr_10,p_rturn_9_5,p_rturn_9_6,p_rturn_10_5,p_rturn_10_6,p_rturn_11_5,p_rturn_11_6,mean_theta_9_5,min_theta_9_5,max_theta_9_5,mean_theta_9_6,min_theta_9_6,max_theta_9_6,mean_theta_10_5,min_theta_10_5,max_theta_10_5,mean_theta_10_6,min_theta_10_6,max_theta_10_6,mean_theta_11_5,min_theta_11_5,max_theta_11_5,mean_theta_11_6,min_theta_11_6,max_theta_11_6
WellC06_Seq0015/xy04,0,148.93472051153125,31.859692402783825,0.444200984282,0.271705990627,0.21391715976877998,3.442092386906554,0.08246211251233336,2.40217291148,1.49874078625,0.811270902823,-0.242402229769,2.10336074837,0.713774808931197,0.194466875301,4.89536834718,0.1624113155059539,-0.0978421826737339,-0.13191665248920348,-0.6158341711956279,-1.133493540850289,-1.0259569726727895,-1.114153650553716,-1.0664195559730087,-1.6688893916043228,-0.18555778572225234,2.48885756846,2.87487922393,3.60903949171,4.01138380113,0.0,0.0,0.0,0.0,0.0,0.0,0.6206896551724138,0.4482758620689655,0.1724137931034483,0.017241379310344827,0.0,0.0,0.0,0.0,0.0,0.0,0.255693918818,0.279438937769,0.280316946218,0.130303131236,-0.00836625594304,0.0962597574872,-0.149912106384,-0.13745528567,-0.194296675504,-0.306745468464,0.3125,0.3125,0.3125,0.3125,0.3125,0.3125,1.07298690703,0.1649934086846389,2.770286407645848,0.907243459364,0.05995033474053037,2.5735526849358568,1.05674756476,0.15030494809872663,2.792377255643334,0.896280397955,0.16744389454730352,2.7250802563914163,0.995762480111,0.1736256340673529,2.758993883332287,0.947702573453,0.190764580515931,2.49006581990705
