Well/XY,cell_id,total_distance,net_distance,linearity,spearmanrsq,progressivity,max_speed,min_speed,avg_speed,MSD_slope,hurst_RS,nongauss,disp_var,disp_skew,rw_linearity,rw_netdist,rw_kurtosis01,rw_kurtosis02,rw_kurtosis03,rw_kurtosis04,rw_kurtosis05,rw_kurtosis06,rw_kurtosis07,rw_kurtosis08,rw_kurtosis09,rw_kurtosis10,avg_moving_speed01,avg_moving_speed02,avg_moving_speed03,avg_moving_speed04,avg_moving_speed05,avg_moving_speed06,avg_moving_speed07,avg_moving_speed08,avg_moving_speed09,avg_moving_speed10,time_moving01,time_moving02,time_moving03,time_moving04,time_moving05,time_moving06,time_moving07,time_moving08,time_moving09,time_moving10,autocorr_1,autocorr_2,autocorr_3,autocorr_4,autocorr_5,autocorr_6,autocorr_7,autocorr_8,autocorr_9,autocorr_10,p_rturn_9_5,p_rturn_9_6,p_rturn_10_5,p_rturn_10_6,p_rturn_11_5,p_rturn_11_6,mean_theta_9_5,min_theta_9_5,max_theta_9_5,mean_theta_9_6,min_theta_9_6,max_theta_9_6,mean_theta_10_5,min_theta_10_5,max_theta_10_5,mean_theta_10_6,min_theta_10_6,max_theta_10_6,mean_theta_11_5,min_theta_11_5,max_theta_11_5,mean_theta_11_6,min_theta_11_6,max_theta_11_6
WellC11_Seq0010/xy22,0,847.1973144965103,73.23694422898882,0.2740534522,0.237563675765,0.08644614775781431,16.506204893917943,2.2995651762887848,13.6644728145,1.1517329523,0.661599219668,-0.360798526716,47.0492928763,0.5797984569981441,0.0407026385024,-80.1463826988,0.6830145315819793,-0.7389134600873724,-0.9026440000947824,-0.8645790896270733,-1.4307188441202447,0.7217724150715834,-0.6820620673349107,-0.7945049055141729,0.03805701497036962,-1.307050890705387,11.3503659666,11.3503659666,11.4969842212,11.4969842212,11.6136405097,11.7318936783,12.1432842852,12.552249431,13.1381866662,13.3175850219,1.0,1.0,0.9827586206896551,0.9827586206896551,0.9655172413793104,0.9482758620689655,0.8793103448275862,0.8103448275862069,0.7068965517241379,0.6724137931034483,0.436680009374,-0.0582035458392,-0.341379232918,-0.296848471407,0.084364556728,0.425875445359,0.353962686697,0.0322164988583,-0.232539305695,-0.351865115792,0.5625,0.625,0.4375,0.5,0.4375,0.4375,0.735602019264,0.028701543687224558,1.9950411627727933,0.666499614339,0.025391614546222848,2.081965269541333,0.754742634451,0.050042490865489245,1.791315043954941,0.689227922488,0.07383570170731657,1.8782391507234806,0.698419573158,0.015471707946394578,1.5931038236007924,0.650075593459,0.031632470057397194,1.680027930369332
