Well/XY,cell_id,total_distance,net_distance,linearity,spearmanrsq,progressivity,max_speed,min_speed,avg_speed,MSD_slope,hurst_RS,nongauss,disp_var,disp_skew,rw_linearity,rw_netdist,rw_kurtosis01,rw_kurtosis02,rw_kurtosis03,rw_kurtosis04,rw_kurtosis05,rw_kurtosis06,rw_kurtosis07,rw_kurtosis08,rw_kurtosis09,rw_kurtosis10,avg_moving_speed01,avg_moving_speed02,avg_moving_speed03,avg_moving_speed04,avg_moving_speed05,avg_moving_speed06,avg_moving_speed07,avg_moving_speed08,avg_moving_speed09,avg_moving_speed10,time_moving01,time_moving02,time_moving03,time_moving04,time_moving05,time_moving06,time_moving07,time_moving08,time_moving09,time_moving10,autocorr_1,autocorr_2,autocorr_3,autocorr_4,autocorr_5,autocorr_6,autocorr_7,autocorr_8,autocorr_9,autocorr_10,p_rturn_9_5,p_rturn_9_6,p_rturn_10_5,p_rturn_10_6,p_rturn_11_5,p_rturn_11_6,mean_theta_9_5,min_theta_9_5,max_theta_9_5,mean_theta_9_6,min_theta_9_6,max_theta_9_6,mean_theta_10_5,min_theta_10_5,max_theta_10_5,mean_theta_10_6,min_theta_10_6,max_theta_10_6,mean_theta_11_5,min_theta_11_5,max_theta_11_5,mean_theta_11_6,min_theta_11_6,max_theta_11_6
WellC11_Seq0010/xy08,0,391.00926179952097,125.26216507788783,0.752119289683,0.668365018748,0.32035600512734785,15.226016681982173,0.14560219778559974,6.30660099677,1.65451405841,0.890260131905,0.170890864207,21.8371183131,1.518553825047997,0.519778945851,54.4707444629,2.509694589364174,3.145005786026692,2.7184677583732997,2.5900057740429334,4.676770433658077,2.704280074921516,-1.5382813047067707,-1.1071433743313248,0.10751964540962611,-0.05498940034378741,6.11940668271,6.28805181278,6.51141450334,6.96660234893,7.97197909392,9.4332105179,11.0737050233,14.8939033155,14.8939033155,16.0486811716,0.9655172413793104,0.9310344827586207,0.8793103448275862,0.7586206896551724,0.5344827586206896,0.3275862068965517,0.20689655172413793,0.10344827586206896,0.10344827586206896,0.08620689655172414,0.636193395076,0.548512388327,0.363322201227,0.166501378974,0.00619242786146,-0.107501956398,-0.156022153799,-0.202412274795,-0.169370124217,-0.208651903311,0.4375,0.4375,0.4375,0.4375,0.5,0.5,0.19472480794,0.002196528712962854,0.3285049420542486,0.177155516383,0.0035719404105376933,0.30620185435779773,0.248102968013,0.044811310471401876,0.9280933246691985,0.230161039009,0.005437194177594985,0.927679093026475,0.216941948385,0.07557230563306605,0.3722498505492421,0.198372149064,0.021779754086521153,0.3499467628527916
