Well/XY,cell_id,total_distance,net_distance,linearity,spearmanrsq,progressivity,max_speed,min_speed,avg_speed,MSD_slope,hurst_RS,nongauss,disp_var,disp_skew,rw_linearity,rw_netdist,rw_kurtosis01,rw_kurtosis02,rw_kurtosis03,rw_kurtosis04,rw_kurtosis05,rw_kurtosis06,rw_kurtosis07,rw_kurtosis08,rw_kurtosis09,rw_kurtosis10,avg_moving_speed01,avg_moving_speed02,avg_moving_speed03,avg_moving_speed04,avg_moving_speed05,avg_moving_speed06,avg_moving_speed07,avg_moving_speed08,avg_moving_speed09,avg_moving_speed10,time_moving01,time_moving02,time_moving03,time_moving04,time_moving05,time_moving06,time_moving07,time_moving08,time_moving09,time_moving10,autocorr_1,autocorr_2,autocorr_3,autocorr_4,autocorr_5,autocorr_6,autocorr_7,autocorr_8,autocorr_9,autocorr_10,p_rturn_9_5,p_rturn_9_6,p_rturn_10_5,p_rturn_10_6,p_rturn_11_5,p_rturn_11_6,mean_theta_9_5,min_theta_9_5,max_theta_9_5,mean_theta_9_6,min_theta_9_6,max_theta_9_6,mean_theta_10_5,min_theta_10_5,max_theta_10_5,mean_theta_10_6,min_theta_10_6,max_theta_10_6,mean_theta_11_5,min_theta_11_5,max_theta_11_5,mean_theta_11_6,min_theta_11_6,max_theta_11_6
WellC11_Seq0010/xy13,0,285.60116739689767,151.751646847736,0.767981665386,0.77683705585,0.5313411294178918,5.713883442983421,0.33060550509632514,4.60647044189,1.47950006977,0.50535487422,-0.118210024979,8.12361139703,1.157002553014118,0.524030605283,100.04414438,1.414331032534359,-0.6082921809234398,-1.0951939213682473,-0.93750629120226,-1.436086370599615,-1.4060481061401753,-1.8400708559183199,-1.2869171233748704,-0.23512765375726596,-0.8299353974368153,3.77708184676,3.95285622805,4.62823074166,5.04044120857,5.66980157857,6.38325856552,0.0,0.0,0.0,0.0,0.9137931034482759,0.8448275862068966,0.5689655172413793,0.41379310344827586,0.20689655172413793,0.034482758620689655,0.0,0.0,0.0,0.0,0.0803644758504,-0.129992485761,0.00508200046551,-0.166571806162,-0.184603298091,0.0353719488847,0.143169801443,-0.00251490413553,0.2375600091,0.0742658834547,0.5625,0.5625,0.625,0.5625,0.6875,0.6875,0.451179414844,0.021886362450576215,1.6590814321063025,0.40354180173,0.02123093437285771,1.5276936731022661,0.506321487949,0.022360830879282607,1.771422689738396,0.458683874835,0.017524581205801592,1.6400349307343596,0.48347010865,0.014221658575309895,1.2363197919422093,0.451082789299,0.005598450808729079,1.0305924655654548
