Well/XY,cell_id,total_distance,net_distance,linearity,spearmanrsq,progressivity,max_speed,min_speed,avg_speed,MSD_slope,hurst_RS,nongauss,disp_var,disp_skew,rw_linearity,rw_netdist,rw_kurtosis01,rw_kurtosis02,rw_kurtosis03,rw_kurtosis04,rw_kurtosis05,rw_kurtosis06,rw_kurtosis07,rw_kurtosis08,rw_kurtosis09,rw_kurtosis10,avg_moving_speed01,avg_moving_speed02,avg_moving_speed03,avg_moving_speed04,avg_moving_speed05,avg_moving_speed06,avg_moving_speed07,avg_moving_speed08,avg_moving_speed09,avg_moving_speed10,time_moving01,time_moving02,time_moving03,time_moving04,time_moving05,time_moving06,time_moving07,time_moving08,time_moving09,time_moving10,autocorr_1,autocorr_2,autocorr_3,autocorr_4,autocorr_5,autocorr_6,autocorr_7,autocorr_8,autocorr_9,autocorr_10,p_rturn_9_5,p_rturn_9_6,p_rturn_10_5,p_rturn_10_6,p_rturn_11_5,p_rturn_11_6,mean_theta_9_5,min_theta_9_5,max_theta_9_5,mean_theta_9_6,min_theta_9_6,max_theta_9_6,mean_theta_10_5,min_theta_10_5,max_theta_10_5,mean_theta_10_6,min_theta_10_6,max_theta_10_6,mean_theta_11_5,min_theta_11_5,max_theta_11_5,mean_theta_11_6,min_theta_11_6,max_theta_11_6
WellC11_Seq0010/xy12,0,89.13681615812976,6.081060762728855,0.465075472606,0.577719681266,0.06822165099481432,0.7948157019083159,0.03605551275464037,1.4376905832,0.459566271298,0.622174109079,-0.346666625093,0.59006771469,0.47479048182153427,0.22352087292,-10.0569760088,-0.27965885683412406,3.8297806075458256,-1.3880629813865173,2.637403855493135,-0.13112177050764418,-0.15239613343745484,0.08994493788432045,-1.432134427008853,0.0392968828262501,-0.4716240449297153,0.0,0.0,0.0,0.0,0.0,0.0,0.0,0.0,0.0,0.0,0.0,0.0,0.0,0.0,0.0,0.0,0.0,0.0,0.0,0.0,0.0708361793982,0.136852384876,0.125387685967,-0.113157861172,-0.217078119664,-0.0255764147752,-0.180419544669,-0.288988954081,0.0972970073205,-0.0279726127995,0.625,0.5625,0.533333333333,0.4,0.625,0.625,0.392805591786,0.003088456441842275,0.9835082051201782,0.392682624735,0.012327363650473187,0.9402602527503674,0.634121583129,0.09766246823836093,1.5197474462429101,0.66813964695,0.07983482963012277,1.6067334764591337,0.496127342014,0.011453134625928306,1.4195785961852305,0.490064714286,0.005816282463233108,1.5733199387182462
