Well/XY,cell_id,total_distance,net_distance,linearity,spearmanrsq,progressivity,max_speed,min_speed,avg_speed,MSD_slope,hurst_RS,nongauss,disp_var,disp_skew,rw_linearity,rw_netdist,rw_kurtosis01,rw_kurtosis02,rw_kurtosis03,rw_kurtosis04,rw_kurtosis05,rw_kurtosis06,rw_kurtosis07,rw_kurtosis08,rw_kurtosis09,rw_kurtosis10,avg_moving_speed01,avg_moving_speed02,avg_moving_speed03,avg_moving_speed04,avg_moving_speed05,avg_moving_speed06,avg_moving_speed07,avg_moving_speed08,avg_moving_speed09,avg_moving_speed10,time_moving01,time_moving02,time_moving03,time_moving04,time_moving05,time_moving06,time_moving07,time_moving08,time_moving09,time_moving10,autocorr_1,autocorr_2,autocorr_3,autocorr_4,autocorr_5,autocorr_6,autocorr_7,autocorr_8,autocorr_9,autocorr_10,p_rturn_9_5,p_rturn_9_6,p_rturn_10_5,p_rturn_10_6,p_rturn_11_5,p_rturn_11_6,mean_theta_9_5,min_theta_9_5,max_theta_9_5,mean_theta_9_6,min_theta_9_6,max_theta_9_6,mean_theta_10_5,min_theta_10_5,max_theta_10_5,mean_theta_10_6,min_theta_10_6,max_theta_10_6,mean_theta_11_5,min_theta_11_5,max_theta_11_5,mean_theta_11_6,min_theta_11_6,max_theta_11_6
WellC11_Seq0010/xy03,0,383.6454055621632,13.704338729030251,0.168204870156,0.170858466569,0.03572136804023239,9.597209802854136,0.7068238818828999,6.18782912197,1.05046798137,0.880685150707,-0.248665184811,16.1454841634,0.6100045683546087,-0.045226042313,-55.7538708979,-0.8685438531819933,-0.5063336330657551,-0.16818390488869905,-1.0221144733751482,-0.8688959521819162,1.0719832698963394,-1.346779218913458,-0.4531985660531186,-0.173216171871712,-1.4358569564140884,3.74233027611,4.76331927584,5.98213916851,6.62035448902,7.59883101374,7.78552375833,9.08063745506,10.4365372076,10.4365372076,11.0336051016,0.9310344827586207,0.6379310344827587,0.41379310344827586,0.3275862068965517,0.22413793103448276,0.20689655172413793,0.10344827586206896,0.05172413793103448,0.05172413793103448,0.034482758620689655,0.473469607652,0.324590698136,0.375763964494,0.36805948325,0.227830686649,0.0888134338413,0.0557026575955,-0.0957794514155,-0.187176426021,-0.245303365192,0.25,0.25,0.4375,0.4375,0.375,0.375,1.20249906856,0.1400020694717134,2.475057040099489,1.27060631466,0.034800665281103926,2.4757108924236424,0.937684467954,0.00956773979923025,2.096185179409646,0.999806039333,0.03346807864062558,2.186419919947069,0.962696444377,0.029598074862066736,1.8802957654887464,1.00674113965,0.05349841370345536,1.9633088983405669
