Well/XY,cell_id,total_distance,net_distance,linearity,spearmanrsq,progressivity,max_speed,min_speed,avg_speed,MSD_slope,hurst_RS,nongauss,disp_var,disp_skew,rw_linearity,rw_netdist,rw_kurtosis01,rw_kurtosis02,rw_kurtosis03,rw_kurtosis04,rw_kurtosis05,rw_kurtosis06,rw_kurtosis07,rw_kurtosis08,rw_kurtosis09,rw_kurtosis10,avg_moving_speed01,avg_moving_speed02,avg_moving_speed03,avg_moving_speed04,avg_moving_speed05,avg_moving_speed06,avg_moving_speed07,avg_moving_speed08,avg_moving_speed09,avg_moving_speed10,time_moving01,time_moving02,time_moving03,time_moving04,time_moving05,time_moving06,time_moving07,time_moving08,time_moving09,time_moving10,autocorr_1,autocorr_2,autocorr_3,autocorr_4,autocorr_5,autocorr_6,autocorr_7,autocorr_8,autocorr_9,autocorr_10,p_rturn_9_5,p_rturn_9_6,p_rturn_10_5,p_rturn_10_6,p_rturn_11_5,p_rturn_11_6,mean_theta_9_5,min_theta_9_5,max_theta_9_5,mean_theta_9_6,min_theta_9_6,max_theta_9_6,mean_theta_10_5,min_theta_10_5,max_theta_10_5,mean_theta_10_6,min_theta_10_6,max_theta_10_6,mean_theta_11_5,min_theta_11_5,max_theta_11_5,mean_theta_11_6,min_theta_11_6,max_theta_11_6
WellC05_Seq0016/xy13,0,1231.7939494929883,154.64762558797992,0.00944440505629,0.0315850662742,0.1255466676481351,25.758107772117086,0.4118252056395118,16.4239193266,1.21921991708,0.737160632322,0.726320244037,174.467180545,2.4061330213261867,-0.208406512433,-47.8400509727,7.028555693286336,-0.0855016056962965,-0.006357621048578288,-0.7759671439605587,-0.052348426340427245,-0.916428772650062,-1.4706429367491274,-0.9444810263145738,-1.19259761086534,-1.4460154797012594,12.2776708465,12.5915454579,12.5915454579,13.0118876893,13.1437171759,13.7962677874,14.8064089022,15.7708546737,16.6575263436,17.0321847158,0.9859154929577465,0.9577464788732394,0.9577464788732394,0.9154929577464789,0.9014084507042254,0.8309859154929577,0.7323943661971831,0.647887323943662,0.5774647887323944,0.5492957746478874,0.474967325738,0.108436163219,0.200982064966,0.32806469418,0.0766744012795,0.113045371071,0.15132041714,-0.031376777229,-0.0810064606143,0.10395570099,0.809523809524,0.761904761905,0.85,0.85,0.7,0.7,0.654285196315,0.07186267516067894,1.964198220968994,0.647669995075,0.040505885296966984,2.0718002056634837,0.677499903067,0.01802700009101506,1.8459925339097407,0.673940276851,0.0029054527830314563,1.9535945186042303,0.796941040455,0.03736888964556281,2.291965621110257,0.786664405909,0.006603735855887025,2.2888466791777593
