Well/XY,cell_id,total_distance,net_distance,linearity,spearmanrsq,progressivity,max_speed,min_speed,avg_speed,MSD_slope,hurst_RS,nongauss,disp_var,disp_skew,rw_linearity,rw_netdist,rw_kurtosis01,rw_kurtosis02,rw_kurtosis03,rw_kurtosis04,rw_kurtosis05,rw_kurtosis06,rw_kurtosis07,rw_kurtosis08,rw_kurtosis09,rw_kurtosis10,avg_moving_speed01,avg_moving_speed02,avg_moving_speed03,avg_moving_speed04,avg_moving_speed05,avg_moving_speed06,avg_moving_speed07,avg_moving_speed08,avg_moving_speed09,avg_moving_speed10,time_moving01,time_moving02,time_moving03,time_moving04,time_moving05,time_moving06,time_moving07,time_moving08,time_moving09,time_moving10,autocorr_1,autocorr_2,autocorr_3,autocorr_4,autocorr_5,autocorr_6,autocorr_7,autocorr_8,autocorr_9,autocorr_10,p_rturn_9_5,p_rturn_9_6,p_rturn_10_5,p_rturn_10_6,p_rturn_11_5,p_rturn_11_6,mean_theta_9_5,min_theta_9_5,max_theta_9_5,mean_theta_9_6,min_theta_9_6,max_theta_9_6,mean_theta_10_5,min_theta_10_5,max_theta_10_5,mean_theta_10_6,min_theta_10_6,max_theta_10_6,mean_theta_11_5,min_theta_11_5,max_theta_11_5,mean_theta_11_6,min_theta_11_6,max_theta_11_6
WellC05_Seq0016/xy24,0,1652.453583468702,303.7944370787589,0.00256520735028,0.0118801193683,0.18384446021234513,45.989993520330046,0.20000000000000911,22.0327144462,1.01684282237,0.801511497748,0.27749912284,319.700431079,1.5616745290078446,-0.224757707735,32.156890167,2.0211410730349497,1.6322543103582676,4.762794893581015,1.291008393100876,0.695207139873482,-1.3639899148443286,-1.106839697983723,-1.1235668472030618,-1.1693558667652093,-1.1932659935897447,13.6125675774,14.7681278201,15.1715369772,15.5643184583,15.960759309,16.356111507,18.098249953,18.5979651958,18.8305506632,19.0475523256,0.9577464788732394,0.8732394366197183,0.8450704225352113,0.8169014084507042,0.7887323943661971,0.7605633802816901,0.647887323943662,0.6197183098591549,0.6056338028169014,0.5915492957746479,0.464380565299,0.4602791171,0.218125130508,0.143957359228,0.0455351446706,-0.09166696824,0.103345138764,-0.0615489635169,0.0299791902604,-0.0456837145482,0.52380952381,0.47619047619,0.4,0.4,0.4,0.3,0.77431519318,0.011375661501436402,2.5789016819306028,0.818861780707,0.0524495612686949,2.5944310784406164,0.697796484624,0.043384209889025784,2.1145169498788663,0.665603089668,0.0670206820494624,2.230961604398044,0.698075315867,0.007877581467495884,2.191129867949516,0.666314759317,0.015223753911904118,2.3075745224686934
