Well/XY,cell_id,total_distance,net_distance,linearity,spearmanrsq,progressivity,max_speed,min_speed,avg_speed,MSD_slope,hurst_RS,nongauss,disp_var,disp_skew,rw_linearity,rw_netdist,rw_kurtosis01,rw_kurtosis02,rw_kurtosis03,rw_kurtosis04,rw_kurtosis05,rw_kurtosis06,rw_kurtosis07,rw_kurtosis08,rw_kurtosis09,rw_kurtosis10,avg_moving_speed01,avg_moving_speed02,avg_moving_speed03,avg_moving_speed04,avg_moving_speed05,avg_moving_speed06,avg_moving_speed07,avg_moving_speed08,avg_moving_speed09,avg_moving_speed10,time_moving01,time_moving02,time_moving03,time_moving04,time_moving05,time_moving06,time_moving07,time_moving08,time_moving09,time_moving10,autocorr_1,autocorr_2,autocorr_3,autocorr_4,autocorr_5,autocorr_6,autocorr_7,autocorr_8,autocorr_9,autocorr_10,p_rturn_9_5,p_rturn_9_6,p_rturn_10_5,p_rturn_10_6,p_rturn_11_5,p_rturn_11_6,mean_theta_9_5,min_theta_9_5,max_theta_9_5,mean_theta_9_6,min_theta_9_6,max_theta_9_6,mean_theta_10_5,min_theta_10_5,max_theta_10_5,mean_theta_10_6,min_theta_10_6,max_theta_10_6,mean_theta_11_5,min_theta_11_5,max_theta_11_5,mean_theta_11_6,min_theta_11_6,max_theta_11_6
WellC05_Seq0016/xy18,0,1250.4629646609073,107.0070670563398,0.620937911032,0.610970168502,0.0855739594697691,19.11480483813531,0.6944955003454188,16.6728395288,0.708898149485,0.704431369917,0.0708792348872,183.834831556,1.0953557264950529,0.377303718408,-98.549503865,0.5408429369955194,1.7072672836811673,-0.1540516791623432,2.493783583632858,0.32034868192732624,-0.23597751231824438,-1.1740881957740952,1.3095006261786217,-0.6653495261366813,-1.5072991920640866,7.13397993065,7.64711989441,8.48564599637,8.97712466458,9.70438267646,10.5397543306,11.053904634,12.6357045065,13.7972055022,14.0968167757,0.9859154929577465,0.9014084507042254,0.7746478873239436,0.704225352112676,0.6056338028169014,0.5070422535211268,0.4507042253521127,0.30985915492957744,0.23943661971830985,0.22535211267605634,0.427799646905,0.209120543369,0.0356091606856,-0.0725521714236,-0.213708037107,-0.192549638523,-0.121500454629,-0.0817569858359,0.00394858299288,-0.0801893492304,0.52380952381,0.52380952381,0.65,0.65,0.6,0.6,0.950428910044,0.20839189404983582,2.6081363258212558,0.864361733339,0.11983950133049187,2.526871736035415,0.79506538764,0.058974916922682454,2.1735017006588278,0.806049921152,0.05046626882329331,2.203274084131629,0.753892853005,0.04936266131759653,2.1076530097857242,0.742519127484,0.02025030407050924,2.0379217062799384
