Well/XY,cell_id,total_distance,net_distance,linearity,spearmanrsq,progressivity,max_speed,min_speed,avg_speed,MSD_slope,hurst_RS,nongauss,disp_var,disp_skew,rw_linearity,rw_netdist,rw_kurtosis01,rw_kurtosis02,rw_kurtosis03,rw_kurtosis04,rw_kurtosis05,rw_kurtosis06,rw_kurtosis07,rw_kurtosis08,rw_kurtosis09,rw_kurtosis10,avg_moving_speed01,avg_moving_speed02,avg_moving_speed03,avg_moving_speed04,avg_moving_speed05,avg_moving_speed06,avg_moving_speed07,avg_moving_speed08,avg_moving_speed09,avg_moving_speed10,time_moving01,time_moving02,time_moving03,time_moving04,time_moving05,time_moving06,time_moving07,time_moving08,time_moving09,time_moving10,autocorr_1,autocorr_2,autocorr_3,autocorr_4,autocorr_5,autocorr_6,autocorr_7,autocorr_8,autocorr_9,autocorr_10,p_rturn_9_5,p_rturn_9_6,p_rturn_10_5,p_rturn_10_6,p_rturn_11_5,p_rturn_11_6,mean_theta_9_5,min_theta_9_5,max_theta_9_5,mean_theta_9_6,min_theta_9_6,max_theta_9_6,mean_theta_10_5,min_theta_10_5,max_theta_10_5,mean_theta_10_6,min_theta_10_6,max_theta_10_6,mean_theta_11_5,min_theta_11_5,max_theta_11_5,mean_theta_11_6,min_theta_11_6,max_theta_11_6
WellC05_Seq0016/xy08,0,1146.0071303341545,626.637991586849,0.543293956483,0.688998266083,0.5468011280210211,27.412365749785256,2.1342174209766176,15.2800950711,1.76306582066,0.734313306355,0.0237341109927,130.323270122,1.2159520622449322,0.313750434875,438.252327541,0.5579075283316688,2.387564995809007,-0.045645562262005335,-0.1604981443702238,0.739146031549204,0.186738462152217,-0.5261458044732885,-0.5823698230515104,-1.4564220384934947,-0.1917991280283604,12.3982331931,12.3982331931,12.5378559506,13.0729816917,13.631786382,13.8961747519,15.1973768788,15.8432522309,16.9471062262,17.5308760385,1.0,1.0,0.9859154929577465,0.9295774647887324,0.8732394366197183,0.8450704225352113,0.7183098591549296,0.6619718309859155,0.5774647887323944,0.5352112676056338,0.397096895026,0.0995840253108,-0.0242049698994,-0.12737274711,-0.124843993415,0.145010903025,0.251135396366,0.265040314303,0.291637923011,0.24288105004,0.190476190476,0.190476190476,0.15,0.2,0.25,0.25,0.342871868242,0.033924024499069866,1.9462005711217785,0.338531100967,0.04464422212528594,1.9591209941120145,0.406669185751,0.029972295456335202,1.9589010777613776,0.397210108813,0.03163947097262458,1.9718215007516133,0.45329308359,0.05102507004036212,2.143186894303599,0.453011900635,0.05269224555664212,2.196909314416201
