Well/XY,cell_id,total_distance,net_distance,linearity,spearmanrsq,progressivity,max_speed,min_speed,avg_speed,MSD_slope,hurst_RS,nongauss,disp_var,disp_skew,rw_linearity,rw_netdist,rw_kurtosis01,rw_kurtosis02,rw_kurtosis03,rw_kurtosis04,rw_kurtosis05,rw_kurtosis06,rw_kurtosis07,rw_kurtosis08,rw_kurtosis09,rw_kurtosis10,avg_moving_speed01,avg_moving_speed02,avg_moving_speed03,avg_moving_speed04,avg_moving_speed05,avg_moving_speed06,avg_moving_speed07,avg_moving_speed08,avg_moving_speed09,avg_moving_speed10,time_moving01,time_moving02,time_moving03,time_moving04,time_moving05,time_moving06,time_moving07,time_moving08,time_moving09,time_moving10,autocorr_1,autocorr_2,autocorr_3,autocorr_4,autocorr_5,autocorr_6,autocorr_7,autocorr_8,autocorr_9,autocorr_10,p_rturn_9_5,p_rturn_9_6,p_rturn_10_5,p_rturn_10_6,p_rturn_11_5,p_rturn_11_6,mean_theta_9_5,min_theta_9_5,max_theta_9_5,mean_theta_9_6,min_theta_9_6,max_theta_9_6,mean_theta_10_5,min_theta_10_5,max_theta_10_5,mean_theta_10_6,min_theta_10_6,max_theta_10_6,mean_theta_11_5,min_theta_11_5,max_theta_11_5,mean_theta_11_6,min_theta_11_6,max_theta_11_6
WellC05_Seq0016/xy09,0,1843.8530412996206,410.6570088285357,0.295454918992,0.357693867782,0.2227167781978375,30.19435053118382,0.3236108774438878,24.5847072173,1.03734988828,0.588517267879,1.1598868778,576.826161814,2.3399584051686846,0.0737643728576,107.55638197,7.56772101655357,0.5917735569377833,0.2094336165731936,-0.545225882115655,-1.1028089612141634,-0.8466635597100534,-0.7077712721567111,-0.9124937817423566,-1.4644736186458878,-0.37229493962663796,12.8994533179,13.583343183,14.5026697933,15.7109331039,16.5806737247,16.8121041667,17.0291202329,17.4269485587,17.8376306231,19.3991635483,0.9859154929577465,0.9295774647887324,0.8591549295774648,0.7746478873239436,0.7183098591549296,0.704225352112676,0.6901408450704225,0.6619718309859155,0.6338028169014085,0.5352112676056338,0.195463337872,0.125214280171,-0.137431629228,-0.040802693123,-0.0804272792673,0.0267916183265,-0.0935941515895,-0.136479533866,0.0237354164584,-0.054950521351,0.571428571429,0.619047619048,0.65,0.7,0.6,0.6,0.946398518439,0.09438143978018876,2.7239620097306494,0.934244096995,0.09779051265422078,2.6269446712148103,0.980815207541,0.06890810206775758,2.6462457764886054,0.965131059892,0.038904330235599534,2.651096913550538,1.09986479807,0.01832214495999615,2.7086142616683477,1.09452640667,0.04486211442204669,2.585591606513764
