Well/XY,cell_id,total_distance,net_distance,linearity,spearmanrsq,progressivity,max_speed,min_speed,avg_speed,MSD_slope,hurst_RS,nongauss,disp_var,disp_skew,rw_linearity,rw_netdist,rw_kurtosis01,rw_kurtosis02,rw_kurtosis03,rw_kurtosis04,rw_kurtosis05,rw_kurtosis06,rw_kurtosis07,rw_kurtosis08,rw_kurtosis09,rw_kurtosis10,avg_moving_speed01,avg_moving_speed02,avg_moving_speed03,avg_moving_speed04,avg_moving_speed05,avg_moving_speed06,avg_moving_speed07,avg_moving_speed08,avg_moving_speed09,avg_moving_speed10,time_moving01,time_moving02,time_moving03,time_moving04,time_moving05,time_moving06,time_moving07,time_moving08,time_moving09,time_moving10,autocorr_1,autocorr_2,autocorr_3,autocorr_4,autocorr_5,autocorr_6,autocorr_7,autocorr_8,autocorr_9,autocorr_10,p_rturn_9_5,p_rturn_9_6,p_rturn_10_5,p_rturn_10_6,p_rturn_11_5,p_rturn_11_6,mean_theta_9_5,min_theta_9_5,max_theta_9_5,mean_theta_9_6,min_theta_9_6,max_theta_9_6,mean_theta_10_5,min_theta_10_5,max_theta_10_5,mean_theta_10_6,min_theta_10_6,max_theta_10_6,mean_theta_11_5,min_theta_11_5,max_theta_11_5,mean_theta_11_6,min_theta_11_6,max_theta_11_6
WellC05_Seq0016/xy23,0,717.8470646949072,56.98247186635538,0.00179334647703,0.0207027206632,0.07937968220372058,9.572277680886616,0.16829735589128292,9.57129419593,0.618912688736,0.75099392527,0.400543299646,72.9971205289,1.6438785613633566,-0.246876586087,-61.0203680695,2.0189482682545226,0.6568747909931756,-0.5250278312805827,-0.5674455300150121,-1.0899613162154205,-0.921682226311098,-1.0420593413209944,-0.631905091010708,-1.2575790858448466,-0.9440581620186781,3.59809510119,4.54624640715,5.7412056195,6.22877212405,6.84811557834,7.8504531667,8.36865691802,9.25147468276,9.70214355447,10.2249843032,0.9154929577464789,0.6338028169014085,0.4084507042253521,0.3380281690140845,0.2535211267605634,0.14084507042253522,0.09859154929577464,0.056338028169014086,0.028169014084507043,0.014084507042253521,0.457667682441,0.342552759782,0.329094083942,-0.000435191228877,-0.113345809678,0.0071467696425,-0.137588448502,-0.157760274875,0.00903755550368,-0.141429111884,0.428571428571,0.428571428571,0.4,0.4,0.45,0.45,0.69523873691,0.02304259202294359,2.0083496115647343,0.667512451594,0.020327878651315596,1.9038586850406787,0.634683837816,0.07329635322908823,1.6618003066374891,0.676180730809,0.04015638475751585,1.8143102473140698,0.682563801481,0.041885789640390414,1.9278863986812482,0.700101016853,0.040007663643515205,1.9702783136450401
