Well/XY,cell_id,total_distance,net_distance,linearity,spearmanrsq,progressivity,max_speed,min_speed,avg_speed,MSD_slope,hurst_RS,nongauss,disp_var,disp_skew,rw_linearity,rw_netdist,rw_kurtosis01,rw_kurtosis02,rw_kurtosis03,rw_kurtosis04,rw_kurtosis05,rw_kurtosis06,rw_kurtosis07,rw_kurtosis08,rw_kurtosis09,rw_kurtosis10,avg_moving_speed01,avg_moving_speed02,avg_moving_speed03,avg_moving_speed04,avg_moving_speed05,avg_moving_speed06,avg_moving_speed07,avg_moving_speed08,avg_moving_speed09,avg_moving_speed10,time_moving01,time_moving02,time_moving03,time_moving04,time_moving05,time_moving06,time_moving07,time_moving08,time_moving09,time_moving10,autocorr_1,autocorr_2,autocorr_3,autocorr_4,autocorr_5,autocorr_6,autocorr_7,autocorr_8,autocorr_9,autocorr_10,p_rturn_9_5,p_rturn_9_6,p_rturn_10_5,p_rturn_10_6,p_rturn_11_5,p_rturn_11_6,mean_theta_9_5,min_theta_9_5,max_theta_9_5,mean_theta_9_6,min_theta_9_6,max_theta_9_6,mean_theta_10_5,min_theta_10_5,max_theta_10_5,mean_theta_10_6,min_theta_10_6,max_theta_10_6,mean_theta_11_5,min_theta_11_5,max_theta_11_5,mean_theta_11_6,min_theta_11_6,max_theta_11_6
WellC05_Seq0016/xy17,0,1422.4813374879125,269.55253291334515,0.294959398744,0.198228179306,0.1894946006035989,30.174765417480877,0.8042487177484354,18.9664178332,1.34908255692,0.775690589648,0.135777747216,231.972465191,1.2760045790230918,0.0540772317254,35.7188295594,1.2891396125529457,-0.0060384415981422634,0.4721826171714216,1.2439106032682474,1.04825160036261,-0.7790261055760435,-0.01799647564375695,-0.3824684180343185,-0.8342876181909644,-0.9660928990593014,11.722788706,12.175978686,12.6161127803,12.7533612806,13.0187298958,13.5330018851,13.7808805611,14.9591142114,16.5020663576,17.5603879931,1.0,0.9577464788732394,0.9154929577464789,0.9014084507042254,0.8732394366197183,0.8169014084507042,0.7887323943661971,0.6619718309859155,0.5352112676056338,0.4647887323943662,0.398992362836,0.0287988307864,0.0940277402415,0.156206594283,0.0200203270739,-0.0650743923152,-0.256183315037,-0.267107462622,0.0115504669839,0.167264835555,0.47619047619,0.428571428571,0.5,0.45,0.55,0.45,0.507275345295,0.00333580781330771,1.5612426074550634,0.489640517681,0.05453893823939278,1.4431759267687179,0.545034775352,0.04871667127750273,1.4216973112153855,0.518142199426,0.01893312381776161,1.3832969973215339,0.556331251189,0.04740119026157468,1.4979813315533526,0.528311224245,0.01241031343470689,1.434858103779963
