Well/XY,cell_id,total_distance,net_distance,linearity,spearmanrsq,progressivity,max_speed,min_speed,avg_speed,MSD_slope,hurst_RS,nongauss,disp_var,disp_skew,rw_linearity,rw_netdist,rw_kurtosis01,rw_kurtosis02,rw_kurtosis03,rw_kurtosis04,rw_kurtosis05,rw_kurtosis06,rw_kurtosis07,rw_kurtosis08,rw_kurtosis09,rw_kurtosis10,avg_moving_speed01,avg_moving_speed02,avg_moving_speed03,avg_moving_speed04,avg_moving_speed05,avg_moving_speed06,avg_moving_speed07,avg_moving_speed08,avg_moving_speed09,avg_moving_speed10,time_moving01,time_moving02,time_moving03,time_moving04,time_moving05,time_moving06,time_moving07,time_moving08,time_moving09,time_moving10,autocorr_1,autocorr_2,autocorr_3,autocorr_4,autocorr_5,autocorr_6,autocorr_7,autocorr_8,autocorr_9,autocorr_10,p_rturn_9_5,p_rturn_9_6,p_rturn_10_5,p_rturn_10_6,p_rturn_11_5,p_rturn_11_6,mean_theta_9_5,min_theta_9_5,max_theta_9_5,mean_theta_9_6,min_theta_9_6,max_theta_9_6,mean_theta_10_5,min_theta_10_5,max_theta_10_5,mean_theta_10_6,min_theta_10_6,max_theta_10_6,mean_theta_11_5,min_theta_11_5,max_theta_11_5,mean_theta_11_6,min_theta_11_6,max_theta_11_6
WellE04_Seq0017/xy21,0,3591.8546060290623,714.9882201127512,0.0115740912584,1.27832849128e-05,0.19905822994968023,58.954548594658945,6.9135950127267565,47.2612448162,1.20456804796,0.538744712645,-0.389886252491,501.875811892,0.6181487450053109,-0.231882745787,128.491595841,-0.10978275532588677,0.14846240375526376,-0.863198298637454,-0.8576525838846911,0.07838496881476198,-0.9046525048883618,-0.5700809745487412,-1.3762429288911395,-0.8749234456976054,0.2805121178043657,40.5123131957,40.5123131957,40.5123131957,40.5123131957,40.5123131957,40.5123131957,40.5123131957,40.5123131957,40.5123131957,40.5123131957,1.0,1.0,1.0,1.0,1.0,1.0,1.0,1.0,1.0,1.0,0.177661978959,-0.264828847492,-0.240531095141,-0.0400395915162,0.268540988533,0.0936279909424,0.0852392211198,-0.209901943004,-0.224117755692,0.139413150807,0.571428571429,0.571428571429,0.52380952381,0.52380952381,0.55,0.55,0.864636448215,0.012566206822563557,2.3445086783055182,0.829147635984,0.0007848844776809364,2.2211874967391383,0.877829295627,0.05653152460629483,2.454841033661024,0.844384791732,0.030333828497847607,2.2842607247041977,0.894961167196,0.0016827472595827807,2.4689908288467173,0.863063682913,0.027880443368152184,2.298410519889891
