Well/XY,cell_id,total_distance,net_distance,linearity,spearmanrsq,progressivity,max_speed,min_speed,avg_speed,MSD_slope,hurst_RS,nongauss,disp_var,disp_skew,rw_linearity,rw_netdist,rw_kurtosis01,rw_kurtosis02,rw_kurtosis03,rw_kurtosis04,rw_kurtosis05,rw_kurtosis06,rw_kurtosis07,rw_kurtosis08,rw_kurtosis09,rw_kurtosis10,avg_moving_speed01,avg_moving_speed02,avg_moving_speed03,avg_moving_speed04,avg_moving_speed05,avg_moving_speed06,avg_moving_speed07,avg_moving_speed08,avg_moving_speed09,avg_moving_speed10,time_moving01,time_moving02,time_moving03,time_moving04,time_moving05,time_moving06,time_moving07,time_moving08,time_moving09,time_moving10,autocorr_1,autocorr_2,autocorr_3,autocorr_4,autocorr_5,autocorr_6,autocorr_7,autocorr_8,autocorr_9,autocorr_10,p_rturn_9_5,p_rturn_9_6,p_rturn_10_5,p_rturn_10_6,p_rturn_11_5,p_rturn_11_6,mean_theta_9_5,min_theta_9_5,max_theta_9_5,mean_theta_9_6,min_theta_9_6,max_theta_9_6,mean_theta_10_5,min_theta_10_5,max_theta_10_5,mean_theta_10_6,min_theta_10_6,max_theta_10_6,mean_theta_11_5,min_theta_11_5,max_theta_11_5,mean_theta_11_6,min_theta_11_6,max_theta_11_6
WellE04_Seq0017/xy06,0,2027.9161561460967,203.0023891485023,0.15602398488,0.128287794585,0.10010393601986642,31.971751594180784,1.397792545408646,26.6831073177,0.960815896258,0.689018145898,-0.370798297185,225.5301899,0.21842404145207298,-0.0823036765945,-128.126264525,-1.103528286574812,-0.7729190686909289,-1.0479349487797505,-0.8893720283743338,0.3504436836112257,-0.9852104524117462,-0.8886456934967581,-1.180186675843006,-1.6430720917865518,-1.0124565662031841,16.5518933299,16.9938370497,17.4244793242,18.0714925407,18.290860627,18.6961763532,18.8960978532,19.0785187133,19.2524705636,19.598943814,1.0,0.9722222222222222,0.9444444444444444,0.9027777777777778,0.8888888888888888,0.8611111111111112,0.8472222222222222,0.8333333333333334,0.8194444444444444,0.7916666666666666,0.236022740736,-0.0466958539115,-0.0988021657272,-0.0196306597957,0.00555463809244,-0.0653864235151,0.194394677876,0.10186866191,0.0179163429202,-0.00433356654069,0.285714285714,0.285714285714,0.285714285714,0.285714285714,0.35,0.3,1.16367358471,0.15805744529435273,2.39411243441962,1.10753255257,0.19833262801636756,2.4953586230594533,1.0822887341,0.24453363571133885,2.4119104171656556,1.03915340998,0.3810935700410636,2.3675389312870636,1.15809188751,0.03263799451590122,2.2743668894397615,1.09907518138,0.243623354543675,2.062149924194169
