Well/XY,cell_id,total_distance,net_distance,linearity,spearmanrsq,progressivity,max_speed,min_speed,avg_speed,MSD_slope,hurst_RS,nongauss,disp_var,disp_skew,rw_linearity,rw_netdist,rw_kurtosis01,rw_kurtosis02,rw_kurtosis03,rw_kurtosis04,rw_kurtosis05,rw_kurtosis06,rw_kurtosis07,rw_kurtosis08,rw_kurtosis09,rw_kurtosis10,avg_moving_speed01,avg_moving_speed02,avg_moving_speed03,avg_moving_speed04,avg_moving_speed05,avg_moving_speed06,avg_moving_speed07,avg_moving_speed08,avg_moving_speed09,avg_moving_speed10,time_moving01,time_moving02,time_moving03,time_moving04,time_moving05,time_moving06,time_moving07,time_moving08,time_moving09,time_moving10,autocorr_1,autocorr_2,autocorr_3,autocorr_4,autocorr_5,autocorr_6,autocorr_7,autocorr_8,autocorr_9,autocorr_10,p_rturn_9_5,p_rturn_9_6,p_rturn_10_5,p_rturn_10_6,p_rturn_11_5,p_rturn_11_6,mean_theta_9_5,min_theta_9_5,max_theta_9_5,mean_theta_9_6,min_theta_9_6,max_theta_9_6,mean_theta_10_5,min_theta_10_5,max_theta_10_5,mean_theta_10_6,min_theta_10_6,max_theta_10_6,mean_theta_11_5,min_theta_11_5,max_theta_11_5,mean_theta_11_6,min_theta_11_6,max_theta_11_6
WellE04_Seq0017/xy02,0,1878.9198435742037,1141.3483878290624,0.355141371349,0.270558063592,0.6074492170234975,59.108828443812016,1.2134249049694037,24.7226295207,1.52145230228,0.7493735329,0.432630345432,573.323344087,1.5006459293570873,0.120896738167,834.548623806,1.692148422422969,2.040443034509316,-0.5361508639442989,0.40016811153468845,-0.6786084166563029,-1.535387519122605,-1.070159051863408,-0.6142233898635121,-1.4228704443202578,-1.064845915111196,20.9877665011,22.1335311794,23.0563934126,24.36682188,24.7018262347,25.7214671782,26.8020417398,27.1744031719,28.7075536257,29.5464477063,0.9861111111111112,0.9305555555555556,0.8888888888888888,0.8333333333333334,0.8194444444444444,0.7777777777777778,0.7361111111111112,0.7222222222222222,0.6666666666666666,0.6388888888888888,0.587224893912,0.287694776263,0.056310401544,-0.0492846501862,-0.0251544441572,0.0905437797975,0.22666019736,0.124502149571,0.0991097901114,0.0110535745485,0.428571428571,0.380952380952,0.428571428571,0.428571428571,0.45,0.45,0.511396820761,0.02985181970114358,1.5928458126263212,0.551594059884,0.03391779697153505,1.6130219660837553,0.510563175771,0.02202723511606943,1.5517993564751413,0.507111923148,0.02609321238646924,1.5719755099325754,0.526203637761,0.028240863304247858,1.5096515237809145,0.499391908863,0.017287554363783292,1.5298276772383486
