Well/XY,cell_id,total_distance,net_distance,linearity,spearmanrsq,progressivity,max_speed,min_speed,avg_speed,MSD_slope,hurst_RS,nongauss,disp_var,disp_skew,rw_linearity,rw_netdist,rw_kurtosis01,rw_kurtosis02,rw_kurtosis03,rw_kurtosis04,rw_kurtosis05,rw_kurtosis06,rw_kurtosis07,rw_kurtosis08,rw_kurtosis09,rw_kurtosis10,avg_moving_speed01,avg_moving_speed02,avg_moving_speed03,avg_moving_speed04,avg_moving_speed05,avg_moving_speed06,avg_moving_speed07,avg_moving_speed08,avg_moving_speed09,avg_moving_speed10,time_moving01,time_moving02,time_moving03,time_moving04,time_moving05,time_moving06,time_moving07,time_moving08,time_moving09,time_moving10,autocorr_1,autocorr_2,autocorr_3,autocorr_4,autocorr_5,autocorr_6,autocorr_7,autocorr_8,autocorr_9,autocorr_10,p_rturn_9_5,p_rturn_9_6,p_rturn_10_5,p_rturn_10_6,p_rturn_11_5,p_rturn_11_6,mean_theta_9_5,min_theta_9_5,max_theta_9_5,mean_theta_9_6,min_theta_9_6,max_theta_9_6,mean_theta_10_5,min_theta_10_5,max_theta_10_5,mean_theta_10_6,min_theta_10_6,max_theta_10_6,mean_theta_11_5,min_theta_11_5,max_theta_11_5,mean_theta_11_6,min_theta_11_6,max_theta_11_6
WellE04_Seq0017/xy05,0,2249.9431650386487,49.8211561487689,0.278495044378,0.324959418705,0.02214329540538109,39.6270352663431,0.9465917810756622,29.6045153295,1.27942955404,0.687495237548,-0.305225891393,331.786485294,0.37191767397653275,0.0143873385469,-317.561217538,-0.5159476397846112,-0.34643968699806527,-0.5371912147265636,-0.879294682775225,-0.31483209093065634,-0.8777154322235821,-0.7515548307893409,-0.08609666953258133,-1.0264331198886654,-0.6291687980829646,24.1027506731,24.7504729044,25.0796358363,25.7181495921,25.7181495921,25.7181495921,26.0086094168,26.0086094168,26.0086094168,26.2579038819,1.0,0.9722222222222222,0.9583333333333334,0.9305555555555556,0.9305555555555556,0.9305555555555556,0.9166666666666666,0.9166666666666666,0.9166666666666666,0.9027777777777778,0.364974383459,0.076359795975,-0.00590597246553,0.0134207683894,0.0845070200168,-0.0526382520634,-0.109444558243,0.0543083317664,0.178022170065,0.0914409177616,0.47619047619,0.52380952381,0.571428571429,0.571428571429,0.6,0.6,0.929294650649,0.08475135472182131,2.116148519099675,0.920936853198,0.04544600785641683,2.142613338254764,0.984339737939,0.004205756998363064,2.000406138337085,1.00218408543,0.07529915952272007,2.0268709574921737,0.94483442958,0.04568451286806934,1.9052879083601413,0.968690915311,0.02942274301813889,1.93175272751523
