Well/XY,cell_id,total_distance,net_distance,linearity,spearmanrsq,progressivity,max_speed,min_speed,avg_speed,MSD_slope,hurst_RS,nongauss,disp_var,disp_skew,rw_linearity,rw_netdist,rw_kurtosis01,rw_kurtosis02,rw_kurtosis03,rw_kurtosis04,rw_kurtosis05,rw_kurtosis06,rw_kurtosis07,rw_kurtosis08,rw_kurtosis09,rw_kurtosis10,avg_moving_speed01,avg_moving_speed02,avg_moving_speed03,avg_moving_speed04,avg_moving_speed05,avg_moving_speed06,avg_moving_speed07,avg_moving_speed08,avg_moving_speed09,avg_moving_speed10,time_moving01,time_moving02,time_moving03,time_moving04,time_moving05,time_moving06,time_moving07,time_moving08,time_moving09,time_moving10,autocorr_1,autocorr_2,autocorr_3,autocorr_4,autocorr_5,autocorr_6,autocorr_7,autocorr_8,autocorr_9,autocorr_10,p_rturn_9_5,p_rturn_9_6,p_rturn_10_5,p_rturn_10_6,p_rturn_11_5,p_rturn_11_6,mean_theta_9_5,min_theta_9_5,max_theta_9_5,mean_theta_9_6,min_theta_9_6,max_theta_9_6,mean_theta_10_5,min_theta_10_5,max_theta_10_5,mean_theta_10_6,min_theta_10_6,max_theta_10_6,mean_theta_11_5,min_theta_11_5,max_theta_11_5,mean_theta_11_6,min_theta_11_6,max_theta_11_6
WellD11_Seq0009/xy11,0,3097.933042294256,336.0186899563772,0.276336418329,0.297259990836,0.10846544627301877,52.18406714697503,3.938113253831072,40.7622768723,1.10100736131,0.668443233833,0.188838732644,883.032711082,1.568310539220633,0.0213512444525,-169.827863096,3.1757026927515204,-0.6919284518513575,0.1540269584476004,1.6996947234749467,-0.4216016191596932,-1.025383173548453,-1.3478081678287108,-0.5194215975440568,-0.6378134591500149,0.6107415897671102,23.5460677782,23.5460677782,24.1448404879,24.1448404879,24.1448404879,24.4086743642,24.6652828958,25.1818137712,26.8531692888,27.439074941,1.0,1.0,0.9722222222222222,0.9722222222222222,0.9722222222222222,0.9583333333333334,0.9444444444444444,0.9166666666666666,0.8333333333333334,0.8055555555555556,0.155617526275,-0.180013564299,-0.08311093377,0.0463914812829,0.0767625919712,-0.152320041868,-0.0633487837879,0.0383333777061,-0.0445853012053,-0.00649332021354,0.47619047619,0.47619047619,0.428571428571,0.380952380952,0.25,0.25,0.997830524219,0.23932933204094273,2.4839325475824876,0.910577212081,0.2017243478016533,2.083885370589525,0.769446104206,0.07876909344534817,1.8609873676133988,0.764402166817,0.0003782716607547999,1.8786725770033161,0.829297264885,0.031959928761947067,1.9479938174781934,0.774452560868,0.0011642472189660469,2.0082774533640873
