Well/XY,cell_id,total_distance,net_distance,linearity,spearmanrsq,progressivity,max_speed,min_speed,avg_speed,MSD_slope,hurst_RS,nongauss,disp_var,disp_skew,rw_linearity,rw_netdist,rw_kurtosis01,rw_kurtosis02,rw_kurtosis03,rw_kurtosis04,rw_kurtosis05,rw_kurtosis06,rw_kurtosis07,rw_kurtosis08,rw_kurtosis09,rw_kurtosis10,avg_moving_speed01,avg_moving_speed02,avg_moving_speed03,avg_moving_speed04,avg_moving_speed05,avg_moving_speed06,avg_moving_speed07,avg_moving_speed08,avg_moving_speed09,avg_moving_speed10,time_moving01,time_moving02,time_moving03,time_moving04,time_moving05,time_moving06,time_moving07,time_moving08,time_moving09,time_moving10,autocorr_1,autocorr_2,autocorr_3,autocorr_4,autocorr_5,autocorr_6,autocorr_7,autocorr_8,autocorr_9,autocorr_10,p_rturn_9_5,p_rturn_9_6,p_rturn_10_5,p_rturn_10_6,p_rturn_11_5,p_rturn_11_6,mean_theta_9_5,min_theta_9_5,max_theta_9_5,mean_theta_9_6,min_theta_9_6,max_theta_9_6,mean_theta_10_5,min_theta_10_5,max_theta_10_5,mean_theta_10_6,min_theta_10_6,max_theta_10_6,mean_theta_11_5,min_theta_11_5,max_theta_11_5,mean_theta_11_6,min_theta_11_6,max_theta_11_6
WellD11_Seq0009/xy03,0,3558.854029581381,649.0388623187366,0.291376296005,0.360831759347,0.18237299336356355,70.7257616714023,3.8716580427511893,46.827026705,1.16278753057,0.689646886038,-0.0597122343926,1167.01240668,0.9769572910113087,0.035142111108,67.9307430974,0.2909376916540243,-0.7572641866875354,-1.2770852600693952,-1.5328128607455136,-1.3058687951500325,-1.224278258190643,-1.3802049863699934,-0.16860207950099815,-1.1821252671378528,-1.3665899587880057,32.6992605942,32.6992605942,33.1335035874,34.0005790492,34.0005790492,36.2416624405,36.2416624405,36.7024634307,37.6464425359,38.6292178255,0.9861111111111112,0.9861111111111112,0.9722222222222222,0.9444444444444444,0.9444444444444444,0.875,0.875,0.8611111111111112,0.8333333333333334,0.8055555555555556,0.307942483255,0.177213425802,-0.0319972847424,-0.0697929797794,0.00896102688465,-0.0705733928991,0.0146819823341,-0.129488300706,-0.127116793908,-0.207060089889,0.52380952381,0.571428571429,0.428571428571,0.47619047619,0.45,0.5,0.966182856562,0.13205703630185228,1.7715891144431513,0.917030293815,0.028299304958016823,1.72656020614542,1.10495516114,0.2613857616735308,2.2010881314533,1.05166030204,0.05129137600261509,2.243720311653418,0.941206241367,0.3061228592044435,1.9629077267087573,0.882334396579,0.03172457218020861,1.9367980148647004
