Well/XY,cell_id,total_distance,net_distance,linearity,spearmanrsq,progressivity,max_speed,min_speed,avg_speed,MSD_slope,hurst_RS,nongauss,disp_var,disp_skew,rw_linearity,rw_netdist,rw_kurtosis01,rw_kurtosis02,rw_kurtosis03,rw_kurtosis04,rw_kurtosis05,rw_kurtosis06,rw_kurtosis07,rw_kurtosis08,rw_kurtosis09,rw_kurtosis10,avg_moving_speed01,avg_moving_speed02,avg_moving_speed03,avg_moving_speed04,avg_moving_speed05,avg_moving_speed06,avg_moving_speed07,avg_moving_speed08,avg_moving_speed09,avg_moving_speed10,time_moving01,time_moving02,time_moving03,time_moving04,time_moving05,time_moving06,time_moving07,time_moving08,time_moving09,time_moving10,autocorr_1,autocorr_2,autocorr_3,autocorr_4,autocorr_5,autocorr_6,autocorr_7,autocorr_8,autocorr_9,autocorr_10,p_rturn_9_5,p_rturn_9_6,p_rturn_10_5,p_rturn_10_6,p_rturn_11_5,p_rturn_11_6,mean_theta_9_5,min_theta_9_5,max_theta_9_5,mean_theta_9_6,min_theta_9_6,max_theta_9_6,mean_theta_10_5,min_theta_10_5,max_theta_10_5,mean_theta_10_6,min_theta_10_6,max_theta_10_6,mean_theta_11_5,min_theta_11_5,max_theta_11_5,mean_theta_11_6,min_theta_11_6,max_theta_11_6
WellD11_Seq0009/xy13,0,3162.367513294507,992.1808774613629,0.259531469257,0.210453190645,0.3137462275621861,54.36343039213034,1.5516906908272687,41.6100988591,1.18291889824,0.482652808827,-0.284293458559,633.7215669,0.5511863044010292,0.0315311669749,475.813130242,-0.3957419762051897,-0.5300673508151132,-0.012206742529633274,-0.7354445465441102,0.08010496450506022,-1.0282998711333218,-0.41196612034517033,-0.9369979759570564,0.8724174038035013,-1.064851199905391,33.9867532269,33.9867532269,33.9867532269,34.4151992807,34.4151992807,34.4151992807,34.4151992807,34.4151992807,34.4151992807,34.7713224706,1.0,1.0,1.0,0.9861111111111112,0.9861111111111112,0.9861111111111112,0.9861111111111112,0.9861111111111112,0.9861111111111112,0.9722222222222222,0.372378389617,-0.20733140963,-0.22098547117,-0.141202409535,-0.114938122929,-0.162902724125,-0.233994953831,-0.131031052111,0.226175651912,0.443192206228,0.380952380952,0.47619047619,0.571428571429,0.52380952381,0.5,0.55,0.866104551251,0.0470236762836876,2.3123800178115665,0.815165928839,0.04264012411758489,1.936275052132844,0.8808645415,0.012003380269838314,2.2593539494350616,0.858928260821,0.044814155292347974,1.8832489837563393,0.80013072107,0.020536109430501423,2.233237229862078,0.798687617909,0.0328427950122846,1.8571322641833559
