Well/XY,cell_id,total_distance,net_distance,linearity,spearmanrsq,progressivity,max_speed,min_speed,avg_speed,MSD_slope,hurst_RS,nongauss,disp_var,disp_skew,rw_linearity,rw_netdist,rw_kurtosis01,rw_kurtosis02,rw_kurtosis03,rw_kurtosis04,rw_kurtosis05,rw_kurtosis06,rw_kurtosis07,rw_kurtosis08,rw_kurtosis09,rw_kurtosis10,avg_moving_speed01,avg_moving_speed02,avg_moving_speed03,avg_moving_speed04,avg_moving_speed05,avg_moving_speed06,avg_moving_speed07,avg_moving_speed08,avg_moving_speed09,avg_moving_speed10,time_moving01,time_moving02,time_moving03,time_moving04,time_moving05,time_moving06,time_moving07,time_moving08,time_moving09,time_moving10,autocorr_1,autocorr_2,autocorr_3,autocorr_4,autocorr_5,autocorr_6,autocorr_7,autocorr_8,autocorr_9,autocorr_10,p_rturn_9_5,p_rturn_9_6,p_rturn_10_5,p_rturn_10_6,p_rturn_11_5,p_rturn_11_6,mean_theta_9_5,min_theta_9_5,max_theta_9_5,mean_theta_9_6,min_theta_9_6,max_theta_9_6,mean_theta_10_5,min_theta_10_5,max_theta_10_5,mean_theta_10_6,min_theta_10_6,max_theta_10_6,mean_theta_11_5,min_theta_11_5,max_theta_11_5,mean_theta_11_6,min_theta_11_6,max_theta_11_6
WellG08_Seq0013/xy23,0,65.39590793119757,0.669103878332831,0.357040006513,0.430909252865,0.010231586340796569,0.5521304193757108,0.02630589287593036,1.05477270857,0.425928331497,0.717246761117,-0.380878884656,0.260041265751,0.5940910978731496,0.134954149999,-11.1706904108,0.14970910347877364,-0.18861249045401296,-0.5518910014120588,-1.2595679196252678,0.6114404058949829,3.2555354561833534,0.8276889543299997,-0.9251655368894838,0.15047583164485667,-1.44664669798889,0.0,0.0,0.0,0.0,0.0,0.0,0.0,0.0,0.0,0.0,0.0,0.0,0.0,0.0,0.0,0.0,0.0,0.0,0.0,0.0,0.256357505988,-0.0746397670496,-0.177779626555,0.149860185852,0.135315474741,-0.119982787716,-0.308851770213,-0.0397016444765,0.196011597355,0.0234653282388,0.75,0.8125,0.5625,0.5625,0.6875,0.6875,0.745470223808,0.06736709283334495,1.550287179648272,0.732594212519,0.16620099628515644,1.4428103904683807,1.08263305146,0.0352432936853147,2.226248271006909,1.05315568242,0.035879241477209015,2.1907424857140487,0.982232713063,0.29816380607808485,1.9429654003831556,0.969434891108,0.17424352145963715,1.9089966301528096
