Well/XY,cell_id,total_distance,net_distance,linearity,spearmanrsq,progressivity,max_speed,min_speed,avg_speed,MSD_slope,hurst_RS,nongauss,disp_var,disp_skew,rw_linearity,rw_netdist,rw_kurtosis01,rw_kurtosis02,rw_kurtosis03,rw_kurtosis04,rw_kurtosis05,rw_kurtosis06,rw_kurtosis07,rw_kurtosis08,rw_kurtosis09,rw_kurtosis10,avg_moving_speed01,avg_moving_speed02,avg_moving_speed03,avg_moving_speed04,avg_moving_speed05,avg_moving_speed06,avg_moving_speed07,avg_moving_speed08,avg_moving_speed09,avg_moving_speed10,time_moving01,time_moving02,time_moving03,time_moving04,time_moving05,time_moving06,time_moving07,time_moving08,time_moving09,time_moving10,autocorr_1,autocorr_2,autocorr_3,autocorr_4,autocorr_5,autocorr_6,autocorr_7,autocorr_8,autocorr_9,autocorr_10,p_rturn_9_5,p_rturn_9_6,p_rturn_10_5,p_rturn_10_6,p_rturn_11_5,p_rturn_11_6,mean_theta_9_5,min_theta_9_5,max_theta_9_5,mean_theta_9_6,min_theta_9_6,max_theta_9_6,mean_theta_10_5,min_theta_10_5,max_theta_10_5,mean_theta_10_6,min_theta_10_6,max_theta_10_6,mean_theta_11_5,min_theta_11_5,max_theta_11_5,mean_theta_11_6,min_theta_11_6,max_theta_11_6
WellG08_Seq0013/xy20,0,128.23529892988148,9.98649087517739,0.268153381228,0.230229959149,0.0778763020674827,1.5004812561308452,0.11833849753988994,2.06831127306,0.735464533304,0.768061973119,0.259871978686,3.06633148454,1.4962217495129104,0.0435970025425,-13.2302455838,1.3360057830601386,0.07405301774656481,2.998665181533098,-0.4330348580119443,2.0751154383764554,1.5931306636749598,-0.676896533159292,0.13057454627426468,0.1649206039439668,-0.04698857245501875,1.30140091549,0.0,0.0,0.0,0.0,0.0,0.0,0.0,0.0,0.0,0.1724137931034483,0.0,0.0,0.0,0.0,0.0,0.0,0.0,0.0,0.0,0.312318627471,-0.109375471443,0.084484872715,0.0783838416431,-0.0307196782457,0.178338224047,0.208960703268,0.124792644766,-0.0623705667539,-0.148905210378,0.75,0.6875,0.733333333333,0.733333333333,0.75,0.6875,0.511603515309,0.01879531960100264,1.5030578555780356,0.530249362426,0.0114703072416411,1.5281019208962154,0.643484204221,0.034053232948288076,1.7349089907839923,0.657865905709,0.008362498071917043,1.7599530561021721,0.587080617364,0.06625695283202215,1.2150958423236586,0.640729878579,0.01585280252359911,1.4645686104006894
