Well/XY,cell_id,total_distance,net_distance,linearity,spearmanrsq,progressivity,max_speed,min_speed,avg_speed,MSD_slope,hurst_RS,nongauss,disp_var,disp_skew,rw_linearity,rw_netdist,rw_kurtosis01,rw_kurtosis02,rw_kurtosis03,rw_kurtosis04,rw_kurtosis05,rw_kurtosis06,rw_kurtosis07,rw_kurtosis08,rw_kurtosis09,rw_kurtosis10,avg_moving_speed01,avg_moving_speed02,avg_moving_speed03,avg_moving_speed04,avg_moving_speed05,avg_moving_speed06,avg_moving_speed07,avg_moving_speed08,avg_moving_speed09,avg_moving_speed10,time_moving01,time_moving02,time_moving03,time_moving04,time_moving05,time_moving06,time_moving07,time_moving08,time_moving09,time_moving10,autocorr_1,autocorr_2,autocorr_3,autocorr_4,autocorr_5,autocorr_6,autocorr_7,autocorr_8,autocorr_9,autocorr_10,p_rturn_9_5,p_rturn_9_6,p_rturn_10_5,p_rturn_10_6,p_rturn_11_5,p_rturn_11_6,mean_theta_9_5,min_theta_9_5,max_theta_9_5,mean_theta_9_6,min_theta_9_6,max_theta_9_6,mean_theta_10_5,min_theta_10_5,max_theta_10_5,mean_theta_10_6,min_theta_10_6,max_theta_10_6,mean_theta_11_5,min_theta_11_5,max_theta_11_5,mean_theta_11_6,min_theta_11_6,max_theta_11_6
WellG08_Seq0013/xy16,0,340.65627552419494,95.28044132979242,0.879402371946,0.911072670434,0.2796967153567825,7.192717428065704,0.22285421243494566,5.49445605684,1.29110004145,0.790731619151,0.321559012616,20.6684708462,1.4841246551838865,0.676056238759,33.6053250556,2.9991130096947796,-0.833113478772137,-0.27264144149246583,-1.5971569526059632,-0.9201415034239351,2.1107065939934824,-0.5134905984246156,-0.24959221891442818,0.2661258723636295,-1.2044352561069729,3.73986434876,4.45499174729,5.24846378057,5.60102614971,6.65381073461,7.13058164164,7.68542385713,9.11187445041,9.11187445041,0.0,0.7758620689655172,0.5862068965517241,0.41379310344827586,0.3448275862068966,0.1896551724137931,0.13793103448275862,0.06896551724137931,0.017241379310344827,0.017241379310344827,0.0,0.128973982273,0.0057420636019,0.195018656695,0.0188751339275,-0.0657503646918,-0.0150683683411,0.323787635684,0.124218993791,-0.00764353562914,0.131815502616,0.25,0.3125,0.375,0.4375,0.25,0.375,0.379526428536,0.003717411332984756,1.6413991286951566,0.304134933337,0.005672699312923031,1.6444454340558237,0.305277485559,0.0011212439182649542,1.5077034069502886,0.236721774444,0.0025171427866304548,0.9476960479030275,0.551599812201,0.013260789602709575,2.4478592108902957,0.489746575144,0.0027635572570240694,2.4683621738393153
