Well/XY,cell_id,total_distance,net_distance,linearity,spearmanrsq,progressivity,max_speed,min_speed,avg_speed,MSD_slope,hurst_RS,nongauss,disp_var,disp_skew,rw_linearity,rw_netdist,rw_kurtosis01,rw_kurtosis02,rw_kurtosis03,rw_kurtosis04,rw_kurtosis05,rw_kurtosis06,rw_kurtosis07,rw_kurtosis08,rw_kurtosis09,rw_kurtosis10,avg_moving_speed01,avg_moving_speed02,avg_moving_speed03,avg_moving_speed04,avg_moving_speed05,avg_moving_speed06,avg_moving_speed07,avg_moving_speed08,avg_moving_speed09,avg_moving_speed10,time_moving01,time_moving02,time_moving03,time_moving04,time_moving05,time_moving06,time_moving07,time_moving08,time_moving09,time_moving10,autocorr_1,autocorr_2,autocorr_3,autocorr_4,autocorr_5,autocorr_6,autocorr_7,autocorr_8,autocorr_9,autocorr_10,p_rturn_9_5,p_rturn_9_6,p_rturn_10_5,p_rturn_10_6,p_rturn_11_5,p_rturn_11_6,mean_theta_9_5,min_theta_9_5,max_theta_9_5,mean_theta_9_6,min_theta_9_6,max_theta_9_6,mean_theta_10_5,min_theta_10_5,max_theta_10_5,mean_theta_10_6,min_theta_10_6,max_theta_10_6,mean_theta_11_5,min_theta_11_5,max_theta_11_5,mean_theta_11_6,min_theta_11_6,max_theta_11_6
WellG08_Seq0013/xy19,0,62.616823528681365,3.5151386885868297,0.00180205981576,0.00446944470593,0.05613728851922256,0.5182277491605353,0.017088007490630167,1.00994876659,0.784675239849,0.785472500248,-0.449730042996,0.207715912301,0.18290657499759608,-0.221701934419,-7.82150809976,-0.49539194859691627,-0.6437985410640263,-0.16660522023579993,-0.5717471500532758,-0.7455931500952739,-0.35471010982730533,-0.6318118987418164,-1.2230106234840596,0.3415125765121352,-0.8814076164493807,0.0,0.0,0.0,0.0,0.0,0.0,0.0,0.0,0.0,0.0,0.0,0.0,0.0,0.0,0.0,0.0,0.0,0.0,0.0,0.0,0.0585819150022,0.0983952985422,0.137085744731,0.238869686783,0.0242293889149,0.0265126235247,0.295299884092,-0.0951331506511,0.0322993284406,-0.0727184141818,0.533333333333,0.533333333333,0.6875,0.6875,0.3125,0.3125,0.880735081052,0.05520357610809228,2.139037578801521,0.949713920101,0.25096169609350744,2.2185938579353293,0.802296609438,0.0022084367707576715,1.8517378489121676,0.879639613692,0.01878694676744083,1.758685847829773,1.03992366048,0.13600898363917685,2.0440540075181186,1.02683524429,0.05235984233097623,1.9418880336411244
