Well/XY,cell_id,total_distance,net_distance,linearity,spearmanrsq,progressivity,max_speed,min_speed,avg_speed,MSD_slope,hurst_RS,nongauss,disp_var,disp_skew,rw_linearity,rw_netdist,rw_kurtosis01,rw_kurtosis02,rw_kurtosis03,rw_kurtosis04,rw_kurtosis05,rw_kurtosis06,rw_kurtosis07,rw_kurtosis08,rw_kurtosis09,rw_kurtosis10,avg_moving_speed01,avg_moving_speed02,avg_moving_speed03,avg_moving_speed04,avg_moving_speed05,avg_moving_speed06,avg_moving_speed07,avg_moving_speed08,avg_moving_speed09,avg_moving_speed10,time_moving01,time_moving02,time_moving03,time_moving04,time_moving05,time_moving06,time_moving07,time_moving08,time_moving09,time_moving10,autocorr_1,autocorr_2,autocorr_3,autocorr_4,autocorr_5,autocorr_6,autocorr_7,autocorr_8,autocorr_9,autocorr_10,p_rturn_9_5,p_rturn_9_6,p_rturn_10_5,p_rturn_10_6,p_rturn_11_5,p_rturn_11_6,mean_theta_9_5,min_theta_9_5,max_theta_9_5,mean_theta_9_6,min_theta_9_6,max_theta_9_6,mean_theta_10_5,min_theta_10_5,max_theta_10_5,mean_theta_10_6,min_theta_10_6,max_theta_10_6,mean_theta_11_5,min_theta_11_5,max_theta_11_5,mean_theta_11_6,min_theta_11_6,max_theta_11_6
WellC10_Seq0009/xy06,0,2281.007907468389,797.6462602557602,0.0641570413751,0.00987538327767,0.3496902652744593,36.81889601821326,1.8195746755766842,30.0132619404,1.40742171324,0.863260365701,-0.382406960691,250.050640454,0.12236813706411255,-0.148753725598,425.191474524,0.550574382366507,-0.6246315571265275,-1.0856606422836934,-0.3231344088672268,0.11026317370418015,-0.8459145674781716,-0.7310529646543382,-1.2174581368255644,-1.567186261250536,-1.077749447629539,25.5443141833,25.8783733267,25.8783733267,27.5827574312,28.3032526066,28.3032526066,29.0036566503,29.0036566503,29.0036566503,29.3235418234,1.0,0.9861111111111112,0.9861111111111112,0.9166666666666666,0.8888888888888888,0.8888888888888888,0.8611111111111112,0.8611111111111112,0.8611111111111112,0.8472222222222222,0.430694388212,0.279636098135,0.257217528908,0.195262501271,0.189914132728,0.0484293865732,0.092645540624,0.206042715831,0.0697782835642,0.00865872063291,0.380952380952,0.333333333333,0.285714285714,0.285714285714,0.35,0.4,0.54892804175,0.018801342614004676,1.8036236383561117,0.532227830814,0.027598009967541047,1.8568101569202513,0.661080243317,0.01971040726845165,2.567972059219658,0.65314473017,0.016752014555092752,2.5847764302499416,0.660208397711,0.04008122069855889,2.4363860724500612,0.672446104588,0.02450118630687862,2.453190443480345
