Well/XY,cell_id,total_distance,net_distance,linearity,spearmanrsq,progressivity,max_speed,min_speed,avg_speed,MSD_slope,hurst_RS,nongauss,disp_var,disp_skew,rw_linearity,rw_netdist,rw_kurtosis01,rw_kurtosis02,rw_kurtosis03,rw_kurtosis04,rw_kurtosis05,rw_kurtosis06,rw_kurtosis07,rw_kurtosis08,rw_kurtosis09,rw_kurtosis10,avg_moving_speed01,avg_moving_speed02,avg_moving_speed03,avg_moving_speed04,avg_moving_speed05,avg_moving_speed06,avg_moving_speed07,avg_moving_speed08,avg_moving_speed09,avg_moving_speed10,time_moving01,time_moving02,time_moving03,time_moving04,time_moving05,time_moving06,time_moving07,time_moving08,time_moving09,time_moving10,autocorr_1,autocorr_2,autocorr_3,autocorr_4,autocorr_5,autocorr_6,autocorr_7,autocorr_8,autocorr_9,autocorr_10,p_rturn_9_5,p_rturn_9_6,p_rturn_10_5,p_rturn_10_6,p_rturn_11_5,p_rturn_11_6,mean_theta_9_5,min_theta_9_5,max_theta_9_5,mean_theta_9_6,min_theta_9_6,max_theta_9_6,mean_theta_10_5,min_theta_10_5,max_theta_10_5,mean_theta_10_6,min_theta_10_6,max_theta_10_6,mean_theta_11_5,min_theta_11_5,max_theta_11_5,mean_theta_11_6,min_theta_11_6,max_theta_11_6
WellC10_Seq0009/xy14,0,1821.8282653403646,388.97401918380103,0.0518820795791,0.0202512634528,0.21350751142898236,25.636074660524752,1.9606743737805996,23.971424544,1.07620380016,0.586175378877,-0.0898352012748,215.155778819,1.2819829516185863,-0.154624467739,91.4964637639,2.3866858100316026,-0.8712399592070112,0.5384255838967591,-0.9531781227172886,-0.7788158022466014,-1.4287718015242878,-0.4427072199707185,-0.7146782728747976,-1.6352048135273445,-1.1687053734547077,15.0898983394,15.6680577795,15.6680577795,16.2197762281,16.3949016974,16.7508380456,17.0962665492,17.7578530632,17.7578530632,18.2149868008,1.0,0.9583333333333334,0.9583333333333334,0.9166666666666666,0.9027777777777778,0.875,0.8472222222222222,0.7916666666666666,0.7916666666666666,0.75,-0.0816704322472,-0.0877660749683,0.0566845591499,0.0358494901018,-0.0732572017123,0.0691595839992,0.0116161522454,0.0110937262105,0.17545998767,-0.0284455766807,0.380952380952,0.380952380952,0.428571428571,0.428571428571,0.45,0.4,0.799290177831,0.08289883736543564,2.3792758112976,0.793766131293,0.0291371993090629,2.4611268784909934,0.784680986483,0.028962574595998346,2.5173790387091466,0.769590651778,0.01007436874087349,2.5992301059025396,0.912323965921,0.022548880728740155,2.656497358565682,0.916552921639,0.015882738818745495,2.7383484257590758
