Well/XY,cell_id,total_distance,net_distance,linearity,spearmanrsq,progressivity,max_speed,min_speed,avg_speed,MSD_slope,hurst_RS,nongauss,disp_var,disp_skew,rw_linearity,rw_netdist,rw_kurtosis01,rw_kurtosis02,rw_kurtosis03,rw_kurtosis04,rw_kurtosis05,rw_kurtosis06,rw_kurtosis07,rw_kurtosis08,rw_kurtosis09,rw_kurtosis10,avg_moving_speed01,avg_moving_speed02,avg_moving_speed03,avg_moving_speed04,avg_moving_speed05,avg_moving_speed06,avg_moving_speed07,avg_moving_speed08,avg_moving_speed09,avg_moving_speed10,time_moving01,time_moving02,time_moving03,time_moving04,time_moving05,time_moving06,time_moving07,time_moving08,time_moving09,time_moving10,autocorr_1,autocorr_2,autocorr_3,autocorr_4,autocorr_5,autocorr_6,autocorr_7,autocorr_8,autocorr_9,autocorr_10,p_rturn_9_5,p_rturn_9_6,p_rturn_10_5,p_rturn_10_6,p_rturn_11_5,p_rturn_11_6,mean_theta_9_5,min_theta_9_5,max_theta_9_5,mean_theta_9_6,min_theta_9_6,max_theta_9_6,mean_theta_10_5,min_theta_10_5,max_theta_10_5,mean_theta_10_6,min_theta_10_6,max_theta_10_6,mean_theta_11_5,min_theta_11_5,max_theta_11_5,mean_theta_11_6,min_theta_11_6,max_theta_11_6
WellC10_Seq0011/xy10,0,446.4574898082368,42.49901058848314,0.0194097616017,0.000105966167782,0.09519161747457162,4.920465018674557,0.05813776741498742,5.95276653078,0.680652825173,0.768730369751,0.289301420442,21.533778997,1.6681426152021837,-0.213041908627,-30.891624129,2.6532760697105164,-0.1668770236350512,-0.6837781979615709,2.9362168943862557,4.341051757301751,0.2240075768092682,-0.9956279086328261,-1.2732535548121715,0.3031192443981636,-1.6177154226479138,1.94414515106,2.92746988326,3.90114568339,4.66129395717,5.86208768273,0.0,0.0,0.0,0.0,0.0,0.7464788732394366,0.2676056338028169,0.09859154929577464,0.04225352112676056,0.014084507042253521,0.0,0.0,0.0,0.0,0.0,0.46467237219,0.155407613947,-0.00361724001106,-0.0128522375718,0.221383658048,0.265593183128,0.300661714112,0.192670102977,-0.00697457626991,-0.101151429921,0.47619047619,0.52380952381,0.6,0.45,0.45,0.5,0.761818003173,0.07377857782675819,1.6600348485023568,0.753422932847,0.03188879306207619,1.6434416557377647,0.743090489265,0.30140835970694213,2.1412258001014157,0.686372809556,0.1540202107944194,2.124632607336823,0.701204464006,0.12733103461804807,2.292535417065294,0.666946718865,0.09689247346395424,2.054755610500252
