Well/XY,cell_id,total_distance,net_distance,linearity,spearmanrsq,progressivity,max_speed,min_speed,avg_speed,MSD_slope,hurst_RS,nongauss,disp_var,disp_skew,rw_linearity,rw_netdist,rw_kurtosis01,rw_kurtosis02,rw_kurtosis03,rw_kurtosis04,rw_kurtosis05,rw_kurtosis06,rw_kurtosis07,rw_kurtosis08,rw_kurtosis09,rw_kurtosis10,avg_moving_speed01,avg_moving_speed02,avg_moving_speed03,avg_moving_speed04,avg_moving_speed05,avg_moving_speed06,avg_moving_speed07,avg_moving_speed08,avg_moving_speed09,avg_moving_speed10,time_moving01,time_moving02,time_moving03,time_moving04,time_moving05,time_moving06,time_moving07,time_moving08,time_moving09,time_moving10,autocorr_1,autocorr_2,autocorr_3,autocorr_4,autocorr_5,autocorr_6,autocorr_7,autocorr_8,autocorr_9,autocorr_10,p_rturn_9_5,p_rturn_9_6,p_rturn_10_5,p_rturn_10_6,p_rturn_11_5,p_rturn_11_6,mean_theta_9_5,min_theta_9_5,max_theta_9_5,mean_theta_9_6,min_theta_9_6,max_theta_9_6,mean_theta_10_5,min_theta_10_5,max_theta_10_5,mean_theta_10_6,min_theta_10_6,max_theta_10_6,mean_theta_11_5,min_theta_11_5,max_theta_11_5,mean_theta_11_6,min_theta_11_6,max_theta_11_6
WellC10_Seq0011/xy18,0,753.6916196871704,54.35899189646558,0.162494485859,0.29952523171,0.07212365173839666,15.480839770503383,0.6092618484691078,10.0492215958,0.436805756897,0.599013489692,1.59645556673,98.7772602378,2.746925114010617,-0.0823030674789,-69.5361327521,10.213374973683337,3.9197695734969686,3.8145663119671163,-0.8596255842739144,0.9390927826162483,-1.3609008640858975,-1.0620785759709725,-1.2980752561400188,-0.15130159988095304,-0.28747238711082934,5.63401207421,6.50243239782,7.00095638305,7.90837269559,9.13909112894,9.54540783208,9.89747284921,10.5234285255,11.1498905004,12.5766696639,0.9577464788732394,0.7887323943661971,0.704225352112676,0.5633802816901409,0.4084507042253521,0.36619718309859156,0.323943661971831,0.2535211267605634,0.19718309859154928,0.11267605633802817,0.0912208560655,0.188708057243,0.0266947391146,0.00559219888657,-0.106514115346,-0.134214120781,-0.00865536180724,-0.138845760402,-0.0123308673994,-0.0581914270422,0.619047619048,0.52380952381,0.55,0.55,0.5,0.45,0.569403924263,0.02355003623094837,1.8291724666561564,0.549349073113,0.030349207521534454,1.5330900881685727,0.61567598621,0.12081529482666288,2.009683508553581,0.574856454917,0.010949999313095279,1.978667752870098,0.613970914334,0.008467592490484843,2.0351748059164327,0.574394277736,0.001668421199939035,1.7440840020576047
