Well/XY,cell_id,total_distance,net_distance,linearity,spearmanrsq,progressivity,max_speed,min_speed,avg_speed,MSD_slope,hurst_RS,nongauss,disp_var,disp_skew,rw_linearity,rw_netdist,rw_kurtosis01,rw_kurtosis02,rw_kurtosis03,rw_kurtosis04,rw_kurtosis05,rw_kurtosis06,rw_kurtosis07,rw_kurtosis08,rw_kurtosis09,rw_kurtosis10,avg_moving_speed01,avg_moving_speed02,avg_moving_speed03,avg_moving_speed04,avg_moving_speed05,avg_moving_speed06,avg_moving_speed07,avg_moving_speed08,avg_moving_speed09,avg_moving_speed10,time_moving01,time_moving02,time_moving03,time_moving04,time_moving05,time_moving06,time_moving07,time_moving08,time_moving09,time_moving10,autocorr_1,autocorr_2,autocorr_3,autocorr_4,autocorr_5,autocorr_6,autocorr_7,autocorr_8,autocorr_9,autocorr_10,p_rturn_9_5,p_rturn_9_6,p_rturn_10_5,p_rturn_10_6,p_rturn_11_5,p_rturn_11_6,mean_theta_9_5,min_theta_9_5,max_theta_9_5,mean_theta_9_6,min_theta_9_6,max_theta_9_6,mean_theta_10_5,min_theta_10_5,max_theta_10_5,mean_theta_10_6,min_theta_10_6,max_theta_10_6,mean_theta_11_5,min_theta_11_5,max_theta_11_5,mean_theta_11_6,min_theta_11_6,max_theta_11_6
WellC10_Seq0011/xy02,0,1493.702386198592,70.78623877562639,0.774063982288,0.766959312904,0.047389787570584464,37.74650691123617,0.28736040089059317,19.916031816,1.10595734488,0.798024769344,0.610095384536,491.396129307,1.5513116544636398,0.577153152663,-174.755092044,1.7884671227704407,2.126083180261709,0.7804784431304688,4.321534172612982,1.751911760224985,-0.6047905826315976,-1.0599625053021047,0.397549274553485,0.807163024374514,-0.6038324954043803,9.52137213208,10.4383985998,11.4691551368,12.6775845946,14.1542036414,14.3752920853,15.0534810052,16.0260509341,17.1558989651,19.865589668,0.9436619718309859,0.8450704225352113,0.7464788732394366,0.647887323943662,0.5492957746478874,0.5352112676056338,0.49295774647887325,0.43661971830985913,0.38028169014084506,0.28169014084507044,0.396063743572,0.249706723827,0.13815355332,0.0823686111832,-0.109689503906,-0.169914522136,-0.235282494632,-0.128343973471,0.0319975945269,0.0157600128172,0.52380952381,0.52380952381,0.6,0.65,0.5,0.6,0.264700969879,0.042452929393915824,1.3250773537549996,0.284621410433,0.030938866109018127,1.3356730833603605,0.190548919375,0.01609732312689503,0.8150443294718155,0.211052052079,0.0056440711445112585,0.8367929186961931,0.223818137426,0.01730311364710455,0.8260417323398033,0.249461679932,0.023994362766165622,0.8477903215641808
