Well/XY,cell_id,total_distance,net_distance,linearity,spearmanrsq,progressivity,max_speed,min_speed,avg_speed,MSD_slope,hurst_RS,nongauss,disp_var,disp_skew,rw_linearity,rw_netdist,rw_kurtosis01,rw_kurtosis02,rw_kurtosis03,rw_kurtosis04,rw_kurtosis05,rw_kurtosis06,rw_kurtosis07,rw_kurtosis08,rw_kurtosis09,rw_kurtosis10,avg_moving_speed01,avg_moving_speed02,avg_moving_speed03,avg_moving_speed04,avg_moving_speed05,avg_moving_speed06,avg_moving_speed07,avg_moving_speed08,avg_moving_speed09,avg_moving_speed10,time_moving01,time_moving02,time_moving03,time_moving04,time_moving05,time_moving06,time_moving07,time_moving08,time_moving09,time_moving10,autocorr_1,autocorr_2,autocorr_3,autocorr_4,autocorr_5,autocorr_6,autocorr_7,autocorr_8,autocorr_9,autocorr_10,p_rturn_9_5,p_rturn_9_6,p_rturn_10_5,p_rturn_10_6,p_rturn_11_5,p_rturn_11_6,mean_theta_9_5,min_theta_9_5,max_theta_9_5,mean_theta_9_6,min_theta_9_6,max_theta_9_6,mean_theta_10_5,min_theta_10_5,max_theta_10_5,mean_theta_10_6,min_theta_10_6,max_theta_10_6,mean_theta_11_5,min_theta_11_5,max_theta_11_5,mean_theta_11_6,min_theta_11_6,max_theta_11_6
WellC10_Seq0011/xy11,0,1279.989483203512,356.0028681064241,0.823335267379,0.878441726637,0.2781295258890978,18.63735303094301,0.5162363799656011,17.0665264427,1.07456914584,0.847741441635,0.306280285729,263.10721668,1.3803406450064528,0.61746133472,145.592598935,0.8491236702626863,4.009108649710422,-0.1971416410383262,0.17852698590532334,1.1947227320903444,1.1568458694315762,1.226001822329244,-0.8588556445114133,0.805013995678145,-0.6163527609866875,7.75945463571,8.04471229711,8.80010893697,9.16991208339,9.83663255623,10.9897866269,11.8402888354,12.4866784212,13.8155284414,15.1615988743,0.9859154929577465,0.9436619718309859,0.8309859154929577,0.7746478873239436,0.676056338028169,0.5352112676056338,0.4507042253521127,0.39436619718309857,0.29577464788732394,0.22535211267605634,0.344993547551,0.28716008859,0.212482376711,0.343850074307,0.317406881802,0.354422427295,0.233227966754,0.199836286847,0.16447059044,0.105277032631,0.380952380952,0.428571428571,0.4,0.45,0.6,0.6,0.413908094924,0.0058278141806096745,1.6692772944001213,0.396267258283,0.007604174726618798,1.68979970386215,0.509882399956,0.024125537874864305,1.6706599102399844,0.48183863996,0.021744417916771223,1.682874671862456,0.640913812912,0.0014426755248260455,2.486282561028724,0.622075937954,0.0011351670121307349,2.4575360189015627
