Well/XY,cell_id,total_distance,net_distance,linearity,spearmanrsq,progressivity,max_speed,min_speed,avg_speed,MSD_slope,hurst_RS,nongauss,disp_var,disp_skew,rw_linearity,rw_netdist,rw_kurtosis01,rw_kurtosis02,rw_kurtosis03,rw_kurtosis04,rw_kurtosis05,rw_kurtosis06,rw_kurtosis07,rw_kurtosis08,rw_kurtosis09,rw_kurtosis10,avg_moving_speed01,avg_moving_speed02,avg_moving_speed03,avg_moving_speed04,avg_moving_speed05,avg_moving_speed06,avg_moving_speed07,avg_moving_speed08,avg_moving_speed09,avg_moving_speed10,time_moving01,time_moving02,time_moving03,time_moving04,time_moving05,time_moving06,time_moving07,time_moving08,time_moving09,time_moving10,autocorr_1,autocorr_2,autocorr_3,autocorr_4,autocorr_5,autocorr_6,autocorr_7,autocorr_8,autocorr_9,autocorr_10,p_rturn_9_5,p_rturn_9_6,p_rturn_10_5,p_rturn_10_6,p_rturn_11_5,p_rturn_11_6,mean_theta_9_5,min_theta_9_5,max_theta_9_5,mean_theta_9_6,min_theta_9_6,max_theta_9_6,mean_theta_10_5,min_theta_10_5,max_theta_10_5,mean_theta_10_6,min_theta_10_6,max_theta_10_6,mean_theta_11_5,min_theta_11_5,max_theta_11_5,mean_theta_11_6,min_theta_11_6,max_theta_11_6
WellC08_Seq0013/xy09,0,2983.9954974430884,433.6690582690908,0.0673189430533,0.0376852826244,0.14533167313445713,45.79640601619302,0.223606797749979,39.7866066326,1.02826829459,0.774946867348,0.178856864183,1067.26721465,1.331904549971474,-0.162439256008,-56.8531718438,1.4224609526124512,-0.5268449835561881,-0.18148414788540101,-0.4527062867013387,-1.259899827151249,-0.4876097417220824,-1.680689278447068,-0.4376237401665666,-1.267706843630844,-1.5412400430750948,21.8932804901,21.8932804901,22.1752077082,22.4447803442,22.4447803442,23.2062552456,24.8999533864,25.8363623107,26.1453487259,26.7910701908,0.9859154929577465,0.9859154929577465,0.971830985915493,0.9577464788732394,0.9577464788732394,0.9154929577464789,0.8309859154929577,0.7887323943661971,0.7746478873239436,0.7464788732394366,0.0279288814102,0.28095829638,0.162122056707,-0.0648776067218,0.138402523105,0.0488082444208,-0.0394172783377,0.146905306756,-0.00620173349776,0.0344395313919,0.47619047619,0.47619047619,0.45,0.55,0.6,0.65,0.560341098143,0.02625056508270132,2.423292262590888,0.504336533806,0.006038302816756965,2.4050943844325983,0.603840880272,0.06271441081927134,2.5358250544539387,0.536468344186,0.01327311088649781,2.517627176295649,0.775201681691,0.009056888174416114,2.88759673691819,0.727129196011,0.005440945242727554,2.8673844746522557
