Well/XY,cell_id,total_distance,net_distance,linearity,spearmanrsq,progressivity,max_speed,min_speed,avg_speed,MSD_slope,hurst_RS,nongauss,disp_var,disp_skew,rw_linearity,rw_netdist,rw_kurtosis01,rw_kurtosis02,rw_kurtosis03,rw_kurtosis04,rw_kurtosis05,rw_kurtosis06,rw_kurtosis07,rw_kurtosis08,rw_kurtosis09,rw_kurtosis10,avg_moving_speed01,avg_moving_speed02,avg_moving_speed03,avg_moving_speed04,avg_moving_speed05,avg_moving_speed06,avg_moving_speed07,avg_moving_speed08,avg_moving_speed09,avg_moving_speed10,time_moving01,time_moving02,time_moving03,time_moving04,time_moving05,time_moving06,time_moving07,time_moving08,time_moving09,time_moving10,autocorr_1,autocorr_2,autocorr_3,autocorr_4,autocorr_5,autocorr_6,autocorr_7,autocorr_8,autocorr_9,autocorr_10,p_rturn_9_5,p_rturn_9_6,p_rturn_10_5,p_rturn_10_6,p_rturn_11_5,p_rturn_11_6,mean_theta_9_5,min_theta_9_5,max_theta_9_5,mean_theta_9_6,min_theta_9_6,max_theta_9_6,mean_theta_10_5,min_theta_10_5,max_theta_10_5,mean_theta_10_6,min_theta_10_6,max_theta_10_6,mean_theta_11_5,min_theta_11_5,max_theta_11_5,mean_theta_11_6,min_theta_11_6,max_theta_11_6
WellC08_Seq0013/xy25,0,1937.606794698218,423.28790438660053,0.2250219714,0.18585189185,0.2184591350241046,36.64098797794621,0.9305912099305356,25.8347572626,1.3909453661,0.553214451391,0.521493617586,422.601713401,2.002411995071611,-0.0140273811836,104.77562552,5.533432017712574,5.016662126520574,1.1972726252817152,0.26958969122482657,-0.2573108426509316,-0.670996492214508,1.2468616585746393,-0.48577208979806663,-0.8716455538747727,0.18528048980840506,17.0502396857,17.0502396857,17.0502396857,17.0502396857,17.4136576168,17.7646421017,18.2987405733,18.4664508325,19.1536555647,19.8639898903,1.0,1.0,1.0,1.0,0.971830985915493,0.9436619718309859,0.9014084507042254,0.8873239436619719,0.8309859154929577,0.7746478873239436,0.113566205821,-0.168819315483,-0.166023152238,0.0583905353764,-0.0240216095963,-0.0282626073842,0.0323427930939,-0.09486439245,-0.0171215752644,0.0361667819434,0.47619047619,0.428571428571,0.5,0.45,0.55,0.5,0.7856198553,0.01863827039453902,2.6377542874297033,0.864982640821,0.1262313801262809,2.6483779227327875,0.943262433994,0.006623904548378085,2.661060030614532,1.03557442639,0.003285049171447359,2.6716836659176155,0.976055465921,0.09363758915602968,2.4719909279709613,1.0620880707,0.1545576901469691,2.4826145632740455
