Well/XY,cell_id,total_distance,net_distance,linearity,spearmanrsq,progressivity,max_speed,min_speed,avg_speed,MSD_slope,hurst_RS,nongauss,disp_var,disp_skew,rw_linearity,rw_netdist,rw_kurtosis01,rw_kurtosis02,rw_kurtosis03,rw_kurtosis04,rw_kurtosis05,rw_kurtosis06,rw_kurtosis07,rw_kurtosis08,rw_kurtosis09,rw_kurtosis10,avg_moving_speed01,avg_moving_speed02,avg_moving_speed03,avg_moving_speed04,avg_moving_speed05,avg_moving_speed06,avg_moving_speed07,avg_moving_speed08,avg_moving_speed09,avg_moving_speed10,time_moving01,time_moving02,time_moving03,time_moving04,time_moving05,time_moving06,time_moving07,time_moving08,time_moving09,time_moving10,autocorr_1,autocorr_2,autocorr_3,autocorr_4,autocorr_5,autocorr_6,autocorr_7,autocorr_8,autocorr_9,autocorr_10,p_rturn_9_5,p_rturn_9_6,p_rturn_10_5,p_rturn_10_6,p_rturn_11_5,p_rturn_11_6,mean_theta_9_5,min_theta_9_5,max_theta_9_5,mean_theta_9_6,min_theta_9_6,max_theta_9_6,mean_theta_10_5,min_theta_10_5,max_theta_10_5,mean_theta_10_6,min_theta_10_6,max_theta_10_6,mean_theta_11_5,min_theta_11_5,max_theta_11_5,mean_theta_11_6,min_theta_11_6,max_theta_11_6
WellB06_Seq0004/xy07,0,1524.014058508292,260.67349098057514,0.304224368104,0.0837735624069,0.17104401991916193,25.59399929671015,1.6786899654194485,20.3201874468,1.43195217718,0.688263693348,-0.0915044821438,235.620891286,0.8489949457480876,0.048362712548,10.1493949008,-0.4929169053076934,1.4945531598459691,-0.7541439775051493,-1.1990982945548354,-0.38269115793709974,-0.2719457072687814,-0.4986221457626643,-0.4258900644089154,0.04075091264516795,1.0832364168763808,12.8203563439,12.9829785488,13.2973215398,13.741526528,14.1866825536,14.7731511106,15.3773898008,15.6883717206,16.3102967852,17.6907435817,1.0,0.9859154929577465,0.9577464788732394,0.9154929577464789,0.8732394366197183,0.8169014084507042,0.7605633802816901,0.7323943661971831,0.676056338028169,0.5633802816901409,0.228715937489,0.120298526966,-0.0656486185996,-0.205830168019,-0.0181599926441,-0.00521417268366,0.116212532678,0.282430507964,-0.0180239544903,-0.0930585976439,0.52380952381,0.52380952381,0.55,0.55,0.5,0.5,0.789722680353,0.1313827598790587,2.423632954869654,0.808297203221,0.11437751690996918,2.430780052782374,0.74389869389,0.04017593575954097,2.3871208674283033,0.748417129258,0.08880237268059502,2.3942679653410233,0.822624492229,0.2341961658531813,2.2818535053504614,0.822280283905,0.07073641834032711,2.2890006032631813
