Well/XY,cell_id,total_distance,net_distance,linearity,spearmanrsq,progressivity,max_speed,min_speed,avg_speed,MSD_slope,hurst_RS,nongauss,disp_var,disp_skew,rw_linearity,rw_netdist,rw_kurtosis01,rw_kurtosis02,rw_kurtosis03,rw_kurtosis04,rw_kurtosis05,rw_kurtosis06,rw_kurtosis07,rw_kurtosis08,rw_kurtosis09,rw_kurtosis10,avg_moving_speed01,avg_moving_speed02,avg_moving_speed03,avg_moving_speed04,avg_moving_speed05,avg_moving_speed06,avg_moving_speed07,avg_moving_speed08,avg_moving_speed09,avg_moving_speed10,time_moving01,time_moving02,time_moving03,time_moving04,time_moving05,time_moving06,time_moving07,time_moving08,time_moving09,time_moving10,autocorr_1,autocorr_2,autocorr_3,autocorr_4,autocorr_5,autocorr_6,autocorr_7,autocorr_8,autocorr_9,autocorr_10,p_rturn_9_5,p_rturn_9_6,p_rturn_10_5,p_rturn_10_6,p_rturn_11_5,p_rturn_11_6,mean_theta_9_5,min_theta_9_5,max_theta_9_5,mean_theta_9_6,min_theta_9_6,max_theta_9_6,mean_theta_10_5,min_theta_10_5,max_theta_10_5,mean_theta_10_6,min_theta_10_6,max_theta_10_6,mean_theta_11_5,min_theta_11_5,max_theta_11_5,mean_theta_11_6,min_theta_11_6,max_theta_11_6
WellB06_Seq0004/xy14,0,1038.0790151409008,546.623346007102,0.238131890983,0.245708847737,0.5265720027419181,21.858792281368128,2.3630488780387036,13.8410535352,1.49769085828,0.804076586058,-0.213617656522,72.5277439738,0.8727700861512345,0.00399367322605,375.97937755,-0.025046240248718377,0.013814032301197265,0.13949607328259006,-0.6232806753659381,-0.4621648635890452,-0.829040104692591,-0.559005371247228,-0.7715169852598311,-1.0335601898069517,-0.6597215509197403,11.2968920269,11.2968920269,11.5460213246,12.0324366067,12.6483741048,13.1577634218,13.6591912912,14.1618920894,14.6618068085,16.3591540268,1.0,1.0,0.971830985915493,0.9154929577464789,0.8450704225352113,0.7887323943661971,0.7323943661971831,0.676056338028169,0.6197183098591549,0.4647887323943662,0.520704227343,0.278200927184,0.180706126818,0.077354256452,0.032122585383,-0.00505522538918,-0.0903891594813,-0.106618923246,-0.0256688484899,0.0565997449818,0.714285714286,0.809523809524,0.75,0.8,0.75,0.75,0.614242330459,0.02461408768952177,2.2957524042179975,0.586487659613,0.005646423138193433,2.409353041118138,0.656420407337,0.014082974359672975,2.278303618497639,0.665324910291,0.07309574105880068,2.3919042553977796,0.667518834016,0.0626365455699433,2.281215581380168,0.682405632222,0.1498152609884079,2.394816218280309
