Well/XY,cell_id,total_distance,net_distance,linearity,spearmanrsq,progressivity,max_speed,min_speed,avg_speed,MSD_slope,hurst_RS,nongauss,disp_var,disp_skew,rw_linearity,rw_netdist,rw_kurtosis01,rw_kurtosis02,rw_kurtosis03,rw_kurtosis04,rw_kurtosis05,rw_kurtosis06,rw_kurtosis07,rw_kurtosis08,rw_kurtosis09,rw_kurtosis10,avg_moving_speed01,avg_moving_speed02,avg_moving_speed03,avg_moving_speed04,avg_moving_speed05,avg_moving_speed06,avg_moving_speed07,avg_moving_speed08,avg_moving_speed09,avg_moving_speed10,time_moving01,time_moving02,time_moving03,time_moving04,time_moving05,time_moving06,time_moving07,time_moving08,time_moving09,time_moving10,autocorr_1,autocorr_2,autocorr_3,autocorr_4,autocorr_5,autocorr_6,autocorr_7,autocorr_8,autocorr_9,autocorr_10,p_rturn_9_5,p_rturn_9_6,p_rturn_10_5,p_rturn_10_6,p_rturn_11_5,p_rturn_11_6,mean_theta_9_5,min_theta_9_5,max_theta_9_5,mean_theta_9_6,min_theta_9_6,max_theta_9_6,mean_theta_10_5,min_theta_10_5,max_theta_10_5,mean_theta_10_6,min_theta_10_6,max_theta_10_6,mean_theta_11_5,min_theta_11_5,max_theta_11_5,mean_theta_11_6,min_theta_11_6,max_theta_11_6
WellB06_Seq0004/xy11,0,1781.339620047423,337.9824900789982,0.925168210868,0.903704348519,0.18973500969455806,21.569098265806115,0.332601864095791,23.751194934,0.815496440913,0.744009358354,0.375790093669,525.330111104,1.3411485160537773,0.692057361077,45.1580928026,0.8452140020402337,0.7944354222776422,-0.6968936116644113,-0.6941201356856204,-0.903497024829921,-1.6533272760492428,-0.6080749927897022,1.794071279643994,-1.2273215231805148,-1.5928443560736136,7.10988074412,8.29069126305,8.87212168327,9.85143230092,11.0157769992,11.5355490733,12.2304583684,13.4053246061,14.457722699,15.0627827655,0.971830985915493,0.8028169014084507,0.7323943661971831,0.6197183098591549,0.5070422535211268,0.4647887323943662,0.4084507042253521,0.323943661971831,0.2676056338028169,0.23943661971830985,0.247621757979,-0.0151233615532,0.11819576943,0.0204795422284,0.104411531232,-0.0447786137811,0.0403813963814,0.173967620187,0.135337726194,0.0225996482254,0.238095238095,0.285714285714,0.15,0.25,0.15,0.25,0.323568926968,0.011645742999458013,1.3680998117439607,0.326566271535,0.013293893554036316,1.3620095854948115,0.16353516891,0.0025643612333850147,1.0540038098647915,0.17143043184,0.0013061664903124485,1.0733763443740176,0.128324758419,0.005258353315431553,0.5893221287084516,0.135457876777,0.004790927585923223,0.6086946632176777
