Well/XY,cell_id,total_distance,net_distance,linearity,spearmanrsq,progressivity,max_speed,min_speed,avg_speed,MSD_slope,hurst_RS,nongauss,disp_var,disp_skew,rw_linearity,rw_netdist,rw_kurtosis01,rw_kurtosis02,rw_kurtosis03,rw_kurtosis04,rw_kurtosis05,rw_kurtosis06,rw_kurtosis07,rw_kurtosis08,rw_kurtosis09,rw_kurtosis10,avg_moving_speed01,avg_moving_speed02,avg_moving_speed03,avg_moving_speed04,avg_moving_speed05,avg_moving_speed06,avg_moving_speed07,avg_moving_speed08,avg_moving_speed09,avg_moving_speed10,time_moving01,time_moving02,time_moving03,time_moving04,time_moving05,time_moving06,time_moving07,time_moving08,time_moving09,time_moving10,autocorr_1,autocorr_2,autocorr_3,autocorr_4,autocorr_5,autocorr_6,autocorr_7,autocorr_8,autocorr_9,autocorr_10,p_rturn_9_5,p_rturn_9_6,p_rturn_10_5,p_rturn_10_6,p_rturn_11_5,p_rturn_11_6,mean_theta_9_5,min_theta_9_5,max_theta_9_5,mean_theta_9_6,min_theta_9_6,max_theta_9_6,mean_theta_10_5,min_theta_10_5,max_theta_10_5,mean_theta_10_6,min_theta_10_6,max_theta_10_6,mean_theta_11_5,min_theta_11_5,max_theta_11_5,mean_theta_11_6,min_theta_11_6,max_theta_11_6
WellB06_Seq0004/xy21,0,914.8898781023892,219.228357882825,0.0908010978141,0.0577368369288,0.2396226727718702,21.32413655930759,0.7919595949289204,12.198531708,1.57413440801,0.819606436012,0.512375507072,136.985520541,1.677362905999099,-0.15396792859,68.8347585295,2.1744872368777957,1.7214626046803732,-0.9495765844218162,1.0490945840096337,1.2835287029666418,-0.8354592314257916,-0.6097098013239539,-0.6778027794471795,-1.4985973288017225,-0.7082977399720498,8.65299584711,10.2746605876,10.5535683958,11.2658960162,11.849871598,12.2803048107,12.2803048107,12.7680900411,12.9765086774,13.5194438137,0.9859154929577465,0.8028169014084507,0.7746478873239436,0.704225352112676,0.647887323943662,0.6056338028169014,0.6056338028169014,0.5492957746478874,0.5211267605633803,0.4507042253521127,0.438338525202,0.24604071368,0.266349677569,0.225191753425,0.166908997747,0.225976993804,0.427918373176,0.210634219373,0.0483975107937,-0.0421204724519,0.428571428571,0.285714285714,0.45,0.35,0.25,0.2,0.511769867811,0.0005616935851237002,2.6159784942131687,0.488522606839,0.003421900982783733,2.5783145856745318,0.527506307349,0.006318463377003203,2.5907765199734674,0.502160005947,0.009747955935453575,2.5531126114348304,0.555003203493,0.025688161726866294,2.5717834568096936,0.532027789274,0.0571108249601529,2.5341195482710566
