Well/XY,cell_id,total_distance,net_distance,linearity,spearmanrsq,progressivity,max_speed,min_speed,avg_speed,MSD_slope,hurst_RS,nongauss,disp_var,disp_skew,rw_linearity,rw_netdist,rw_kurtosis01,rw_kurtosis02,rw_kurtosis03,rw_kurtosis04,rw_kurtosis05,rw_kurtosis06,rw_kurtosis07,rw_kurtosis08,rw_kurtosis09,rw_kurtosis10,avg_moving_speed01,avg_moving_speed02,avg_moving_speed03,avg_moving_speed04,avg_moving_speed05,avg_moving_speed06,avg_moving_speed07,avg_moving_speed08,avg_moving_speed09,avg_moving_speed10,time_moving01,time_moving02,time_moving03,time_moving04,time_moving05,time_moving06,time_moving07,time_moving08,time_moving09,time_moving10,autocorr_1,autocorr_2,autocorr_3,autocorr_4,autocorr_5,autocorr_6,autocorr_7,autocorr_8,autocorr_9,autocorr_10,p_rturn_9_5,p_rturn_9_6,p_rturn_10_5,p_rturn_10_6,p_rturn_11_5,p_rturn_11_6,mean_theta_9_5,min_theta_9_5,max_theta_9_5,mean_theta_9_6,min_theta_9_6,max_theta_9_6,mean_theta_10_5,min_theta_10_5,max_theta_10_5,mean_theta_10_6,min_theta_10_6,max_theta_10_6,mean_theta_11_5,min_theta_11_5,max_theta_11_5,mean_theta_11_6,min_theta_11_6,max_theta_11_6
WellB05_Seq0003/xy09,0,1013.5655309298911,37.84507894033252,0.0732201287102,0.0579628089074,0.03733856152903278,18.437722202050903,0.7962411694957433,13.5142070791,0.361481615254,0.889386036527,-0.0180780683163,80.814246082,1.2201375940445855,-0.180761911923,-128.769255774,1.7430809384440122,2.207953235473803,-0.0400776608993163,1.875240389200318,-1.401497996540934,-0.9372606314035514,-1.2476338790031174,-1.5441253234770858,-1.4458336156682672,-0.6305732879365387,6.39971909723,6.86209327666,7.80156542252,8.58673505904,8.99411490014,10.0137591736,10.8875353405,11.7370664366,12.5148058708,13.9155969568,0.971830985915493,0.8873239436619719,0.7323943661971831,0.6197183098591549,0.5633802816901409,0.43661971830985913,0.352112676056338,0.28169014084507044,0.22535211267605634,0.15492957746478872,0.408382869542,0.187958171622,0.160806588155,0.360629829577,0.356239481388,0.170950263267,0.204285271726,0.0853082444584,0.175896544174,0.180664047062,0.714285714286,0.666666666667,0.7,0.65,0.55,0.55,1.01814024636,0.004920687234227701,2.65573629545952,1.02047253061,0.005793609955726549,2.556983191914691,0.758106308686,0.033730828151349986,2.3541768396612666,0.77537278546,0.0698878549188554,2.412650602633946,0.932604253196,0.01971671538777924,2.7026394525527735,0.930871553301,0.013948400190453257,2.595843903266325
