Well/XY,cell_id,total_distance,net_distance,linearity,spearmanrsq,progressivity,max_speed,min_speed,avg_speed,MSD_slope,hurst_RS,nongauss,disp_var,disp_skew,rw_linearity,rw_netdist,rw_kurtosis01,rw_kurtosis02,rw_kurtosis03,rw_kurtosis04,rw_kurtosis05,rw_kurtosis06,rw_kurtosis07,rw_kurtosis08,rw_kurtosis09,rw_kurtosis10,avg_moving_speed01,avg_moving_speed02,avg_moving_speed03,avg_moving_speed04,avg_moving_speed05,avg_moving_speed06,avg_moving_speed07,avg_moving_speed08,avg_moving_speed09,avg_moving_speed10,time_moving01,time_moving02,time_moving03,time_moving04,time_moving05,time_moving06,time_moving07,time_moving08,time_moving09,time_moving10,autocorr_1,autocorr_2,autocorr_3,autocorr_4,autocorr_5,autocorr_6,autocorr_7,autocorr_8,autocorr_9,autocorr_10,p_rturn_9_5,p_rturn_9_6,p_rturn_10_5,p_rturn_10_6,p_rturn_11_5,p_rturn_11_6,mean_theta_9_5,min_theta_9_5,max_theta_9_5,mean_theta_9_6,min_theta_9_6,max_theta_9_6,mean_theta_10_5,min_theta_10_5,max_theta_10_5,mean_theta_10_6,min_theta_10_6,max_theta_10_6,mean_theta_11_5,min_theta_11_5,max_theta_11_5,mean_theta_11_6,min_theta_11_6,max_theta_11_6
WellC04_Seq0017/xy24,0,1834.8767122074466,375.00370131506696,0.000618169473019,0.00280762354529,0.20437542142213966,53.025969071767086,0.4386342439892129,24.4650228294,1.05689617071,0.723488554073,2.8652307451,908.745083891,3.2485219433030195,-0.244922328966,73.3786426896,14.331834479923785,3.1372217055563514,1.4285965634026496,0.5878889948477162,-0.3022453862377068,-0.630840540182025,-1.274492311860595,-1.2194545171134867,-1.3760352412567094,-1.6573929401640222,14.5475286409,15.1293902806,16.4054732441,17.3157094916,18.03786572,19.0300108325,20.426587983,20.7262151223,22.3151254327,22.6583208895,0.9859154929577465,0.9436619718309859,0.8591549295774648,0.8028169014084507,0.7605633802816901,0.704225352112676,0.6338028169014085,0.6197183098591549,0.5492957746478874,0.5352112676056338,0.241575264611,0.112497748834,0.186630361966,0.0254456471715,-0.107175335106,0.17482606729,0.0651320509905,0.0764088650252,-0.0604091119284,-0.118490666963,0.47619047619,0.428571428571,0.6,0.55,0.55,0.5,0.922943171895,0.03574072603898348,2.7537419437300463,0.831076036917,0.029068136261581282,2.835907431624097,1.0772419048,0.022383134397057768,2.7594769038654157,0.980277525977,0.03579376520041782,2.8061037514689153,0.982523018065,0.008219204885117888,2.7058915847708107,0.915796541539,0.002346128451175849,2.650607203474346
