Well/XY,cell_id,total_distance,net_distance,linearity,spearmanrsq,progressivity,max_speed,min_speed,avg_speed,MSD_slope,hurst_RS,nongauss,disp_var,disp_skew,rw_linearity,rw_netdist,rw_kurtosis01,rw_kurtosis02,rw_kurtosis03,rw_kurtosis04,rw_kurtosis05,rw_kurtosis06,rw_kurtosis07,rw_kurtosis08,rw_kurtosis09,rw_kurtosis10,avg_moving_speed01,avg_moving_speed02,avg_moving_speed03,avg_moving_speed04,avg_moving_speed05,avg_moving_speed06,avg_moving_speed07,avg_moving_speed08,avg_moving_speed09,avg_moving_speed10,time_moving01,time_moving02,time_moving03,time_moving04,time_moving05,time_moving06,time_moving07,time_moving08,time_moving09,time_moving10,autocorr_1,autocorr_2,autocorr_3,autocorr_4,autocorr_5,autocorr_6,autocorr_7,autocorr_8,autocorr_9,autocorr_10,p_rturn_9_5,p_rturn_9_6,p_rturn_10_5,p_rturn_10_6,p_rturn_11_5,p_rturn_11_6,mean_theta_9_5,min_theta_9_5,max_theta_9_5,mean_theta_9_6,min_theta_9_6,max_theta_9_6,mean_theta_10_5,min_theta_10_5,max_theta_10_5,mean_theta_10_6,min_theta_10_6,max_theta_10_6,mean_theta_11_5,min_theta_11_5,max_theta_11_5,mean_theta_11_6,min_theta_11_6,max_theta_11_6
WellC04_Seq0017/xy18,0,1607.2780385885987,237.6358485161698,0.0404317551027,0.0425774875267,0.14784986966215583,38.37358721829379,0.2843448610402502,21.4303738478,1.30738926027,0.648250807729,0.321800914402,286.831961549,1.699766920630876,-0.20421312035,-26.5755447569,3.318268772944757,3.9805595770562707,1.8248390635520142,0.7131440035390821,-1.100217522215446,-0.2539804002118906,-1.3933920553779127,-0.5787209994023739,-0.7673110804763117,-0.8147857056727767,16.7615016156,17.2030848738,17.426249103,17.8628567355,18.2922091556,18.7168071027,18.9152484253,19.7367423958,20.3618086773,20.5652348522,0.9859154929577465,0.9577464788732394,0.9436619718309859,0.9154929577464789,0.8873239436619719,0.8591549295774648,0.8450704225352113,0.7887323943661971,0.7464788732394366,0.7323943661971831,0.475235884629,0.256258774915,-0.125155203525,-0.222290337642,-0.291112200306,-0.350770009694,-0.373361891476,-0.268272272289,-0.163330953747,0.183513265687,0.47619047619,0.428571428571,0.55,0.55,0.55,0.55,0.568403488682,0.022448800264329424,2.434590136607049,0.600855982916,0.015550414016095587,2.426512780085262,0.827226591815,0.016413884026009445,2.635864289253196,0.855498811684,0.06512629376444752,2.643384289208882,0.709969127451,0.009056605683016052,2.4759238306176727,0.73824134732,0.0003175758700038617,2.467846474095886
