Well/XY,cell_id,total_distance,net_distance,linearity,spearmanrsq,progressivity,max_speed,min_speed,avg_speed,MSD_slope,hurst_RS,nongauss,disp_var,disp_skew,rw_linearity,rw_netdist,rw_kurtosis01,rw_kurtosis02,rw_kurtosis03,rw_kurtosis04,rw_kurtosis05,rw_kurtosis06,rw_kurtosis07,rw_kurtosis08,rw_kurtosis09,rw_kurtosis10,avg_moving_speed01,avg_moving_speed02,avg_moving_speed03,avg_moving_speed04,avg_moving_speed05,avg_moving_speed06,avg_moving_speed07,avg_moving_speed08,avg_moving_speed09,avg_moving_speed10,time_moving01,time_moving02,time_moving03,time_moving04,time_moving05,time_moving06,time_moving07,time_moving08,time_moving09,time_moving10,autocorr_1,autocorr_2,autocorr_3,autocorr_4,autocorr_5,autocorr_6,autocorr_7,autocorr_8,autocorr_9,autocorr_10,p_rturn_9_5,p_rturn_9_6,p_rturn_10_5,p_rturn_10_6,p_rturn_11_5,p_rturn_11_6,mean_theta_9_5,min_theta_9_5,max_theta_9_5,mean_theta_9_6,min_theta_9_6,max_theta_9_6,mean_theta_10_5,min_theta_10_5,max_theta_10_5,mean_theta_10_6,min_theta_10_6,max_theta_10_6,mean_theta_11_5,min_theta_11_5,max_theta_11_5,mean_theta_11_6,min_theta_11_6,max_theta_11_6
WellC04_Seq0017/xy07,0,1314.6113304418213,88.45275575130485,0.351322103038,0.232912759541,0.06728434001978151,20.16067459188803,0.3820994634908941,17.5281510726,0.693965666453,0.833016271635,0.372589648909,250.72233531,1.5587263259730144,0.124084477078,-127.648804084,1.740336178625829,1.7358397967022139,-0.24333522342003633,1.3414094514451325,-0.7522649864624849,-0.3057588316652611,-1.6833839383734595,-1.707296959951892,-1.333102339994549,-0.42350639780477906,7.22205054295,8.12522794254,9.05869236863,9.674062311,10.1945181807,10.82699643,11.8683778403,12.5938660657,13.9135803181,14.6955911496,0.9436619718309859,0.8169014084507042,0.704225352112676,0.6338028169014085,0.5774647887323944,0.5070422535211268,0.4084507042253521,0.352112676056338,0.2676056338028169,0.22535211267605634,0.370690581285,0.251413627814,0.30149145104,0.18453841089,0.262185799262,0.117257175067,0.123513279537,0.0876620338513,0.0804733964601,0.06772108996,0.571428571429,0.571428571429,0.5,0.45,0.55,0.55,0.54357290496,0.06290021402447987,1.9191370773818663,0.539612270638,0.06898526435000168,1.9934605069243774,0.503449368165,0.006907808515545687,1.9366227390371467,0.520172797235,0.007273004413649971,2.1707764791933806,0.570547857484,0.008689944654896226,1.6694324533117997,0.606824033763,0.0031410192916530083,1.8324361945309207
