Well/XY,cell_id,total_distance,net_distance,linearity,spearmanrsq,progressivity,max_speed,min_speed,avg_speed,MSD_slope,hurst_RS,nongauss,disp_var,disp_skew,rw_linearity,rw_netdist,rw_kurtosis01,rw_kurtosis02,rw_kurtosis03,rw_kurtosis04,rw_kurtosis05,rw_kurtosis06,rw_kurtosis07,rw_kurtosis08,rw_kurtosis09,rw_kurtosis10,avg_moving_speed01,avg_moving_speed02,avg_moving_speed03,avg_moving_speed04,avg_moving_speed05,avg_moving_speed06,avg_moving_speed07,avg_moving_speed08,avg_moving_speed09,avg_moving_speed10,time_moving01,time_moving02,time_moving03,time_moving04,time_moving05,time_moving06,time_moving07,time_moving08,time_moving09,time_moving10,autocorr_1,autocorr_2,autocorr_3,autocorr_4,autocorr_5,autocorr_6,autocorr_7,autocorr_8,autocorr_9,autocorr_10,p_rturn_9_5,p_rturn_9_6,p_rturn_10_5,p_rturn_10_6,p_rturn_11_5,p_rturn_11_6,mean_theta_9_5,min_theta_9_5,max_theta_9_5,mean_theta_9_6,min_theta_9_6,max_theta_9_6,mean_theta_10_5,min_theta_10_5,max_theta_10_5,mean_theta_10_6,min_theta_10_6,max_theta_10_6,mean_theta_11_5,min_theta_11_5,max_theta_11_5,mean_theta_11_6,min_theta_11_6,max_theta_11_6
WellC04_Seq0017/xy06,0,1295.5927712696957,28.012432953958136,0.0510105256274,0.0828075429641,0.021621325446656847,26.256501213985068,0.5626508686565695,17.2745702836,0.948747555832,0.754851666681,1.083763341,216.466426211,2.6414544054702893,-0.186068685977,-184.962772949,10.089810546581257,-0.2537048343326669,4.419754667504967,1.5142849773438245,-0.03058218496799414,-0.8489087876211618,-1.233126804252679,-0.7103301959809833,-1.310033928456722,-0.5842147916224731,7.97608971981,8.90726317539,9.4568610858,9.90800235957,10.013011502,10.3965358771,11.5402464799,13.0036291965,13.573561688,14.9602156232,1.0,0.8732394366197183,0.8028169014084507,0.7464788732394366,0.7323943661971831,0.676056338028169,0.5211267605633803,0.38028169014084506,0.3380281690140845,0.2535211267605634,0.249580497675,-0.0106154136061,-0.0678969391763,0.132781504043,0.149249496029,0.174734953678,0.246353428251,0.220030837135,0.311612486818,-0.000645956995849,0.4,0.45,0.6,0.55,0.4,0.4,1.18653712289,0.21343956724082047,2.7126033933385796,1.06941202536,0.10395143378198601,2.7617739460016124,0.982402463021,0.049273947030506575,2.8516760481124233,1.09717060348,0.14448796539921716,2.9302576728031,1.01304055207,0.1893728104762366,2.675831999640336,0.906791624661,0.0091277427901057,2.754413624331014
