Well/XY,cell_id,total_distance,net_distance,linearity,spearmanrsq,progressivity,max_speed,min_speed,avg_speed,MSD_slope,hurst_RS,nongauss,disp_var,disp_skew,rw_linearity,rw_netdist,rw_kurtosis01,rw_kurtosis02,rw_kurtosis03,rw_kurtosis04,rw_kurtosis05,rw_kurtosis06,rw_kurtosis07,rw_kurtosis08,rw_kurtosis09,rw_kurtosis10,avg_moving_speed01,avg_moving_speed02,avg_moving_speed03,avg_moving_speed04,avg_moving_speed05,avg_moving_speed06,avg_moving_speed07,avg_moving_speed08,avg_moving_speed09,avg_moving_speed10,time_moving01,time_moving02,time_moving03,time_moving04,time_moving05,time_moving06,time_moving07,time_moving08,time_moving09,time_moving10,autocorr_1,autocorr_2,autocorr_3,autocorr_4,autocorr_5,autocorr_6,autocorr_7,autocorr_8,autocorr_9,autocorr_10,p_rturn_9_5,p_rturn_9_6,p_rturn_10_5,p_rturn_10_6,p_rturn_11_5,p_rturn_11_6,mean_theta_9_5,min_theta_9_5,max_theta_9_5,mean_theta_9_6,min_theta_9_6,max_theta_9_6,mean_theta_10_5,min_theta_10_5,max_theta_10_5,mean_theta_10_6,min_theta_10_6,max_theta_10_6,mean_theta_11_5,min_theta_11_5,max_theta_11_5,mean_theta_11_6,min_theta_11_6,max_theta_11_6
WellB07_Seq0005/xy19,0,1040.5964838685804,215.3212715920098,0.149538808961,0.0203677271883,0.20692100629777185,32.224270356363384,0.10198039027185213,13.8746197849,1.19219717114,0.897363565016,2.70149673531,467.666325324,2.9556168455942164,-0.0859745063641,44.263470616,8.988480744471198,6.644126481984744,9.683410937858424,7.109210304939436,4.37228418363447,0.3441644380962665,3.02136984336782,2.265572083583894,0.39264276505224016,0.31652613467607216,5.96459171741,7.54624331499,8.759627314,12.7181098832,14.0700151012,15.0877090278,17.028928776,18.74454487,20.9720220616,20.9720220616,0.8732394366197183,0.647887323943662,0.5211267605633803,0.29577464788732394,0.2535211267605634,0.22535211267605634,0.18309859154929578,0.15492957746478872,0.1267605633802817,0.1267605633802817,0.497172586931,0.376486227376,0.614668296149,0.336667593125,0.338949265731,0.282147845845,0.143306221492,0.22127943469,0.0923841217584,-0.0638661223181,0.666666666667,0.619047619048,0.5,0.5,0.7,0.7,0.827447904088,0.016007177459339866,2.7784542327630257,0.834464250889,0.00201191978320334,2.773940304267293,1.43973459318,0.05446272749714149,2.800042077203362,1.46450058631,0.06633972225203214,2.79552814870763,1.19716037664,0.11549534318037387,2.8003342984536688,1.21950716962,0.1273723379352664,2.9192794643452946
