Well/XY,cell_id,total_distance,net_distance,linearity,spearmanrsq,progressivity,max_speed,min_speed,avg_speed,MSD_slope,hurst_RS,nongauss,disp_var,disp_skew,rw_linearity,rw_netdist,rw_kurtosis01,rw_kurtosis02,rw_kurtosis03,rw_kurtosis04,rw_kurtosis05,rw_kurtosis06,rw_kurtosis07,rw_kurtosis08,rw_kurtosis09,rw_kurtosis10,avg_moving_speed01,avg_moving_speed02,avg_moving_speed03,avg_moving_speed04,avg_moving_speed05,avg_moving_speed06,avg_moving_speed07,avg_moving_speed08,avg_moving_speed09,avg_moving_speed10,time_moving01,time_moving02,time_moving03,time_moving04,time_moving05,time_moving06,time_moving07,time_moving08,time_moving09,time_moving10,autocorr_1,autocorr_2,autocorr_3,autocorr_4,autocorr_5,autocorr_6,autocorr_7,autocorr_8,autocorr_9,autocorr_10,p_rturn_9_5,p_rturn_9_6,p_rturn_10_5,p_rturn_10_6,p_rturn_11_5,p_rturn_11_6,mean_theta_9_5,min_theta_9_5,max_theta_9_5,mean_theta_9_6,min_theta_9_6,max_theta_9_6,mean_theta_10_5,min_theta_10_5,max_theta_10_5,mean_theta_10_6,min_theta_10_6,max_theta_10_6,mean_theta_11_5,min_theta_11_5,max_theta_11_5,mean_theta_11_6,min_theta_11_6,max_theta_11_6
WellB07_Seq0005/xy08,0,823.6055662542396,108.80445762927171,0.630825633496,0.485822197351,0.1321074821338504,10.753250671308637,0.1708800749063389,10.9814075501,0.973725758575,0.799216759007,0.656828745525,192.14407503,1.6185678174907803,0.400541841284,-26.5834273185,0.9558021749366081,4.007836951849214,0.029296690733544573,1.039356505737473,2.6790859253893453,0.24228423249372888,-0.019318092248276297,0.3165666696362255,0.2563570687363863,-0.1358765888079856,4.453612441,4.86170241748,6.51820669053,7.98309375069,8.77354926493,9.21568158207,9.84490522236,10.2621516037,11.840192077,12.3897740041,0.9014084507042254,0.7887323943661971,0.4647887323943662,0.30985915492957744,0.2535211267605634,0.22535211267605634,0.18309859154929578,0.15492957746478872,0.08450704225352113,0.07042253521126761,0.511321956931,0.276979398447,-0.107522461143,-0.0546820929323,-0.00575286809562,0.0867096279358,0.0594925924026,-0.133158973049,-0.142071804741,-0.127689625939,0.428571428571,0.47619047619,0.45,0.5,0.55,0.55,0.542197374225,0.022860265720590772,2.382332511260763,0.526387221902,0.04150376103779676,2.3529248322894785,0.519361088809,0.1019824377563801,2.477867333577525,0.496377207235,0.04452561103771974,2.448459654606241,0.500642133874,0.07843577651310943,2.2127734036030247,0.490700859619,0.005421266633054204,2.064590080580663
