Well/XY,cell_id,total_distance,net_distance,linearity,spearmanrsq,progressivity,max_speed,min_speed,avg_speed,MSD_slope,hurst_RS,nongauss,disp_var,disp_skew,rw_linearity,rw_netdist,rw_kurtosis01,rw_kurtosis02,rw_kurtosis03,rw_kurtosis04,rw_kurtosis05,rw_kurtosis06,rw_kurtosis07,rw_kurtosis08,rw_kurtosis09,rw_kurtosis10,avg_moving_speed01,avg_moving_speed02,avg_moving_speed03,avg_moving_speed04,avg_moving_speed05,avg_moving_speed06,avg_moving_speed07,avg_moving_speed08,avg_moving_speed09,avg_moving_speed10,time_moving01,time_moving02,time_moving03,time_moving04,time_moving05,time_moving06,time_moving07,time_moving08,time_moving09,time_moving10,autocorr_1,autocorr_2,autocorr_3,autocorr_4,autocorr_5,autocorr_6,autocorr_7,autocorr_8,autocorr_9,autocorr_10,p_rturn_9_5,p_rturn_9_6,p_rturn_10_5,p_rturn_10_6,p_rturn_11_5,p_rturn_11_6,mean_theta_9_5,min_theta_9_5,max_theta_9_5,mean_theta_9_6,min_theta_9_6,max_theta_9_6,mean_theta_10_5,min_theta_10_5,max_theta_10_5,mean_theta_10_6,min_theta_10_6,max_theta_10_6,mean_theta_11_5,min_theta_11_5,max_theta_11_5,mean_theta_11_6,min_theta_11_6,max_theta_11_6
WellB07_Seq0005/xy01,0,1932.1788664067328,340.06583186200857,0.860195358886,0.819620457958,0.1760012169548402,71.21795840937871,0.5688585061331067,25.7623848854,0.82864496239,0.796622186649,1.9527092711,1457.47353566,2.559351986531784,0.611920799252,22.4458195869,6.028492561294819,6.289359403321404,3.1171696708334675,4.3197146602268806,2.7498612344845785,2.4743782274354036,3.6189246061639535,1.9493931450418343,1.9783943661531467,-1.0052433731902042,11.81218221,12.2706642304,13.2324279266,13.7312759384,14.7908646208,15.786708321,17.1651321968,19.8916162276,22.5128051215,24.2360239454,0.9859154929577465,0.9436619718309859,0.8591549295774648,0.8169014084507042,0.7323943661971831,0.6619718309859155,0.5774647887323944,0.4507042253521127,0.36619718309859156,0.323943661971831,0.523618387512,0.302624866685,0.184419679393,0.373692026147,0.241342749163,0.0316126799768,-0.147801779728,-0.0273044347748,0.0637675661855,0.0788487547827,0.47619047619,0.47619047619,0.45,0.45,0.4,0.4,0.223137990917,0.010444436216030755,0.5844892142943401,0.192967152853,0.008258920234747735,0.522092923481745,0.335842596997,0.0036747788863309254,1.4512896731166292,0.310501254847,0.006509169382740771,1.471351191380232,0.375621499707,0.023266085334988175,2.2713914802522277,0.348386785044,0.011973659743761142,2.214640635859999
