Well/XY,cell_id,total_distance,net_distance,linearity,spearmanrsq,progressivity,max_speed,min_speed,avg_speed,MSD_slope,hurst_RS,nongauss,disp_var,disp_skew,rw_linearity,rw_netdist,rw_kurtosis01,rw_kurtosis02,rw_kurtosis03,rw_kurtosis04,rw_kurtosis05,rw_kurtosis06,rw_kurtosis07,rw_kurtosis08,rw_kurtosis09,rw_kurtosis10,avg_moving_speed01,avg_moving_speed02,avg_moving_speed03,avg_moving_speed04,avg_moving_speed05,avg_moving_speed06,avg_moving_speed07,avg_moving_speed08,avg_moving_speed09,avg_moving_speed10,time_moving01,time_moving02,time_moving03,time_moving04,time_moving05,time_moving06,time_moving07,time_moving08,time_moving09,time_moving10,autocorr_1,autocorr_2,autocorr_3,autocorr_4,autocorr_5,autocorr_6,autocorr_7,autocorr_8,autocorr_9,autocorr_10,p_rturn_9_5,p_rturn_9_6,p_rturn_10_5,p_rturn_10_6,p_rturn_11_5,p_rturn_11_6,mean_theta_9_5,min_theta_9_5,max_theta_9_5,mean_theta_9_6,min_theta_9_6,max_theta_9_6,mean_theta_10_5,min_theta_10_5,max_theta_10_5,mean_theta_10_6,min_theta_10_6,max_theta_10_6,mean_theta_11_5,min_theta_11_5,max_theta_11_5,mean_theta_11_6,min_theta_11_6,max_theta_11_6
WellB07_Seq0005/xy25,0,834.1481190652486,202.0214840060334,0.00604716000096,0.0185466046275,0.2421889822546383,25.532049349787812,0.6235030072100523,11.1219749209,1.18763995265,0.598800123156,1.15417758294,127.183834576,2.31022498548399,-0.216863207997,64.9005681203,6.21887490827538,2.239838225836494,0.31437902874107015,0.6880189296880728,0.3681085722126447,1.0106103908913484,-0.7932817910609478,-0.8241170572710308,-1.0512661183071599,-1.2493011292117377,8.8288720116,9.93812310937,11.2727066158,12.5356601439,13.3847257358,14.043670753,14.7599751069,15.4744567876,15.9707440778,16.2220649506,0.9577464788732394,0.8309859154929577,0.704225352112676,0.6056338028169014,0.5492957746478874,0.5070422535211268,0.4647887323943662,0.4225352112676056,0.39436619718309857,0.38028169014084506,0.123764036325,0.167151564838,0.134862158054,0.0935782300776,-0.0849243015185,-0.0337641934685,-0.0517521814026,-0.265738255769,-0.241710923093,-0.225724217528,0.809523809524,0.761904761905,0.8,0.75,0.75,0.7,0.284299194431,0.004863072824105999,0.8805744043305008,0.373295369403,0.025970726590024452,1.6671468221416736,0.277624326832,0.00582557882090277,1.0072923483341771,0.373813172254,0.06715763769744797,1.5895270891346978,0.383149654467,0.06781631065048237,1.9969429249722663,0.4660854282,0.0611416883414175,2.015958138164193
