Well/XY,cell_id,total_distance,net_distance,linearity,spearmanrsq,progressivity,max_speed,min_speed,avg_speed,MSD_slope,hurst_RS,nongauss,disp_var,disp_skew,rw_linearity,rw_netdist,rw_kurtosis01,rw_kurtosis02,rw_kurtosis03,rw_kurtosis04,rw_kurtosis05,rw_kurtosis06,rw_kurtosis07,rw_kurtosis08,rw_kurtosis09,rw_kurtosis10,avg_moving_speed01,avg_moving_speed02,avg_moving_speed03,avg_moving_speed04,avg_moving_speed05,avg_moving_speed06,avg_moving_speed07,avg_moving_speed08,avg_moving_speed09,avg_moving_speed10,time_moving01,time_moving02,time_moving03,time_moving04,time_moving05,time_moving06,time_moving07,time_moving08,time_moving09,time_moving10,autocorr_1,autocorr_2,autocorr_3,autocorr_4,autocorr_5,autocorr_6,autocorr_7,autocorr_8,autocorr_9,autocorr_10,p_rturn_9_5,p_rturn_9_6,p_rturn_10_5,p_rturn_10_6,p_rturn_11_5,p_rturn_11_6,mean_theta_9_5,min_theta_9_5,max_theta_9_5,mean_theta_9_6,min_theta_9_6,max_theta_9_6,mean_theta_10_5,min_theta_10_5,max_theta_10_5,mean_theta_10_6,min_theta_10_6,max_theta_10_6,mean_theta_11_5,min_theta_11_5,max_theta_11_5,mean_theta_11_6,min_theta_11_6,max_theta_11_6
WellD08_Seq0024/xy03,0,1315.840435544904,76.09112957500372,0.162679925772,0.100836834343,0.05782701877792161,34.088872084596765,0.28071337695238086,17.3136899414,0.695909006386,0.771384196614,1.4463765004,281.07387626,2.559111606275685,-0.0724360118041,-138.766112205,9.29799721022254,4.410200576785922,1.749161848214647,1.8447992600537724,0.13711820400752428,-0.15775825943978994,-0.5885096322074492,-0.4664965414660571,-0.5987574542701353,0.7771414682426538,8.9972071569,10.4026873231,10.9953549335,11.9190767768,12.9576078448,14.6544774911,15.9873672118,16.2915887561,17.9404839227,18.705136329,0.9722222222222222,0.8194444444444444,0.7638888888888888,0.6805555555555556,0.5972222222222222,0.4861111111111111,0.4166666666666667,0.4027777777777778,0.3333333333333333,0.3055555555555556,0.368230464393,0.256178754472,0.002061250603,0.0197718937582,-0.133740153309,-0.0781205751781,0.0418571705668,0.0879821372599,0.149915881999,0.0161439084961,0.47619047619,0.47619047619,0.619047619048,0.571428571429,0.65,0.65,0.737581295454,0.01646846157048408,2.229700845212435,0.744624277419,0.0031531078919947875,2.2577684867150207,0.640156769104,0.02089580748819488,2.4436345202464502,0.609293013169,0.008380906824540055,2.4658022365719425,0.616041543011,0.05462869409215338,1.8742939249454371,0.603292670239,0.08429514209137436,1.8964616412709294
