Well/XY,cell_id,total_distance,net_distance,linearity,spearmanrsq,progressivity,max_speed,min_speed,avg_speed,MSD_slope,hurst_RS,nongauss,disp_var,disp_skew,rw_linearity,rw_netdist,rw_kurtosis01,rw_kurtosis02,rw_kurtosis03,rw_kurtosis04,rw_kurtosis05,rw_kurtosis06,rw_kurtosis07,rw_kurtosis08,rw_kurtosis09,rw_kurtosis10,avg_moving_speed01,avg_moving_speed02,avg_moving_speed03,avg_moving_speed04,avg_moving_speed05,avg_moving_speed06,avg_moving_speed07,avg_moving_speed08,avg_moving_speed09,avg_moving_speed10,time_moving01,time_moving02,time_moving03,time_moving04,time_moving05,time_moving06,time_moving07,time_moving08,time_moving09,time_moving10,autocorr_1,autocorr_2,autocorr_3,autocorr_4,autocorr_5,autocorr_6,autocorr_7,autocorr_8,autocorr_9,autocorr_10,p_rturn_9_5,p_rturn_9_6,p_rturn_10_5,p_rturn_10_6,p_rturn_11_5,p_rturn_11_6,mean_theta_9_5,min_theta_9_5,max_theta_9_5,mean_theta_9_6,min_theta_9_6,max_theta_9_6,mean_theta_10_5,min_theta_10_5,max_theta_10_5,mean_theta_10_6,min_theta_10_6,max_theta_10_6,mean_theta_11_5,min_theta_11_5,max_theta_11_5,mean_theta_11_6,min_theta_11_6,max_theta_11_6
WellD08_Seq0024/xy20,0,1784.0948604615864,32.57008443341827,0.220272910511,0.180754778071,0.018255803071475493,37.22323301380469,0.14945233353815074,23.4749323745,0.343582498216,0.754602425158,0.00763459553351,305.437017692,1.0232736932087834,-0.0247100230625,-258.746165196,1.0225731401170028,9.014913497173556,3.6212725991665167,4.351352792251184,1.629514545168191,-0.24800042520060295,0.33194189656533934,-1.4256204712725042,-1.3168773072524886,1.1251260755354382,8.36208441255,8.9091678013,9.86258046964,12.0569828716,13.8998957273,14.7977583795,15.0830263289,17.600160127,19.128880172,19.6912240513,0.9305555555555556,0.8611111111111112,0.75,0.5555555555555556,0.4444444444444444,0.4027777777777778,0.3888888888888889,0.2916666666666667,0.25,0.2361111111111111,0.318837358971,0.234227508897,0.0288681740868,0.0545348046974,0.0434522273667,0.167626050668,0.14906813543,0.185912227318,-0.0341632336946,0.0516890450437,0.666666666667,0.666666666667,0.619047619048,0.666666666667,0.5,0.5,0.670018256046,0.005687608964409535,2.037684785507982,0.590706481158,0.028360357681610233,2.039426615418973,0.572085016178,0.004198255363561463,2.038975758274716,0.481039995815,0.0015199506871102044,2.040717588185707,0.626729879075,0.0010478674820908803,2.334506502214413,0.539582653837,0.0069429101826255415,2.370376861552295
