Well/XY,cell_id,total_distance,net_distance,linearity,spearmanrsq,progressivity,max_speed,min_speed,avg_speed,MSD_slope,hurst_RS,nongauss,disp_var,disp_skew,rw_linearity,rw_netdist,rw_kurtosis01,rw_kurtosis02,rw_kurtosis03,rw_kurtosis04,rw_kurtosis05,rw_kurtosis06,rw_kurtosis07,rw_kurtosis08,rw_kurtosis09,rw_kurtosis10,avg_moving_speed01,avg_moving_speed02,avg_moving_speed03,avg_moving_speed04,avg_moving_speed05,avg_moving_speed06,avg_moving_speed07,avg_moving_speed08,avg_moving_speed09,avg_moving_speed10,time_moving01,time_moving02,time_moving03,time_moving04,time_moving05,time_moving06,time_moving07,time_moving08,time_moving09,time_moving10,autocorr_1,autocorr_2,autocorr_3,autocorr_4,autocorr_5,autocorr_6,autocorr_7,autocorr_8,autocorr_9,autocorr_10,p_rturn_9_5,p_rturn_9_6,p_rturn_10_5,p_rturn_10_6,p_rturn_11_5,p_rturn_11_6,mean_theta_9_5,min_theta_9_5,max_theta_9_5,mean_theta_9_6,min_theta_9_6,max_theta_9_6,mean_theta_10_5,min_theta_10_5,max_theta_10_5,mean_theta_10_6,min_theta_10_6,max_theta_10_6,mean_theta_11_5,min_theta_11_5,max_theta_11_5,mean_theta_11_6,min_theta_11_6,max_theta_11_6
WellD08_Seq0024/xy01,0,2471.6145432809735,473.7617845499993,0.341171173297,0.420257597097,0.19168109600176517,61.82759416312429,0.8213379328875657,32.5212439905,0.753991384223,0.838145429305,-0.0319193433194,641.667031618,0.9144426739330048,0.0894577060039,70.1837600658,0.05903030641930895,-0.25620484997439963,0.2439028849171292,-0.6829974079956433,0.1531391077554849,-1.045732533776439,-0.15946910617302956,-0.8133630432391881,-1.3817892831537206,-0.04280180526073174,19.5015566463,20.309541066,20.5738579823,21.1124906146,21.6506933193,21.9065595984,22.9554361249,23.5083900898,24.6494715612,25.5620162575,0.9861111111111112,0.9444444444444444,0.9305555555555556,0.9027777777777778,0.875,0.8611111111111112,0.8055555555555556,0.7777777777777778,0.7222222222222222,0.6805555555555556,0.330141681772,0.187223184478,0.183799848861,0.277550933075,0.438790337708,0.0603881663937,0.0742732029519,-0.0580250459677,0.00746119066288,0.0907943390253,0.52380952381,0.571428571429,0.571428571429,0.571428571429,0.45,0.5,0.905469699938,0.03844190267474945,2.0131403456681563,0.830226155136,0.020294368292583295,1.9793869086031821,0.80983891769,0.03389911709749344,2.1164650879111,0.753000909155,0.05491866637665695,2.046707066770795,0.856860810044,0.019169118695913978,2.2119452226141125,0.856574720249,0.006171467419702384,2.229723063060237
