Well/XY,cell_id,total_distance,net_distance,linearity,spearmanrsq,progressivity,max_speed,min_speed,avg_speed,MSD_slope,hurst_RS,nongauss,disp_var,disp_skew,rw_linearity,rw_netdist,rw_kurtosis01,rw_kurtosis02,rw_kurtosis03,rw_kurtosis04,rw_kurtosis05,rw_kurtosis06,rw_kurtosis07,rw_kurtosis08,rw_kurtosis09,rw_kurtosis10,avg_moving_speed01,avg_moving_speed02,avg_moving_speed03,avg_moving_speed04,avg_moving_speed05,avg_moving_speed06,avg_moving_speed07,avg_moving_speed08,avg_moving_speed09,avg_moving_speed10,time_moving01,time_moving02,time_moving03,time_moving04,time_moving05,time_moving06,time_moving07,time_moving08,time_moving09,time_moving10,autocorr_1,autocorr_2,autocorr_3,autocorr_4,autocorr_5,autocorr_6,autocorr_7,autocorr_8,autocorr_9,autocorr_10,p_rturn_9_5,p_rturn_9_6,p_rturn_10_5,p_rturn_10_6,p_rturn_11_5,p_rturn_11_6,mean_theta_9_5,min_theta_9_5,max_theta_9_5,mean_theta_9_6,min_theta_9_6,max_theta_9_6,mean_theta_10_5,min_theta_10_5,max_theta_10_5,mean_theta_10_6,min_theta_10_6,max_theta_10_6,mean_theta_11_5,min_theta_11_5,max_theta_11_5,mean_theta_11_6,min_theta_11_6,max_theta_11_6
WellD08_Seq0024/xy24,0,581.0704990258937,79.52228681319471,0.875635525288,0.677232410901,0.13685479979882964,10.48013816702816,0.15231546211728295,7.64566446087,0.866963096522,0.76369658911,1.37985878613,34.6924782471,3.421894825432623,0.639336247226,-15.3579139529,18.189367513806776,2.745449491625788,1.7641675494656033,0.1577198296450133,-0.17253902404490296,-0.15137568220394293,-0.2819451774201962,2.067422275209342,2.6856847791353085,0.6954461084169692,3.43542139829,4.72938412452,5.93843715987,6.85215159612,7.40613679241,7.89639117772,8.83032415442,9.84631299222,11.0131777136,12.1684944015,0.8333333333333334,0.5,0.3333333333333333,0.25,0.20833333333333334,0.16666666666666666,0.09722222222222222,0.05555555555555555,0.027777777777777776,0.013888888888888888,0.204114898606,0.0709526319459,0.18583128138,0.0852245493515,0.0516606363977,0.164623288785,0.103706580347,0.146128643206,0.0727313405387,0.15397853212,0.428571428571,0.428571428571,0.380952380952,0.380952380952,0.55,0.45,0.540330122415,0.04391597167918978,1.0062535276695381,0.540169256563,0.013816312797061121,1.0663396296777155,0.485271122135,0.11145236459313335,1.0703201533018412,0.458894677174,0.0339727419909141,1.1349291632167133,0.589036491273,0.025130347859758078,1.5461134083429569,0.570263143433,0.011275661241431726,1.539131422037795
