Well/XY,cell_id,total_distance,net_distance,linearity,spearmanrsq,progressivity,max_speed,min_speed,avg_speed,MSD_slope,hurst_RS,nongauss,disp_var,disp_skew,rw_linearity,rw_netdist,rw_kurtosis01,rw_kurtosis02,rw_kurtosis03,rw_kurtosis04,rw_kurtosis05,rw_kurtosis06,rw_kurtosis07,rw_kurtosis08,rw_kurtosis09,rw_kurtosis10,avg_moving_speed01,avg_moving_speed02,avg_moving_speed03,avg_moving_speed04,avg_moving_speed05,avg_moving_speed06,avg_moving_speed07,avg_moving_speed08,avg_moving_speed09,avg_moving_speed10,time_moving01,time_moving02,time_moving03,time_moving04,time_moving05,time_moving06,time_moving07,time_moving08,time_moving09,time_moving10,autocorr_1,autocorr_2,autocorr_3,autocorr_4,autocorr_5,autocorr_6,autocorr_7,autocorr_8,autocorr_9,autocorr_10,p_rturn_9_5,p_rturn_9_6,p_rturn_10_5,p_rturn_10_6,p_rturn_11_5,p_rturn_11_6,mean_theta_9_5,min_theta_9_5,max_theta_9_5,mean_theta_9_6,min_theta_9_6,max_theta_9_6,mean_theta_10_5,min_theta_10_5,max_theta_10_5,mean_theta_10_6,min_theta_10_6,max_theta_10_6,mean_theta_11_5,min_theta_11_5,max_theta_11_5,mean_theta_11_6,min_theta_11_6,max_theta_11_6
WellD08_Seq0024/xy04,0,2830.701819260902,1051.7426620613999,0.712126548567,0.633321011451,0.37154837535520097,41.932968318496144,1.7603283784566923,37.2460765692,1.50668293646,0.657653410147,-0.0880669142274,597.042730268,1.0383757914246647,0.443064871624,589.531007244,1.4187344683242475,-0.7168677010206186,-1.0959958933555065,-0.8186196171403926,-1.1899543513149884,-1.5265084018059039,-1.6700034245969217,-1.0444106731672287,-1.3147039021873115,-1.1518796584392221,25.9322709925,26.2738780258,26.6145719861,26.9521568025,27.9715795276,28.3197761148,28.9980924601,28.9980924601,28.9980924601,29.9679567552,1.0,0.9861111111111112,0.9722222222222222,0.9583333333333334,0.9166666666666666,0.9027777777777778,0.875,0.875,0.875,0.8333333333333334,0.000151041881639,0.170236192475,0.173283008053,-0.0942328691911,0.0869816349395,-0.00185043994628,-0.0606640104178,0.107949471716,-0.150112952851,-0.141389822992,0.428571428571,0.428571428571,0.428571428571,0.428571428571,0.4,0.4,0.80047307687,0.03103235442702456,2.4830704040779787,0.792924757921,0.02151020912384328,2.5068929105561324,0.832381290077,0.08944107421903012,2.272378589127061,0.822784379783,0.07601491479404293,2.2962010956052157,0.767345454488,0.10355918981427349,2.014120646830548,0.753182623651,0.018998344401598095,2.037943153308702
