Well/XY,cell_id,total_distance,net_distance,linearity,spearmanrsq,progressivity,max_speed,min_speed,avg_speed,MSD_slope,hurst_RS,nongauss,disp_var,disp_skew,rw_linearity,rw_netdist,rw_kurtosis01,rw_kurtosis02,rw_kurtosis03,rw_kurtosis04,rw_kurtosis05,rw_kurtosis06,rw_kurtosis07,rw_kurtosis08,rw_kurtosis09,rw_kurtosis10,avg_moving_speed01,avg_moving_speed02,avg_moving_speed03,avg_moving_speed04,avg_moving_speed05,avg_moving_speed06,avg_moving_speed07,avg_moving_speed08,avg_moving_speed09,avg_moving_speed10,time_moving01,time_moving02,time_moving03,time_moving04,time_moving05,time_moving06,time_moving07,time_moving08,time_moving09,time_moving10,autocorr_1,autocorr_2,autocorr_3,autocorr_4,autocorr_5,autocorr_6,autocorr_7,autocorr_8,autocorr_9,autocorr_10,p_rturn_9_5,p_rturn_9_6,p_rturn_10_5,p_rturn_10_6,p_rturn_11_5,p_rturn_11_6,mean_theta_9_5,min_theta_9_5,max_theta_9_5,mean_theta_9_6,min_theta_9_6,max_theta_9_6,mean_theta_10_5,min_theta_10_5,max_theta_10_5,mean_theta_10_6,min_theta_10_6,max_theta_10_6,mean_theta_11_5,min_theta_11_5,max_theta_11_5,mean_theta_11_6,min_theta_11_6,max_theta_11_6
WellD05_Seq0003/xy10,0,962.3015448763564,331.11248858960295,0.66463612988,0.45516556845,0.3440839208380848,14.831793418194579,0.3051819129634007,12.830687265,1.24531379614,0.749110966367,-0.197386988836,66.3033819184,0.8132961892886725,0.443193430731,172.925152101,0.06683433092757518,-0.851290987175529,-0.9365630417284461,-0.12248914506393627,-0.8424024770024547,-0.37051225642761976,-0.1105071963079487,-1.4472061024480967,-1.162140345603141,-1.3200597130742597,7.31566587272,7.77571528863,8.43716220436,9.16263855485,9.67573063219,10.0884112694,10.8508765619,11.6414954484,13.2034035624,13.6384369171,0.9577464788732394,0.8873239436619719,0.7887323943661971,0.6901408450704225,0.6197183098591549,0.5633802816901409,0.4647887323943662,0.38028169014084506,0.2535211267605634,0.22535211267605634,0.340250662844,0.117148218564,0.152884428695,-0.00320776532038,-0.157290686785,-0.0437095886454,-0.0813500117629,-0.168222777079,0.00100497499612,-0.0458583303511,0.190476190476,0.285714285714,0.2,0.25,0.1,0.1,0.508721309005,0.016388950281497717,1.9186494106560676,0.457886239727,0.0617754146493144,1.910717433334128,0.764080768284,0.01045003387137013,2.008033768278014,0.689158198147,0.0005880242197915075,1.8550266217873266,0.622474386714,0.009450876005607864,1.4556381144126822,0.582818585057,0.0015188986836701746,1.7589089986019433
