Well/XY,cell_id,total_distance,net_distance,linearity,spearmanrsq,progressivity,max_speed,min_speed,avg_speed,MSD_slope,hurst_RS,nongauss,disp_var,disp_skew,rw_linearity,rw_netdist,rw_kurtosis01,rw_kurtosis02,rw_kurtosis03,rw_kurtosis04,rw_kurtosis05,rw_kurtosis06,rw_kurtosis07,rw_kurtosis08,rw_kurtosis09,rw_kurtosis10,avg_moving_speed01,avg_moving_speed02,avg_moving_speed03,avg_moving_speed04,avg_moving_speed05,avg_moving_speed06,avg_moving_speed07,avg_moving_speed08,avg_moving_speed09,avg_moving_speed10,time_moving01,time_moving02,time_moving03,time_moving04,time_moving05,time_moving06,time_moving07,time_moving08,time_moving09,time_moving10,autocorr_1,autocorr_2,autocorr_3,autocorr_4,autocorr_5,autocorr_6,autocorr_7,autocorr_8,autocorr_9,autocorr_10,p_rturn_9_5,p_rturn_9_6,p_rturn_10_5,p_rturn_10_6,p_rturn_11_5,p_rturn_11_6,mean_theta_9_5,min_theta_9_5,max_theta_9_5,mean_theta_9_6,min_theta_9_6,max_theta_9_6,mean_theta_10_5,min_theta_10_5,max_theta_10_5,mean_theta_10_6,min_theta_10_6,max_theta_10_6,mean_theta_11_5,min_theta_11_5,max_theta_11_5,mean_theta_11_6,min_theta_11_6,max_theta_11_6
WellD05_Seq0003/xy05,0,1352.2337833650392,745.8282097105204,0.32458607923,0.304745535984,0.5515527114361274,25.94234384168093,0.6398624852263173,18.0297837782,1.71524731006,0.668511589636,1.67866091288,283.40695668,3.019631704337439,0.0798321764332,523.542106525,12.721318177071147,3.3995150169284267,1.4297532038384997,0.06885531247991139,-0.717384364464674,-0.5741553577114704,-0.9411080953585915,0.3090683954195259,-0.7655917197624209,-0.42265079943219996,13.5556262365,13.7260197563,13.7260197563,14.0241014354,14.3107204889,14.7255772215,14.9945017389,15.1181491897,15.4590862338,16.1635426901,1.0,0.9859154929577465,0.9859154929577465,0.9577464788732394,0.9295774647887324,0.8873239436619719,0.8591549295774648,0.8450704225352113,0.8028169014084507,0.7183098591549296,0.0490652518874,0.0178598589129,0.181331340105,0.157896132107,0.169506826848,-0.0178975153765,-0.0417513618975,-0.151578826979,-0.141926882856,-0.0857151024884,0.428571428571,0.47619047619,0.4,0.4,0.45,0.45,0.431852274925,0.025547149602807795,2.8659550390583517,0.425557263852,0.030024881142464432,2.885535539103602,0.424072283521,0.003108400258458778,2.8518881327520407,0.416916147922,0.013216705822499104,2.871468632797291,0.281711415795,0.006717400766547953,1.0452132955945086,0.271171982371,0.0013689490913787188,1.242701559412695
