Well/XY,cell_id,total_distance,net_distance,linearity,spearmanrsq,progressivity,max_speed,min_speed,avg_speed,MSD_slope,hurst_RS,nongauss,disp_var,disp_skew,rw_linearity,rw_netdist,rw_kurtosis01,rw_kurtosis02,rw_kurtosis03,rw_kurtosis04,rw_kurtosis05,rw_kurtosis06,rw_kurtosis07,rw_kurtosis08,rw_kurtosis09,rw_kurtosis10,avg_moving_speed01,avg_moving_speed02,avg_moving_speed03,avg_moving_speed04,avg_moving_speed05,avg_moving_speed06,avg_moving_speed07,avg_moving_speed08,avg_moving_speed09,avg_moving_speed10,time_moving01,time_moving02,time_moving03,time_moving04,time_moving05,time_moving06,time_moving07,time_moving08,time_moving09,time_moving10,autocorr_1,autocorr_2,autocorr_3,autocorr_4,autocorr_5,autocorr_6,autocorr_7,autocorr_8,autocorr_9,autocorr_10,p_rturn_9_5,p_rturn_9_6,p_rturn_10_5,p_rturn_10_6,p_rturn_11_5,p_rturn_11_6,mean_theta_9_5,min_theta_9_5,max_theta_9_5,mean_theta_9_6,min_theta_9_6,max_theta_9_6,mean_theta_10_5,min_theta_10_5,max_theta_10_5,mean_theta_10_6,min_theta_10_6,max_theta_10_6,mean_theta_11_5,min_theta_11_5,max_theta_11_5,mean_theta_11_6,min_theta_11_6,max_theta_11_6
WellB04_Seq0002/xy25,0,286.3660753667083,101.67545229798588,0.132400901797,0.079766093289,0.35505411095844575,7.6520846832742295,0.35090739519140807,4.6188076672,1.20766601848,0.894968188523,-0.0488626565874,10.1758181504,1.1035527737393933,-0.0912475791927,49.8294648197,1.1650064047657454,-0.9715331205967557,-1.4049672335633216,-0.8970269313556418,-1.372232327979104,-1.5685152543842926,-1.1600379998582562,-1.4358561719125507,-0.7050560971494488,-1.7264754281635692,4.54988907398,5.52658826672,6.16221570994,6.61553917029,7.14410726497,7.69343912908,7.81337768872,8.79432692344,0.0,0.0,0.7931034482758621,0.603448275862069,0.5,0.43103448275862066,0.3448275862068966,0.25862068965517243,0.2413793103448276,0.05172413793103448,0.0,0.0,0.35475186354,0.409870384139,0.308694521794,0.265438748251,0.23613048149,0.173831681212,0.239609407475,0.232315154386,0.116152700872,0.199579943354,0.625,0.75,0.533333333333,0.6,0.4375,0.4375,0.654578537277,0.017208592221046006,2.705375625416722,0.592119691002,5.14192199637841e-05,2.342492797765163,0.797146193445,0.014994127480463696,2.737187706323824,0.734563207225,0.0019169070879697248,2.3743048786722643,0.943672051781,0.020538787809075414,2.8030197344965964,0.902105517608,0.00814894469704548,2.77304283118089
