Well/XY,cell_id,total_distance,net_distance,linearity,spearmanrsq,progressivity,max_speed,min_speed,avg_speed,MSD_slope,hurst_RS,nongauss,disp_var,disp_skew,rw_linearity,rw_netdist,rw_kurtosis01,rw_kurtosis02,rw_kurtosis03,rw_kurtosis04,rw_kurtosis05,rw_kurtosis06,rw_kurtosis07,rw_kurtosis08,rw_kurtosis09,rw_kurtosis10,avg_moving_speed01,avg_moving_speed02,avg_moving_speed03,avg_moving_speed04,avg_moving_speed05,avg_moving_speed06,avg_moving_speed07,avg_moving_speed08,avg_moving_speed09,avg_moving_speed10,time_moving01,time_moving02,time_moving03,time_moving04,time_moving05,time_moving06,time_moving07,time_moving08,time_moving09,time_moving10,autocorr_1,autocorr_2,autocorr_3,autocorr_4,autocorr_5,autocorr_6,autocorr_7,autocorr_8,autocorr_9,autocorr_10,p_rturn_9_5,p_rturn_9_6,p_rturn_10_5,p_rturn_10_6,p_rturn_11_5,p_rturn_11_6,mean_theta_9_5,min_theta_9_5,max_theta_9_5,mean_theta_9_6,min_theta_9_6,max_theta_9_6,mean_theta_10_5,min_theta_10_5,max_theta_10_5,mean_theta_10_6,min_theta_10_6,max_theta_10_6,mean_theta_11_5,min_theta_11_5,max_theta_11_5,mean_theta_11_6,min_theta_11_6,max_theta_11_6
WellB04_Seq0002/xy03,0,226.6935769281716,118.76751281390038,0.000441849774031,0.000685903637095,0.5239121214781138,5.790544015893499,0.12092973166265138,3.65634801497,1.64374137712,0.934354551695,-0.344963558238,4.3086062788,0.3740724694427018,-0.230094675726,77.7251081374,-1.1345162826095372,-0.5678190594506867,-0.5890685370947444,-0.4639429133047783,-0.8008249653692547,-1.0623842214199006,-1.3163175980818829,-1.781150996971625,-1.3364641443627598,-0.4268092567475259,3.06539788324,3.71601352412,4.43795649897,4.91434037742,5.97046285283,6.76069767068,7.23308205401,0.0,0.0,0.0,0.8620689655172413,0.603448275862069,0.3793103448275862,0.2413793103448276,0.06896551724137931,0.034482758620689655,0.017241379310344827,0.0,0.0,0.0,0.462264651585,0.268167287271,0.23443960379,0.0386481608225,0.112784707048,0.0946368509189,-0.0501391846062,-0.188411285012,-0.0514942796498,-0.0691435483168,0.5625,0.5625,0.5,0.5625,0.3125,0.375,0.273432232733,0.03583702454716203,2.184898123693116,0.287994748452,0.04557994789523737,2.1946109453440577,0.275324872799,0.01587226963942117,2.2851825335047,0.278391960366,0.006160969897493227,2.2948953551556412,0.346186764618,0.011383623110746456,1.8567121245521894,0.345911103683,0.0011234233195654344,1.866424946203131
