Well/XY,cell_id,total_distance,net_distance,linearity,spearmanrsq,progressivity,max_speed,min_speed,avg_speed,MSD_slope,hurst_RS,nongauss,disp_var,disp_skew,rw_linearity,rw_netdist,rw_kurtosis01,rw_kurtosis02,rw_kurtosis03,rw_kurtosis04,rw_kurtosis05,rw_kurtosis06,rw_kurtosis07,rw_kurtosis08,rw_kurtosis09,rw_kurtosis10,avg_moving_speed01,avg_moving_speed02,avg_moving_speed03,avg_moving_speed04,avg_moving_speed05,avg_moving_speed06,avg_moving_speed07,avg_moving_speed08,avg_moving_speed09,avg_moving_speed10,time_moving01,time_moving02,time_moving03,time_moving04,time_moving05,time_moving06,time_moving07,time_moving08,time_moving09,time_moving10,autocorr_1,autocorr_2,autocorr_3,autocorr_4,autocorr_5,autocorr_6,autocorr_7,autocorr_8,autocorr_9,autocorr_10,p_rturn_9_5,p_rturn_9_6,p_rturn_10_5,p_rturn_10_6,p_rturn_11_5,p_rturn_11_6,mean_theta_9_5,min_theta_9_5,max_theta_9_5,mean_theta_9_6,min_theta_9_6,max_theta_9_6,mean_theta_10_5,min_theta_10_5,max_theta_10_5,mean_theta_10_6,min_theta_10_6,max_theta_10_6,mean_theta_11_5,min_theta_11_5,max_theta_11_5,mean_theta_11_6,min_theta_11_6,max_theta_11_6
WellB04_Seq0002/xy20,0,108.9600051961659,7.0528363088902575,0.000144018488685,0.00362083908797,0.0647286708200197,1.2898744124913875,0.04118252056394036,1.75741943865,0.227593380551,0.503499035117,-0.346288817381,0.913333965156,0.46317405999645156,-0.266557003615,-12.6741479639,-0.8252596088838722,-0.24078326529184846,-0.7973875255383409,-0.4698927390443943,0.8159281999628458,-0.5044050635442345,-0.02611204238103504,0.5684989139621299,-1.4853281736041828,0.8338485454775109,1.10374177149,0.0,0.0,0.0,0.0,0.0,0.0,0.0,0.0,0.0,0.06896551724137931,0.0,0.0,0.0,0.0,0.0,0.0,0.0,0.0,0.0,-0.135831925382,-0.049450025413,-0.0437927098775,-0.051287728424,-0.00592940073488,0.0320483474736,-0.0975162268621,-0.184136275152,0.0130378136717,0.11115961981,0.5625,0.6875,0.5625,0.5625,0.3125,0.3125,0.693467999806,0.005055320226594025,1.5590804851468956,0.783117235142,0.07568329254344659,1.6091978767927047,0.682848202195,0.2741522665154578,1.3882083021883205,0.70874996993,0.33797396218088505,1.5350545151140493,0.477492683738,0.008443054893099588,1.379240274695231,0.456605183291,0.012792363061197213,1.4002481221424747
