Well/XY,cell_id,total_distance,net_distance,linearity,spearmanrsq,progressivity,max_speed,min_speed,avg_speed,MSD_slope,hurst_RS,nongauss,disp_var,disp_skew,rw_linearity,rw_netdist,rw_kurtosis01,rw_kurtosis02,rw_kurtosis03,rw_kurtosis04,rw_kurtosis05,rw_kurtosis06,rw_kurtosis07,rw_kurtosis08,rw_kurtosis09,rw_kurtosis10,avg_moving_speed01,avg_moving_speed02,avg_moving_speed03,avg_moving_speed04,avg_moving_speed05,avg_moving_speed06,avg_moving_speed07,avg_moving_speed08,avg_moving_speed09,avg_moving_speed10,time_moving01,time_moving02,time_moving03,time_moving04,time_moving05,time_moving06,time_moving07,time_moving08,time_moving09,time_moving10,autocorr_1,autocorr_2,autocorr_3,autocorr_4,autocorr_5,autocorr_6,autocorr_7,autocorr_8,autocorr_9,autocorr_10,p_rturn_9_5,p_rturn_9_6,p_rturn_10_5,p_rturn_10_6,p_rturn_11_5,p_rturn_11_6,mean_theta_9_5,min_theta_9_5,max_theta_9_5,mean_theta_9_6,min_theta_9_6,max_theta_9_6,mean_theta_10_5,min_theta_10_5,max_theta_10_5,mean_theta_10_6,min_theta_10_6,max_theta_10_6,mean_theta_11_5,min_theta_11_5,max_theta_11_5,mean_theta_11_6,min_theta_11_6,max_theta_11_6
WellB04_Seq0002/xy24,0,168.5264629592504,21.083880098312203,0.35211253441,0.499350194714,0.1251072367394922,5.251209384513251,0.044721359549995794,2.71816875741,1.14735622578,0.68410006215,0.120609814749,4.82608373414,1.2416093202312102,0.0951994290258,-9.42748853064,0.9724258683924836,1.806627241239636,0.12561642506788884,0.0994750966147735,-0.04331844952513508,0.8028765171422552,1.4206459212687896,0.1530697791253508,-1.7667687385045727,-1.3288999853093093,2.98186930923,3.9493634163,4.61758892315,5.35681906274,5.67734971551,6.34179785234,0.0,0.0,0.0,0.0,0.4482758620689655,0.27586206896551724,0.1896551724137931,0.1206896551724138,0.08620689655172414,0.017241379310344827,0.0,0.0,0.0,0.0,0.41021299741,0.250959651108,0.429069894651,0.228613333568,0.083319144549,0.0380822470315,-0.0640293197131,-0.00662655902023,-0.0447355920957,-0.116818593972,0.5625,0.625,0.75,0.6875,0.6875,0.5625,0.436141853415,0.002274353214047078,1.1545048213556763,0.395192198928,0.012085435755695343,1.1024572318178016,0.59624459662,0.014440043939454753,1.7852615802582912,0.538522898768,0.04405516718031561,1.708703292518495,0.515105295893,0.004115534107069297,1.5156051321408988,0.516031516651,0.025499589133816815,1.463557542603024
