Well/XY,cell_id,total_distance,net_distance,linearity,spearmanrsq,progressivity,max_speed,min_speed,avg_speed,MSD_slope,hurst_RS,nongauss,disp_var,disp_skew,rw_linearity,rw_netdist,rw_kurtosis01,rw_kurtosis02,rw_kurtosis03,rw_kurtosis04,rw_kurtosis05,rw_kurtosis06,rw_kurtosis07,rw_kurtosis08,rw_kurtosis09,rw_kurtosis10,avg_moving_speed01,avg_moving_speed02,avg_moving_speed03,avg_moving_speed04,avg_moving_speed05,avg_moving_speed06,avg_moving_speed07,avg_moving_speed08,avg_moving_speed09,avg_moving_speed10,time_moving01,time_moving02,time_moving03,time_moving04,time_moving05,time_moving06,time_moving07,time_moving08,time_moving09,time_moving10,autocorr_1,autocorr_2,autocorr_3,autocorr_4,autocorr_5,autocorr_6,autocorr_7,autocorr_8,autocorr_9,autocorr_10,p_rturn_9_5,p_rturn_9_6,p_rturn_10_5,p_rturn_10_6,p_rturn_11_5,p_rturn_11_6,mean_theta_9_5,min_theta_9_5,max_theta_9_5,mean_theta_9_6,min_theta_9_6,max_theta_9_6,mean_theta_10_5,min_theta_10_5,max_theta_10_5,mean_theta_10_6,min_theta_10_6,max_theta_10_6,mean_theta_11_5,min_theta_11_5,max_theta_11_5,mean_theta_11_6,min_theta_11_6,max_theta_11_6
WellB04_Seq0002/xy12,0,65.76599014866513,2.199999999999818,0.42393260001,0.263824915872,0.03345194066152857,0.6907966415668019,0.03999999999996362,1.06074177659,0.515936676866,0.634187179191,-0.328308097739,0.312147022225,0.6862227955160942,0.188317754883,-9.70679691153,0.2616346999165873,0.9936786451756441,-1.148309545724872,0.21549594209625367,-0.4835598557114431,-0.4385875680923368,-0.8441598775786479,-0.5039843808490212,-1.1665790897105588,-0.06759473096622948,0.0,0.0,0.0,0.0,0.0,0.0,0.0,0.0,0.0,0.0,0.0,0.0,0.0,0.0,0.0,0.0,0.0,0.0,0.0,0.0,0.268014094746,-0.0438533824926,-0.00755693715671,-0.0189110539365,-0.15200679423,-0.120979454071,0.018235867278,-0.272510703905,-0.0358545915626,0.12173454919,0.5,0.4375,0.625,0.5625,0.4375,0.375,0.517046119276,0.03209298366766628,1.4633272640226294,0.522185320714,0.021171465763263952,1.5437560069226866,0.735851704937,0.016981411397837105,1.5952057810761613,0.735993715969,0.06904864634182087,1.6074006304418642,0.6148829105,0.023877784777898748,1.5332804251411818,0.617006510599,0.02614817739643483,1.570637772808699
