Well/XY,cell_id,total_distance,net_distance,linearity,spearmanrsq,progressivity,max_speed,min_speed,avg_speed,MSD_slope,hurst_RS,nongauss,disp_var,disp_skew,rw_linearity,rw_netdist,rw_kurtosis01,rw_kurtosis02,rw_kurtosis03,rw_kurtosis04,rw_kurtosis05,rw_kurtosis06,rw_kurtosis07,rw_kurtosis08,rw_kurtosis09,rw_kurtosis10,avg_moving_speed01,avg_moving_speed02,avg_moving_speed03,avg_moving_speed04,avg_moving_speed05,avg_moving_speed06,avg_moving_speed07,avg_moving_speed08,avg_moving_speed09,avg_moving_speed10,time_moving01,time_moving02,time_moving03,time_moving04,time_moving05,time_moving06,time_moving07,time_moving08,time_moving09,time_moving10,autocorr_1,autocorr_2,autocorr_3,autocorr_4,autocorr_5,autocorr_6,autocorr_7,autocorr_8,autocorr_9,autocorr_10,p_rturn_9_5,p_rturn_9_6,p_rturn_10_5,p_rturn_10_6,p_rturn_11_5,p_rturn_11_6,mean_theta_9_5,min_theta_9_5,max_theta_9_5,mean_theta_9_6,min_theta_9_6,max_theta_9_6,mean_theta_10_5,min_theta_10_5,max_theta_10_5,mean_theta_10_6,min_theta_10_6,max_theta_10_6,mean_theta_11_5,min_theta_11_5,max_theta_11_5,mean_theta_11_6,min_theta_11_6,max_theta_11_6
WellB04_Seq0002/xy17,0,38.95544188622837,1.7117242768624195,0.0102812038044,0.022775521285,0.04394056886484845,0.5403702434442603,0.01999999999998181,0.62831357881,0.364263636957,0.711745223131,0.0120804512191,0.221974797633,1.0865804708580975,-0.224922473999,-5.34107815323,0.3972945212752945,-0.03329011296627682,-1.131648150140875,-0.26129328394437357,-0.9053572668355541,0.14953269479009057,-1.1029444552741228,0.6303033343852391,-1.5754896094440556,-1.2772566327627028,0.0,0.0,0.0,0.0,0.0,0.0,0.0,0.0,0.0,0.0,0.0,0.0,0.0,0.0,0.0,0.0,0.0,0.0,0.0,0.0,0.373968976083,0.110850578492,-8.80499097646e-05,0.0183628200263,0.120860633144,0.251832061324,0.21581433984,0.135611513318,0.0534933442959,-0.114618250107,0.285714285714,0.357142857143,0.4,0.4,0.375,0.4375,0.81166305494,0.10079247711002032,1.9624460284402245,0.761104054604,0.0714964225809312,1.8789205485094083,0.586150511233,0.03660846291955551,1.6621504976146875,0.582060654286,0.09365225483373768,1.4651333817076349,0.517104446938,0.031476024066038194,1.7176490028604345,0.527604928775,0.07792292886031565,1.520631886953382
