Well/XY,cell_id,total_distance,net_distance,linearity,spearmanrsq,progressivity,max_speed,min_speed,avg_speed,MSD_slope,hurst_RS,nongauss,disp_var,disp_skew,rw_linearity,rw_netdist,rw_kurtosis01,rw_kurtosis02,rw_kurtosis03,rw_kurtosis04,rw_kurtosis05,rw_kurtosis06,rw_kurtosis07,rw_kurtosis08,rw_kurtosis09,rw_kurtosis10,avg_moving_speed01,avg_moving_speed02,avg_moving_speed03,avg_moving_speed04,avg_moving_speed05,avg_moving_speed06,avg_moving_speed07,avg_moving_speed08,avg_moving_speed09,avg_moving_speed10,time_moving01,time_moving02,time_moving03,time_moving04,time_moving05,time_moving06,time_moving07,time_moving08,time_moving09,time_moving10,autocorr_1,autocorr_2,autocorr_3,autocorr_4,autocorr_5,autocorr_6,autocorr_7,autocorr_8,autocorr_9,autocorr_10,p_rturn_9_5,p_rturn_9_6,p_rturn_10_5,p_rturn_10_6,p_rturn_11_5,p_rturn_11_6,mean_theta_9_5,min_theta_9_5,max_theta_9_5,mean_theta_9_6,min_theta_9_6,max_theta_9_6,mean_theta_10_5,min_theta_10_5,max_theta_10_5,mean_theta_10_6,min_theta_10_6,max_theta_10_6,mean_theta_11_5,min_theta_11_5,max_theta_11_5,mean_theta_11_6,min_theta_11_6,max_theta_11_6
WellC05_Seq0016/xy23,0,526.3995649903719,268.95298176447125,0.951508201194,0.939878010679,0.5109293389507085,10.734576656766668,0.10599999999999454,7.01866086654,1.682738275,0.65797599094,-0.0771332843033,20.6021955751,1.2011052130784743,0.705587076374,182.421119109,1.276600190691262,-0.5002411498557051,0.568619721041919,-1.196938751914652,0.25793685938215205,-0.7380689696326126,-0.42926809877837524,-0.4681842181309226,-1.3067007742486396,-1.5320110433023868,4.58731732367,5.06149678889,5.79102009489,6.40475653137,7.32054901201,8.16659900497,8.89050590273,9.96275863579,10.6939138883,11.0712791227,0.9859154929577465,0.8591549295774648,0.676056338028169,0.5211267605633803,0.352112676056338,0.23943661971830985,0.16901408450704225,0.09859154929577464,0.07042253521126761,0.056338028169014086,0.0274096042884,0.0613579796325,0.142618393129,0.030102729647,-0.0843934958645,0.0111354720731,-0.150378881238,0.0599872777884,0.115921910934,-0.0614677380455,0.380952380952,0.428571428571,0.6,0.55,0.5,0.55,0.375098051486,0.010624753231032989,1.895036527161691,0.349210345153,0.0039036929607946975,1.8729280806316073,0.348711092611,0.007719839593981775,1.2321763496296863,0.319925200315,0.00577834675447345,1.2100679030996029,0.360764263639,0.00029076620896015173,1.8282284015584978,0.337666271315,0.009189150389502921,1.8061199550284144
