Well/XY,cell_id,total_distance,net_distance,linearity,spearmanrsq,progressivity,max_speed,min_speed,avg_speed,MSD_slope,hurst_RS,nongauss,disp_var,disp_skew,rw_linearity,rw_netdist,rw_kurtosis01,rw_kurtosis02,rw_kurtosis03,rw_kurtosis04,rw_kurtosis05,rw_kurtosis06,rw_kurtosis07,rw_kurtosis08,rw_kurtosis09,rw_kurtosis10,avg_moving_speed01,avg_moving_speed02,avg_moving_speed03,avg_moving_speed04,avg_moving_speed05,avg_moving_speed06,avg_moving_speed07,avg_moving_speed08,avg_moving_speed09,avg_moving_speed10,time_moving01,time_moving02,time_moving03,time_moving04,time_moving05,time_moving06,time_moving07,time_moving08,time_moving09,time_moving10,autocorr_1,autocorr_2,autocorr_3,autocorr_4,autocorr_5,autocorr_6,autocorr_7,autocorr_8,autocorr_9,autocorr_10,p_rturn_9_5,p_rturn_9_6,p_rturn_10_5,p_rturn_10_6,p_rturn_11_5,p_rturn_11_6,mean_theta_9_5,min_theta_9_5,max_theta_9_5,mean_theta_9_6,min_theta_9_6,max_theta_9_6,mean_theta_10_5,min_theta_10_5,max_theta_10_5,mean_theta_10_6,min_theta_10_6,max_theta_10_6,mean_theta_11_5,min_theta_11_5,max_theta_11_5,mean_theta_11_6,min_theta_11_6,max_theta_11_6
WellC05_Seq0016/xy14,0,1497.2585748869249,328.54962014892044,0.0606139686568,0.0858185329026,0.21943412157364534,14.271962023492057,1.4049469740883467,19.9634476652,1.24350061693,0.803490262572,-0.212699828067,186.88160516,0.6136456047115035,-0.170160793336,82.4237074796,-0.79533238503726,0.9058786257525067,-0.8924102925302462,-0.6784242655457122,-0.24056333032126753,-1.0554078775621734,0.0830717029371355,-1.3061263840731965,-0.2766989964615618,-0.629001096159238,7.40440380481,7.48981245884,7.72456993225,7.99204924534,8.98885095148,9.45818086626,10.1124237673,10.640455194,11.3498403712,12.2612627165,1.0,0.9859154929577465,0.9436619718309859,0.8873239436619719,0.6901408450704225,0.6056338028169014,0.49295774647887325,0.4084507042253521,0.30985915492957744,0.2112676056338028,0.0428008354997,0.163464308198,0.0779957543792,-0.000282149642541,0.0327789459109,0.0549812718199,0.183021325056,-0.0479346302474,0.126269537135,0.0628909684033,0.47619047619,0.47619047619,0.6,0.6,0.55,0.5,0.708158474594,0.014926441033082466,1.8655746457881073,0.567812800695,0.019972333547274672,1.635762372710814,0.73217208262,0.04248571901825618,1.7283194885507818,0.674090131179,0.12761933983581814,1.512052840374173,0.717090781007,0.012944046009057443,1.6421219428221265,0.644162535093,0.10012787790534385,1.5657880441167882
