Well/XY,cell_id,total_distance,net_distance,linearity,spearmanrsq,progressivity,max_speed,min_speed,avg_speed,MSD_slope,hurst_RS,nongauss,disp_var,disp_skew,rw_linearity,rw_netdist,rw_kurtosis01,rw_kurtosis02,rw_kurtosis03,rw_kurtosis04,rw_kurtosis05,rw_kurtosis06,rw_kurtosis07,rw_kurtosis08,rw_kurtosis09,rw_kurtosis10,avg_moving_speed01,avg_moving_speed02,avg_moving_speed03,avg_moving_speed04,avg_moving_speed05,avg_moving_speed06,avg_moving_speed07,avg_moving_speed08,avg_moving_speed09,avg_moving_speed10,time_moving01,time_moving02,time_moving03,time_moving04,time_moving05,time_moving06,time_moving07,time_moving08,time_moving09,time_moving10,autocorr_1,autocorr_2,autocorr_3,autocorr_4,autocorr_5,autocorr_6,autocorr_7,autocorr_8,autocorr_9,autocorr_10,p_rturn_9_5,p_rturn_9_6,p_rturn_10_5,p_rturn_10_6,p_rturn_11_5,p_rturn_11_6,mean_theta_9_5,min_theta_9_5,max_theta_9_5,mean_theta_9_6,min_theta_9_6,max_theta_9_6,mean_theta_10_5,min_theta_10_5,max_theta_10_5,mean_theta_10_6,min_theta_10_6,max_theta_10_6,mean_theta_11_5,min_theta_11_5,max_theta_11_5,mean_theta_11_6,min_theta_11_6,max_theta_11_6
WellC05_Seq0016/xy21,0,3299.5461951135135,236.79846895619914,0.00419373350129,0.00649669122155,0.07176698095843832,62.20427316511301,3.7435411043556206,43.9939492682,1.4856702508,0.53270005645,0.198404679155,1249.95726128,1.3599166014834385,-0.244771085369,-305.595364873,1.770052166867508,-0.31164861195516735,-0.5109100200423975,-1.126858046767965,-1.0695930908370848,-1.2421243435594682,-0.4691098596230354,-0.6012891640825906,-1.0919217799729535,-0.6731216724593483,31.0168277912,31.0168277912,31.0168277912,31.0168277912,31.0168277912,31.0168277912,31.7323319198,32.0883680778,32.0883680778,32.0883680778,1.0,1.0,1.0,1.0,1.0,1.0,0.971830985915493,0.9577464788732394,0.9577464788732394,0.9577464788732394,0.151263766786,-0.00384024520692,-0.14883105971,-0.213021343751,-0.228652303037,-0.0526965200399,0.0272191148037,0.0945786031592,-0.100766100968,0.0217367929339,0.333333333333,0.380952380952,0.35,0.35,0.35,0.35,1.21291730454,0.0991094097114192,2.5621116653214204,1.19120498026,0.05446967343959825,2.5493179519914118,1.39160215112,0.019021238429259072,2.394848347271783,1.35201592216,0.015369532094155591,2.426635717883425,1.46563343543,0.030725520040501546,2.525347699728258,1.42948994063,0.06511629056391549,2.5624307262102213
