Well/XY,cell_id,total_distance,net_distance,linearity,spearmanrsq,progressivity,max_speed,min_speed,avg_speed,MSD_slope,hurst_RS,nongauss,disp_var,disp_skew,rw_linearity,rw_netdist,rw_kurtosis01,rw_kurtosis02,rw_kurtosis03,rw_kurtosis04,rw_kurtosis05,rw_kurtosis06,rw_kurtosis07,rw_kurtosis08,rw_kurtosis09,rw_kurtosis10,avg_moving_speed01,avg_moving_speed02,avg_moving_speed03,avg_moving_speed04,avg_moving_speed05,avg_moving_speed06,avg_moving_speed07,avg_moving_speed08,avg_moving_speed09,avg_moving_speed10,time_moving01,time_moving02,time_moving03,time_moving04,time_moving05,time_moving06,time_moving07,time_moving08,time_moving09,time_moving10,autocorr_1,autocorr_2,autocorr_3,autocorr_4,autocorr_5,autocorr_6,autocorr_7,autocorr_8,autocorr_9,autocorr_10,p_rturn_9_5,p_rturn_9_6,p_rturn_10_5,p_rturn_10_6,p_rturn_11_5,p_rturn_11_6,mean_theta_9_5,min_theta_9_5,max_theta_9_5,mean_theta_9_6,min_theta_9_6,max_theta_9_6,mean_theta_10_5,min_theta_10_5,max_theta_10_5,mean_theta_10_6,min_theta_10_6,max_theta_10_6,mean_theta_11_5,min_theta_11_5,max_theta_11_5,mean_theta_11_6,min_theta_11_6,max_theta_11_6
WellC05_Seq0016/xy01,0,1634.886280176858,691.4293812096791,0.0277801478938,0.0050670178184,0.42292200356276893,32.87324139782994,1.7553848580867069,21.7984837357,1.50726716396,0.814186244502,0.458092889424,296.790245215,1.8747663717653729,-0.196936474262,422.679624442,4.548919816470695,1.6551426700189245,0.12448282830816337,0.48969297465886985,1.6424701957835302,2.4545229973794926,0.4663993518588745,0.8485419092661162,-0.7504787884090125,-0.8765824012843129,15.1234353843,15.1234353843,15.6801196794,15.8599648114,16.0351221362,16.202630878,16.6808862726,17.3056745645,17.9548159128,19.8921056915,1.0,1.0,0.9577464788732394,0.9436619718309859,0.9295774647887324,0.9154929577464789,0.8732394366197183,0.8169014084507042,0.7605633802816901,0.6197183098591549,0.55475574597,0.381838178418,0.239728196843,0.0688092772906,0.0295129229719,-0.0120803144882,-0.0815690519217,-0.118588311508,-0.179938112979,-0.147876238855,0.47619047619,0.428571428571,0.55,0.5,0.55,0.5,0.619538810362,0.030488728260300836,2.331794094623095,0.570533394238,0.02861214379821266,2.375859389578662,0.736651489198,0.01993396033555786,2.6115771893522313,0.69743012888,0.04456985182327831,2.6644234792780583,0.750667976229,0.0031215811937072247,2.6375884730426167,0.711134457792,0.04518372782679507,2.6904347629684433
