Well/XY,cell_id,total_distance,net_distance,linearity,spearmanrsq,progressivity,max_speed,min_speed,avg_speed,MSD_slope,hurst_RS,nongauss,disp_var,disp_skew,rw_linearity,rw_netdist,rw_kurtosis01,rw_kurtosis02,rw_kurtosis03,rw_kurtosis04,rw_kurtosis05,rw_kurtosis06,rw_kurtosis07,rw_kurtosis08,rw_kurtosis09,rw_kurtosis10,avg_moving_speed01,avg_moving_speed02,avg_moving_speed03,avg_moving_speed04,avg_moving_speed05,avg_moving_speed06,avg_moving_speed07,avg_moving_speed08,avg_moving_speed09,avg_moving_speed10,time_moving01,time_moving02,time_moving03,time_moving04,time_moving05,time_moving06,time_moving07,time_moving08,time_moving09,time_moving10,autocorr_1,autocorr_2,autocorr_3,autocorr_4,autocorr_5,autocorr_6,autocorr_7,autocorr_8,autocorr_9,autocorr_10,p_rturn_9_5,p_rturn_9_6,p_rturn_10_5,p_rturn_10_6,p_rturn_11_5,p_rturn_11_6,mean_theta_9_5,min_theta_9_5,max_theta_9_5,mean_theta_9_6,min_theta_9_6,max_theta_9_6,mean_theta_10_5,min_theta_10_5,max_theta_10_5,mean_theta_10_6,min_theta_10_6,max_theta_10_6,mean_theta_11_5,min_theta_11_5,max_theta_11_5,mean_theta_11_6,min_theta_11_6,max_theta_11_6
WellE06_Seq0031/xy19,0,1113.207392084386,187.4168338223651,0.665268342356,0.617957036858,0.16835751824414594,24.401028175058535,0.4964232065485958,14.8427652278,0.942323067545,0.52531002106,1.91495283603,347.476739761,2.640433892025693,0.409515798751,4.4229341964,7.948165724429982,5.197455863953428,-0.8354706356423951,-1.2316906776848158,-0.14864403007386207,-0.516455995562159,-1.168457422851026,-0.20602101815223106,0.37335521187206755,-1.1626439978284993,5.2296601324,5.85813356601,6.50942427275,7.55706818156,8.46627014252,9.84285975861,11.1572352805,11.7867721715,12.4883197459,13.9274882,0.9295774647887324,0.7887323943661971,0.6619718309859155,0.49295774647887325,0.38028169014084506,0.2535211267605634,0.18309859154929578,0.15492957746478872,0.1267605633802817,0.08450704225352113,0.400547671755,-0.0214705375403,-0.154827572934,-0.1874632085,-0.195327213202,-0.214399197493,-0.140093617834,-0.0457410782274,-0.0821927914481,-0.042228002529,0.47619047619,0.380952380952,0.3,0.3,0.45,0.4,0.502462889724,0.0038484477920985513,1.8012926583623992,0.485357142021,0.011740351776531321,1.8625325922595024,0.55550345424,0.008335639197258592,1.4028160863772723,0.540389348483,0.03819832439135578,1.4640560202743753,0.600334309557,0.01952877003181187,1.7093358904186151,0.598869033096,0.03298230152699074,1.7345538595509291
