Well/XY,cell_id,total_distance,net_distance,linearity,spearmanrsq,progressivity,max_speed,min_speed,avg_speed,MSD_slope,hurst_RS,nongauss,disp_var,disp_skew,rw_linearity,rw_netdist,rw_kurtosis01,rw_kurtosis02,rw_kurtosis03,rw_kurtosis04,rw_kurtosis05,rw_kurtosis06,rw_kurtosis07,rw_kurtosis08,rw_kurtosis09,rw_kurtosis10,avg_moving_speed01,avg_moving_speed02,avg_moving_speed03,avg_moving_speed04,avg_moving_speed05,avg_moving_speed06,avg_moving_speed07,avg_moving_speed08,avg_moving_speed09,avg_moving_speed10,time_moving01,time_moving02,time_moving03,time_moving04,time_moving05,time_moving06,time_moving07,time_moving08,time_moving09,time_moving10,autocorr_1,autocorr_2,autocorr_3,autocorr_4,autocorr_5,autocorr_6,autocorr_7,autocorr_8,autocorr_9,autocorr_10,p_rturn_9_5,p_rturn_9_6,p_rturn_10_5,p_rturn_10_6,p_rturn_11_5,p_rturn_11_6,mean_theta_9_5,min_theta_9_5,max_theta_9_5,mean_theta_9_6,min_theta_9_6,max_theta_9_6,mean_theta_10_5,min_theta_10_5,max_theta_10_5,mean_theta_10_6,min_theta_10_6,max_theta_10_6,mean_theta_11_5,min_theta_11_5,max_theta_11_5,mean_theta_11_6,min_theta_11_6,max_theta_11_6
WellE06_Seq0031/xy09,0,1134.1482623654954,502.9674268777255,0.617040950461,0.668823702012,0.4434759048421811,22.256911286160086,0.4323147001895763,15.1219768315,1.74965696907,0.933638357257,-0.114922424318,114.783668674,0.8660260401392033,0.357772999254,316.531175412,-0.14204201912103676,-0.1506311620534979,-0.8227519025085805,-0.15154316240130994,-0.633543052573966,-0.5491011443052942,-1.3522785766118062,-0.9083070776109134,-0.86630231163466,-1.4820780527211006,11.9214533925,12.7365767834,13.2412422374,13.4023695916,13.5585764034,13.9946054087,14.2761183294,15.1376615674,15.5906172897,16.5065256313,0.971830985915493,0.9014084507042254,0.8591549295774648,0.8450704225352113,0.8309859154929577,0.7887323943661971,0.7605633802816901,0.676056338028169,0.6338028169014085,0.5492957746478874,0.365031110884,0.710209410688,0.333663850448,0.551660561974,0.331726715445,0.481213759493,0.356797489251,0.346402182325,0.316874187575,0.277039758522,0.380952380952,0.380952380952,0.3,0.3,0.25,0.25,0.756923533311,0.02166667991560262,2.825383538710132,0.788298080518,0.01933850827328202,2.8658949290989124,0.959482216589,0.0013529329559804136,2.783541895563723,0.963498481019,0.003681104598226623,2.824053285952503,0.973105642841,0.06436358527862127,2.7834231799346867,0.977121907271,0.06669175692094541,2.823934570323467
