Well/XY,cell_id,total_distance,net_distance,linearity,spearmanrsq,progressivity,max_speed,min_speed,avg_speed,MSD_slope,hurst_RS,nongauss,disp_var,disp_skew,rw_linearity,rw_netdist,rw_kurtosis01,rw_kurtosis02,rw_kurtosis03,rw_kurtosis04,rw_kurtosis05,rw_kurtosis06,rw_kurtosis07,rw_kurtosis08,rw_kurtosis09,rw_kurtosis10,avg_moving_speed01,avg_moving_speed02,avg_moving_speed03,avg_moving_speed04,avg_moving_speed05,avg_moving_speed06,avg_moving_speed07,avg_moving_speed08,avg_moving_speed09,avg_moving_speed10,time_moving01,time_moving02,time_moving03,time_moving04,time_moving05,time_moving06,time_moving07,time_moving08,time_moving09,time_moving10,autocorr_1,autocorr_2,autocorr_3,autocorr_4,autocorr_5,autocorr_6,autocorr_7,autocorr_8,autocorr_9,autocorr_10,p_rturn_9_5,p_rturn_9_6,p_rturn_10_5,p_rturn_10_6,p_rturn_11_5,p_rturn_11_6,mean_theta_9_5,min_theta_9_5,max_theta_9_5,mean_theta_9_6,min_theta_9_6,max_theta_9_6,mean_theta_10_5,min_theta_10_5,max_theta_10_5,mean_theta_10_6,min_theta_10_6,max_theta_10_6,mean_theta_11_5,min_theta_11_5,max_theta_11_5,mean_theta_11_6,min_theta_11_6,max_theta_11_6
WellB04_Seq0002/xy08,0,1513.5208908922552,101.44934696684828,0.843351786972,0.801201135666,0.06702870609671041,24.36818417527246,1.408687332235238,20.1802785452,1.12033082518,0.626613754695,0.558709149227,293.950984572,1.938854418957665,0.608913112854,-147.349836329,4.14534636339634,-0.04702487974146807,-0.5083163789144116,-1.6035573420396463,-1.6496625440809705,0.5363607090805025,0.4480866533878154,-1.438952344605599,-0.22072129498731918,-0.9543710189400838,9.54316925575,10.148634066,11.0793985435,12.1286369475,12.7646112313,14.0438699195,14.888285138,15.537271172,15.537271172,16.117959909,0.9859154929577465,0.9154929577464789,0.8169014084507042,0.7183098591549296,0.6619718309859155,0.5633802816901409,0.5070422535211268,0.4647887323943662,0.4647887323943662,0.4225352112676056,-0.0283094693476,-0.187353475668,-0.0843980390429,0.0965472657409,0.0836442213835,0.0838450457841,-0.135089181721,-0.0662126165994,0.109861659481,0.0118182864482,0.52380952381,0.47619047619,0.7,0.7,0.55,0.5,0.425100191332,0.027203718791826,1.7740353418332084,0.43287661968,0.0011928297211164253,1.7740519781847648,0.366023285098,0.03384044764111534,1.519065722702426,0.370109166709,0.0063169477970237385,1.4262346892740094,0.521249782208,0.011298430281924047,2.053773583322815,0.52949485597,0.0003809416911691446,1.9609425498943984
