Well/XY,cell_id,total_distance,net_distance,linearity,spearmanrsq,progressivity,max_speed,min_speed,avg_speed,MSD_slope,hurst_RS,nongauss,disp_var,disp_skew,rw_linearity,rw_netdist,rw_kurtosis01,rw_kurtosis02,rw_kurtosis03,rw_kurtosis04,rw_kurtosis05,rw_kurtosis06,rw_kurtosis07,rw_kurtosis08,rw_kurtosis09,rw_kurtosis10,avg_moving_speed01,avg_moving_speed02,avg_moving_speed03,avg_moving_speed04,avg_moving_speed05,avg_moving_speed06,avg_moving_speed07,avg_moving_speed08,avg_moving_speed09,avg_moving_speed10,time_moving01,time_moving02,time_moving03,time_moving04,time_moving05,time_moving06,time_moving07,time_moving08,time_moving09,time_moving10,autocorr_1,autocorr_2,autocorr_3,autocorr_4,autocorr_5,autocorr_6,autocorr_7,autocorr_8,autocorr_9,autocorr_10,p_rturn_9_5,p_rturn_9_6,p_rturn_10_5,p_rturn_10_6,p_rturn_11_5,p_rturn_11_6,mean_theta_9_5,min_theta_9_5,max_theta_9_5,mean_theta_9_6,min_theta_9_6,max_theta_9_6,mean_theta_10_5,min_theta_10_5,max_theta_10_5,mean_theta_10_6,min_theta_10_6,max_theta_10_6,mean_theta_11_5,min_theta_11_5,max_theta_11_5,mean_theta_11_6,min_theta_11_6,max_theta_11_6
WellB04_Seq0002/xy22,0,1999.3559589301951,765.318770774636,0.910074145053,0.899696317558,0.38278264926078437,40.57077273111765,1.0332473082471525,26.6580794524,1.43049397092,0.652624873212,2.47119088142,1147.88497763,3.148131023202511,0.664151933563,436.655894237,10.439287602757627,7.06390532242192,4.204206640900868,1.962871528057092,-0.048488326055907915,-0.3371797003677095,-0.8796670349648563,-0.6406768282375297,-0.8196670333737943,-1.0839429363157285,16.6903244415,16.6903244415,17.3376734813,18.4574370185,18.4574370185,19.1125555115,19.1125555115,19.9414914715,20.8443500332,21.0786051637,0.9859154929577465,0.9859154929577465,0.9436619718309859,0.8732394366197183,0.8732394366197183,0.8309859154929577,0.8309859154929577,0.7746478873239436,0.7183098591549296,0.704225352112676,0.0701000306738,-0.0371528317382,-0.119844807382,-0.0792737164182,0.229926652952,0.190800868837,0.0347393067266,-0.105501908617,0.0789447264987,-0.0715075237961,0.666666666667,0.666666666667,0.65,0.65,0.6,0.6,0.479731201681,0.03354931256397804,2.2492658242598513,0.469190568997,0.031370274827193255,2.245074446613531,0.586262619578,0.026572655245201086,2.2145435378801315,0.579751843584,0.0118995327363277,2.210352160233811,0.56203247189,0.0020290971135950883,2.129046307168565,0.556380762449,0.010619762628236443,2.1320156120326987
