Well/XY,cell_id,total_distance,net_distance,linearity,spearmanrsq,progressivity,max_speed,min_speed,avg_speed,MSD_slope,hurst_RS,nongauss,disp_var,disp_skew,rw_linearity,rw_netdist,rw_kurtosis01,rw_kurtosis02,rw_kurtosis03,rw_kurtosis04,rw_kurtosis05,rw_kurtosis06,rw_kurtosis07,rw_kurtosis08,rw_kurtosis09,rw_kurtosis10,avg_moving_speed01,avg_moving_speed02,avg_moving_speed03,avg_moving_speed04,avg_moving_speed05,avg_moving_speed06,avg_moving_speed07,avg_moving_speed08,avg_moving_speed09,avg_moving_speed10,time_moving01,time_moving02,time_moving03,time_moving04,time_moving05,time_moving06,time_moving07,time_moving08,time_moving09,time_moving10,autocorr_1,autocorr_2,autocorr_3,autocorr_4,autocorr_5,autocorr_6,autocorr_7,autocorr_8,autocorr_9,autocorr_10,p_rturn_9_5,p_rturn_9_6,p_rturn_10_5,p_rturn_10_6,p_rturn_11_5,p_rturn_11_6,mean_theta_9_5,min_theta_9_5,max_theta_9_5,mean_theta_9_6,min_theta_9_6,max_theta_9_6,mean_theta_10_5,min_theta_10_5,max_theta_10_5,mean_theta_10_6,min_theta_10_6,max_theta_10_6,mean_theta_11_5,min_theta_11_5,max_theta_11_5,mean_theta_11_6,min_theta_11_6,max_theta_11_6
WellB04_Seq0002/xy01,0,1667.823152250287,155.71030184287739,0.18134990473,0.266564464014,0.0933613984389097,24.613076524481862,0.6412487816752648,22.23764203,1.04426533794,0.673979069768,0.165683448657,313.387716866,1.3695868764977015,-0.0475803876334,-118.453762003,1.5057156424638158,0.395312895474663,-0.06610287659165293,-0.9703004044182113,-0.27759131561158235,-0.8244601025112912,-0.8107735011928905,-0.404192698488794,-0.13893995484110766,-0.5846446640835867,11.9077471139,12.2096933339,12.8211429864,13.2834779775,13.2834779775,13.6908840605,14.5122995751,15.0924604411,15.8575301709,16.5163977422,0.9859154929577465,0.9577464788732394,0.9014084507042254,0.8591549295774648,0.8591549295774648,0.8169014084507042,0.7323943661971831,0.676056338028169,0.6056338028169014,0.5492957746478874,-0.0152048567916,0.14329594495,0.025371988026,0.0906798284698,-0.0886922257081,0.125064566676,-0.0949445493732,-0.0260301671451,-0.14086869218,0.134339722641,0.52380952381,0.52380952381,0.55,0.55,0.6,0.6,0.810789040705,0.01902106590546968,2.3508284678343987,0.738042254365,0.039452477084845186,2.3419514814364164,0.993691047983,0.026043124842211947,2.660553212662803,0.962317026971,0.08451666783254667,2.657885262808593,0.936918090969,0.011590137789491216,2.5552907219550622,0.872287134777,0.01584776402042201,2.5526227721008525
