Well/XY,cell_id,total_distance,net_distance,linearity,spearmanrsq,progressivity,max_speed,min_speed,avg_speed,MSD_slope,hurst_RS,nongauss,disp_var,disp_skew,rw_linearity,rw_netdist,rw_kurtosis01,rw_kurtosis02,rw_kurtosis03,rw_kurtosis04,rw_kurtosis05,rw_kurtosis06,rw_kurtosis07,rw_kurtosis08,rw_kurtosis09,rw_kurtosis10,avg_moving_speed01,avg_moving_speed02,avg_moving_speed03,avg_moving_speed04,avg_moving_speed05,avg_moving_speed06,avg_moving_speed07,avg_moving_speed08,avg_moving_speed09,avg_moving_speed10,time_moving01,time_moving02,time_moving03,time_moving04,time_moving05,time_moving06,time_moving07,time_moving08,time_moving09,time_moving10,autocorr_1,autocorr_2,autocorr_3,autocorr_4,autocorr_5,autocorr_6,autocorr_7,autocorr_8,autocorr_9,autocorr_10,p_rturn_9_5,p_rturn_9_6,p_rturn_10_5,p_rturn_10_6,p_rturn_11_5,p_rturn_11_6,mean_theta_9_5,min_theta_9_5,max_theta_9_5,mean_theta_9_6,min_theta_9_6,max_theta_9_6,mean_theta_10_5,min_theta_10_5,max_theta_10_5,mean_theta_10_6,min_theta_10_6,max_theta_10_6,mean_theta_11_5,min_theta_11_5,max_theta_11_5,mean_theta_11_6,min_theta_11_6,max_theta_11_6
WellB04_Seq0002/xy04,0,1484.3955738960178,321.2952691839705,0.0139751228275,0.0147469611979,0.216448549722284,29.47713011811022,0.7002856560004646,19.7919409853,1.43797861563,0.64935306103,0.114817575191,227.140334561,1.3882342919790374,-0.203268066235,77.2838328728,1.2694498857221532,1.0052214273930442,0.5981445871036257,-0.3212979667515241,-0.4063721547671699,-0.37524174578964864,-0.954726573506433,-0.19072095359449293,-0.3429033371319199,-0.9092513270255966,14.1527885483,14.5220499045,14.5220499045,14.5220499045,14.8241479214,15.261018824,16.0063834761,16.6129449754,16.7704052068,16.7704052068,1.0,0.971830985915493,0.971830985915493,0.971830985915493,0.9436619718309859,0.9014084507042254,0.8309859154929577,0.7746478873239436,0.7605633802816901,0.7605633802816901,0.31448129159,0.0233834717552,-0.0388003677036,-0.0814552888727,0.00766557247374,0.0317959936938,-0.191141091323,-0.129025970909,-0.0365928234848,-0.108750481926,0.666666666667,0.666666666667,0.55,0.65,0.65,0.7,0.463932967355,0.009654493337586303,2.1716708486250718,0.487007325661,0.00905688820459653,2.264254823738134,0.472555804068,0.01445919130606104,2.037786971501823,0.518119099225,0.05532866753768852,2.1303709466148852,0.572553940042,0.024160826053793053,2.0130478029442074,0.606748704493,0.009362654929576412,2.058023877816091
