Well/XY,cell_id,total_distance,net_distance,linearity,spearmanrsq,progressivity,max_speed,min_speed,avg_speed,MSD_slope,hurst_RS,nongauss,disp_var,disp_skew,rw_linearity,rw_netdist,rw_kurtosis01,rw_kurtosis02,rw_kurtosis03,rw_kurtosis04,rw_kurtosis05,rw_kurtosis06,rw_kurtosis07,rw_kurtosis08,rw_kurtosis09,rw_kurtosis10,avg_moving_speed01,avg_moving_speed02,avg_moving_speed03,avg_moving_speed04,avg_moving_speed05,avg_moving_speed06,avg_moving_speed07,avg_moving_speed08,avg_moving_speed09,avg_moving_speed10,time_moving01,time_moving02,time_moving03,time_moving04,time_moving05,time_moving06,time_moving07,time_moving08,time_moving09,time_moving10,autocorr_1,autocorr_2,autocorr_3,autocorr_4,autocorr_5,autocorr_6,autocorr_7,autocorr_8,autocorr_9,autocorr_10,p_rturn_9_5,p_rturn_9_6,p_rturn_10_5,p_rturn_10_6,p_rturn_11_5,p_rturn_11_6,mean_theta_9_5,min_theta_9_5,max_theta_9_5,mean_theta_9_6,min_theta_9_6,max_theta_9_6,mean_theta_10_5,min_theta_10_5,max_theta_10_5,mean_theta_10_6,min_theta_10_6,max_theta_10_6,mean_theta_11_5,min_theta_11_5,max_theta_11_5,mean_theta_11_6,min_theta_11_6,max_theta_11_6
WellB04_Seq0002/xy02,0,883.9781389992633,75.40424391239519,0.686199734128,0.59758581641,0.085301027916549,15.764834283937144,0.028284271247436175,11.7863751867,0.826937479734,0.495251002863,0.0485553458344,74.9931890075,1.2110706350756983,0.430036416513,-69.9079485774,1.7323316782318479,1.173647081031616,-0.312878364694289,-0.4449856443312248,0.07328211165510234,0.12822764611749404,-0.11512251840309817,-1.1151075320905837,-0.4039991367255329,-1.1543685561575152,5.31925791477,5.98014427402,6.87052800615,7.43396197501,8.02547321731,9.03137162191,9.73685202699,10.5717828473,10.7222627516,11.4142378354,0.9859154929577465,0.8450704225352113,0.676056338028169,0.5774647887323944,0.4788732394366197,0.3380281690140845,0.2676056338028169,0.19718309859154928,0.18309859154929578,0.11267605633802817,0.0985800645442,-0.0640553335037,-0.0501826463345,-0.168457867698,-0.194204819223,-0.270999357399,-0.0113095625168,0.287057880626,-0.0112896046064,-0.0255426329423,0.47619047619,0.47619047619,0.5,0.4,0.45,0.45,0.411091044468,0.020231534307551,1.5981118664041485,0.39774735364,0.022870143181958923,1.5191770077143885,0.447303578349,0.006621185546737258,1.8991969106770197,0.434996952778,0.00779318884295778,1.8202620519872597,0.521360475501,0.02786687233706244,1.8155488639626869,0.508617265001,0.003607334703013748,1.8307058445936537
