Well/XY,cell_id,total_distance,net_distance,linearity,spearmanrsq,progressivity,max_speed,min_speed,avg_speed,MSD_slope,hurst_RS,nongauss,disp_var,disp_skew,rw_linearity,rw_netdist,rw_kurtosis01,rw_kurtosis02,rw_kurtosis03,rw_kurtosis04,rw_kurtosis05,rw_kurtosis06,rw_kurtosis07,rw_kurtosis08,rw_kurtosis09,rw_kurtosis10,avg_moving_speed01,avg_moving_speed02,avg_moving_speed03,avg_moving_speed04,avg_moving_speed05,avg_moving_speed06,avg_moving_speed07,avg_moving_speed08,avg_moving_speed09,avg_moving_speed10,time_moving01,time_moving02,time_moving03,time_moving04,time_moving05,time_moving06,time_moving07,time_moving08,time_moving09,time_moving10,autocorr_1,autocorr_2,autocorr_3,autocorr_4,autocorr_5,autocorr_6,autocorr_7,autocorr_8,autocorr_9,autocorr_10,p_rturn_9_5,p_rturn_9_6,p_rturn_10_5,p_rturn_10_6,p_rturn_11_5,p_rturn_11_6,mean_theta_9_5,min_theta_9_5,max_theta_9_5,mean_theta_9_6,min_theta_9_6,max_theta_9_6,mean_theta_10_5,min_theta_10_5,max_theta_10_5,mean_theta_10_6,min_theta_10_6,max_theta_10_6,mean_theta_11_5,min_theta_11_5,max_theta_11_5,mean_theta_11_6,min_theta_11_6,max_theta_11_6
WellB09_Seq0007/xy03,0,2021.8167935512904,424.43587843159537,0.0124557356973,0.00562448736643,0.20992796171510683,49.289022915858254,0.39402030404536803,26.9575572474,1.27437805513,0.784890351,-0.104122114909,347.755730614,0.9336753860893169,-0.238328368936,92.0807916688,0.447369234119793,0.429478290009059,-0.6480312217971891,0.026910717081231716,0.8360153789650884,-0.7940176360611226,-0.505188853243955,-0.5480097423095911,-0.9192934515583508,-0.3652773461816765,23.6095314795,23.9257585726,23.9257585726,24.8397496946,25.4704770578,26.1015672698,26.7451733791,27.4014362445,27.4014362445,27.7122015564,1.0,0.9859154929577465,0.9859154929577465,0.9436619718309859,0.9154929577464789,0.8873239436619719,0.8591549295774648,0.8309859154929577,0.8309859154929577,0.8169014084507042,0.61223111871,0.329301198068,0.276440877035,0.278318996587,0.203747566905,0.0652458971625,0.0440919455302,0.0496069718417,0.0834279902789,-0.02806954871,0.333333333333,0.380952380952,0.3,0.35,0.25,0.35,0.977090876342,0.03700033659742187,2.643890134916214,0.948679134945,0.08411900225429617,2.6994548371336573,0.941047191233,0.0599668082529201,2.5535513082684984,0.901802697423,0.042824229262719074,2.5647973058253877,1.03607445507,0.03836312790868255,2.5861189873056936,1.00886539179,0.01786098001263341,2.597364984862583
