Well/XY,cell_id,total_distance,net_distance,linearity,spearmanrsq,progressivity,max_speed,min_speed,avg_speed,MSD_slope,hurst_RS,nongauss,disp_var,disp_skew,rw_linearity,rw_netdist,rw_kurtosis01,rw_kurtosis02,rw_kurtosis03,rw_kurtosis04,rw_kurtosis05,rw_kurtosis06,rw_kurtosis07,rw_kurtosis08,rw_kurtosis09,rw_kurtosis10,avg_moving_speed01,avg_moving_speed02,avg_moving_speed03,avg_moving_speed04,avg_moving_speed05,avg_moving_speed06,avg_moving_speed07,avg_moving_speed08,avg_moving_speed09,avg_moving_speed10,time_moving01,time_moving02,time_moving03,time_moving04,time_moving05,time_moving06,time_moving07,time_moving08,time_moving09,time_moving10,autocorr_1,autocorr_2,autocorr_3,autocorr_4,autocorr_5,autocorr_6,autocorr_7,autocorr_8,autocorr_9,autocorr_10,p_rturn_9_5,p_rturn_9_6,p_rturn_10_5,p_rturn_10_6,p_rturn_11_5,p_rturn_11_6,mean_theta_9_5,min_theta_9_5,max_theta_9_5,mean_theta_9_6,min_theta_9_6,max_theta_9_6,mean_theta_10_5,min_theta_10_5,max_theta_10_5,mean_theta_10_6,min_theta_10_6,max_theta_10_6,mean_theta_11_5,min_theta_11_5,max_theta_11_5,mean_theta_11_6,min_theta_11_6,max_theta_11_6
WellB09_Seq0007/xy02,0,915.8282858376991,461.2349862055134,0.912428247192,0.938897919158,0.5036260545104547,13.520431354065622,1.2888754788574441,12.2110438112,1.68143687308,0.665765648958,0.413816094892,68.5165460678,2.427841775342162,0.694194472856,310.687127285,8.091141699916946,4.444235063118176,0.1335995757922479,-0.869220357736542,-0.9541427873378217,-0.4961362252135415,0.19613904815565286,-0.8539117458067018,-0.5142564065469148,-1.132967390579817,7.71192354395,7.80229800358,7.9653253028,8.31644718728,9.1927367978,9.66634206481,10.4784523695,11.2114287687,12.6441763647,12.8447135908,1.0,0.9859154929577465,0.9577464788732394,0.8873239436619719,0.7183098591549296,0.6338028169014085,0.5070422535211268,0.4084507042253521,0.2676056338028169,0.2535211267605634,0.410148110585,0.0381482348988,-0.000556988943829,-0.00867182541043,0.0350201140043,-0.110876000815,-0.112588300835,-0.158664370765,-0.0903079120166,0.0614821159232,0.380952380952,0.380952380952,0.25,0.3,0.25,0.3,0.912367126203,0.03077932877472345,2.711252090481855,0.83799351399,0.03481707169697115,2.7306927953262083,0.745837575681,0.059096291951358036,2.550784539485874,0.646568234915,0.03422506092583431,2.6263576785732248,0.765167838766,0.029985567379009342,2.741488660207073,0.678732860615,0.1625686870811924,2.6057178872827
