Well/XY,cell_id,total_distance,net_distance,linearity,spearmanrsq,progressivity,max_speed,min_speed,avg_speed,MSD_slope,hurst_RS,nongauss,disp_var,disp_skew,rw_linearity,rw_netdist,rw_kurtosis01,rw_kurtosis02,rw_kurtosis03,rw_kurtosis04,rw_kurtosis05,rw_kurtosis06,rw_kurtosis07,rw_kurtosis08,rw_kurtosis09,rw_kurtosis10,avg_moving_speed01,avg_moving_speed02,avg_moving_speed03,avg_moving_speed04,avg_moving_speed05,avg_moving_speed06,avg_moving_speed07,avg_moving_speed08,avg_moving_speed09,avg_moving_speed10,time_moving01,time_moving02,time_moving03,time_moving04,time_moving05,time_moving06,time_moving07,time_moving08,time_moving09,time_moving10,autocorr_1,autocorr_2,autocorr_3,autocorr_4,autocorr_5,autocorr_6,autocorr_7,autocorr_8,autocorr_9,autocorr_10,p_rturn_9_5,p_rturn_9_6,p_rturn_10_5,p_rturn_10_6,p_rturn_11_5,p_rturn_11_6,mean_theta_9_5,min_theta_9_5,max_theta_9_5,mean_theta_9_6,min_theta_9_6,max_theta_9_6,mean_theta_10_5,min_theta_10_5,max_theta_10_5,mean_theta_10_6,min_theta_10_6,max_theta_10_6,mean_theta_11_5,min_theta_11_5,max_theta_11_5,mean_theta_11_6,min_theta_11_6,max_theta_11_6
WellB09_Seq0007/xy15,0,2469.4305582734487,73.33212120210356,0.956930001643,0.868856719517,0.029695964098449955,51.40221396010097,0.4176122603564168,32.925740777,1.11594739915,0.542181836845,0.832976186463,1206.35453225,1.8480312649055255,0.733467814481,-332.603673805,3.8038676162539087,3.9865835358785002,2.218924583531515,-0.16429297258138087,-0.05917939148219098,0.05674199826231341,-0.9925228200935767,0.7184028036985328,-0.2214378659090377,-1.405650021163568,13.0650630552,13.7739388568,15.8304129472,16.0507419754,17.5024386785,18.596644119,19.7952984645,20.4416226431,22.252545395,23.0711371917,0.971830985915493,0.9154929577464789,0.7746478873239436,0.7605633802816901,0.676056338028169,0.6197183098591549,0.5633802816901409,0.5352112676056338,0.4647887323943662,0.43661971830985913,0.24930433522,-0.0115396550773,-0.073151177291,-0.0473764978949,0.0157232297375,-0.101540000301,-0.15841983157,-0.157226789942,-0.105445896696,0.0667898116111,0.333333333333,0.333333333333,0.4,0.45,0.15,0.3,0.2537757336,0.007899762212637051,2.611929052115534,0.258380034707,0.009319020225422851,2.600779403659128,0.282050515523,0.003323401525430168,2.6658416264828144,0.289445215961,0.0022813309437819383,2.66569762413326,0.0794894412076,0.006198347705210049,0.5068554598442868,0.0840953128811,0.0016222995046008201,0.5069610724452212
