Well/XY,cell_id,total_distance,net_distance,linearity,spearmanrsq,progressivity,max_speed,min_speed,avg_speed,MSD_slope,hurst_RS,nongauss,disp_var,disp_skew,rw_linearity,rw_netdist,rw_kurtosis01,rw_kurtosis02,rw_kurtosis03,rw_kurtosis04,rw_kurtosis05,rw_kurtosis06,rw_kurtosis07,rw_kurtosis08,rw_kurtosis09,rw_kurtosis10,avg_moving_speed01,avg_moving_speed02,avg_moving_speed03,avg_moving_speed04,avg_moving_speed05,avg_moving_speed06,avg_moving_speed07,avg_moving_speed08,avg_moving_speed09,avg_moving_speed10,time_moving01,time_moving02,time_moving03,time_moving04,time_moving05,time_moving06,time_moving07,time_moving08,time_moving09,time_moving10,autocorr_1,autocorr_2,autocorr_3,autocorr_4,autocorr_5,autocorr_6,autocorr_7,autocorr_8,autocorr_9,autocorr_10,p_rturn_9_5,p_rturn_9_6,p_rturn_10_5,p_rturn_10_6,p_rturn_11_5,p_rturn_11_6,mean_theta_9_5,min_theta_9_5,max_theta_9_5,mean_theta_9_6,min_theta_9_6,max_theta_9_6,mean_theta_10_5,min_theta_10_5,max_theta_10_5,mean_theta_10_6,min_theta_10_6,max_theta_10_6,mean_theta_11_5,min_theta_11_5,max_theta_11_5,mean_theta_11_6,min_theta_11_6,max_theta_11_6
WellB09_Seq0007/xy11,0,1845.581281709253,407.9478467892679,0.122666160839,0.0810244745649,0.2210403035792897,34.67843808478114,0.6694475334184203,24.6077504228,0.970693978909,0.69790031795,-0.0418153622042,387.474060951,0.8926136873801316,-0.132740844901,104.563124214,-0.37236347005541637,-0.15687273613838082,0.26330871130814204,-0.6930336585408203,-0.13796949632654787,0.15416946424997535,-0.7440254338728978,0.26505685409738255,-1.1806878950383226,-1.0139033688854922,12.6577044385,13.324817625,14.789031423,15.4051593405,15.8242414271,16.0144207612,16.1966501217,16.9189534507,17.9082128644,19.0055553134,1.0,0.9436619718309859,0.8309859154929577,0.7887323943661971,0.7605633802816901,0.7464788732394366,0.7323943661971831,0.676056338028169,0.6056338028169014,0.5352112676056338,0.382287510432,0.239207176086,0.115748116181,0.0156912577446,0.0716011384842,-0.0382077335149,-0.145429201905,-0.271131256152,-0.199477151107,-0.162946378016,0.428571428571,0.428571428571,0.4,0.4,0.35,0.35,0.701031453916,0.06473310390887455,2.257222415860528,0.671384518353,0.02808278346017203,2.034665933971201,0.657573404845,0.00366787389550552,2.582665510356186,0.609938153137,0.06173106703377519,2.587102800413435,0.733329972801,0.0055562353561628705,1.4935738169248738,0.732820861294,0.011808551224646784,1.5241485818545069
