Well/XY,cell_id,total_distance,net_distance,linearity,spearmanrsq,progressivity,max_speed,min_speed,avg_speed,MSD_slope,hurst_RS,nongauss,disp_var,disp_skew,rw_linearity,rw_netdist,rw_kurtosis01,rw_kurtosis02,rw_kurtosis03,rw_kurtosis04,rw_kurtosis05,rw_kurtosis06,rw_kurtosis07,rw_kurtosis08,rw_kurtosis09,rw_kurtosis10,avg_moving_speed01,avg_moving_speed02,avg_moving_speed03,avg_moving_speed04,avg_moving_speed05,avg_moving_speed06,avg_moving_speed07,avg_moving_speed08,avg_moving_speed09,avg_moving_speed10,time_moving01,time_moving02,time_moving03,time_moving04,time_moving05,time_moving06,time_moving07,time_moving08,time_moving09,time_moving10,autocorr_1,autocorr_2,autocorr_3,autocorr_4,autocorr_5,autocorr_6,autocorr_7,autocorr_8,autocorr_9,autocorr_10,p_rturn_9_5,p_rturn_9_6,p_rturn_10_5,p_rturn_10_6,p_rturn_11_5,p_rturn_11_6,mean_theta_9_5,min_theta_9_5,max_theta_9_5,mean_theta_9_6,min_theta_9_6,max_theta_9_6,mean_theta_10_5,min_theta_10_5,max_theta_10_5,mean_theta_10_6,min_theta_10_6,max_theta_10_6,mean_theta_11_5,min_theta_11_5,max_theta_11_5,mean_theta_11_6,min_theta_11_6,max_theta_11_6
WellB09_Seq0007/xy04,0,2350.5306154512705,188.43459237624066,0.382831322564,0.334330402331,0.08016683175175905,34.501488431660455,0.5275755870015214,31.340408206,1.06262660236,0.708304133442,0.695534084385,835.500396401,1.9385905564510935,0.142706109012,-197.955910032,4.166326051502787,1.733011701807393,-0.15354499989089998,-0.44239841295398863,-0.6584080777895798,-1.4668606887105249,-1.4646682782870677,-1.1051456233537682,1.022411755589058,-1.2442979269533434,16.6878660316,17.1421146028,17.5837935263,18.0343811144,18.0343811144,18.0343811144,19.0049139461,19.8234795928,20.4682947359,21.1578703693,0.9859154929577465,0.9577464788732394,0.9295774647887324,0.9014084507042254,0.9014084507042254,0.9014084507042254,0.8309859154929577,0.7746478873239436,0.7323943661971831,0.6901408450704225,0.248210446317,0.0746828700259,-0.0148987015842,-0.0353524382309,0.214507504874,0.210056865542,0.236816288647,-0.0160679082111,-0.0616047537525,-0.0129703456575,0.619047619048,0.571428571429,0.65,0.55,0.6,0.55,0.651580908916,0.02559204650773529,1.9184021800790803,0.68373339608,0.04677262353451621,2.060559293221464,0.693153246288,0.006025812014987508,1.9962728653371593,0.744945119351,0.04484274596290047,2.138429978479543,0.68029369924,0.009664223119065724,2.3165102923990184,0.72011446324,0.10526792830116849,2.3321690759764637
