Well/XY,cell_id,total_distance,net_distance,linearity,spearmanrsq,progressivity,max_speed,min_speed,avg_speed,MSD_slope,hurst_RS,nongauss,disp_var,disp_skew,rw_linearity,rw_netdist,rw_kurtosis01,rw_kurtosis02,rw_kurtosis03,rw_kurtosis04,rw_kurtosis05,rw_kurtosis06,rw_kurtosis07,rw_kurtosis08,rw_kurtosis09,rw_kurtosis10,avg_moving_speed01,avg_moving_speed02,avg_moving_speed03,avg_moving_speed04,avg_moving_speed05,avg_moving_speed06,avg_moving_speed07,avg_moving_speed08,avg_moving_speed09,avg_moving_speed10,time_moving01,time_moving02,time_moving03,time_moving04,time_moving05,time_moving06,time_moving07,time_moving08,time_moving09,time_moving10,autocorr_1,autocorr_2,autocorr_3,autocorr_4,autocorr_5,autocorr_6,autocorr_7,autocorr_8,autocorr_9,autocorr_10,p_rturn_9_5,p_rturn_9_6,p_rturn_10_5,p_rturn_10_6,p_rturn_11_5,p_rturn_11_6,mean_theta_9_5,min_theta_9_5,max_theta_9_5,mean_theta_9_6,min_theta_9_6,max_theta_9_6,mean_theta_10_5,min_theta_10_5,max_theta_10_5,mean_theta_10_6,min_theta_10_6,max_theta_10_6,mean_theta_11_5,min_theta_11_5,max_theta_11_5,mean_theta_11_6,min_theta_11_6,max_theta_11_6
WellB09_Seq0007/xy19,0,1504.0063463318106,518.6484053768988,0.337831024241,0.228514059772,0.34484455909501577,35.0159390563783,1.6938287989050163,20.0534179511,1.59321959917,0.673121332291,0.567310723055,213.364434574,2.4187127765548575,0.0961669950682,271.413264527,8.360788749875391,13.196205314843386,3.9870154596396743,-0.058378340969006626,2.0364494506268347,-1.1630785463538433,-0.5583373444251585,-0.8148019376495848,-0.32011153107301427,-0.8588158195241844,15.3292147914,15.3292147914,15.5056656679,15.6760413521,16.0147840733,16.683049815,17.3733166633,18.4891845087,18.8825419823,19.0788638392,1.0,1.0,0.9859154929577465,0.971830985915493,0.9436619718309859,0.8873239436619719,0.8309859154929577,0.7464788732394366,0.7183098591549296,0.704225352112676,0.569723331236,0.244972362939,0.170457075271,0.048208162836,-0.103518603646,-0.17406835085,-0.183701373688,-0.221701322653,-0.291687687552,-0.363354162999,0.47619047619,0.428571428571,0.35,0.35,0.4,0.4,0.791212451392,0.007509566155044293,2.608818559493535,0.713379971423,0.0014764531657179036,2.6255644183352147,0.792774156263,0.010393600301330767,2.504747274267463,0.794127308587,0.0182602278301876,2.521493133109143,0.866818547823,0.021353585089100697,2.422263438474236,0.884493264597,0.008933739633314286,2.4390092973159154
