Well/XY,cell_id,total_distance,net_distance,linearity,spearmanrsq,progressivity,max_speed,min_speed,avg_speed,MSD_slope,hurst_RS,nongauss,disp_var,disp_skew,rw_linearity,rw_netdist,rw_kurtosis01,rw_kurtosis02,rw_kurtosis03,rw_kurtosis04,rw_kurtosis05,rw_kurtosis06,rw_kurtosis07,rw_kurtosis08,rw_kurtosis09,rw_kurtosis10,avg_moving_speed01,avg_moving_speed02,avg_moving_speed03,avg_moving_speed04,avg_moving_speed05,avg_moving_speed06,avg_moving_speed07,avg_moving_speed08,avg_moving_speed09,avg_moving_speed10,time_moving01,time_moving02,time_moving03,time_moving04,time_moving05,time_moving06,time_moving07,time_moving08,time_moving09,time_moving10,autocorr_1,autocorr_2,autocorr_3,autocorr_4,autocorr_5,autocorr_6,autocorr_7,autocorr_8,autocorr_9,autocorr_10,p_rturn_9_5,p_rturn_9_6,p_rturn_10_5,p_rturn_10_6,p_rturn_11_5,p_rturn_11_6,mean_theta_9_5,min_theta_9_5,max_theta_9_5,mean_theta_9_6,min_theta_9_6,max_theta_9_6,mean_theta_10_5,min_theta_10_5,max_theta_10_5,mean_theta_10_6,min_theta_10_6,max_theta_10_6,mean_theta_11_5,min_theta_11_5,max_theta_11_5,mean_theta_11_6,min_theta_11_6,max_theta_11_6
WellE02_Seq0019/xy12,0,1820.6781195390934,707.7174993597374,0.344834577449,0.334926838503,0.3887109378449041,21.15291232903876,1.7479004548314538,24.2757082605,1.52319843297,0.729630709261,-0.0457606096498,373.886947199,0.8889927506273934,0.120219419752,408.426467493,-0.30882065908933987,1.435875243243224,-0.006417858715789038,3.624930284937017,-0.2259046369467579,0.21619597835810156,0.298036403159224,0.3263943651108745,-0.3697665833481558,1.4481094273441535,11.5417035801,11.8347438931,12.116457933,12.2529934841,12.2529934841,12.4607785358,12.5554205569,13.0763904393,13.5277080357,14.056634809,0.9859154929577465,0.9577464788732394,0.9295774647887324,0.9154929577464789,0.9154929577464789,0.8873239436619719,0.8732394366197183,0.7887323943661971,0.7183098591549296,0.6338028169014085,0.251126136762,0.197195672805,0.10508765286,0.0615208164111,-0.0340763844892,-0.221162693384,-0.13763965202,-0.0860439631378,0.0222339925528,-0.140116289241,0.809523809524,0.809523809524,0.45,0.5,0.55,0.6,0.795518323167,0.08329503692407562,2.1091629137120544,0.813358596714,0.0536770498146141,2.1717348522775914,0.92467415062,0.11848568764114024,2.264289604829207,0.864297492423,0.044607200660526466,2.3683925066033757,0.793830846402,0.01533272356289537,2.0885721606671632,0.795469319293,0.09124767675855405,2.1849922093139607
