Well/XY,cell_id,total_distance,net_distance,linearity,spearmanrsq,progressivity,max_speed,min_speed,avg_speed,MSD_slope,hurst_RS,nongauss,disp_var,disp_skew,rw_linearity,rw_netdist,rw_kurtosis01,rw_kurtosis02,rw_kurtosis03,rw_kurtosis04,rw_kurtosis05,rw_kurtosis06,rw_kurtosis07,rw_kurtosis08,rw_kurtosis09,rw_kurtosis10,avg_moving_speed01,avg_moving_speed02,avg_moving_speed03,avg_moving_speed04,avg_moving_speed05,avg_moving_speed06,avg_moving_speed07,avg_moving_speed08,avg_moving_speed09,avg_moving_speed10,time_moving01,time_moving02,time_moving03,time_moving04,time_moving05,time_moving06,time_moving07,time_moving08,time_moving09,time_moving10,autocorr_1,autocorr_2,autocorr_3,autocorr_4,autocorr_5,autocorr_6,autocorr_7,autocorr_8,autocorr_9,autocorr_10,p_rturn_9_5,p_rturn_9_6,p_rturn_10_5,p_rturn_10_6,p_rturn_11_5,p_rturn_11_6,mean_theta_9_5,min_theta_9_5,max_theta_9_5,mean_theta_9_6,min_theta_9_6,max_theta_9_6,mean_theta_10_5,min_theta_10_5,max_theta_10_5,mean_theta_10_6,min_theta_10_6,max_theta_10_6,mean_theta_11_5,min_theta_11_5,max_theta_11_5,mean_theta_11_6,min_theta_11_6,max_theta_11_6
WellE02_Seq0019/xy09,0,586.5769185227285,160.2697033128844,0.0595467012979,0.0781705031235,0.27322879276688466,15.562479622476612,0.5186945151049922,7.8210255803,1.08371203895,0.668637236627,0.436268691277,35.874750606,1.987062775419953,-0.185871455945,63.8456241033,5.23631397227196,6.686609621748062,5.190994299639323,6.1304039017463285,3.3815743885418463,2.024082061348042,2.513452970853229,0.2848152587430768,0.4221753865461122,0.28245058653660804,4.6286699519,4.97273353406,5.43395768119,6.42208601251,7.0505184845,8.3342517177,9.28185772769,13.6413798085,13.6413798085,15.7689025519,0.971830985915493,0.8732394366197183,0.7323943661971831,0.49295774647887325,0.38028169014084506,0.2112676056338028,0.14084507042253522,0.04225352112676056,0.04225352112676056,0.028169014084507043,-0.0718846845752,0.141249295528,0.0829278043563,-0.0487658012648,0.0122972026307,-0.0660275289822,0.0877268294123,-0.0570638137023,0.0437719035384,-0.149487998668,0.380952380952,0.428571428571,0.35,0.5,0.5,0.5,0.517444500955,0.007430610336503038,1.7776917875294835,0.448993544137,0.021659130522356962,1.7238801271532687,0.640253762262,0.013467830920315024,2.5860853700299886,0.56811719916,0.0030011773439293367,2.568555248491551,0.696602715633,0.10685456093448231,2.4114005290599145,0.64125207405,0.04901411371483881,2.393870407521476
