Well/XY,cell_id,total_distance,net_distance,linearity,spearmanrsq,progressivity,max_speed,min_speed,avg_speed,MSD_slope,hurst_RS,nongauss,disp_var,disp_skew,rw_linearity,rw_netdist,rw_kurtosis01,rw_kurtosis02,rw_kurtosis03,rw_kurtosis04,rw_kurtosis05,rw_kurtosis06,rw_kurtosis07,rw_kurtosis08,rw_kurtosis09,rw_kurtosis10,avg_moving_speed01,avg_moving_speed02,avg_moving_speed03,avg_moving_speed04,avg_moving_speed05,avg_moving_speed06,avg_moving_speed07,avg_moving_speed08,avg_moving_speed09,avg_moving_speed10,time_moving01,time_moving02,time_moving03,time_moving04,time_moving05,time_moving06,time_moving07,time_moving08,time_moving09,time_moving10,autocorr_1,autocorr_2,autocorr_3,autocorr_4,autocorr_5,autocorr_6,autocorr_7,autocorr_8,autocorr_9,autocorr_10,p_rturn_9_5,p_rturn_9_6,p_rturn_10_5,p_rturn_10_6,p_rturn_11_5,p_rturn_11_6,mean_theta_9_5,min_theta_9_5,max_theta_9_5,mean_theta_9_6,min_theta_9_6,max_theta_9_6,mean_theta_10_5,min_theta_10_5,max_theta_10_5,mean_theta_10_6,min_theta_10_6,max_theta_10_6,mean_theta_11_5,min_theta_11_5,max_theta_11_5,mean_theta_11_6,min_theta_11_6,max_theta_11_6
WellE02_Seq0019/xy03,0,1592.1567829085227,690.4753435134379,0.672769545547,0.722461654255,0.433672959174341,22.65939098916826,2.527449307107889,21.2287571054,1.61327189236,0.621739394186,-0.377291908249,125.658845994,0.36325158508920297,0.441216850138,428.749648381,-0.7851554166563885,0.08226455534091404,0.04882964997374151,0.5223821873262882,1.200359528705337,-0.17647546158730432,0.09961483413739547,-0.21129611741186993,-1.048612661493222,-0.23388525713965302,12.8434353637,12.8434353637,12.8434353637,12.9700336191,12.9700336191,13.1939535807,13.2888913177,13.7544057308,14.2103230447,14.4565156969,1.0,1.0,1.0,0.9859154929577465,0.9859154929577465,0.9577464788732394,0.9436619718309859,0.8732394366197183,0.8028169014084507,0.7605633802816901,0.130945330644,0.0278316882512,-0.0829128733495,-0.0484225239026,-0.154720212872,0.0712325919721,-0.0148503076978,0.103371000811,0.160707549349,-0.0538363006869,0.285714285714,0.285714285714,0.35,0.35,0.25,0.25,0.538783449869,0.0524707907865508,1.39919445518728,0.487828035535,0.14852762801686403,0.9947371881771178,0.479507936624,0.03465032031125848,1.2711720680184682,0.433434479567,0.11256676911830481,0.9266458916615793,0.536048519149,0.02382759185144179,1.356975894941495,0.475677894028,0.006882537515919355,0.835429016437185
