Well/XY,cell_id,total_distance,net_distance,linearity,spearmanrsq,progressivity,max_speed,min_speed,avg_speed,MSD_slope,hurst_RS,nongauss,disp_var,disp_skew,rw_linearity,rw_netdist,rw_kurtosis01,rw_kurtosis02,rw_kurtosis03,rw_kurtosis04,rw_kurtosis05,rw_kurtosis06,rw_kurtosis07,rw_kurtosis08,rw_kurtosis09,rw_kurtosis10,avg_moving_speed01,avg_moving_speed02,avg_moving_speed03,avg_moving_speed04,avg_moving_speed05,avg_moving_speed06,avg_moving_speed07,avg_moving_speed08,avg_moving_speed09,avg_moving_speed10,time_moving01,time_moving02,time_moving03,time_moving04,time_moving05,time_moving06,time_moving07,time_moving08,time_moving09,time_moving10,autocorr_1,autocorr_2,autocorr_3,autocorr_4,autocorr_5,autocorr_6,autocorr_7,autocorr_8,autocorr_9,autocorr_10,p_rturn_9_5,p_rturn_9_6,p_rturn_10_5,p_rturn_10_6,p_rturn_11_5,p_rturn_11_6,mean_theta_9_5,min_theta_9_5,max_theta_9_5,mean_theta_9_6,min_theta_9_6,max_theta_9_6,mean_theta_10_5,min_theta_10_5,max_theta_10_5,mean_theta_10_6,min_theta_10_6,max_theta_10_6,mean_theta_11_5,min_theta_11_5,max_theta_11_5,mean_theta_11_6,min_theta_11_6,max_theta_11_6
WellE02_Seq0019/xy02,0,1099.7045161142319,693.2395797269512,0.679713540408,0.630325289892,0.6303871354247862,23.942161138878,2.488747476141355,14.6627268815,1.74991789047,0.651379817818,-0.201836998284,74.6772759046,1.030377216880332,0.46050896454,512.465341907,0.7082632695928472,-0.35489912842494276,0.9776720964282486,1.099922377037836,3.764695323543462,1.380980478549806,0.24102573548887962,-0.1688713975548657,0.647640911483299,-0.17509376680472055,11.1621709283,11.1621709283,11.1621709283,11.1621709283,11.6828295381,11.8803750539,12.6567649444,13.4180097483,14.1227395913,14.4763055886,1.0,1.0,1.0,1.0,0.9295774647887324,0.9014084507042254,0.7887323943661971,0.6901408450704225,0.6056338028169014,0.5633802816901409,0.296194845085,-0.0567324016321,-0.0057657115566,0.0945700103287,-0.0615148045161,-0.137888473739,-0.154819285236,-0.107013776453,0.0748551371808,0.115404247056,0.52380952381,0.52380952381,0.5,0.45,0.45,0.4,0.998224868096,0.029296529447093878,2.7847310149821025,1.00152673338,0.019951465368331884,2.799674003793781,0.836477118604,0.03211281538026565,2.663733232448342,0.830431554171,0.020651679333266258,2.7440830892819674,0.973456157155,0.02505735726408771,2.7573700909987586,0.968562943998,0.01359622121708289,2.8032973490762916
