Well/XY,cell_id,total_distance,net_distance,linearity,spearmanrsq,progressivity,max_speed,min_speed,avg_speed,MSD_slope,hurst_RS,nongauss,disp_var,disp_skew,rw_linearity,rw_netdist,rw_kurtosis01,rw_kurtosis02,rw_kurtosis03,rw_kurtosis04,rw_kurtosis05,rw_kurtosis06,rw_kurtosis07,rw_kurtosis08,rw_kurtosis09,rw_kurtosis10,avg_moving_speed01,avg_moving_speed02,avg_moving_speed03,avg_moving_speed04,avg_moving_speed05,avg_moving_speed06,avg_moving_speed07,avg_moving_speed08,avg_moving_speed09,avg_moving_speed10,time_moving01,time_moving02,time_moving03,time_moving04,time_moving05,time_moving06,time_moving07,time_moving08,time_moving09,time_moving10,autocorr_1,autocorr_2,autocorr_3,autocorr_4,autocorr_5,autocorr_6,autocorr_7,autocorr_8,autocorr_9,autocorr_10,p_rturn_9_5,p_rturn_9_6,p_rturn_10_5,p_rturn_10_6,p_rturn_11_5,p_rturn_11_6,mean_theta_9_5,min_theta_9_5,max_theta_9_5,mean_theta_9_6,min_theta_9_6,max_theta_9_6,mean_theta_10_5,min_theta_10_5,max_theta_10_5,mean_theta_10_6,min_theta_10_6,max_theta_10_6,mean_theta_11_5,min_theta_11_5,max_theta_11_5,mean_theta_11_6,min_theta_11_6,max_theta_11_6
WellE02_Seq0019/xy10,0,977.8151486723468,163.0291311391925,0.103004872463,0.175226393847,0.1667279662833506,17.79755533774232,0.9292168745777418,13.0375353156,0.830599141535,0.637280742386,0.0653327649906,102.805813596,1.2191683307502748,-0.157582351013,2.29160061143,0.7714833327056403,5.465320396683367,0.8977803777559483,0.4170385664546292,1.089101359339054,1.6905989005869086,2.7455504744723704,-0.15778386871433314,-0.5017351735807756,0.08558388704963216,7.25872806928,7.60622888,8.12145709448,8.95447293227,9.52595838634,10.266505182,11.256585115,11.9624616712,12.4103328528,13.7299185756,0.9859154929577465,0.9295774647887324,0.8450704225352113,0.7183098591549296,0.6338028169014085,0.5352112676056338,0.4225352112676056,0.352112676056338,0.30985915492957744,0.2112676056338028,0.357911666577,-0.0073996004103,0.055288358889,-0.0910754650864,-0.226033176543,-0.230651257796,-0.182669156011,-0.0833187013722,0.050985908736,0.151620479133,0.666666666667,0.666666666667,0.75,0.7,0.7,0.65,0.662743376642,0.019236007238833792,2.2417999099724812,0.687258919083,0.04186226522737826,2.098173131133258,0.591711161649,0.0005196111644987191,1.5948065363762094,0.609994914242,0.04557096981810224,1.5768371992021055,0.58528191122,0.039721682388114875,1.4467642526345044,0.608682594787,0.05033733155207127,1.6730083482966618
