Well/XY,cell_id,total_distance,net_distance,linearity,spearmanrsq,progressivity,max_speed,min_speed,avg_speed,MSD_slope,hurst_RS,nongauss,disp_var,disp_skew,rw_linearity,rw_netdist,rw_kurtosis01,rw_kurtosis02,rw_kurtosis03,rw_kurtosis04,rw_kurtosis05,rw_kurtosis06,rw_kurtosis07,rw_kurtosis08,rw_kurtosis09,rw_kurtosis10,avg_moving_speed01,avg_moving_speed02,avg_moving_speed03,avg_moving_speed04,avg_moving_speed05,avg_moving_speed06,avg_moving_speed07,avg_moving_speed08,avg_moving_speed09,avg_moving_speed10,time_moving01,time_moving02,time_moving03,time_moving04,time_moving05,time_moving06,time_moving07,time_moving08,time_moving09,time_moving10,autocorr_1,autocorr_2,autocorr_3,autocorr_4,autocorr_5,autocorr_6,autocorr_7,autocorr_8,autocorr_9,autocorr_10,p_rturn_9_5,p_rturn_9_6,p_rturn_10_5,p_rturn_10_6,p_rturn_11_5,p_rturn_11_6,mean_theta_9_5,min_theta_9_5,max_theta_9_5,mean_theta_9_6,min_theta_9_6,max_theta_9_6,mean_theta_10_5,min_theta_10_5,max_theta_10_5,mean_theta_10_6,min_theta_10_6,max_theta_10_6,mean_theta_11_5,min_theta_11_5,max_theta_11_5,mean_theta_11_6,min_theta_11_6,max_theta_11_6
WellE04_Seq0033/xy15,0,3517.276511101868,530.6787108034389,0.000515486341725,0.0331017546456,0.15087773427207504,53.286133280620014,3.420409332229105,46.2799540934,1.18245198172,0.585043781419,-0.440928608299,524.725951557,0.005599267236556677,-0.240618411465,-43.6404158477,-1.1327295176204315,-1.1147312919369126,-1.118446524420896,0.7768577822050897,0.46323883834270463,-0.3132642568047239,-0.696649295313275,-1.076743502966216,1.5909947048029602,-1.2330775183147424,33.3683701059,33.3683701059,33.8039255826,33.8039255826,33.8039255826,34.2115244978,34.2115244978,34.9987254727,35.3890566582,35.3890566582,1.0,1.0,0.9861111111111112,0.9861111111111112,0.9861111111111112,0.9722222222222222,0.9722222222222222,0.9444444444444444,0.9305555555555556,0.9305555555555556,0.244742619132,-0.201932826995,-0.0602618565337,0.188692419104,0.014747023506,-0.134906837803,-0.0741069955959,-0.142600279777,-0.0392441885034,0.0451029331935,0.571428571429,0.52380952381,0.52380952381,0.571428571429,0.45,0.55,0.687908459419,0.019289242868479082,1.9566222780603815,0.660161357288,0.0032167973144755224,1.9343282845490284,0.73884737064,0.016440704031656928,2.3415546410966086,0.732009172391,0.07916931104581931,2.31596647232419,0.838348150042,0.004434147726389098,2.0539908801894358,0.801596923315,0.15213604370820125,2.028402711417017
