Well/XY,cell_id,total_distance,net_distance,linearity,spearmanrsq,progressivity,max_speed,min_speed,avg_speed,MSD_slope,hurst_RS,nongauss,disp_var,disp_skew,rw_linearity,rw_netdist,rw_kurtosis01,rw_kurtosis02,rw_kurtosis03,rw_kurtosis04,rw_kurtosis05,rw_kurtosis06,rw_kurtosis07,rw_kurtosis08,rw_kurtosis09,rw_kurtosis10,avg_moving_speed01,avg_moving_speed02,avg_moving_speed03,avg_moving_speed04,avg_moving_speed05,avg_moving_speed06,avg_moving_speed07,avg_moving_speed08,avg_moving_speed09,avg_moving_speed10,time_moving01,time_moving02,time_moving03,time_moving04,time_moving05,time_moving06,time_moving07,time_moving08,time_moving09,time_moving10,autocorr_1,autocorr_2,autocorr_3,autocorr_4,autocorr_5,autocorr_6,autocorr_7,autocorr_8,autocorr_9,autocorr_10,p_rturn_9_5,p_rturn_9_6,p_rturn_10_5,p_rturn_10_6,p_rturn_11_5,p_rturn_11_6,mean_theta_9_5,min_theta_9_5,max_theta_9_5,mean_theta_9_6,min_theta_9_6,max_theta_9_6,mean_theta_10_5,min_theta_10_5,max_theta_10_5,mean_theta_10_6,min_theta_10_6,max_theta_10_6,mean_theta_11_5,min_theta_11_5,max_theta_11_5,mean_theta_11_6,min_theta_11_6,max_theta_11_6
WellE04_Seq0033/xy07,0,561.6537144834829,436.7247216496908,0.994197229665,0.800710021483,0.7775693641611873,18.936739318055764,0.02088061301784567,7.39018045373,1.91424611973,0.992177729051,0.440186867685,82.6039853476,1.3302571757325656,0.75110036788,345.014994034,0.23083371526122765,-0.24375999088765665,-0.9484373312473151,-0.872024330330182,-0.8294661927953948,-0.970894654661639,-1.58137556279754,-0.5897784083854027,-1.2728043198384278,-0.8227845849783897,11.0106876958,12.0483278857,13.5696464319,15.0219560876,15.8455780211,16.2654643289,16.2654643289,16.2654643289,16.2654643289,16.8716004736,0.5694444444444444,0.5138888888888888,0.4444444444444444,0.3888888888888889,0.3611111111111111,0.3472222222222222,0.3472222222222222,0.3472222222222222,0.3472222222222222,0.3194444444444444,0.766058575019,0.611290467444,0.472114171254,0.410165177139,0.398302026448,0.426893673993,0.481444677677,0.451782000251,0.425106792604,0.389666565171,0.52380952381,0.571428571429,0.52380952381,0.47619047619,0.55,0.5,0.439107388862,0.02719289827373992,1.708182159401781,0.396954286636,0.0156284996882825,1.5809426355300895,0.511697121367,0.03297712757055843,1.5705292399325752,0.479195001535,0.006016964158910598,1.645185264689736,0.482817873333,0.004949393252206153,1.526199488193862,0.438043914564,0.0031213021745374343,1.5672363435318626
