Well/XY,cell_id,total_distance,net_distance,linearity,spearmanrsq,progressivity,max_speed,min_speed,avg_speed,MSD_slope,hurst_RS,nongauss,disp_var,disp_skew,rw_linearity,rw_netdist,rw_kurtosis01,rw_kurtosis02,rw_kurtosis03,rw_kurtosis04,rw_kurtosis05,rw_kurtosis06,rw_kurtosis07,rw_kurtosis08,rw_kurtosis09,rw_kurtosis10,avg_moving_speed01,avg_moving_speed02,avg_moving_speed03,avg_moving_speed04,avg_moving_speed05,avg_moving_speed06,avg_moving_speed07,avg_moving_speed08,avg_moving_speed09,avg_moving_speed10,time_moving01,time_moving02,time_moving03,time_moving04,time_moving05,time_moving06,time_moving07,time_moving08,time_moving09,time_moving10,autocorr_1,autocorr_2,autocorr_3,autocorr_4,autocorr_5,autocorr_6,autocorr_7,autocorr_8,autocorr_9,autocorr_10,p_rturn_9_5,p_rturn_9_6,p_rturn_10_5,p_rturn_10_6,p_rturn_11_5,p_rturn_11_6,mean_theta_9_5,min_theta_9_5,max_theta_9_5,mean_theta_9_6,min_theta_9_6,max_theta_9_6,mean_theta_10_5,min_theta_10_5,max_theta_10_5,mean_theta_10_6,min_theta_10_6,max_theta_10_6,mean_theta_11_5,min_theta_11_5,max_theta_11_5,mean_theta_11_6,min_theta_11_6,max_theta_11_6
WellE04_Seq0033/xy14,0,2231.2011898545106,1219.4811253971914,0.617209900571,0.564651219475,0.5465581189819596,38.28038500328854,4.2140056952975415,29.3579103928,1.59553609966,0.665007793741,-0.400025181747,251.469631669,0.0999458743416015,0.374669018721,855.159038494,-0.8030237801792675,-0.8981719427255404,-0.5836300649405257,-0.9707975975925454,-0.22153114000249197,-1.119522607726299,-1.39567982987,-1.0075750370523204,-0.5172352434745799,-0.3577387283381057,26.0191261016,26.0191261016,26.0191261016,26.3393542788,26.3393542788,26.3393542788,26.3393542788,26.3393542788,26.8624338588,26.8624338588,1.0,1.0,1.0,0.9861111111111112,0.9861111111111112,0.9861111111111112,0.9861111111111112,0.9861111111111112,0.9583333333333334,0.9583333333333334,0.519787912383,0.180047544047,-0.243851568119,-0.377119455215,-0.268597243987,0.0608764483711,0.264498812063,0.400606118611,0.267927353287,0.00951262225757,0.428571428571,0.52380952381,0.380952380952,0.428571428571,0.3,0.3,0.389646086257,0.013075029902729143,1.2917540106323648,0.381840267553,0.002469490691150923,1.102429716510013,0.380461246392,0.008258768130764125,1.2976620638751128,0.376349853674,0.007285752463124431,1.1083377697527612,0.409839611643,0.014195516677285129,1.2725442330048704,0.403001086689,0.007421392997338606,1.0832199388825186
