Well/XY,cell_id,total_distance,net_distance,linearity,spearmanrsq,progressivity,max_speed,min_speed,avg_speed,MSD_slope,hurst_RS,nongauss,disp_var,disp_skew,rw_linearity,rw_netdist,rw_kurtosis01,rw_kurtosis02,rw_kurtosis03,rw_kurtosis04,rw_kurtosis05,rw_kurtosis06,rw_kurtosis07,rw_kurtosis08,rw_kurtosis09,rw_kurtosis10,avg_moving_speed01,avg_moving_speed02,avg_moving_speed03,avg_moving_speed04,avg_moving_speed05,avg_moving_speed06,avg_moving_speed07,avg_moving_speed08,avg_moving_speed09,avg_moving_speed10,time_moving01,time_moving02,time_moving03,time_moving04,time_moving05,time_moving06,time_moving07,time_moving08,time_moving09,time_moving10,autocorr_1,autocorr_2,autocorr_3,autocorr_4,autocorr_5,autocorr_6,autocorr_7,autocorr_8,autocorr_9,autocorr_10,p_rturn_9_5,p_rturn_9_6,p_rturn_10_5,p_rturn_10_6,p_rturn_11_5,p_rturn_11_6,mean_theta_9_5,min_theta_9_5,max_theta_9_5,mean_theta_9_6,min_theta_9_6,max_theta_9_6,mean_theta_10_5,min_theta_10_5,max_theta_10_5,mean_theta_10_6,min_theta_10_6,max_theta_10_6,mean_theta_11_5,min_theta_11_5,max_theta_11_5,mean_theta_11_6,min_theta_11_6,max_theta_11_6
WellE04_Seq0033/xy18,0,2460.5848559651618,1730.4546550635907,0.198411539111,0.187888677416,0.7032696518750302,65.36690380651359,0.9144637773034038,32.3761165259,1.71397375557,0.734753642681,-0.0815580291936,636.508262763,0.8045282178974429,-0.0338542622424,1328.67761505,-0.3805418456312588,-0.3550130676264103,-0.14874827006614488,-0.07862290917784476,-0.5902961222524681,-0.7267167327441109,-0.9001668800456564,-1.208008947071681,-1.0241668249625433,-1.800785496903214,28.0214356982,28.0214356982,28.7528778336,29.4890207295,30.2436441088,30.6276032543,31.0063765679,32.1645674138,32.1645674138,33.3370260599,1.0,1.0,0.9722222222222222,0.9444444444444444,0.9166666666666666,0.9027777777777778,0.8888888888888888,0.8472222222222222,0.8472222222222222,0.8055555555555556,0.481578367494,0.423944462523,0.307809380043,0.1835961661,0.0370141330566,-0.143662149728,-0.225537374891,-0.219585512088,-0.335893126027,-0.322503074089,0.47619047619,0.428571428571,0.47619047619,0.47619047619,0.5,0.5,1.19598533678,0.0031025125683247392,2.8353879697452307,1.16408088435,0.0029853946609409167,2.8681422495414997,1.20167536348,0.0004899991030077367,2.80155713278445,1.16972424447,0.004718307795189185,2.83431141258072,1.26418588293,0.0020503745365665605,2.6935442942314394,1.23360660815,0.00555427506606044,2.8083046885603955
