Well/XY,cell_id,total_distance,net_distance,linearity,spearmanrsq,progressivity,max_speed,min_speed,avg_speed,MSD_slope,hurst_RS,nongauss,disp_var,disp_skew,rw_linearity,rw_netdist,rw_kurtosis01,rw_kurtosis02,rw_kurtosis03,rw_kurtosis04,rw_kurtosis05,rw_kurtosis06,rw_kurtosis07,rw_kurtosis08,rw_kurtosis09,rw_kurtosis10,avg_moving_speed01,avg_moving_speed02,avg_moving_speed03,avg_moving_speed04,avg_moving_speed05,avg_moving_speed06,avg_moving_speed07,avg_moving_speed08,avg_moving_speed09,avg_moving_speed10,time_moving01,time_moving02,time_moving03,time_moving04,time_moving05,time_moving06,time_moving07,time_moving08,time_moving09,time_moving10,autocorr_1,autocorr_2,autocorr_3,autocorr_4,autocorr_5,autocorr_6,autocorr_7,autocorr_8,autocorr_9,autocorr_10,p_rturn_9_5,p_rturn_9_6,p_rturn_10_5,p_rturn_10_6,p_rturn_11_5,p_rturn_11_6,mean_theta_9_5,min_theta_9_5,max_theta_9_5,mean_theta_9_6,min_theta_9_6,max_theta_9_6,mean_theta_10_5,min_theta_10_5,max_theta_10_5,mean_theta_10_6,min_theta_10_6,max_theta_10_6,mean_theta_11_5,min_theta_11_5,max_theta_11_5,mean_theta_11_6,min_theta_11_6,max_theta_11_6
WellE04_Seq0033/xy03,0,1829.1033936825522,352.5781191452471,0.549604779725,0.4195987075,0.19276008144919465,37.28410862552569,0.7640026177965495,24.0671499169,0.945714330368,0.816846400913,0.677405865897,417.134408603,1.9657340994008312,0.362718132674,53.9126430877,5.934865935416571,4.7789656946363195,1.6172699699986435,0.00598939955848099,0.9785111998672065,-0.4214079793863861,-0.8741355936494024,-1.2780049347962794,-1.464561510902804,-1.5968551759397085,12.670219516,14.7074943436,15.7952366711,16.4944456386,16.9629462036,17.6965287149,18.9983199084,19.8572935149,21.1460386954,22.577306316,1.0,0.8472222222222222,0.7777777777777778,0.7361111111111112,0.7083333333333334,0.6666666666666666,0.5972222222222222,0.5555555555555556,0.5,0.4444444444444444,0.286015192469,0.100094672436,0.235958033291,0.115091927319,0.166240463274,0.344311155771,0.197882851788,0.130658025957,0.164103216754,0.103859527455,0.52380952381,0.47619047619,0.619047619048,0.571428571429,0.5,0.45,0.623847463198,0.007311863712409292,1.8645649790056735,0.566263897247,0.006603495783766332,1.859931753015807,0.619651444215,0.029943990902364014,1.774777898503469,0.550546978511,0.01887637889749312,1.7701446725136025,0.574857129254,0.00919240324428923,1.6177879622269133,0.552641209446,0.017388907986972135,1.565579686875349
