Well/XY,cell_id,total_distance,net_distance,linearity,spearmanrsq,progressivity,max_speed,min_speed,avg_speed,MSD_slope,hurst_RS,nongauss,disp_var,disp_skew,rw_linearity,rw_netdist,rw_kurtosis01,rw_kurtosis02,rw_kurtosis03,rw_kurtosis04,rw_kurtosis05,rw_kurtosis06,rw_kurtosis07,rw_kurtosis08,rw_kurtosis09,rw_kurtosis10,avg_moving_speed01,avg_moving_speed02,avg_moving_speed03,avg_moving_speed04,avg_moving_speed05,avg_moving_speed06,avg_moving_speed07,avg_moving_speed08,avg_moving_speed09,avg_moving_speed10,time_moving01,time_moving02,time_moving03,time_moving04,time_moving05,time_moving06,time_moving07,time_moving08,time_moving09,time_moving10,autocorr_1,autocorr_2,autocorr_3,autocorr_4,autocorr_5,autocorr_6,autocorr_7,autocorr_8,autocorr_9,autocorr_10,p_rturn_9_5,p_rturn_9_6,p_rturn_10_5,p_rturn_10_6,p_rturn_11_5,p_rturn_11_6,mean_theta_9_5,min_theta_9_5,max_theta_9_5,mean_theta_9_6,min_theta_9_6,max_theta_9_6,mean_theta_10_5,min_theta_10_5,max_theta_10_5,mean_theta_10_6,min_theta_10_6,max_theta_10_6,mean_theta_11_5,min_theta_11_5,max_theta_11_5,mean_theta_11_6,min_theta_11_6,max_theta_11_6
WellC08_Seq0013/xy03,0,894.5431504263406,36.23285801589498,0.591769420406,0.21410444629,0.040504315525334185,22.89531829872648,0.8409518416651549,11.9272420057,0.673775195833,0.687835578245,0.839114963803,132.312501331,2.1669162678911995,0.354762298045,-110.816057257,4.405870008797667,7.188963559311121,-0.715575405150588,1.7721238207914274,-0.7324484665728543,1.1443185155410331,-0.8429507815832173,-1.1805323631972773,-0.6293019351135909,-1.0895039196985492,8.06356298768,8.2639935957,9.07717565626,9.87907874762,10.8669929648,11.7226932913,12.1935409481,13.4964017677,14.427274829,14.8863901288,0.9436619718309859,0.9154929577464789,0.8028169014084507,0.704225352112676,0.5915492957746479,0.5070422535211268,0.4647887323943662,0.36619718309859156,0.30985915492957744,0.28169014084507044,0.516174730047,0.158096165825,-0.185740306722,-0.160219372958,0.0699415821242,0.299328058243,0.304781905621,0.158072518914,-0.0110413077296,-0.0166028342885,0.571428571429,0.619047619048,0.6,0.65,0.65,0.65,0.306390146451,0.07458303151784634,1.1626769847240532,0.285823481842,0.025827884821343388,1.1629978540031658,0.277315786077,0.00015617532219302724,1.0600917960050427,0.265587593346,0.037497925058503405,1.0597709267259299,0.28147725384,0.02847567681977596,1.142584275047643,0.270467043339,0.0015121185639093617,1.095814703104261
