Well/XY,cell_id,total_distance,net_distance,linearity,spearmanrsq,progressivity,max_speed,min_speed,avg_speed,MSD_slope,hurst_RS,nongauss,disp_var,disp_skew,rw_linearity,rw_netdist,rw_kurtosis01,rw_kurtosis02,rw_kurtosis03,rw_kurtosis04,rw_kurtosis05,rw_kurtosis06,rw_kurtosis07,rw_kurtosis08,rw_kurtosis09,rw_kurtosis10,avg_moving_speed01,avg_moving_speed02,avg_moving_speed03,avg_moving_speed04,avg_moving_speed05,avg_moving_speed06,avg_moving_speed07,avg_moving_speed08,avg_moving_speed09,avg_moving_speed10,time_moving01,time_moving02,time_moving03,time_moving04,time_moving05,time_moving06,time_moving07,time_moving08,time_moving09,time_moving10,autocorr_1,autocorr_2,autocorr_3,autocorr_4,autocorr_5,autocorr_6,autocorr_7,autocorr_8,autocorr_9,autocorr_10,p_rturn_9_5,p_rturn_9_6,p_rturn_10_5,p_rturn_10_6,p_rturn_11_5,p_rturn_11_6,mean_theta_9_5,min_theta_9_5,max_theta_9_5,mean_theta_9_6,min_theta_9_6,max_theta_9_6,mean_theta_10_5,min_theta_10_5,max_theta_10_5,mean_theta_10_6,min_theta_10_6,max_theta_10_6,mean_theta_11_5,min_theta_11_5,max_theta_11_5,mean_theta_11_6,min_theta_11_6,max_theta_11_6
WellC08_Seq0013/xy23,0,1806.1475228786596,368.35086873794677,0.651308487999,0.176618249283,0.20394284745404667,42.177433824261996,1.3434299386272421,24.0819669717,0.950078698127,0.721263704867,2.3703039536,819.900802098,3.054167481996343,0.426861478879,71.448439899,11.463042651862207,2.6144446960142043,1.7541807180037132,0.8060031720420304,-0.3512714203136533,-1.2016029154961316,-0.4188481691402024,1.4792328024144537,-0.7232267444397844,-1.6879489230203988,14.5435941287,14.5435941287,15.8646015937,17.8728098419,18.3920888084,18.6353033083,19.9451685438,20.8174730146,21.405414967,24.1847888259,1.0,1.0,0.9014084507042254,0.7746478873239436,0.7464788732394366,0.7323943661971831,0.6619718309859155,0.6197183098591549,0.5915492957746479,0.4788732394366197,0.116569487353,0.170255765327,0.164795817405,0.224370347919,0.0678230501651,0.0946462313518,0.0224979224741,0.142353896139,-0.162499117892,-0.185983386564,0.52380952381,0.571428571429,0.55,0.55,0.45,0.4,0.671062386551,0.022418043561833585,2.1955970783502665,0.595262240669,0.009222260133236748,2.1057415060309648,0.778675001478,0.0060862218968871585,2.20320813298082,0.72059325164,0.0015143581659817298,2.115656947399948,0.705320338527,0.015394376650045515,2.24992981720871,0.66048673032,0.019429767174705702,1.9702189061545632
