Well/XY,cell_id,total_distance,net_distance,linearity,spearmanrsq,progressivity,max_speed,min_speed,avg_speed,MSD_slope,hurst_RS,nongauss,disp_var,disp_skew,rw_linearity,rw_netdist,rw_kurtosis01,rw_kurtosis02,rw_kurtosis03,rw_kurtosis04,rw_kurtosis05,rw_kurtosis06,rw_kurtosis07,rw_kurtosis08,rw_kurtosis09,rw_kurtosis10,avg_moving_speed01,avg_moving_speed02,avg_moving_speed03,avg_moving_speed04,avg_moving_speed05,avg_moving_speed06,avg_moving_speed07,avg_moving_speed08,avg_moving_speed09,avg_moving_speed10,time_moving01,time_moving02,time_moving03,time_moving04,time_moving05,time_moving06,time_moving07,time_moving08,time_moving09,time_moving10,autocorr_1,autocorr_2,autocorr_3,autocorr_4,autocorr_5,autocorr_6,autocorr_7,autocorr_8,autocorr_9,autocorr_10,p_rturn_9_5,p_rturn_9_6,p_rturn_10_5,p_rturn_10_6,p_rturn_11_5,p_rturn_11_6,mean_theta_9_5,min_theta_9_5,max_theta_9_5,mean_theta_9_6,min_theta_9_6,max_theta_9_6,mean_theta_10_5,min_theta_10_5,max_theta_10_5,mean_theta_10_6,min_theta_10_6,max_theta_10_6,mean_theta_11_5,min_theta_11_5,max_theta_11_5,mean_theta_11_6,min_theta_11_6,max_theta_11_6
WellB10_Seq0008/xy24,0,1861.1938812430599,479.05074219752544,0.312329985226,0.0119545749354,0.2573889518041912,37.198146674263214,0.8554788132969596,24.8159184166,1.10714135757,0.802864543379,-0.0952209151809,339.125161621,0.7947323273009871,0.0635020413384,173.09955223,-0.14081015630718818,-0.2687715673594675,0.5367646558740007,0.1299373125166725,0.5523439001452779,2.5206587132692952,-0.1903806678268869,0.7696631161643919,0.8162697182472782,0.1967538329818419,14.5202245995,14.716916902,15.4914286857,16.5084778595,18.1164348873,19.1451301599,19.6992274203,20.5506891723,21.1480386059,22.0764690981,0.971830985915493,0.9577464788732394,0.9014084507042254,0.8309859154929577,0.7323943661971831,0.676056338028169,0.647887323943662,0.6056338028169014,0.5774647887323944,0.5352112676056338,0.331842901919,0.120919069565,0.170674165718,0.252486893322,0.175707882908,0.0625041877538,0.174901888515,0.211158658968,0.145819287742,0.0750054793577,0.52380952381,0.571428571429,0.4,0.4,0.6,0.6,0.572370457696,0.08238673935444876,1.6451215466481925,0.528983541591,0.05906408215465948,1.6697828379442803,0.48335584445,0.02055066281778581,1.525418161215774,0.484096101727,0.008706057087895283,1.7878147744991957,0.436796228191,0.007930152836726045,1.7120729447698195,0.433428602587,0.0005635960973386221,1.5438594773115606
