Well/XY,cell_id,total_distance,net_distance,linearity,spearmanrsq,progressivity,max_speed,min_speed,avg_speed,MSD_slope,hurst_RS,nongauss,disp_var,disp_skew,rw_linearity,rw_netdist,rw_kurtosis01,rw_kurtosis02,rw_kurtosis03,rw_kurtosis04,rw_kurtosis05,rw_kurtosis06,rw_kurtosis07,rw_kurtosis08,rw_kurtosis09,rw_kurtosis10,avg_moving_speed01,avg_moving_speed02,avg_moving_speed03,avg_moving_speed04,avg_moving_speed05,avg_moving_speed06,avg_moving_speed07,avg_moving_speed08,avg_moving_speed09,avg_moving_speed10,time_moving01,time_moving02,time_moving03,time_moving04,time_moving05,time_moving06,time_moving07,time_moving08,time_moving09,time_moving10,autocorr_1,autocorr_2,autocorr_3,autocorr_4,autocorr_5,autocorr_6,autocorr_7,autocorr_8,autocorr_9,autocorr_10,p_rturn_9_5,p_rturn_9_6,p_rturn_10_5,p_rturn_10_6,p_rturn_11_5,p_rturn_11_6,mean_theta_9_5,min_theta_9_5,max_theta_9_5,mean_theta_9_6,min_theta_9_6,max_theta_9_6,mean_theta_10_5,min_theta_10_5,max_theta_10_5,mean_theta_10_6,min_theta_10_6,max_theta_10_6,mean_theta_11_5,min_theta_11_5,max_theta_11_5,mean_theta_11_6,min_theta_11_6,max_theta_11_6
WellB10_Seq0008/xy17,0,479.00942565767934,10.426835569816902,0.0512392759992,0.0656684871005,0.021767495609300108,3.392589571404095,0.06264183905345641,6.3867923421,0.168805844663,0.729017743489,-0.100305658697,12.6056687197,1.5696677898704319,-0.177695296051,-68.3148287256,3.620132313349492,2.2389683989520455,-0.7316453981268829,0.25838894899191533,-1.4845582989706423,-0.09829465463763754,-1.6014165384555719,-0.17291449167237616,-0.9513303919763962,-1.6000991543337906,1.83525718095,2.37039312443,3.00281534564,0.0,0.0,0.0,0.0,0.0,0.0,0.0,0.5633802816901409,0.18309859154929578,0.014084507042253521,0.0,0.0,0.0,0.0,0.0,0.0,0.0,0.166606188377,0.144116421493,0.195377711714,-0.0905083930931,0.106627034094,0.160789358764,-0.160656606323,0.0688482264231,-0.00276948140884,-0.268728186107,0.571428571429,0.47619047619,0.35,0.3,0.3,0.3,0.864488428295,0.009793194407571102,1.9676638841690437,0.88435994599,0.024684168390334608,1.9900016932076867,0.603052049878,0.08836502697713985,1.4898336692382126,0.573621187257,0.04303206872292995,1.4971391200736,0.728145148436,0.011487771824327954,1.4557350386313723,0.717233375577,0.01915242456011232,1.4862003810260407
