Well/XY,cell_id,total_distance,net_distance,linearity,spearmanrsq,progressivity,max_speed,min_speed,avg_speed,MSD_slope,hurst_RS,nongauss,disp_var,disp_skew,rw_linearity,rw_netdist,rw_kurtosis01,rw_kurtosis02,rw_kurtosis03,rw_kurtosis04,rw_kurtosis05,rw_kurtosis06,rw_kurtosis07,rw_kurtosis08,rw_kurtosis09,rw_kurtosis10,avg_moving_speed01,avg_moving_speed02,avg_moving_speed03,avg_moving_speed04,avg_moving_speed05,avg_moving_speed06,avg_moving_speed07,avg_moving_speed08,avg_moving_speed09,avg_moving_speed10,time_moving01,time_moving02,time_moving03,time_moving04,time_moving05,time_moving06,time_moving07,time_moving08,time_moving09,time_moving10,autocorr_1,autocorr_2,autocorr_3,autocorr_4,autocorr_5,autocorr_6,autocorr_7,autocorr_8,autocorr_9,autocorr_10,p_rturn_9_5,p_rturn_9_6,p_rturn_10_5,p_rturn_10_6,p_rturn_11_5,p_rturn_11_6,mean_theta_9_5,min_theta_9_5,max_theta_9_5,mean_theta_9_6,min_theta_9_6,max_theta_9_6,mean_theta_10_5,min_theta_10_5,max_theta_10_5,mean_theta_10_6,min_theta_10_6,max_theta_10_6,mean_theta_11_5,min_theta_11_5,max_theta_11_5,mean_theta_11_6,min_theta_11_6,max_theta_11_6
WellB10_Seq0008/xy07,0,1571.5858633582252,385.9724722049489,0.057203302353,0.114459423398,0.24559426322414737,53.044031860332765,0.6476357000660248,20.9544781781,1.31598478961,0.710683101114,1.656402022,422.310992092,2.8336528751722563,-0.164017031979,127.628314793,10.851554089030891,5.277860604343566,4.240085324912603,2.5830520141944406,4.728346024421335,4.977301120066437,0.7311888609829444,1.4875305836610453,-0.40856026324657924,1.3904240434656288,13.2013585213,13.5347165794,14.3859343191,15.0999840701,15.4632361137,16.406532333,17.6678822922,18.1204626344,19.8992968253,21.1243700892,1.0,0.971830985915493,0.9014084507042254,0.8450704225352113,0.8169014084507042,0.7464788732394366,0.6619718309859155,0.6338028169014085,0.5352112676056338,0.4788732394366197,0.173075471476,0.245538282522,0.16599033625,0.0885109369511,-0.0293473051281,-0.00667915154082,-0.153189303457,-0.0378447352341,-0.130298416708,-0.219259005663,0.380952380952,0.380952380952,0.25,0.3,0.2,0.3,0.629959538865,0.0030200763845017573,1.9002138639521011,0.639328368955,0.006240680885549397,2.0159677966681433,0.675091303198,0.013178836849844104,2.0802662830243555,0.704068418679,0.040312977508249574,2.039604568869256,0.705780846653,0.001159090288397651,2.278472210707354,0.730085576352,0.012896461349062572,2.394896033528989
