Well/XY,cell_id,total_distance,net_distance,linearity,spearmanrsq,progressivity,max_speed,min_speed,avg_speed,MSD_slope,hurst_RS,nongauss,disp_var,disp_skew,rw_linearity,rw_netdist,rw_kurtosis01,rw_kurtosis02,rw_kurtosis03,rw_kurtosis04,rw_kurtosis05,rw_kurtosis06,rw_kurtosis07,rw_kurtosis08,rw_kurtosis09,rw_kurtosis10,avg_moving_speed01,avg_moving_speed02,avg_moving_speed03,avg_moving_speed04,avg_moving_speed05,avg_moving_speed06,avg_moving_speed07,avg_moving_speed08,avg_moving_speed09,avg_moving_speed10,time_moving01,time_moving02,time_moving03,time_moving04,time_moving05,time_moving06,time_moving07,time_moving08,time_moving09,time_moving10,autocorr_1,autocorr_2,autocorr_3,autocorr_4,autocorr_5,autocorr_6,autocorr_7,autocorr_8,autocorr_9,autocorr_10,p_rturn_9_5,p_rturn_9_6,p_rturn_10_5,p_rturn_10_6,p_rturn_11_5,p_rturn_11_6,mean_theta_9_5,min_theta_9_5,max_theta_9_5,mean_theta_9_6,min_theta_9_6,max_theta_9_6,mean_theta_10_5,min_theta_10_5,max_theta_10_5,mean_theta_10_6,min_theta_10_6,max_theta_10_6,mean_theta_11_5,min_theta_11_5,max_theta_11_5,mean_theta_11_6,min_theta_11_6,max_theta_11_6
WellB10_Seq0008/xy14,0,508.5034807812723,33.66268557319814,0.563153147015,0.615231713761,0.06619951848014549,5.662313661393172,0.16243152403397348,6.78004641042,0.56523878611,0.802627325733,0.209433934605,28.4846131366,1.4762408117470849,0.327639811844,-49.9273404931,1.8607574463609167,1.323483888040177,-0.14187847214600113,0.7037407319649307,1.3215484328287452,-0.4652926653415501,-0.45737104096785197,-0.8579075991223664,-1.5376391277175614,-0.3996189432652453,2.50233711168,3.26118106726,4.22231220656,4.85740727701,5.58366726161,6.2576446048,0.0,0.0,0.0,0.0,0.7323943661971831,0.39436619718309857,0.19718309859154928,0.11267605633802817,0.04225352112676056,0.014084507042253521,0.0,0.0,0.0,0.0,0.212327452569,0.116430069999,0.224519884548,0.184456235361,0.0505587132968,0.228174643747,0.292064428549,0.00201086164168,0.11657222616,0.0143249801566,0.380952380952,0.380952380952,0.45,0.55,0.3,0.3,0.843900520131,0.08504144253203931,1.9415923907056645,0.817553602917,0.043972253705300925,1.8618817075208323,0.723144774675,0.001135785742991929,1.8658545142444292,0.731826918884,0.0809867655400206,1.917259063810375,0.699127845116,0.014874498210027372,2.023853136037737,0.713523856575,0.004440516964960542,1.8028693705244911
