Well/XY,cell_id,total_distance,net_distance,linearity,spearmanrsq,progressivity,max_speed,min_speed,avg_speed,MSD_slope,hurst_RS,nongauss,disp_var,disp_skew,rw_linearity,rw_netdist,rw_kurtosis01,rw_kurtosis02,rw_kurtosis03,rw_kurtosis04,rw_kurtosis05,rw_kurtosis06,rw_kurtosis07,rw_kurtosis08,rw_kurtosis09,rw_kurtosis10,avg_moving_speed01,avg_moving_speed02,avg_moving_speed03,avg_moving_speed04,avg_moving_speed05,avg_moving_speed06,avg_moving_speed07,avg_moving_speed08,avg_moving_speed09,avg_moving_speed10,time_moving01,time_moving02,time_moving03,time_moving04,time_moving05,time_moving06,time_moving07,time_moving08,time_moving09,time_moving10,autocorr_1,autocorr_2,autocorr_3,autocorr_4,autocorr_5,autocorr_6,autocorr_7,autocorr_8,autocorr_9,autocorr_10,p_rturn_9_5,p_rturn_9_6,p_rturn_10_5,p_rturn_10_6,p_rturn_11_5,p_rturn_11_6,mean_theta_9_5,min_theta_9_5,max_theta_9_5,mean_theta_9_6,min_theta_9_6,max_theta_9_6,mean_theta_10_5,min_theta_10_5,max_theta_10_5,mean_theta_10_6,min_theta_10_6,max_theta_10_6,mean_theta_11_5,min_theta_11_5,max_theta_11_5,mean_theta_11_6,min_theta_11_6,max_theta_11_6
WellB10_Seq0008/xy23,0,1029.8429815427146,99.98836132270588,0.0626031034481,0.078422816328,0.0970908799833955,13.982062222719524,0.2883123306416181,13.7312397539,0.682581733236,0.792070955151,-0.229243461895,62.5293385777,0.9363885073435682,-0.143285512504,-69.3017319115,0.940560045271519,-0.6347147687696424,2.415284537248062,2.1079732261039688,1.3457139744592626,-1.3111764021549472,-0.953622511647497,1.5215476454753674,0.8860717279269146,-0.2555146741940595,4.69077207231,5.24751470585,6.27239552155,6.81803221412,7.52849414055,8.35251219835,8.99046891109,10.0348074692,13.4007717915,13.4007717915,1.0,0.8450704225352113,0.6056338028169014,0.5070422535211268,0.39436619718309857,0.28169014084507044,0.2112676056338028,0.1267605633802817,0.04225352112676056,0.04225352112676056,0.137374851401,-0.000428888513947,0.158354427164,0.153996427733,-0.0410181416477,0.00629089692072,0.0982561876691,0.00702896275612,-0.186727795057,0.108666077877,0.47619047619,0.52380952381,0.65,0.6,0.55,0.5,0.749233883824,0.0018613881850734013,1.7579187176711573,0.792721929185,0.026345812847696784,1.764435451319967,0.796430168891,0.0023333537572769133,2.277367151239959,0.819645021746,0.017540037705565614,2.2094070896929145,0.868666568453,0.026557602477441794,2.080315718384422,0.828166564653,0.051917521393945565,2.1881400242743667
