Well/XY,cell_id,total_distance,net_distance,linearity,spearmanrsq,progressivity,max_speed,min_speed,avg_speed,MSD_slope,hurst_RS,nongauss,disp_var,disp_skew,rw_linearity,rw_netdist,rw_kurtosis01,rw_kurtosis02,rw_kurtosis03,rw_kurtosis04,rw_kurtosis05,rw_kurtosis06,rw_kurtosis07,rw_kurtosis08,rw_kurtosis09,rw_kurtosis10,avg_moving_speed01,avg_moving_speed02,avg_moving_speed03,avg_moving_speed04,avg_moving_speed05,avg_moving_speed06,avg_moving_speed07,avg_moving_speed08,avg_moving_speed09,avg_moving_speed10,time_moving01,time_moving02,time_moving03,time_moving04,time_moving05,time_moving06,time_moving07,time_moving08,time_moving09,time_moving10,autocorr_1,autocorr_2,autocorr_3,autocorr_4,autocorr_5,autocorr_6,autocorr_7,autocorr_8,autocorr_9,autocorr_10,p_rturn_9_5,p_rturn_9_6,p_rturn_10_5,p_rturn_10_6,p_rturn_11_5,p_rturn_11_6,mean_theta_9_5,min_theta_9_5,max_theta_9_5,mean_theta_9_6,min_theta_9_6,max_theta_9_6,mean_theta_10_5,min_theta_10_5,max_theta_10_5,mean_theta_10_6,min_theta_10_6,max_theta_10_6,mean_theta_11_5,min_theta_11_5,max_theta_11_5,mean_theta_11_6,min_theta_11_6,max_theta_11_6
WellC05_Seq0016/xy04,0,205.27655265525024,148.58792312970797,0.966227871396,0.735440611395,0.7238426464577888,6.802499540610077,0.1591100248255892,3.3109121396,1.66542376554,1.0698412081,-0.0838463500482,7.27845121094,0.7635247637461211,0.757479360486,111.423026537,-0.6733454193182982,-0.7191888716554811,-0.7733682251587202,-0.963091211746891,-0.9752276414739436,-0.9091374349970067,-0.8923974932211673,-0.37214004333215556,-1.2676812771570927,-1.0150478573356196,4.73372636198,5.44186734153,5.55756877224,5.92276104399,6.64636357708,7.05662834098,7.91606244324,8.26645970171,0.0,0.0,0.5,0.41379310344827586,0.39655172413793105,0.3275862068965517,0.22413793103448276,0.1724137931034483,0.06896551724137931,0.017241379310344827,0.0,0.0,0.67953784768,0.759353443511,0.627930080991,0.600650392699,0.505796895101,0.554176191905,0.455172530555,0.475545451876,0.421716435968,0.420077569805,0.375,0.4375,0.3125,0.375,0.333333333333,0.4,0.406912226917,0.009260093759545675,1.339414082613338,0.398563401033,0.005512451936690259,1.3753551671806856,0.433132767727,0.013034492008147457,1.2157939251947625,0.423267943008,0.016782133831021454,1.2517350097621098,0.367141626271,0.02763846204414455,1.353359433039265,0.348136865218,0.015019651909278177,1.2257067421850019
