Well/XY,cell_id,total_distance,net_distance,linearity,spearmanrsq,progressivity,max_speed,min_speed,avg_speed,MSD_slope,hurst_RS,nongauss,disp_var,disp_skew,rw_linearity,rw_netdist,rw_kurtosis01,rw_kurtosis02,rw_kurtosis03,rw_kurtosis04,rw_kurtosis05,rw_kurtosis06,rw_kurtosis07,rw_kurtosis08,rw_kurtosis09,rw_kurtosis10,avg_moving_speed01,avg_moving_speed02,avg_moving_speed03,avg_moving_speed04,avg_moving_speed05,avg_moving_speed06,avg_moving_speed07,avg_moving_speed08,avg_moving_speed09,avg_moving_speed10,time_moving01,time_moving02,time_moving03,time_moving04,time_moving05,time_moving06,time_moving07,time_moving08,time_moving09,time_moving10,autocorr_1,autocorr_2,autocorr_3,autocorr_4,autocorr_5,autocorr_6,autocorr_7,autocorr_8,autocorr_9,autocorr_10,p_rturn_9_5,p_rturn_9_6,p_rturn_10_5,p_rturn_10_6,p_rturn_11_5,p_rturn_11_6,mean_theta_9_5,min_theta_9_5,max_theta_9_5,mean_theta_9_6,min_theta_9_6,max_theta_9_6,mean_theta_10_5,min_theta_10_5,max_theta_10_5,mean_theta_10_6,min_theta_10_6,max_theta_10_6,mean_theta_11_5,min_theta_11_5,max_theta_11_5,mean_theta_11_6,min_theta_11_6,max_theta_11_6
WellB05_Seq0003/xy18,0,142.5589712330923,14.368368035375676,0.273913750529,0.436124446656,0.1007889430675152,1.836627343801689,0.08246211251237748,2.2993382457,0.861746243265,0.569672550475,0.266228524093,2.60705602676,1.8332777519040309,0.0242250348382,-11.4416397597,5.525208148312425,5.692518674138924,-0.5739564620601949,-0.13441124094795942,-1.2313889611461426,-0.6642276224857051,-1.2667911810325698,-0.8421003077530842,-0.48646162335932175,-1.164214143087688,1.31392699237,0.0,0.0,0.0,0.0,0.0,0.0,0.0,0.0,0.0,0.3275862068965517,0.0,0.0,0.0,0.0,0.0,0.0,0.0,0.0,0.0,0.126455839175,-0.126862239945,0.129251720894,0.143309836996,-0.0685478790763,-0.179089550155,-0.00713498330598,-0.0446108781921,-0.0100524320293,-0.0344271391444,0.5,0.5,0.375,0.375,0.5625,0.5625,0.54684223202,0.017407969843815638,2.076355672400726,0.528112723189,0.004205697670263684,1.8265767859214375,0.488189769118,0.00451510015378149,1.7440249719097196,0.48424180595,0.011539758476466884,1.689772554078946,0.368382149413,0.011759762899078322,2.023035473963276,0.352348510362,0.03826642252240653,1.773256587483987
