Well/XY,cell_id,total_distance,net_distance,linearity,spearmanrsq,progressivity,max_speed,min_speed,avg_speed,MSD_slope,hurst_RS,nongauss,disp_var,disp_skew,rw_linearity,rw_netdist,rw_kurtosis01,rw_kurtosis02,rw_kurtosis03,rw_kurtosis04,rw_kurtosis05,rw_kurtosis06,rw_kurtosis07,rw_kurtosis08,rw_kurtosis09,rw_kurtosis10,avg_moving_speed01,avg_moving_speed02,avg_moving_speed03,avg_moving_speed04,avg_moving_speed05,avg_moving_speed06,avg_moving_speed07,avg_moving_speed08,avg_moving_speed09,avg_moving_speed10,time_moving01,time_moving02,time_moving03,time_moving04,time_moving05,time_moving06,time_moving07,time_moving08,time_moving09,time_moving10,autocorr_1,autocorr_2,autocorr_3,autocorr_4,autocorr_5,autocorr_6,autocorr_7,autocorr_8,autocorr_9,autocorr_10,p_rturn_9_5,p_rturn_9_6,p_rturn_10_5,p_rturn_10_6,p_rturn_11_5,p_rturn_11_6,mean_theta_9_5,min_theta_9_5,max_theta_9_5,mean_theta_9_6,min_theta_9_6,max_theta_9_6,mean_theta_10_5,min_theta_10_5,max_theta_10_5,mean_theta_10_6,min_theta_10_6,max_theta_10_6,mean_theta_11_5,min_theta_11_5,max_theta_11_5,mean_theta_11_6,min_theta_11_6,max_theta_11_6
WellB05_Seq0003/xy07,0,210.99122357695936,44.227092375601615,0.722672976448,0.0107920686526,0.20961579171784706,6.422610061337996,0.08160882305241304,3.40308425124,0.765661095792,0.644393596882,-0.0665605459734,5.87187134366,1.0082766480576064,0.485648182892,6.02756639619,0.3168003901842371,0.7640343835277861,2.6307985397265394,1.96544483483095,2.7442043133746346,2.9018530218284475,2.632553182022213,1.8508544020795616,0.596811230539148,1.1763985368983958,2.82599804457,5.52972209644,5.99513750265,6.35062209879,6.35062209879,6.92557204026,7.19601459293,0.0,0.0,0.0,0.3793103448275862,0.13793103448275862,0.1206896551724138,0.10344827586206896,0.10344827586206896,0.06896551724137931,0.034482758620689655,0.0,0.0,0.0,0.425309853639,0.161259530732,0.0326833276067,-0.0461810763462,-0.062419611616,-0.0392842025109,-0.0828298958694,-0.00273036303828,0.124025518857,0.0701665213617,0.5,0.5,0.4375,0.5,0.5625,0.625,0.585508995238,0.012959615281928977,1.843067126713839,0.548698323596,0.08766917975097344,1.4444298190911342,0.722890390307,0.009202061958643173,1.5757471452462632,0.667701763434,0.05494977221832391,1.5700615916405671,0.970972133468,0.2032851086718208,2.1886888400137696,0.891846513647,0.09083200064431057,2.0746611922543066
