Well/XY,cell_id,total_distance,net_distance,linearity,spearmanrsq,progressivity,max_speed,min_speed,avg_speed,MSD_slope,hurst_RS,nongauss,disp_var,disp_skew,rw_linearity,rw_netdist,rw_kurtosis01,rw_kurtosis02,rw_kurtosis03,rw_kurtosis04,rw_kurtosis05,rw_kurtosis06,rw_kurtosis07,rw_kurtosis08,rw_kurtosis09,rw_kurtosis10,avg_moving_speed01,avg_moving_speed02,avg_moving_speed03,avg_moving_speed04,avg_moving_speed05,avg_moving_speed06,avg_moving_speed07,avg_moving_speed08,avg_moving_speed09,avg_moving_speed10,time_moving01,time_moving02,time_moving03,time_moving04,time_moving05,time_moving06,time_moving07,time_moving08,time_moving09,time_moving10,autocorr_1,autocorr_2,autocorr_3,autocorr_4,autocorr_5,autocorr_6,autocorr_7,autocorr_8,autocorr_9,autocorr_10,p_rturn_9_5,p_rturn_9_6,p_rturn_10_5,p_rturn_10_6,p_rturn_11_5,p_rturn_11_6,mean_theta_9_5,min_theta_9_5,max_theta_9_5,mean_theta_9_6,min_theta_9_6,max_theta_9_6,mean_theta_10_5,min_theta_10_5,max_theta_10_5,mean_theta_10_6,min_theta_10_6,max_theta_10_6,mean_theta_11_5,min_theta_11_5,max_theta_11_5,mean_theta_11_6,min_theta_11_6,max_theta_11_6
WellB05_Seq0003/xy03,0,102.1369058686903,1.3685393673549213,0.0197947801273,0.0231126976701,0.013399068198858,1.820566944663127,0.012000000000011824,1.6473694495,0.132811159663,0.63099104517,1.04712562164,2.9203107455,2.296840896329425,-0.208520288388,-17.123136841,4.657103839033725,4.902867040231594,1.5000804964449106,1.924440626028944,0.5290189773751863,-0.48994281387973526,-1.3188125387006782,-1.2634128397527957,-0.6466941957423673,-0.46299499524929955,1.26114700388,0.0,0.0,0.0,0.0,0.0,0.0,0.0,0.0,0.0,0.13793103448275862,0.0,0.0,0.0,0.0,0.0,0.0,0.0,0.0,0.0,0.526844714342,0.138299713674,0.0633178757082,0.118153273262,0.0774423074431,-0.0504971441263,-0.0670436343778,-0.0549194743302,-0.151000983964,-0.175929866891,0.5625,0.5625,0.3125,0.3125,0.625,0.6875,0.570223501767,0.0791451830718633,1.904902729233151,0.543800038022,0.13198824919508215,1.3342333333851097,0.506949656912,0.00018098892258586793,1.3299095569116812,0.523591244453,0.027137302055586655,1.6461436661590394,0.605661413772,0.15443505390689446,1.7219746499295052,0.56867483637,0.1646375063608989,1.6979207189716115
