Well/XY,cell_id,total_distance,net_distance,linearity,spearmanrsq,progressivity,max_speed,min_speed,avg_speed,MSD_slope,hurst_RS,nongauss,disp_var,disp_skew,rw_linearity,rw_netdist,rw_kurtosis01,rw_kurtosis02,rw_kurtosis03,rw_kurtosis04,rw_kurtosis05,rw_kurtosis06,rw_kurtosis07,rw_kurtosis08,rw_kurtosis09,rw_kurtosis10,avg_moving_speed01,avg_moving_speed02,avg_moving_speed03,avg_moving_speed04,avg_moving_speed05,avg_moving_speed06,avg_moving_speed07,avg_moving_speed08,avg_moving_speed09,avg_moving_speed10,time_moving01,time_moving02,time_moving03,time_moving04,time_moving05,time_moving06,time_moving07,time_moving08,time_moving09,time_moving10,autocorr_1,autocorr_2,autocorr_3,autocorr_4,autocorr_5,autocorr_6,autocorr_7,autocorr_8,autocorr_9,autocorr_10,p_rturn_9_5,p_rturn_9_6,p_rturn_10_5,p_rturn_10_6,p_rturn_11_5,p_rturn_11_6,mean_theta_9_5,min_theta_9_5,max_theta_9_5,mean_theta_9_6,min_theta_9_6,max_theta_9_6,mean_theta_10_5,min_theta_10_5,max_theta_10_5,mean_theta_10_6,min_theta_10_6,max_theta_10_6,mean_theta_11_5,min_theta_11_5,max_theta_11_5,mean_theta_11_6,min_theta_11_6,max_theta_11_6
WellB05_Seq0003/xy13,0,66.47252533723568,6.184658438426569,0.314425548905,0.127284557006,0.09304082261129518,1.0567875850898076,0.044721359549995794,1.07213750544,0.735994282113,0.547806206879,1.27049587354,0.840960931595,3.0533094505591043,0.0787017581451,-5.85005521217,11.119510153902462,-0.6208641751157948,-0.07063896589984164,0.27413068809085894,-0.6240473084066926,-0.5716691241801857,-1.2160072956951935,1.4051230520442601,0.4346333055070142,0.15665645306585052,1.12160599142,0.0,0.0,0.0,0.0,0.0,0.0,0.0,0.0,0.0,0.017241379310344827,0.0,0.0,0.0,0.0,0.0,0.0,0.0,0.0,0.0,0.263363482571,-0.230667917791,-0.0293721692594,-0.0179539228969,-0.171710794966,-0.151603106914,0.0606501021024,-0.0195895630769,-0.172512786542,-0.115218427377,0.4375,0.4375,0.5,0.5,0.466666666667,0.4,0.766595429931,0.028390879700816645,2.4428418416056163,0.806047809815,0.09287028893304645,2.4414967825948675,0.656974176265,0.02138935494387673,1.404121942872285,0.613795170519,0.011966189777822033,1.4027768838615362,0.649609252825,0.018592749525354956,1.8257256960722978,0.68035068714,0.010495068038100084,1.8192867650646503
