Well/XY,cell_id,total_distance,net_distance,linearity,spearmanrsq,progressivity,max_speed,min_speed,avg_speed,MSD_slope,hurst_RS,nongauss,disp_var,disp_skew,rw_linearity,rw_netdist,rw_kurtosis01,rw_kurtosis02,rw_kurtosis03,rw_kurtosis04,rw_kurtosis05,rw_kurtosis06,rw_kurtosis07,rw_kurtosis08,rw_kurtosis09,rw_kurtosis10,avg_moving_speed01,avg_moving_speed02,avg_moving_speed03,avg_moving_speed04,avg_moving_speed05,avg_moving_speed06,avg_moving_speed07,avg_moving_speed08,avg_moving_speed09,avg_moving_speed10,time_moving01,time_moving02,time_moving03,time_moving04,time_moving05,time_moving06,time_moving07,time_moving08,time_moving09,time_moving10,autocorr_1,autocorr_2,autocorr_3,autocorr_4,autocorr_5,autocorr_6,autocorr_7,autocorr_8,autocorr_9,autocorr_10,p_rturn_9_5,p_rturn_9_6,p_rturn_10_5,p_rturn_10_6,p_rturn_11_5,p_rturn_11_6,mean_theta_9_5,min_theta_9_5,max_theta_9_5,mean_theta_9_6,min_theta_9_6,max_theta_9_6,mean_theta_10_5,min_theta_10_5,max_theta_10_5,mean_theta_10_6,min_theta_10_6,max_theta_10_6,mean_theta_11_5,min_theta_11_5,max_theta_11_5,mean_theta_11_6,min_theta_11_6,max_theta_11_6
WellB05_Seq0003/xy14,0,65.4730944252377,1.421267040355353,0.0336343446855,0.0239729714001,0.021707650338388493,0.559999999999991,0.02828427124746833,1.05601765202,0.285707839063,0.782541064054,-0.272369513582,0.340277223306,0.8643604190311521,-0.222529590697,-10.4325017044,0.49841202650949556,-0.48319183677012134,-1.4397971392129107,-0.33597265139400845,0.6380039490142302,-0.22985023899611745,-1.0595332322672755,-0.4161027046985022,-0.5476970773591128,-0.6697262785665017,0.0,0.0,0.0,0.0,0.0,0.0,0.0,0.0,0.0,0.0,0.0,0.0,0.0,0.0,0.0,0.0,0.0,0.0,0.0,0.0,0.294784791861,0.100371650218,0.185494868238,0.00739195140707,-0.0696444975697,0.152943536999,0.113161112889,0.0151504123051,0.217824732379,0.103432369341,0.333333333333,0.4,0.5,0.571428571429,0.4375,0.4375,0.496968583521,0.08071385448166812,1.430967165159064,0.477125438509,0.03107534622057363,1.3880989599135227,0.624935749396,0.03693787632686152,1.6283627250090031,0.630743004065,0.0052513630443126545,1.5854945197634618,0.873833703995,0.23336318287697397,1.7907902766257229,0.872012362473,0.18372467461587771,1.7076436663319527
