Well/XY,cell_id,total_distance,net_distance,linearity,spearmanrsq,progressivity,max_speed,min_speed,avg_speed,MSD_slope,hurst_RS,nongauss,disp_var,disp_skew,rw_linearity,rw_netdist,rw_kurtosis01,rw_kurtosis02,rw_kurtosis03,rw_kurtosis04,rw_kurtosis05,rw_kurtosis06,rw_kurtosis07,rw_kurtosis08,rw_kurtosis09,rw_kurtosis10,avg_moving_speed01,avg_moving_speed02,avg_moving_speed03,avg_moving_speed04,avg_moving_speed05,avg_moving_speed06,avg_moving_speed07,avg_moving_speed08,avg_moving_speed09,avg_moving_speed10,time_moving01,time_moving02,time_moving03,time_moving04,time_moving05,time_moving06,time_moving07,time_moving08,time_moving09,time_moving10,autocorr_1,autocorr_2,autocorr_3,autocorr_4,autocorr_5,autocorr_6,autocorr_7,autocorr_8,autocorr_9,autocorr_10,p_rturn_9_5,p_rturn_9_6,p_rturn_10_5,p_rturn_10_6,p_rturn_11_5,p_rturn_11_6,mean_theta_9_5,min_theta_9_5,max_theta_9_5,mean_theta_9_6,min_theta_9_6,max_theta_9_6,mean_theta_10_5,min_theta_10_5,max_theta_10_5,mean_theta_10_6,min_theta_10_6,max_theta_10_6,mean_theta_11_5,min_theta_11_5,max_theta_11_5,mean_theta_11_6,min_theta_11_6,max_theta_11_6
WellB05_Seq0003/xy22,0,123.0241713680268,23.477648945326635,0.352270748381,0.430021356676,0.19083769217264834,2.7904121559368353,0.0632455532033532,1.98426082852,0.970148347697,0.503122419794,-0.0971368497771,1.7833811455,1.0579039167931523,0.129903411319,1.20437638641,0.7228645097513215,-0.2321186072648742,-0.8359878159522443,-0.06925086769061695,-0.7221791922885763,-1.026453213059153,0.9471604210334648,-0.9084043844295304,-1.8055573888030287,0.5052344540238085,1.56386358225,2.24734690428,0.0,0.0,0.0,0.0,0.0,0.0,0.0,0.0,0.6379310344827587,0.13793103448275862,0.0,0.0,0.0,0.0,0.0,0.0,0.0,0.0,0.415368055053,0.0452650628364,-0.0079906104725,-0.0756199245632,-0.223348313406,-0.388352546335,-0.245927403299,-0.148523835819,-0.0563550268865,0.143601060398,0.6875,0.6875,0.625,0.625,0.4375,0.375,0.634540532137,0.00988828517614839,1.8240070293475108,0.645346597298,0.003160288157388311,1.8112254460399053,0.734714857813,0.045870877645797045,1.9521496275412924,0.749064825582,0.014226572679587383,1.9633716063816946,0.880048843054,0.006411426450907361,2.3264762248346456,0.908866073771,0.03298019136854014,2.5091519048470317
