Well/XY,cell_id,total_distance,net_distance,linearity,spearmanrsq,progressivity,max_speed,min_speed,avg_speed,MSD_slope,hurst_RS,nongauss,disp_var,disp_skew,rw_linearity,rw_netdist,rw_kurtosis01,rw_kurtosis02,rw_kurtosis03,rw_kurtosis04,rw_kurtosis05,rw_kurtosis06,rw_kurtosis07,rw_kurtosis08,rw_kurtosis09,rw_kurtosis10,avg_moving_speed01,avg_moving_speed02,avg_moving_speed03,avg_moving_speed04,avg_moving_speed05,avg_moving_speed06,avg_moving_speed07,avg_moving_speed08,avg_moving_speed09,avg_moving_speed10,time_moving01,time_moving02,time_moving03,time_moving04,time_moving05,time_moving06,time_moving07,time_moving08,time_moving09,time_moving10,autocorr_1,autocorr_2,autocorr_3,autocorr_4,autocorr_5,autocorr_6,autocorr_7,autocorr_8,autocorr_9,autocorr_10,p_rturn_9_5,p_rturn_9_6,p_rturn_10_5,p_rturn_10_6,p_rturn_11_5,p_rturn_11_6,mean_theta_9_5,min_theta_9_5,max_theta_9_5,mean_theta_9_6,min_theta_9_6,max_theta_9_6,mean_theta_10_5,min_theta_10_5,max_theta_10_5,mean_theta_10_6,min_theta_10_6,max_theta_10_6,mean_theta_11_5,min_theta_11_5,max_theta_11_5,mean_theta_11_6,min_theta_11_6,max_theta_11_6
WellB05_Seq0003/xy24,0,296.8887661511427,11.023397842770633,0.962063854933,0.958485363801,0.037129723652658334,9.254037173039665,0.16916264363031788,4.78852848631,0.723682201945,0.810166608968,-0.0825321250692,10.4931952958,1.0569547482624775,0.733681136301,-42.727701105,0.5378107386174782,-0.10911887833770129,0.1448616728937724,0.34938144099482393,-0.5064651047926345,0.29671421228081174,-0.054885155565508104,-1.2032925944786441,0.7661169838247921,-0.3859770830238536,4.16585521028,4.93883592475,5.44495573395,5.88964422802,7.3410468294,8.17389132374,8.98371562935,9.67687157234,10.0902507381,10.7818172188,0.9137931034482759,0.7068965517241379,0.5862068965517241,0.4827586206896552,0.2413793103448276,0.1724137931034483,0.1206896551724138,0.08620689655172414,0.06896551724137931,0.034482758620689655,0.495927959127,0.330606138432,0.0971585739293,0.0994118869752,0.0491238645675,0.0677344550836,0.0420362906782,0.162162320501,0.168591604733,0.207327524429,0.75,0.6875,0.5625,0.6875,0.5,0.5,0.0973399195051,0.004338100444426461,0.2922097167316809,0.0956996867932,0.0025097081357763496,0.31331047858662564,0.105702330544,0.00048684823281516603,0.3785404900476575,0.104871708475,0.006508780689492731,0.4076558833783924,0.148042085114,0.034024859030794434,0.5300846490735365,0.14382295191,0.012097677890089996,0.5234162509143719
