Well/XY,cell_id,total_distance,net_distance,linearity,spearmanrsq,progressivity,max_speed,min_speed,avg_speed,MSD_slope,hurst_RS,nongauss,disp_var,disp_skew,rw_linearity,rw_netdist,rw_kurtosis01,rw_kurtosis02,rw_kurtosis03,rw_kurtosis04,rw_kurtosis05,rw_kurtosis06,rw_kurtosis07,rw_kurtosis08,rw_kurtosis09,rw_kurtosis10,avg_moving_speed01,avg_moving_speed02,avg_moving_speed03,avg_moving_speed04,avg_moving_speed05,avg_moving_speed06,avg_moving_speed07,avg_moving_speed08,avg_moving_speed09,avg_moving_speed10,time_moving01,time_moving02,time_moving03,time_moving04,time_moving05,time_moving06,time_moving07,time_moving08,time_moving09,time_moving10,autocorr_1,autocorr_2,autocorr_3,autocorr_4,autocorr_5,autocorr_6,autocorr_7,autocorr_8,autocorr_9,autocorr_10,p_rturn_9_5,p_rturn_9_6,p_rturn_10_5,p_rturn_10_6,p_rturn_11_5,p_rturn_11_6,mean_theta_9_5,min_theta_9_5,max_theta_9_5,mean_theta_9_6,min_theta_9_6,max_theta_9_6,mean_theta_10_5,min_theta_10_5,max_theta_10_5,mean_theta_10_6,min_theta_10_6,max_theta_10_6,mean_theta_11_5,min_theta_11_5,max_theta_11_5,mean_theta_11_6,min_theta_11_6,max_theta_11_6
WellE05_Seq0032/xy24,0,483.9831595373727,81.77592860982992,0.0849370585325,0.0218401285217,0.168964409191422,11.437378895533708,0.18681541692266776,6.45310879383,1.37720567691,0.726454064006,0.343986097657,29.4071154507,1.5424788658845034,-0.134498859014,2.21666018707,2.845192460633256,0.9508902430073025,0.383338387675789,1.2828530068107176,-0.7903190394925335,-0.9031095250215371,0.12554710948001047,-1.0273218630090448,-0.8275306182641682,-1.5174698190303042,4.19966313616,4.75407624049,5.34874123947,6.55945195175,7.40867596342,8.16227401077,8.50201409954,8.99744609001,10.3576838371,11.003392386,0.9014084507042254,0.7464788732394366,0.5915492957746479,0.352112676056338,0.2535211267605634,0.18309859154929578,0.15492957746478872,0.11267605633802817,0.028169014084507043,0.014084507042253521,0.150284050962,0.30578388466,0.259554374657,0.0155702395869,0.259357943123,-0.116411768497,-0.0217940256065,0.0105144346646,-0.0245594758378,-0.0609391676031,0.47619047619,0.47619047619,0.5,0.45,0.4,0.4,0.772872122342,0.028476827461128628,2.503334662596782,0.72021711924,0.04925336051798738,2.5126237129941007,0.803264242387,0.001505659053001413,2.5821800967699278,0.758220378011,0.03210359116577339,2.5914691471672455,0.873389362437,0.06743557668928368,2.4118868233733655,0.841106798704,0.04475144196585624,2.4211758737706837
