Well/XY,cell_id,total_distance,net_distance,linearity,spearmanrsq,progressivity,max_speed,min_speed,avg_speed,MSD_slope,hurst_RS,nongauss,disp_var,disp_skew,rw_linearity,rw_netdist,rw_kurtosis01,rw_kurtosis02,rw_kurtosis03,rw_kurtosis04,rw_kurtosis05,rw_kurtosis06,rw_kurtosis07,rw_kurtosis08,rw_kurtosis09,rw_kurtosis10,avg_moving_speed01,avg_moving_speed02,avg_moving_speed03,avg_moving_speed04,avg_moving_speed05,avg_moving_speed06,avg_moving_speed07,avg_moving_speed08,avg_moving_speed09,avg_moving_speed10,time_moving01,time_moving02,time_moving03,time_moving04,time_moving05,time_moving06,time_moving07,time_moving08,time_moving09,time_moving10,autocorr_1,autocorr_2,autocorr_3,autocorr_4,autocorr_5,autocorr_6,autocorr_7,autocorr_8,autocorr_9,autocorr_10,p_rturn_9_5,p_rturn_9_6,p_rturn_10_5,p_rturn_10_6,p_rturn_11_5,p_rturn_11_6,mean_theta_9_5,min_theta_9_5,max_theta_9_5,mean_theta_9_6,min_theta_9_6,max_theta_9_6,mean_theta_10_5,min_theta_10_5,max_theta_10_5,mean_theta_10_6,min_theta_10_6,max_theta_10_6,mean_theta_11_5,min_theta_11_5,max_theta_11_5,mean_theta_11_6,min_theta_11_6,max_theta_11_6
WellE05_Seq0032/xy06,0,411.8294465545297,58.538770058825115,0.517238596951,0.543383336662,0.1421432356247845,4.090097309355844,0.21692394980729685,5.49105928739,0.886714510581,0.664594516365,0.0733316051342,14.8898990114,1.3943723492888425,0.28730994795,-9.15955546586,2.5085161968589276,0.7031709462219022,1.1255555819141625,0.09539770245414747,-0.9727031706625078,-1.4555295999339304,1.694813344957434,-0.1130608124735093,-1.3013232827520358,-0.3760219596799632,2.04931203353,2.91438260754,3.70657629021,4.61397182479,0.0,0.0,0.0,0.0,0.0,0.0,0.7887323943661971,0.323943661971831,0.1267605633802817,0.014084507042253521,0.0,0.0,0.0,0.0,0.0,0.0,0.040659698704,0.175120105369,0.206076060541,-0.0347157614833,-0.136017720831,-0.0708444416589,-0.125629572334,-0.103724681322,-0.0161172323982,-0.000228565038441,0.380952380952,0.380952380952,0.35,0.45,0.2,0.15,0.563786429241,0.033244849284131066,2.1319286462910605,0.560986066106,0.019247177305306732,2.176115474681824,0.647760110173,0.03646518943575971,2.154108881775851,0.602223503813,0.008321434420202079,2.177720449919243,0.545370121018,0.007751473424853417,2.289085427807522,0.505602374209,0.024725114398656652,2.302283731784709
