Well/XY,cell_id,total_distance,net_distance,linearity,spearmanrsq,progressivity,max_speed,min_speed,avg_speed,MSD_slope,hurst_RS,nongauss,disp_var,disp_skew,rw_linearity,rw_netdist,rw_kurtosis01,rw_kurtosis02,rw_kurtosis03,rw_kurtosis04,rw_kurtosis05,rw_kurtosis06,rw_kurtosis07,rw_kurtosis08,rw_kurtosis09,rw_kurtosis10,avg_moving_speed01,avg_moving_speed02,avg_moving_speed03,avg_moving_speed04,avg_moving_speed05,avg_moving_speed06,avg_moving_speed07,avg_moving_speed08,avg_moving_speed09,avg_moving_speed10,time_moving01,time_moving02,time_moving03,time_moving04,time_moving05,time_moving06,time_moving07,time_moving08,time_moving09,time_moving10,autocorr_1,autocorr_2,autocorr_3,autocorr_4,autocorr_5,autocorr_6,autocorr_7,autocorr_8,autocorr_9,autocorr_10,p_rturn_9_5,p_rturn_9_6,p_rturn_10_5,p_rturn_10_6,p_rturn_11_5,p_rturn_11_6,mean_theta_9_5,min_theta_9_5,max_theta_9_5,mean_theta_9_6,min_theta_9_6,max_theta_9_6,mean_theta_10_5,min_theta_10_5,max_theta_10_5,mean_theta_10_6,min_theta_10_6,max_theta_10_6,mean_theta_11_5,min_theta_11_5,max_theta_11_5,mean_theta_11_6,min_theta_11_6,max_theta_11_6
WellE05_Seq0032/xy12,0,537.9057482776674,190.7181839783506,0.0219819013769,0.246906417351,0.35455688025089055,21.63973382461069,0.27917736297916096,7.1720766437,1.35456096651,0.750902085405,0.497969900568,30.1796323792,2.0039507531402174,-0.218498544483,102.294884593,4.8517980560947525,12.976997112430567,15.640142359065784,6.46910559773351,5.46504060372094,2.8644034070279574,0.7336556961435776,0.39082681370973216,1.2380806131062263,0.04876466821120262,3.87008094386,4.26314097297,5.25568900535,6.19818631247,7.70148508318,11.1150439962,14.1902792881,14.1902792881,17.0537466858,17.0537466858,0.8873239436619719,0.7605633802816901,0.49295774647887325,0.323943661971831,0.16901408450704225,0.07042253521126761,0.04225352112676056,0.04225352112676056,0.028169014084507043,0.028169014084507043,0.621157749236,0.38756564099,0.188145949516,0.131095188998,0.0506079230922,0.015571074004,-0.010380752273,-0.103659488327,-0.0541516357798,0.0409842739652,0.714285714286,0.714285714286,0.65,0.7,0.65,0.7,0.642755793308,0.08621853256422583,2.215858852053448,0.591523964943,0.01304343954564767,2.3033934271643797,0.591702345285,0.010469030764174008,2.180757562650241,0.543755856704,0.08364412378274247,2.2682921377611724,0.64951606931,0.06305936736121368,2.300412365944297,0.595142257583,0.03717560831264258,2.387946941055229
