Well/XY,cell_id,total_distance,net_distance,linearity,spearmanrsq,progressivity,max_speed,min_speed,avg_speed,MSD_slope,hurst_RS,nongauss,disp_var,disp_skew,rw_linearity,rw_netdist,rw_kurtosis01,rw_kurtosis02,rw_kurtosis03,rw_kurtosis04,rw_kurtosis05,rw_kurtosis06,rw_kurtosis07,rw_kurtosis08,rw_kurtosis09,rw_kurtosis10,avg_moving_speed01,avg_moving_speed02,avg_moving_speed03,avg_moving_speed04,avg_moving_speed05,avg_moving_speed06,avg_moving_speed07,avg_moving_speed08,avg_moving_speed09,avg_moving_speed10,time_moving01,time_moving02,time_moving03,time_moving04,time_moving05,time_moving06,time_moving07,time_moving08,time_moving09,time_moving10,autocorr_1,autocorr_2,autocorr_3,autocorr_4,autocorr_5,autocorr_6,autocorr_7,autocorr_8,autocorr_9,autocorr_10,p_rturn_9_5,p_rturn_9_6,p_rturn_10_5,p_rturn_10_6,p_rturn_11_5,p_rturn_11_6,mean_theta_9_5,min_theta_9_5,max_theta_9_5,mean_theta_9_6,min_theta_9_6,max_theta_9_6,mean_theta_10_5,min_theta_10_5,max_theta_10_5,mean_theta_10_6,min_theta_10_6,max_theta_10_6,mean_theta_11_5,min_theta_11_5,max_theta_11_5,mean_theta_11_6,min_theta_11_6,max_theta_11_6
WellE05_Seq0032/xy03,0,635.4202081967859,227.5026373473503,0.778140257032,0.889888398105,0.3580349419370277,10.380613469347546,0.19313207915829828,8.47226944262,1.40951212041,0.600836725356,0.557254001512,54.7452428023,1.9104232507460466,0.525507016387,123.049484569,3.887713388455598,2.122543374704989,0.24769178562971028,-0.7463736327324941,-1.0545573963990924,-0.7051567152779699,0.27388019538733,-1.2818509895564874,-0.23346014456483877,-1.624699381534846,3.98341172931,4.35907641055,5.15039596435,6.1072001629,6.82000782284,7.3274622752,7.84726442395,8.77834126721,9.76670343565,0.0,0.9436619718309859,0.8169014084507042,0.5774647887323944,0.36619718309859156,0.2535211267605634,0.18309859154929578,0.11267605633802817,0.04225352112676056,0.014084507042253521,0.0,0.242097553802,-0.0747734876106,-0.162920748768,0.0234505664018,0.0671568927581,0.215716870658,0.117078776285,0.0395530784653,-0.101696693264,0.00627612734254,0.380952380952,0.380952380952,0.45,0.5,0.4,0.4,0.730497869504,0.030550530956483236,2.218663502413595,0.724810740673,0.021753293269597657,2.0762933545492674,0.654833041906,0.0623411217449161,2.488140596741237,0.659442467247,0.11776719982299359,2.4211521059185195,0.704830541114,0.023770630415473656,2.108797430215041,0.651276391862,0.01363320346888547,2.2202855572583715
