Well/XY,cell_id,total_distance,net_distance,linearity,spearmanrsq,progressivity,max_speed,min_speed,avg_speed,MSD_slope,hurst_RS,nongauss,disp_var,disp_skew,rw_linearity,rw_netdist,rw_kurtosis01,rw_kurtosis02,rw_kurtosis03,rw_kurtosis04,rw_kurtosis05,rw_kurtosis06,rw_kurtosis07,rw_kurtosis08,rw_kurtosis09,rw_kurtosis10,avg_moving_speed01,avg_moving_speed02,avg_moving_speed03,avg_moving_speed04,avg_moving_speed05,avg_moving_speed06,avg_moving_speed07,avg_moving_speed08,avg_moving_speed09,avg_moving_speed10,time_moving01,time_moving02,time_moving03,time_moving04,time_moving05,time_moving06,time_moving07,time_moving08,time_moving09,time_moving10,autocorr_1,autocorr_2,autocorr_3,autocorr_4,autocorr_5,autocorr_6,autocorr_7,autocorr_8,autocorr_9,autocorr_10,p_rturn_9_5,p_rturn_9_6,p_rturn_10_5,p_rturn_10_6,p_rturn_11_5,p_rturn_11_6,mean_theta_9_5,min_theta_9_5,max_theta_9_5,mean_theta_9_6,min_theta_9_6,max_theta_9_6,mean_theta_10_5,min_theta_10_5,max_theta_10_5,mean_theta_10_6,min_theta_10_6,max_theta_10_6,mean_theta_11_5,min_theta_11_5,max_theta_11_5,mean_theta_11_6,min_theta_11_6,max_theta_11_6
WellE05_Seq0032/xy07,0,350.89437393998764,217.86288715611923,0.784937925187,0.90837906397,0.620878826610596,6.973768278341335,0.2828427124746367,4.67859165253,1.71897039684,0.705260102018,0.220518102936,9.25193066871,2.0232111372273534,0.534761336117,160.181335362,6.730173155419362,1.5930395221181683,1.9682597758214104,-0.16344567299938095,-0.40774510991839286,-0.1428651602277453,-0.42648643796954433,-0.6775892259602654,-0.8126231557577959,-1.1314553595678825,3.61567164865,4.08350495809,4.70327601435,5.51988632346,6.3460679683,6.89313903742,7.38112872316,0.0,0.0,0.0,0.9295774647887324,0.7605633802816901,0.5492957746478874,0.323943661971831,0.18309859154929578,0.11267605633802817,0.056338028169014086,0.0,0.0,0.0,0.0575345568777,0.21306829059,0.147617560363,0.0614889588768,0.0329332571237,0.093665756058,0.0773251677175,0.0769078221674,0.14969274242,0.0667326903776,0.285714285714,0.333333333333,0.35,0.35,0.45,0.45,0.527289646522,0.0005649530211082715,2.9020253366703086,0.486555421709,0.0318265368692246,2.8216487509824284,0.528321100281,0.027528007471686853,2.822019525751545,0.491665091391,0.016243736975773,2.7416429400636653,0.408145585596,0.02113121538078556,2.756429333654765,0.366976786019,0.006987120535541273,2.6760527479668847
