Well/XY,cell_id,total_distance,net_distance,linearity,spearmanrsq,progressivity,max_speed,min_speed,avg_speed,MSD_slope,hurst_RS,nongauss,disp_var,disp_skew,rw_linearity,rw_netdist,rw_kurtosis01,rw_kurtosis02,rw_kurtosis03,rw_kurtosis04,rw_kurtosis05,rw_kurtosis06,rw_kurtosis07,rw_kurtosis08,rw_kurtosis09,rw_kurtosis10,avg_moving_speed01,avg_moving_speed02,avg_moving_speed03,avg_moving_speed04,avg_moving_speed05,avg_moving_speed06,avg_moving_speed07,avg_moving_speed08,avg_moving_speed09,avg_moving_speed10,time_moving01,time_moving02,time_moving03,time_moving04,time_moving05,time_moving06,time_moving07,time_moving08,time_moving09,time_moving10,autocorr_1,autocorr_2,autocorr_3,autocorr_4,autocorr_5,autocorr_6,autocorr_7,autocorr_8,autocorr_9,autocorr_10,p_rturn_9_5,p_rturn_9_6,p_rturn_10_5,p_rturn_10_6,p_rturn_11_5,p_rturn_11_6,mean_theta_9_5,min_theta_9_5,max_theta_9_5,mean_theta_9_6,min_theta_9_6,max_theta_9_6,mean_theta_10_5,min_theta_10_5,max_theta_10_5,mean_theta_10_6,min_theta_10_6,max_theta_10_6,mean_theta_11_5,min_theta_11_5,max_theta_11_5,mean_theta_11_6,min_theta_11_6,max_theta_11_6
WellD07_Seq0023/xy07,0,860.7327930346146,277.6186773255719,0.772558646517,0.861496038812,0.3225375860803382,12.122986430743866,0.4903060268852683,11.4764372405,1.26640371032,0.683434984739,0.115912283751,84.1634561195,1.278606346448791,0.574956870651,136.127656467,0.8923084614181076,0.8799915663246018,0.052585693825521584,-0.5305735311869562,-0.08019451155973822,-0.8559778097639015,-0.7302789700736954,-1.1926119412144955,-1.2888233123671942,-0.9947028903153834,5.31012851277,5.97756161307,6.15295959919,6.96296925396,7.55099626635,8.61245853033,10.0324079102,10.4651534485,10.896451302,11.4948075255,0.971830985915493,0.8309859154929577,0.7887323943661971,0.6056338028169014,0.49295774647887325,0.323943661971831,0.19718309859154928,0.16901408450704225,0.14084507042253522,0.09859154929577464,0.22501762934,0.111584554492,-0.0898825523541,-0.070296498512,0.0483701287552,0.0334314750106,0.0760999763513,-0.0789292642297,-0.0460348921666,-0.188435859474,0.52380952381,0.52380952381,0.473684210526,0.473684210526,0.4,0.35,0.805530968537,0.033189060413825765,2.849721653552241,0.850367439865,0.1292229612346056,2.8666165542687048,0.909904700182,0.1059032317686916,2.7624854908901475,0.913294979833,0.0727062873371071,2.7793803916066113,0.912431725414,0.019533645550134555,2.825169315060977,0.974257114354,0.09525660520737983,2.842064215777441
