Well/XY,cell_id,total_distance,net_distance,linearity,spearmanrsq,progressivity,max_speed,min_speed,avg_speed,MSD_slope,hurst_RS,nongauss,disp_var,disp_skew,rw_linearity,rw_netdist,rw_kurtosis01,rw_kurtosis02,rw_kurtosis03,rw_kurtosis04,rw_kurtosis05,rw_kurtosis06,rw_kurtosis07,rw_kurtosis08,rw_kurtosis09,rw_kurtosis10,avg_moving_speed01,avg_moving_speed02,avg_moving_speed03,avg_moving_speed04,avg_moving_speed05,avg_moving_speed06,avg_moving_speed07,avg_moving_speed08,avg_moving_speed09,avg_moving_speed10,time_moving01,time_moving02,time_moving03,time_moving04,time_moving05,time_moving06,time_moving07,time_moving08,time_moving09,time_moving10,autocorr_1,autocorr_2,autocorr_3,autocorr_4,autocorr_5,autocorr_6,autocorr_7,autocorr_8,autocorr_9,autocorr_10,p_rturn_9_5,p_rturn_9_6,p_rturn_10_5,p_rturn_10_6,p_rturn_11_5,p_rturn_11_6,mean_theta_9_5,min_theta_9_5,max_theta_9_5,mean_theta_9_6,min_theta_9_6,max_theta_9_6,mean_theta_10_5,min_theta_10_5,max_theta_10_5,mean_theta_10_6,min_theta_10_6,max_theta_10_6,mean_theta_11_5,min_theta_11_5,max_theta_11_5,mean_theta_11_6,min_theta_11_6,max_theta_11_6
WellD07_Seq0023/xy06,0,709.5452901812508,166.53060499499773,0.921603540824,0.894141407185,0.2347004585887084,12.296210798453298,0.517285221130469,9.46060386908,1.37229098626,0.697013077569,1.38496274761,68.5225141007,2.90219777368011,0.678636577063,49.8924470608,12.718645220075974,7.54133607664617,-0.6145389427861887,2.8184641630969534,-0.54545875512183,-0.9328688991908192,0.7206547508919425,-0.4388251227513562,-1.1952887628502131,-0.8543808015871619,4.00923100987,4.64731913275,5.43952324566,6.36492678337,8.00812276039,8.46092786594,10.0654157134,10.4562535239,12.372382001,13.7470513087,0.9154929577464789,0.7323943661971831,0.5352112676056338,0.36619718309859156,0.19718309859154928,0.16901408450704225,0.09859154929577464,0.08450704225352113,0.04225352112676056,0.028169014084507043,0.0494985123355,0.315876209255,0.0496301612194,0.0547113004435,-0.062841486157,0.010119160844,-0.0897055513063,0.0493810118833,0.0225486720073,0.162894620469,0.666666666667,0.714285714286,0.65,0.75,0.6,0.65,0.573063110731,0.059593202800202624,1.936110681862765,0.598741657151,0.029405989571214566,1.7732666165030804,0.561845418295,0.014401102924115483,2.1709113664750723,0.533094110237,0.01140298989941864,2.038384167869854,0.56944062597,0.10291541239775613,2.106835615897301,0.537938794291,0.025536017681066666,1.6715920816735692
