Well/XY,cell_id,total_distance,net_distance,linearity,spearmanrsq,progressivity,max_speed,min_speed,avg_speed,MSD_slope,hurst_RS,nongauss,disp_var,disp_skew,rw_linearity,rw_netdist,rw_kurtosis01,rw_kurtosis02,rw_kurtosis03,rw_kurtosis04,rw_kurtosis05,rw_kurtosis06,rw_kurtosis07,rw_kurtosis08,rw_kurtosis09,rw_kurtosis10,avg_moving_speed01,avg_moving_speed02,avg_moving_speed03,avg_moving_speed04,avg_moving_speed05,avg_moving_speed06,avg_moving_speed07,avg_moving_speed08,avg_moving_speed09,avg_moving_speed10,time_moving01,time_moving02,time_moving03,time_moving04,time_moving05,time_moving06,time_moving07,time_moving08,time_moving09,time_moving10,autocorr_1,autocorr_2,autocorr_3,autocorr_4,autocorr_5,autocorr_6,autocorr_7,autocorr_8,autocorr_9,autocorr_10,p_rturn_9_5,p_rturn_9_6,p_rturn_10_5,p_rturn_10_6,p_rturn_11_5,p_rturn_11_6,mean_theta_9_5,min_theta_9_5,max_theta_9_5,mean_theta_9_6,min_theta_9_6,max_theta_9_6,mean_theta_10_5,min_theta_10_5,max_theta_10_5,mean_theta_10_6,min_theta_10_6,max_theta_10_6,mean_theta_11_5,min_theta_11_5,max_theta_11_5,mean_theta_11_6,min_theta_11_6,max_theta_11_6
WellD07_Seq0023/xy24,0,426.01391227442764,40.69872848136657,0.0578644987045,0.045154071284,0.09553380138240522,5.609985383225165,0.1315750736271909,5.68018549699,0.911877793156,0.796197614465,0.0704269013925,18.1058577612,1.2952065468935063,-0.17336649876,-29.3313015529,1.2894069216082977,-0.6793538438581246,0.2875042833885635,0.4867080505311763,-0.6685117863408152,-1.3575013812074277,-0.20888043969606374,-1.5920815651346378,-1.0618575047471521,-1.3807667514974196,2.82023414422,3.53345325549,4.18996935916,4.89860104768,5.63513724781,6.29967395982,0.0,0.0,0.0,0.0,0.7887323943661971,0.5070422535211268,0.323943661971831,0.16901408450704225,0.056338028169014086,0.014084507042253521,0.0,0.0,0.0,0.0,0.146629591665,0.289126143761,0.0912529581781,0.0401201936321,0.18212421245,0.0777278948658,0.197741809257,0.0825318085088,0.0642467637995,-0.00136195365644,0.571428571429,0.571428571429,0.55,0.55,0.5,0.55,0.926563358439,0.1297367547932884,1.8876266106596067,0.91800772665,0.13779652822953856,2.0353523734590127,0.941868035211,0.04343225111780803,1.917111902678035,1.01041331822,0.008767681838354037,2.0607255294803837,0.934296843529,0.015345096739965874,1.7974536825094052,0.93368003577,0.049261523266089464,1.9104451087440102
