Well/XY,cell_id,total_distance,net_distance,linearity,spearmanrsq,progressivity,max_speed,min_speed,avg_speed,MSD_slope,hurst_RS,nongauss,disp_var,disp_skew,rw_linearity,rw_netdist,rw_kurtosis01,rw_kurtosis02,rw_kurtosis03,rw_kurtosis04,rw_kurtosis05,rw_kurtosis06,rw_kurtosis07,rw_kurtosis08,rw_kurtosis09,rw_kurtosis10,avg_moving_speed01,avg_moving_speed02,avg_moving_speed03,avg_moving_speed04,avg_moving_speed05,avg_moving_speed06,avg_moving_speed07,avg_moving_speed08,avg_moving_speed09,avg_moving_speed10,time_moving01,time_moving02,time_moving03,time_moving04,time_moving05,time_moving06,time_moving07,time_moving08,time_moving09,time_moving10,autocorr_1,autocorr_2,autocorr_3,autocorr_4,autocorr_5,autocorr_6,autocorr_7,autocorr_8,autocorr_9,autocorr_10,p_rturn_9_5,p_rturn_9_6,p_rturn_10_5,p_rturn_10_6,p_rturn_11_5,p_rturn_11_6,mean_theta_9_5,min_theta_9_5,max_theta_9_5,mean_theta_9_6,min_theta_9_6,max_theta_9_6,mean_theta_10_5,min_theta_10_5,max_theta_10_5,mean_theta_10_6,min_theta_10_6,max_theta_10_6,mean_theta_11_5,min_theta_11_5,max_theta_11_5,mean_theta_11_6,min_theta_11_6,max_theta_11_6
WellD07_Seq0023/xy08,0,544.6676555145503,70.9739388789997,0.761376837795,0.72136630661,0.1303068727515135,9.7416797319559,0.31378973851928527,7.26223540686,1.27573409406,0.775843454528,-0.343363377574,15.6885842237,0.4655723295213535,0.531913803471,-18.5609123908,-0.6496040539489281,0.9063703600953885,0.8121022597401386,2.36619691859479,2.567311870774363,2.3927676003271863,-0.06603603474922792,0.2965783465506484,-0.3004307888715263,-0.37289713416809533,3.92952607628,4.49725446977,5.88913638922,6.66989542293,7.37653536997,8.42682825659,9.32912337547,10.520340161,10.9849605283,11.590057951,0.9577464788732394,0.7746478873239436,0.4647887323943662,0.352112676056338,0.2676056338028169,0.16901408450704225,0.11267605633802817,0.07042253521126761,0.056338028169014086,0.04225352112676056,0.240261990232,0.124740789423,0.0174384726453,0.026586991912,-0.0156722439753,-0.11086474381,-0.174321339853,0.0696804769822,0.173066866066,-0.0248577752563,0.619047619048,0.666666666667,0.55,0.55,0.55,0.55,0.807284973035,0.01625825912342955,1.9188660930292252,0.861390224286,0.012368197295260936,1.9628545708161416,0.829080750758,0.06003943878105734,1.9655222663039074,0.845184662034,0.00913570737113557,2.046488488433646,0.902300997912,0.002028347817373434,1.9884339077863082,0.917693899131,0.0058308961204068975,2.032422385573225
