Well/XY,cell_id,total_distance,net_distance,linearity,spearmanrsq,progressivity,max_speed,min_speed,avg_speed,MSD_slope,hurst_RS,nongauss,disp_var,disp_skew,rw_linearity,rw_netdist,rw_kurtosis01,rw_kurtosis02,rw_kurtosis03,rw_kurtosis04,rw_kurtosis05,rw_kurtosis06,rw_kurtosis07,rw_kurtosis08,rw_kurtosis09,rw_kurtosis10,avg_moving_speed01,avg_moving_speed02,avg_moving_speed03,avg_moving_speed04,avg_moving_speed05,avg_moving_speed06,avg_moving_speed07,avg_moving_speed08,avg_moving_speed09,avg_moving_speed10,time_moving01,time_moving02,time_moving03,time_moving04,time_moving05,time_moving06,time_moving07,time_moving08,time_moving09,time_moving10,autocorr_1,autocorr_2,autocorr_3,autocorr_4,autocorr_5,autocorr_6,autocorr_7,autocorr_8,autocorr_9,autocorr_10,p_rturn_9_5,p_rturn_9_6,p_rturn_10_5,p_rturn_10_6,p_rturn_11_5,p_rturn_11_6,mean_theta_9_5,min_theta_9_5,max_theta_9_5,mean_theta_9_6,min_theta_9_6,max_theta_9_6,mean_theta_10_5,min_theta_10_5,max_theta_10_5,mean_theta_10_6,min_theta_10_6,max_theta_10_6,mean_theta_11_5,min_theta_11_5,max_theta_11_5,mean_theta_11_6,min_theta_11_6,max_theta_11_6
WellD07_Seq0023/xy17,0,746.2196084925855,69.42117832477344,5.35081796243e-05,0.000864708984041,0.09303049334901417,14.000642842384034,0.7244308110509723,9.9495947799,1.50923678796,0.702514352376,0.0579355842384,45.8088276317,1.5515502684152378,-0.205291699985,-53.2456644454,2.324497168417885,1.2512421975640802,-0.014892687186088605,0.24787243578202345,0.27576061054214174,0.542763391552767,-0.5552824719403175,0.11976519396814567,-0.20071802481657963,0.19067489523882397,7.66967702847,7.95437120674,8.11820970147,8.26386136105,8.64956025968,9.30727699123,10.3836552789,10.9896496026,11.6596848207,13.160760261,0.9859154929577465,0.9436619718309859,0.9154929577464789,0.8873239436619719,0.8028169014084507,0.6619718309859155,0.4788732394366197,0.39436619718309857,0.30985915492957744,0.18309859154929578,0.067484658228,0.0265702708468,0.214252981986,-0.0430968367653,0.117535698871,0.0493475532122,0.206061324601,0.0851177496294,0.0199402590366,-0.043357500448,0.285714285714,0.285714285714,0.3,0.35,0.3,0.3,0.844136578485,0.005390233626493691,2.6112653133031474,0.815877387087,0.03276347047229602,2.6036139369281273,0.877608060895,0.0814105278938686,2.5970368960973502,0.847267787166,0.019763815254701965,2.58938551972233,0.917661718716,0.021958568857117833,2.547794062890513,0.885125588102,0.0054146679886488275,2.540142686515493
