Well/XY,cell_id,total_distance,net_distance,linearity,spearmanrsq,progressivity,max_speed,min_speed,avg_speed,MSD_slope,hurst_RS,nongauss,disp_var,disp_skew,rw_linearity,rw_netdist,rw_kurtosis01,rw_kurtosis02,rw_kurtosis03,rw_kurtosis04,rw_kurtosis05,rw_kurtosis06,rw_kurtosis07,rw_kurtosis08,rw_kurtosis09,rw_kurtosis10,avg_moving_speed01,avg_moving_speed02,avg_moving_speed03,avg_moving_speed04,avg_moving_speed05,avg_moving_speed06,avg_moving_speed07,avg_moving_speed08,avg_moving_speed09,avg_moving_speed10,time_moving01,time_moving02,time_moving03,time_moving04,time_moving05,time_moving06,time_moving07,time_moving08,time_moving09,time_moving10,autocorr_1,autocorr_2,autocorr_3,autocorr_4,autocorr_5,autocorr_6,autocorr_7,autocorr_8,autocorr_9,autocorr_10,p_rturn_9_5,p_rturn_9_6,p_rturn_10_5,p_rturn_10_6,p_rturn_11_5,p_rturn_11_6,mean_theta_9_5,min_theta_9_5,max_theta_9_5,mean_theta_9_6,min_theta_9_6,max_theta_9_6,mean_theta_10_5,min_theta_10_5,max_theta_10_5,mean_theta_10_6,min_theta_10_6,max_theta_10_6,mean_theta_11_5,min_theta_11_5,max_theta_11_5,mean_theta_11_6,min_theta_11_6,max_theta_11_6
WellD07_Seq0023/xy25,0,937.2694707837699,34.2023420250719,0.305316730813,0.304469750956,0.03649147133371471,8.991808271977328,0.297112773202365,12.4969262771,0.531237602719,0.743246133052,-0.0686116032259,67.8675924957,1.1347185916375586,0.0758209897769,-119.870112648,1.5742292439760437,1.3558342008047495,-0.3554744750266008,-0.07331387819009105,2.29341203112112,-1.1510095996469871,-1.3285499225891093,-1.0496693179485783,0.721413149767343,-0.5537658284791722,3.98920733722,4.43843382841,5.38042775873,6.12799081689,7.39399219837,7.71672795555,8.61645248087,9.32828887502,10.0363499963,10.7003186868,0.9014084507042254,0.7605633802816901,0.5211267605633803,0.36619718309859156,0.2112676056338028,0.18309859154929578,0.11267605633802817,0.07042253521126761,0.04225352112676056,0.014084507042253521,0.444486374555,0.182197516335,0.289319454781,0.137372329102,-0.0800861230666,-0.103752889776,-0.0419033521631,-0.021884924993,-0.0952253370202,-0.0930782295022,0.571428571429,0.571428571429,0.5,0.5,0.6,0.65,0.715659506308,0.02613595361415395,2.3841157541521656,0.727727051935,0.012525133664389058,2.324232097287974,0.780768471849,0.00952325859532827,2.4418505886745696,0.814246154232,0.002105350769798793,2.4704363538851415,0.754651063131,0.031155370160053,2.094878031654931,0.724866354655,0.0003246595371263636,2.112118312581458
