Well/XY,cell_id,total_distance,net_distance,linearity,spearmanrsq,progressivity,max_speed,min_speed,avg_speed,MSD_slope,hurst_RS,nongauss,disp_var,disp_skew,rw_linearity,rw_netdist,rw_kurtosis01,rw_kurtosis02,rw_kurtosis03,rw_kurtosis04,rw_kurtosis05,rw_kurtosis06,rw_kurtosis07,rw_kurtosis08,rw_kurtosis09,rw_kurtosis10,avg_moving_speed01,avg_moving_speed02,avg_moving_speed03,avg_moving_speed04,avg_moving_speed05,avg_moving_speed06,avg_moving_speed07,avg_moving_speed08,avg_moving_speed09,avg_moving_speed10,time_moving01,time_moving02,time_moving03,time_moving04,time_moving05,time_moving06,time_moving07,time_moving08,time_moving09,time_moving10,autocorr_1,autocorr_2,autocorr_3,autocorr_4,autocorr_5,autocorr_6,autocorr_7,autocorr_8,autocorr_9,autocorr_10,p_rturn_9_5,p_rturn_9_6,p_rturn_10_5,p_rturn_10_6,p_rturn_11_5,p_rturn_11_6,mean_theta_9_5,min_theta_9_5,max_theta_9_5,mean_theta_9_6,min_theta_9_6,max_theta_9_6,mean_theta_10_5,min_theta_10_5,max_theta_10_5,mean_theta_10_6,min_theta_10_6,max_theta_10_6,mean_theta_11_5,min_theta_11_5,max_theta_11_5,mean_theta_11_6,min_theta_11_6,max_theta_11_6
WellD07_Seq0023/xy14,0,1453.6039057071048,251.41877893268017,0.483870651488,0.544875136984,0.172962371623773,16.670400235147333,1.0718003545436805,19.1263671804,1.09987192196,0.780180448415,-0.438487939152,83.0965068281,0.14287167867844885,0.230150708401,14.0668041911,-0.7308314862203735,1.1340036467053265,-0.014828424831531795,-0.6140894500560803,-0.8739273487277344,-0.982852504518827,-0.8158004838010675,-0.9281541469264774,-1.1236465640576436,-1.1381138276867278,8.97063465213,9.41550494123,9.83665037433,10.0419144633,10.5290408512,10.7041747847,11.5109497388,12.2270575913,12.8659278415,13.2256210387,1.0,0.9444444444444444,0.8888888888888888,0.8611111111111112,0.7916666666666666,0.7638888888888888,0.6388888888888888,0.5416666666666666,0.4583333333333333,0.4166666666666667,0.0591403942575,0.275128077632,0.172847485872,0.258100689293,0.0841789009661,-0.120980846401,0.142458641709,-0.0728786254737,0.102105623098,-0.209277634873,0.761904761905,0.761904761905,0.761904761905,0.809523809524,0.7,0.7,0.837147948681,0.08012097276222646,2.5673335015679144,0.801558988857,0.029668792678650104,2.4767078028380918,0.710345960417,0.04643995634791625,2.23097338169483,0.680562420217,0.03684209247401862,2.272783969866783,0.649215480513,0.00860732912412363,2.281060963020036,0.621906018473,0.00612960091993228,2.3294875101205004
