Well/XY,cell_id,total_distance,net_distance,linearity,spearmanrsq,progressivity,max_speed,min_speed,avg_speed,MSD_slope,hurst_RS,nongauss,disp_var,disp_skew,rw_linearity,rw_netdist,rw_kurtosis01,rw_kurtosis02,rw_kurtosis03,rw_kurtosis04,rw_kurtosis05,rw_kurtosis06,rw_kurtosis07,rw_kurtosis08,rw_kurtosis09,rw_kurtosis10,avg_moving_speed01,avg_moving_speed02,avg_moving_speed03,avg_moving_speed04,avg_moving_speed05,avg_moving_speed06,avg_moving_speed07,avg_moving_speed08,avg_moving_speed09,avg_moving_speed10,time_moving01,time_moving02,time_moving03,time_moving04,time_moving05,time_moving06,time_moving07,time_moving08,time_moving09,time_moving10,autocorr_1,autocorr_2,autocorr_3,autocorr_4,autocorr_5,autocorr_6,autocorr_7,autocorr_8,autocorr_9,autocorr_10,p_rturn_9_5,p_rturn_9_6,p_rturn_10_5,p_rturn_10_6,p_rturn_11_5,p_rturn_11_6,mean_theta_9_5,min_theta_9_5,max_theta_9_5,mean_theta_9_6,min_theta_9_6,max_theta_9_6,mean_theta_10_5,min_theta_10_5,max_theta_10_5,mean_theta_10_6,min_theta_10_6,max_theta_10_6,mean_theta_11_5,min_theta_11_5,max_theta_11_5,mean_theta_11_6,min_theta_11_6,max_theta_11_6
WellD07_Seq0023/xy16,0,2893.5380724229944,1058.2033867362172,0.762541417214,0.623268698061,0.36571261903255264,53.499085038905115,2.8808339070484554,38.072869374,1.45212397112,0.709319686554,-0.17171594992,483.513739905,1.142688319924576,0.535591211422,585.731503039,2.0406111640986158,-0.47954696479533565,-0.6688399520432662,-0.8591621951112924,-0.7685296960161252,-0.08009254271924426,-1.518325732190345,0.2394539757308496,-1.4520069053515852,-0.9658302948910422,32.7851844808,32.7851844808,32.7851844808,32.7851844808,32.7851844808,32.7851844808,32.7851844808,32.7851844808,33.1314256918,33.1314256918,0.9861111111111112,0.9861111111111112,0.9861111111111112,0.9861111111111112,0.9861111111111112,0.9861111111111112,0.9861111111111112,0.9861111111111112,0.9722222222222222,0.9722222222222222,0.233105777292,0.0916908906637,0.0304044881731,-0.19983209915,-0.0975519289794,-0.291572495786,0.0740717867403,0.0983801944803,-0.0427497213234,0.117579218165,0.47619047619,0.47619047619,0.428571428571,0.47619047619,0.5,0.5,0.592947517066,0.010447022668989323,1.8209772431913485,0.604459831594,0.006246880756620206,1.7650296319891199,0.604286653448,0.040063036163005536,1.8391104218700418,0.620348415388,0.0020417353675182526,1.7831628106678132,0.666783015409,0.05779229130387005,1.8430252652034766,0.683053851569,0.019770990508403103,1.7870776540012479
