Well/XY,cell_id,total_distance,net_distance,linearity,spearmanrsq,progressivity,max_speed,min_speed,avg_speed,MSD_slope,hurst_RS,nongauss,disp_var,disp_skew,rw_linearity,rw_netdist,rw_kurtosis01,rw_kurtosis02,rw_kurtosis03,rw_kurtosis04,rw_kurtosis05,rw_kurtosis06,rw_kurtosis07,rw_kurtosis08,rw_kurtosis09,rw_kurtosis10,avg_moving_speed01,avg_moving_speed02,avg_moving_speed03,avg_moving_speed04,avg_moving_speed05,avg_moving_speed06,avg_moving_speed07,avg_moving_speed08,avg_moving_speed09,avg_moving_speed10,time_moving01,time_moving02,time_moving03,time_moving04,time_moving05,time_moving06,time_moving07,time_moving08,time_moving09,time_moving10,autocorr_1,autocorr_2,autocorr_3,autocorr_4,autocorr_5,autocorr_6,autocorr_7,autocorr_8,autocorr_9,autocorr_10,p_rturn_9_5,p_rturn_9_6,p_rturn_10_5,p_rturn_10_6,p_rturn_11_5,p_rturn_11_6,mean_theta_9_5,min_theta_9_5,max_theta_9_5,mean_theta_9_6,min_theta_9_6,max_theta_9_6,mean_theta_10_5,min_theta_10_5,max_theta_10_5,mean_theta_10_6,min_theta_10_6,max_theta_10_6,mean_theta_11_5,min_theta_11_5,max_theta_11_5,mean_theta_11_6,min_theta_11_6,max_theta_11_6
WellC10_Seq0009/xy06,0,570.6608500329772,17.272087308718632,0.736614899693,0.737602717288,0.03026681663499523,6.453974899238444,0.054626001134991754,7.60881133377,0.592484976153,0.717947253993,0.390696606245,42.2656987751,1.6578583932452193,0.527216497449,-76.535638955,2.7965985071543065,2.3943246934255793,6.783825290795184,1.2271191944142892,0.3398865932480266,-1.0120786690988948,0.1910785138013642,0.1887441537665726,-0.3952584907766923,-0.8461445237415468,2.19412882669,3.16181895207,3.99970323753,5.51495177605,7.4331756336,7.4331756336,7.4331756336,0.0,0.0,0.0,0.7887323943661971,0.3380281690140845,0.15492957746478872,0.04225352112676056,0.014084507042253521,0.014084507042253521,0.014084507042253521,0.0,0.0,0.0,0.336250605855,0.18971381551,0.0508720347519,-0.0627809757052,-0.0673839651443,-0.0286544117195,-0.0374619357975,-0.102457365919,-0.0954355592333,-0.0773172683033,0.47619047619,0.571428571429,0.6,0.6,0.45,0.45,0.650854300092,0.0446286962814274,2.1996776876193063,0.683974866295,0.04477486929557325,2.2045624426234474,0.763380795,0.03999580003098344,2.2808738629100467,0.792735038241,0.032456812364524114,2.291715191543874,0.88063334722,0.04169259488022816,2.1793672353877973,0.923069757037,0.03237798751498006,2.134245935479472
