Well/XY,cell_id,total_distance,net_distance,linearity,spearmanrsq,progressivity,max_speed,min_speed,avg_speed,MSD_slope,hurst_RS,nongauss,disp_var,disp_skew,rw_linearity,rw_netdist,rw_kurtosis01,rw_kurtosis02,rw_kurtosis03,rw_kurtosis04,rw_kurtosis05,rw_kurtosis06,rw_kurtosis07,rw_kurtosis08,rw_kurtosis09,rw_kurtosis10,avg_moving_speed01,avg_moving_speed02,avg_moving_speed03,avg_moving_speed04,avg_moving_speed05,avg_moving_speed06,avg_moving_speed07,avg_moving_speed08,avg_moving_speed09,avg_moving_speed10,time_moving01,time_moving02,time_moving03,time_moving04,time_moving05,time_moving06,time_moving07,time_moving08,time_moving09,time_moving10,autocorr_1,autocorr_2,autocorr_3,autocorr_4,autocorr_5,autocorr_6,autocorr_7,autocorr_8,autocorr_9,autocorr_10,p_rturn_9_5,p_rturn_9_6,p_rturn_10_5,p_rturn_10_6,p_rturn_11_5,p_rturn_11_6,mean_theta_9_5,min_theta_9_5,max_theta_9_5,mean_theta_9_6,min_theta_9_6,max_theta_9_6,mean_theta_10_5,min_theta_10_5,max_theta_10_5,mean_theta_10_6,min_theta_10_6,max_theta_10_6,mean_theta_11_5,min_theta_11_5,max_theta_11_5,mean_theta_11_6,min_theta_11_6,max_theta_11_6
WellD06_Seq0004/xy03,0,1682.6683501164316,374.5555607650218,0.332138682072,0.283490859021,0.2225961882144539,33.28346622574037,1.2907362240209943,22.1403730278,0.916041201744,0.559261919773,0.964423697089,292.448017702,2.665317976138527,0.0647058665458,99.8007570889,11.782100690610338,4.199179629521217,3.1324993669332315,-0.39023838362604923,0.15302057514201017,-0.22600004396452755,-0.14214845579373359,-0.8213835494046258,-1.0735694177632598,-1.238042328526317,15.7566047274,15.7566047274,16.33055547,16.51958327,16.7007455347,17.04392861,17.740422323,18.0818599921,18.2404205874,18.7285101159,1.0,1.0,0.9583333333333334,0.9444444444444444,0.9305555555555556,0.9027777777777778,0.8472222222222222,0.8194444444444444,0.8055555555555556,0.7638888888888888,0.350842237045,-0.155197223968,-0.222777736299,-0.127312117711,-0.0691496563728,0.0326339704491,0.0266272617812,-0.118453205738,-0.0116893447755,0.0705920988424,0.666666666667,0.571428571429,0.571428571429,0.52380952381,0.45,0.5,0.776531238428,0.11022750583481267,1.9989874167852166,0.764455885237,0.13434899221274912,2.145111046356107,0.753409549579,0.123887181357401,1.7993715834345154,0.780355433792,0.15358706480788747,1.9454952130054053,0.883415609718,0.011266561421500839,2.420901422978859,0.866134558324,0.0035861359976892752,2.377800472267557
