Well/XY,cell_id,total_distance,net_distance,linearity,spearmanrsq,progressivity,max_speed,min_speed,avg_speed,MSD_slope,hurst_RS,nongauss,disp_var,disp_skew,rw_linearity,rw_netdist,rw_kurtosis01,rw_kurtosis02,rw_kurtosis03,rw_kurtosis04,rw_kurtosis05,rw_kurtosis06,rw_kurtosis07,rw_kurtosis08,rw_kurtosis09,rw_kurtosis10,avg_moving_speed01,avg_moving_speed02,avg_moving_speed03,avg_moving_speed04,avg_moving_speed05,avg_moving_speed06,avg_moving_speed07,avg_moving_speed08,avg_moving_speed09,avg_moving_speed10,time_moving01,time_moving02,time_moving03,time_moving04,time_moving05,time_moving06,time_moving07,time_moving08,time_moving09,time_moving10,autocorr_1,autocorr_2,autocorr_3,autocorr_4,autocorr_5,autocorr_6,autocorr_7,autocorr_8,autocorr_9,autocorr_10,p_rturn_9_5,p_rturn_9_6,p_rturn_10_5,p_rturn_10_6,p_rturn_11_5,p_rturn_11_6,mean_theta_9_5,min_theta_9_5,max_theta_9_5,mean_theta_9_6,min_theta_9_6,max_theta_9_6,mean_theta_10_5,min_theta_10_5,max_theta_10_5,mean_theta_10_6,min_theta_10_6,max_theta_10_6,mean_theta_11_5,min_theta_11_5,max_theta_11_5,mean_theta_11_6,min_theta_11_6,max_theta_11_6
WellC11_Seq0010/xy15,0,1135.20951962439,35.3576498087755,0.108043388092,0.0885215018532,0.031146364787774494,11.567334178625604,0.5060039525537253,15.1361269283,0.359936088238,0.691954698602,-0.223413419801,90.962866848,0.7058068571823095,-0.130561833176,-151.253055767,0.15053378323626054,-0.5983770113274285,1.888415234603924,-0.6320463636987079,-0.3235472787506821,1.9686892434123129,-1.1883213610265062,-0.33386315211894413,0.03729374286073783,-0.14961259350235645,4.22629187061,4.5409924782,5.12554657262,5.9298833869,6.97610113213,7.88943341625,8.83083899524,9.88870752239,9.88870752239,10.9510697194,0.9154929577464789,0.8169014084507042,0.6338028169014085,0.43661971830985913,0.2535211267605634,0.15492957746478872,0.09859154929577464,0.056338028169014086,0.056338028169014086,0.014084507042253521,0.333595276746,0.10122467121,0.0269671103944,-0.066645036136,0.0892244248311,0.301766332066,0.0185760679692,-0.0531693583568,-0.0685780570491,-0.0646640959963,0.666666666667,0.666666666667,0.4,0.35,0.6,0.5,0.986851838673,0.08802996142511738,1.9364597041481713,0.922010281188,0.256284694373573,1.9423790158058307,0.828626441827,0.011913952109658931,1.9498479428904318,0.832825132442,0.0003570726090364325,1.981918082870335,0.982066362595,0.08950287948832354,1.9898972296218858,0.934511799618,0.0920107022112342,1.998305405209098
