Well/XY,cell_id,total_distance,net_distance,linearity,spearmanrsq,progressivity,max_speed,min_speed,avg_speed,MSD_slope,hurst_RS,nongauss,disp_var,disp_skew,rw_linearity,rw_netdist,rw_kurtosis01,rw_kurtosis02,rw_kurtosis03,rw_kurtosis04,rw_kurtosis05,rw_kurtosis06,rw_kurtosis07,rw_kurtosis08,rw_kurtosis09,rw_kurtosis10,avg_moving_speed01,avg_moving_speed02,avg_moving_speed03,avg_moving_speed04,avg_moving_speed05,avg_moving_speed06,avg_moving_speed07,avg_moving_speed08,avg_moving_speed09,avg_moving_speed10,time_moving01,time_moving02,time_moving03,time_moving04,time_moving05,time_moving06,time_moving07,time_moving08,time_moving09,time_moving10,autocorr_1,autocorr_2,autocorr_3,autocorr_4,autocorr_5,autocorr_6,autocorr_7,autocorr_8,autocorr_9,autocorr_10,p_rturn_9_5,p_rturn_9_6,p_rturn_10_5,p_rturn_10_6,p_rturn_11_5,p_rturn_11_6,mean_theta_9_5,min_theta_9_5,max_theta_9_5,mean_theta_9_6,min_theta_9_6,max_theta_9_6,mean_theta_10_5,min_theta_10_5,max_theta_10_5,mean_theta_10_6,min_theta_10_6,max_theta_10_6,mean_theta_11_5,min_theta_11_5,max_theta_11_5,mean_theta_11_6,min_theta_11_6,max_theta_11_6
WellC11_Seq0010/xy06,0,1396.3821610431382,522.2326287201901,0.335191636597,0.301595032572,0.3739897596013881,46.51852207454575,0.9170757874897874,18.6184288139,0.928448645454,0.634361311709,6.36496966949,428.073687292,5.9543629595467396,0.13904106493,292.689222133,42.16435065862441,22.11625674607794,13.801383363031842,6.465357536308355,5.117092887070358,5.224464315895274,4.074315059128639,2.956924302855642,1.6897919108702455,0.8548951660099919,12.015453217,12.3166794167,12.4640165214,12.4640165214,12.828674932,13.4406813818,13.4406813818,14.2132375598,15.0718018009,15.7246203988,1.0,0.971830985915493,0.9577464788732394,0.9577464788732394,0.9154929577464789,0.8450704225352113,0.8450704225352113,0.7464788732394366,0.647887323943662,0.5774647887323944,0.193135866207,0.00843536426464,0.00869628151867,-0.0100138519348,-0.0401813400643,-0.01841131692,-0.0514321712968,0.0784097225549,0.0196720986822,0.0040323421754,0.666666666667,0.619047619048,0.6,0.55,0.65,0.7,0.858978901496,0.08223507515709273,2.1596213451608333,0.792980786938,0.01169884379408391,2.2257475019940056,0.848892718997,0.0015262079026285842,2.2833348435975838,0.792667264825,0.026377162217741872,2.3494610004307557,0.824432040481,0.02303856203020233,2.3137044825948814,0.765787816131,0.03832745344824085,2.3798306394280533
