Well/XY,cell_id,total_distance,net_distance,linearity,spearmanrsq,progressivity,max_speed,min_speed,avg_speed,MSD_slope,hurst_RS,nongauss,disp_var,disp_skew,rw_linearity,rw_netdist,rw_kurtosis01,rw_kurtosis02,rw_kurtosis03,rw_kurtosis04,rw_kurtosis05,rw_kurtosis06,rw_kurtosis07,rw_kurtosis08,rw_kurtosis09,rw_kurtosis10,avg_moving_speed01,avg_moving_speed02,avg_moving_speed03,avg_moving_speed04,avg_moving_speed05,avg_moving_speed06,avg_moving_speed07,avg_moving_speed08,avg_moving_speed09,avg_moving_speed10,time_moving01,time_moving02,time_moving03,time_moving04,time_moving05,time_moving06,time_moving07,time_moving08,time_moving09,time_moving10,autocorr_1,autocorr_2,autocorr_3,autocorr_4,autocorr_5,autocorr_6,autocorr_7,autocorr_8,autocorr_9,autocorr_10,p_rturn_9_5,p_rturn_9_6,p_rturn_10_5,p_rturn_10_6,p_rturn_11_5,p_rturn_11_6,mean_theta_9_5,min_theta_9_5,max_theta_9_5,mean_theta_9_6,min_theta_9_6,max_theta_9_6,mean_theta_10_5,min_theta_10_5,max_theta_10_5,mean_theta_10_6,min_theta_10_6,max_theta_10_6,mean_theta_11_5,min_theta_11_5,max_theta_11_5,mean_theta_11_6,min_theta_11_6,max_theta_11_6
WellC11_Seq0010/xy20,0,1542.5574241591319,278.08223046430004,0.0428435370822,0.162419500931,0.1802735030210537,44.88756892503761,0.45056409089052113,20.5674323221,0.571330576127,0.795836645809,1.28178674801,477.945635133,2.24529315419217,-0.200902092037,24.5098948411,6.252423445524078,4.748720900111737,6.3675862514330674,5.117729352554905,7.700957125601088,6.649739675819651,3.059765407652338,3.8323595300492803,2.978071107844041,1.9034806711911934,8.79923971636,9.52082285325,10.9253565561,13.2982272346,14.993570057,16.7904637171,19.1319163201,23.5359535105,24.5235158789,28.3041875905,0.9295774647887324,0.8450704225352113,0.704225352112676,0.5352112676056338,0.4507042253521127,0.38028169014084506,0.30985915492957744,0.22535211267605634,0.2112676056338028,0.16901408450704225,0.646095241467,0.357034251876,0.232390008482,0.167897148797,0.164363412087,0.141126401035,0.117443346914,-0.00460551505243,-0.0838921451778,-0.0983013445736,0.333333333333,0.380952380952,0.55,0.5,0.6,0.6,1.01427575411,0.05905747398344982,2.491292293610892,0.961564708634,0.09160417974315545,2.5758079844263317,1.06151465609,0.07861605984143893,2.6241008711330394,1.00917071457,0.19847680156754047,2.708582308583836,0.990315863453,0.007461786184904236,2.786426878162265,0.949923163306,0.09039590410095705,2.8709425689777044
