Well/XY,cell_id,total_distance,net_distance,linearity,spearmanrsq,progressivity,max_speed,min_speed,avg_speed,MSD_slope,hurst_RS,nongauss,disp_var,disp_skew,rw_linearity,rw_netdist,rw_kurtosis01,rw_kurtosis02,rw_kurtosis03,rw_kurtosis04,rw_kurtosis05,rw_kurtosis06,rw_kurtosis07,rw_kurtosis08,rw_kurtosis09,rw_kurtosis10,avg_moving_speed01,avg_moving_speed02,avg_moving_speed03,avg_moving_speed04,avg_moving_speed05,avg_moving_speed06,avg_moving_speed07,avg_moving_speed08,avg_moving_speed09,avg_moving_speed10,time_moving01,time_moving02,time_moving03,time_moving04,time_moving05,time_moving06,time_moving07,time_moving08,time_moving09,time_moving10,autocorr_1,autocorr_2,autocorr_3,autocorr_4,autocorr_5,autocorr_6,autocorr_7,autocorr_8,autocorr_9,autocorr_10,p_rturn_9_5,p_rturn_9_6,p_rturn_10_5,p_rturn_10_6,p_rturn_11_5,p_rturn_11_6,mean_theta_9_5,min_theta_9_5,max_theta_9_5,mean_theta_9_6,min_theta_9_6,max_theta_9_6,mean_theta_10_5,min_theta_10_5,max_theta_10_5,mean_theta_10_6,min_theta_10_6,max_theta_10_6,mean_theta_11_5,min_theta_11_5,max_theta_11_5,mean_theta_11_6,min_theta_11_6,max_theta_11_6
WellC11_Seq0010/xy14,0,832.1547009983694,65.80182444279183,0.591598210886,0.668080932699,0.07907402837939476,10.953651628566606,0.45084808971537377,11.0953960133,1.02139069336,0.779785345573,-0.0838422399253,67.4271854609,0.9155849275344523,0.346395872301,-70.9914046631,-0.12197693204313831,0.03107392280490684,1.0505172740487323,-0.46227324293779803,-1.3058390215946551,-0.9875460639337561,-0.9365530999992937,-1.200850297659648,-1.1291190744762407,-0.8272863189862587,5.34778312662,5.76138263641,6.62403559301,7.80779798772,8.10767848948,8.86837530264,9.45162143432,10.116637693,10.6369070411,11.3605086125,0.9577464788732394,0.8591549295774648,0.676056338028169,0.49295774647887325,0.4507042253521127,0.352112676056338,0.28169014084507044,0.2112676056338028,0.15492957746478872,0.09859154929577464,0.159232114282,0.154818884617,0.103940482423,0.0969567855661,0.202391677517,0.0168511994352,-0.109792054852,-0.148044441005,0.206262740969,0.110324957592,0.47619047619,0.47619047619,0.6,0.65,0.65,0.6,0.622934273545,0.036528416747896295,2.155559171766512,0.623360054476,0.0051196284374881275,2.0098550591272106,0.804397835264,0.018651951006442367,2.5484136057384803,0.812081922562,0.011476116523631116,2.4844796583574524,0.761856994253,0.022049328450404145,2.369772651934989,0.779328233307,0.027472127517260404,2.4160650567410715
