Well/XY,cell_id,total_distance,net_distance,linearity,spearmanrsq,progressivity,max_speed,min_speed,avg_speed,MSD_slope,hurst_RS,nongauss,disp_var,disp_skew,rw_linearity,rw_netdist,rw_kurtosis01,rw_kurtosis02,rw_kurtosis03,rw_kurtosis04,rw_kurtosis05,rw_kurtosis06,rw_kurtosis07,rw_kurtosis08,rw_kurtosis09,rw_kurtosis10,avg_moving_speed01,avg_moving_speed02,avg_moving_speed03,avg_moving_speed04,avg_moving_speed05,avg_moving_speed06,avg_moving_speed07,avg_moving_speed08,avg_moving_speed09,avg_moving_speed10,time_moving01,time_moving02,time_moving03,time_moving04,time_moving05,time_moving06,time_moving07,time_moving08,time_moving09,time_moving10,autocorr_1,autocorr_2,autocorr_3,autocorr_4,autocorr_5,autocorr_6,autocorr_7,autocorr_8,autocorr_9,autocorr_10,p_rturn_9_5,p_rturn_9_6,p_rturn_10_5,p_rturn_10_6,p_rturn_11_5,p_rturn_11_6,mean_theta_9_5,min_theta_9_5,max_theta_9_5,mean_theta_9_6,min_theta_9_6,max_theta_9_6,mean_theta_10_5,min_theta_10_5,max_theta_10_5,mean_theta_10_6,min_theta_10_6,max_theta_10_6,mean_theta_11_5,min_theta_11_5,max_theta_11_5,mean_theta_11_6,min_theta_11_6,max_theta_11_6
WellB07_Seq0005/xy12,0,409.5425777262355,67.73117819734114,0.590185551299,0.432189245327,0.16538250692609793,4.216017077764272,0.2630589287593105,5.46056770302,1.0543446821,0.844012625433,0.166502581394,15.3285986007,1.5661813076025148,0.322668872045,0.408778172071,3.166402809433083,4.667916804496384,-0.2604590673949061,-0.34058388323875377,-0.5372223596193937,-0.6347317749059287,-0.9459739867305768,0.48728002698017736,0.46164046027102623,-0.2215208709078187,2.2477953936,3.14307430545,3.72881199862,4.64560825695,5.81532458251,0.0,0.0,0.0,0.0,0.0,0.676056338028169,0.29577464788732394,0.16901408450704225,0.04225352112676056,0.014084507042253521,0.0,0.0,0.0,0.0,0.0,0.363677155445,0.301003137376,0.200744736838,0.120263610786,0.0644825898567,0.108422791783,-0.0063788050937,0.132832294831,0.278946116992,0.201357671954,0.47619047619,0.47619047619,0.6,0.5,0.65,0.6,0.594681058102,0.0010331230946654547,1.302933435017296,0.556889162676,0.14326118186295717,1.185691298494069,0.770607739853,0.05291604939810338,2.160028572602868,0.733539478552,0.0960551933155489,2.2702645529830114,0.575756543449,0.10614215930002446,1.4447199534087434,0.543217200674,0.050447816354574355,1.2067137662667995
