Well/XY,cell_id,total_distance,net_distance,linearity,spearmanrsq,progressivity,max_speed,min_speed,avg_speed,MSD_slope,hurst_RS,nongauss,disp_var,disp_skew,rw_linearity,rw_netdist,rw_kurtosis01,rw_kurtosis02,rw_kurtosis03,rw_kurtosis04,rw_kurtosis05,rw_kurtosis06,rw_kurtosis07,rw_kurtosis08,rw_kurtosis09,rw_kurtosis10,avg_moving_speed01,avg_moving_speed02,avg_moving_speed03,avg_moving_speed04,avg_moving_speed05,avg_moving_speed06,avg_moving_speed07,avg_moving_speed08,avg_moving_speed09,avg_moving_speed10,time_moving01,time_moving02,time_moving03,time_moving04,time_moving05,time_moving06,time_moving07,time_moving08,time_moving09,time_moving10,autocorr_1,autocorr_2,autocorr_3,autocorr_4,autocorr_5,autocorr_6,autocorr_7,autocorr_8,autocorr_9,autocorr_10,p_rturn_9_5,p_rturn_9_6,p_rturn_10_5,p_rturn_10_6,p_rturn_11_5,p_rturn_11_6,mean_theta_9_5,min_theta_9_5,max_theta_9_5,mean_theta_9_6,min_theta_9_6,max_theta_9_6,mean_theta_10_5,min_theta_10_5,max_theta_10_5,mean_theta_10_6,min_theta_10_6,max_theta_10_6,mean_theta_11_5,min_theta_11_5,max_theta_11_5,mean_theta_11_6,min_theta_11_6,max_theta_11_6
WellB07_Seq0005/xy07,0,1659.44715157969,793.8041995983643,0.378746200336,0.329662782445,0.47835461276528896,34.090232325403704,0.8940089485010816,22.1259620211,1.62884596221,0.785318481429,0.0948641564836,267.958620194,1.311782723747478,0.148301794271,521.017019375,1.846329111206666,-0.1392750205619393,-0.8956852867213114,-1.1942513429000388,-0.8764249428592197,-0.46478002774774696,-1.1750535697489608,-1.194941250626693,-1.2207816304719616,-0.1542602639653543,19.0184368424,20.3576172836,20.3576172836,20.8913061582,21.4350368728,21.7086321096,22.7926234857,23.9673428271,24.9097853306,25.2375499085,0.9859154929577465,0.9154929577464789,0.9154929577464789,0.8873239436619719,0.8591549295774648,0.8450704225352113,0.7887323943661971,0.7323943661971831,0.6901408450704225,0.676056338028169,0.402634758841,0.282606986899,0.125994695702,0.33652038769,0.135816502571,0.020146418228,-0.1379644734,-0.0444634098212,-0.108875693112,-0.0692636651676,0.52380952381,0.52380952381,0.55,0.5,0.45,0.45,0.759093609191,0.07600340288589522,1.980184692187347,0.724787646513,0.08316304710914026,1.9202950130692078,0.788996984929,0.07978694662736972,1.9231241421655767,0.734805195579,0.08694659085061095,1.8632344630474376,0.740414208698,0.04378859298790046,1.8315570635580123,0.699080856648,0.05094823721114546,1.7716673844398731
