Well/XY,cell_id,total_distance,net_distance,linearity,spearmanrsq,progressivity,max_speed,min_speed,avg_speed,MSD_slope,hurst_RS,nongauss,disp_var,disp_skew,rw_linearity,rw_netdist,rw_kurtosis01,rw_kurtosis02,rw_kurtosis03,rw_kurtosis04,rw_kurtosis05,rw_kurtosis06,rw_kurtosis07,rw_kurtosis08,rw_kurtosis09,rw_kurtosis10,avg_moving_speed01,avg_moving_speed02,avg_moving_speed03,avg_moving_speed04,avg_moving_speed05,avg_moving_speed06,avg_moving_speed07,avg_moving_speed08,avg_moving_speed09,avg_moving_speed10,time_moving01,time_moving02,time_moving03,time_moving04,time_moving05,time_moving06,time_moving07,time_moving08,time_moving09,time_moving10,autocorr_1,autocorr_2,autocorr_3,autocorr_4,autocorr_5,autocorr_6,autocorr_7,autocorr_8,autocorr_9,autocorr_10,p_rturn_9_5,p_rturn_9_6,p_rturn_10_5,p_rturn_10_6,p_rturn_11_5,p_rturn_11_6,mean_theta_9_5,min_theta_9_5,max_theta_9_5,mean_theta_9_6,min_theta_9_6,max_theta_9_6,mean_theta_10_5,min_theta_10_5,max_theta_10_5,mean_theta_10_6,min_theta_10_6,max_theta_10_6,mean_theta_11_5,min_theta_11_5,max_theta_11_5,mean_theta_11_6,min_theta_11_6,max_theta_11_6
WellB07_Seq0005/xy20,0,1570.5947212019767,319.22211702825365,0.470254514775,0.512838390811,0.20324919772043604,40.81932875489257,1.771173622206451,20.9412629494,1.55235876668,0.794914634779,0.170013882153,276.486811869,1.3249043589939233,0.220022210135,61.0408878985,1.6034894035873481,-0.28745559987934755,0.45140992565690397,-0.22161475450548185,-0.8282771585640827,-1.1444508849919912,-1.3846311227057795,-1.2553513937188163,-1.2380940168165717,-1.5763328523473161,19.0269685566,19.0269685566,19.5056634516,19.977869755,20.705579402,21.458864635,22.4894557051,24.2602731879,24.2602731879,24.5546691089,1.0,1.0,0.971830985915493,0.9436619718309859,0.9014084507042254,0.8591549295774648,0.8028169014084507,0.7183098591549296,0.7183098591549296,0.704225352112676,0.541331782872,0.303265615886,0.141035998873,0.0762856472082,0.0246756811866,0.03212560695,0.0526110452784,0.123542934182,0.173679886187,0.106008292168,0.571428571429,0.571428571429,0.55,0.55,0.5,0.5,1.05738604225,0.017862005665249113,2.582220000918232,1.00876186589,0.06987444899024216,2.38637017120389,1.12292714185,0.014222986102803831,2.397359444811796,1.06979842366,0.06623542942779843,2.3584899916646624,1.12709831386,0.0117368625371281,2.3779856225780214,1.07851082683,0.06374930586212561,2.3410612721865522
