Well/XY,cell_id,total_distance,net_distance,linearity,spearmanrsq,progressivity,max_speed,min_speed,avg_speed,MSD_slope,hurst_RS,nongauss,disp_var,disp_skew,rw_linearity,rw_netdist,rw_kurtosis01,rw_kurtosis02,rw_kurtosis03,rw_kurtosis04,rw_kurtosis05,rw_kurtosis06,rw_kurtosis07,rw_kurtosis08,rw_kurtosis09,rw_kurtosis10,avg_moving_speed01,avg_moving_speed02,avg_moving_speed03,avg_moving_speed04,avg_moving_speed05,avg_moving_speed06,avg_moving_speed07,avg_moving_speed08,avg_moving_speed09,avg_moving_speed10,time_moving01,time_moving02,time_moving03,time_moving04,time_moving05,time_moving06,time_moving07,time_moving08,time_moving09,time_moving10,autocorr_1,autocorr_2,autocorr_3,autocorr_4,autocorr_5,autocorr_6,autocorr_7,autocorr_8,autocorr_9,autocorr_10,p_rturn_9_5,p_rturn_9_6,p_rturn_10_5,p_rturn_10_6,p_rturn_11_5,p_rturn_11_6,mean_theta_9_5,min_theta_9_5,max_theta_9_5,mean_theta_9_6,min_theta_9_6,max_theta_9_6,mean_theta_10_5,min_theta_10_5,max_theta_10_5,mean_theta_10_6,min_theta_10_6,max_theta_10_6,mean_theta_11_5,min_theta_11_5,max_theta_11_5,mean_theta_11_6,min_theta_11_6,max_theta_11_6
WellB07_Seq0005/xy14,0,630.806423171469,119.252037299159,0.288799463545,0.0844555158184,0.18904696103061605,20.128946817953484,0.3944616584663184,8.41075230895,1.14781814622,0.807414725803,3.26627071837,105.369960393,3.655240603476305,0.0370810043973,15.5573186815,16.170843464454517,10.910841909819093,3.1913475974373178,2.0397688777174245,5.481631308436059,3.964534100647213,1.2219303605572387,0.9729536981390092,1.543356693229085,-0.19939493624914828,4.854650938,6.10578141141,7.46647609361,9.55380567118,10.3414327262,11.2416394448,13.491246767,14.1398087841,14.7611605695,15.4533359696,0.9154929577464789,0.6619718309859155,0.4788732394366197,0.30985915492957744,0.2676056338028169,0.22535211267605634,0.15492957746478872,0.14084507042253522,0.1267605633802817,0.11267605633802817,0.329034619088,0.219478850918,0.268012544843,0.202386103509,0.284556364098,0.23126758391,0.0157667615989,0.210384433847,-0.030918378324,-0.166729364928,0.47619047619,0.571428571429,0.65,0.6,0.6,0.6,0.59070119555,0.028328186099423384,1.7702739555482736,0.566466595769,0.013141474878161235,1.7006461962627426,0.616475657341,0.0014896528854715708,1.7518096248259025,0.67122769466,0.00857095020101112,1.8372403362172494,0.664369223633,0.027201985128130535,1.6793615697056716,0.661027428942,0.09391694841580718,1.7417447007759272
