Well/XY,cell_id,total_distance,net_distance,linearity,spearmanrsq,progressivity,max_speed,min_speed,avg_speed,MSD_slope,hurst_RS,nongauss,disp_var,disp_skew,rw_linearity,rw_netdist,rw_kurtosis01,rw_kurtosis02,rw_kurtosis03,rw_kurtosis04,rw_kurtosis05,rw_kurtosis06,rw_kurtosis07,rw_kurtosis08,rw_kurtosis09,rw_kurtosis10,avg_moving_speed01,avg_moving_speed02,avg_moving_speed03,avg_moving_speed04,avg_moving_speed05,avg_moving_speed06,avg_moving_speed07,avg_moving_speed08,avg_moving_speed09,avg_moving_speed10,time_moving01,time_moving02,time_moving03,time_moving04,time_moving05,time_moving06,time_moving07,time_moving08,time_moving09,time_moving10,autocorr_1,autocorr_2,autocorr_3,autocorr_4,autocorr_5,autocorr_6,autocorr_7,autocorr_8,autocorr_9,autocorr_10,p_rturn_9_5,p_rturn_9_6,p_rturn_10_5,p_rturn_10_6,p_rturn_11_5,p_rturn_11_6,mean_theta_9_5,min_theta_9_5,max_theta_9_5,mean_theta_9_6,min_theta_9_6,max_theta_9_6,mean_theta_10_5,min_theta_10_5,max_theta_10_5,mean_theta_10_6,min_theta_10_6,max_theta_10_6,mean_theta_11_5,min_theta_11_5,max_theta_11_5,mean_theta_11_6,min_theta_11_6,max_theta_11_6
WellD11_Seq0009/xy08,0,990.7528105105807,96.64594611260218,0.59426901254,0.548796614867,0.0975479908684751,35.61074197485921,0.07641989269817191,13.2100374735,0.662685648296,0.715666831753,4.4485420689,348.803200636,3.9702657808235973,0.360842999437,-66.2183338499,19.561444745461717,13.185343667960545,3.838299292407328,3.327015315610609,2.4452349431126423,0.9404590978151721,-0.4326007803428511,-0.9206257985600361,-0.9533470739988332,-1.260555470200402,9.34625620433,11.0474925971,11.7412525909,12.9063882485,14.28413426,15.4153986575,16.3423910662,17.4026730698,18.1719425265,19.4028579364,0.8873239436619719,0.7323943661971831,0.676056338028169,0.5915492957746479,0.5070422535211268,0.4507042253521127,0.4084507042253521,0.36619718309859156,0.3380281690140845,0.29577464788732394,0.274264612652,0.025861058737,0.0830921052427,0.0415284855439,-0.00359721609968,-0.00311898707391,0.0814722232597,0.131906324048,0.0964782217174,0.187982200653,0.47619047619,0.52380952381,0.5,0.5,0.55,0.55,0.815263843295,0.04506955552378198,2.240949948225529,0.827263237716,0.04237386066103045,2.433393996626095,0.862631684193,0.0051594582707520245,2.4210743888804225,0.869961059106,0.05604507539289471,2.4322548489039857,0.935983021124,0.00406559469303218,2.3504369794039417,0.93090621818,0.06310252846655007,2.425972861659941
