Well/XY,cell_id,total_distance,net_distance,linearity,spearmanrsq,progressivity,max_speed,min_speed,avg_speed,MSD_slope,hurst_RS,nongauss,disp_var,disp_skew,rw_linearity,rw_netdist,rw_kurtosis01,rw_kurtosis02,rw_kurtosis03,rw_kurtosis04,rw_kurtosis05,rw_kurtosis06,rw_kurtosis07,rw_kurtosis08,rw_kurtosis09,rw_kurtosis10,avg_moving_speed01,avg_moving_speed02,avg_moving_speed03,avg_moving_speed04,avg_moving_speed05,avg_moving_speed06,avg_moving_speed07,avg_moving_speed08,avg_moving_speed09,avg_moving_speed10,time_moving01,time_moving02,time_moving03,time_moving04,time_moving05,time_moving06,time_moving07,time_moving08,time_moving09,time_moving10,autocorr_1,autocorr_2,autocorr_3,autocorr_4,autocorr_5,autocorr_6,autocorr_7,autocorr_8,autocorr_9,autocorr_10,p_rturn_9_5,p_rturn_9_6,p_rturn_10_5,p_rturn_10_6,p_rturn_11_5,p_rturn_11_6,mean_theta_9_5,min_theta_9_5,max_theta_9_5,mean_theta_9_6,min_theta_9_6,max_theta_9_6,mean_theta_10_5,min_theta_10_5,max_theta_10_5,mean_theta_10_6,min_theta_10_6,max_theta_10_6,mean_theta_11_5,min_theta_11_5,max_theta_11_5,mean_theta_11_6,min_theta_11_6,max_theta_11_6
WellD11_Seq0009/xy03,0,1795.7634025220955,476.0124788280238,0.199648577289,0.255570716077,0.26507527559559274,47.24125739224134,2.6203053257206403,23.9435120336,1.26521402745,0.730342810947,0.191017148713,314.712108955,1.5090446640217148,-0.0407867606176,180.817037107,2.849842786174438,3.1013663178561703,2.170123880644363,1.0845320663476654,1.1206482020567003,0.11285674942194523,-0.5965216706869176,-0.574390046958341,-0.5807872724207761,-1.0848214123229043,19.5468068197,19.5468068197,19.5468068197,19.5468068197,19.766954684,20.4149270953,20.8546474632,21.2985955792,21.5164791739,22.1366030499,0.9859154929577465,0.9859154929577465,0.9859154929577465,0.9859154929577465,0.971830985915493,0.9295774647887324,0.9014084507042254,0.8732394366197183,0.8591549295774648,0.8169014084507042,0.495875323925,0.280086176276,0.166788989912,-0.026304638393,-0.0649251241465,-0.140639115437,-0.244258270201,-0.20080908296,-0.194559638856,-0.0803373580613,0.285714285714,0.285714285714,0.5,0.4,0.45,0.4,0.761011646104,0.030808411707824328,1.9755797299656008,0.683084396692,0.015891478784826562,2.04230107342228,0.918678399401,0.02664289260935324,2.8194204051649088,0.842209525987,0.0438132430226248,2.8110234499403113,1.05716966021,0.055212004424930884,2.7494287517523044,0.968958623825,0.040295071501933725,2.6924503224157226
