Well/XY,cell_id,total_distance,net_distance,linearity,spearmanrsq,progressivity,max_speed,min_speed,avg_speed,MSD_slope,hurst_RS,nongauss,disp_var,disp_skew,rw_linearity,rw_netdist,rw_kurtosis01,rw_kurtosis02,rw_kurtosis03,rw_kurtosis04,rw_kurtosis05,rw_kurtosis06,rw_kurtosis07,rw_kurtosis08,rw_kurtosis09,rw_kurtosis10,avg_moving_speed01,avg_moving_speed02,avg_moving_speed03,avg_moving_speed04,avg_moving_speed05,avg_moving_speed06,avg_moving_speed07,avg_moving_speed08,avg_moving_speed09,avg_moving_speed10,time_moving01,time_moving02,time_moving03,time_moving04,time_moving05,time_moving06,time_moving07,time_moving08,time_moving09,time_moving10,autocorr_1,autocorr_2,autocorr_3,autocorr_4,autocorr_5,autocorr_6,autocorr_7,autocorr_8,autocorr_9,autocorr_10,p_rturn_9_5,p_rturn_9_6,p_rturn_10_5,p_rturn_10_6,p_rturn_11_5,p_rturn_11_6,mean_theta_9_5,min_theta_9_5,max_theta_9_5,mean_theta_9_6,min_theta_9_6,max_theta_9_6,mean_theta_10_5,min_theta_10_5,max_theta_10_5,mean_theta_10_6,min_theta_10_6,max_theta_10_6,mean_theta_11_5,min_theta_11_5,max_theta_11_5,mean_theta_11_6,min_theta_11_6,max_theta_11_6
WellC10_Seq0011/xy04,0,1544.2387857779079,797.5712377587347,0.814581677763,0.687673182202,0.5164818065082852,42.95590115455618,1.5233870158301697,20.589850477,1.68440875176,0.666457117737,2.77466310494,429.138720818,3.840213088248651,0.605213382187,543.722512559,19.84274392005682,11.492679022934457,-0.9310820329835625,6.773877596837016,2.888781194706331,-1.0540822830689554,-1.258842692173495,-0.5952185716162308,-0.9308108112736151,-0.8257044297996163,13.4542570578,13.8129030121,13.9806479839,14.1331524555,14.4384781538,14.8791564313,15.1765278441,15.9028285766,16.185027251,17.0626567618,0.9859154929577465,0.9577464788732394,0.9436619718309859,0.9295774647887324,0.9014084507042254,0.8591549295774648,0.8309859154929577,0.7605633802816901,0.7323943661971831,0.647887323943662,0.253405672132,0.0873082916392,0.0843828630443,-0.0269147990028,-0.0885610241571,-0.0952766822484,-0.138497611188,-0.176566990878,-0.110131258631,-0.105893264577,0.619047619048,0.619047619048,0.55,0.55,0.6,0.55,0.258862410041,0.0016051200311720647,0.8863380721617345,0.252709191381,0.0011781941288243664,0.8999467403839516,0.242424406126,0.02429393104281766,0.9472500342184756,0.241912216201,0.03122490551541378,0.9608587024406927,0.253293037364,0.02238102972253915,1.0094541107852868,0.255210240543,0.018284110695944496,1.0230627790075038
