Well/XY,cell_id,total_distance,net_distance,linearity,spearmanrsq,progressivity,max_speed,min_speed,avg_speed,MSD_slope,hurst_RS,nongauss,disp_var,disp_skew,rw_linearity,rw_netdist,rw_kurtosis01,rw_kurtosis02,rw_kurtosis03,rw_kurtosis04,rw_kurtosis05,rw_kurtosis06,rw_kurtosis07,rw_kurtosis08,rw_kurtosis09,rw_kurtosis10,avg_moving_speed01,avg_moving_speed02,avg_moving_speed03,avg_moving_speed04,avg_moving_speed05,avg_moving_speed06,avg_moving_speed07,avg_moving_speed08,avg_moving_speed09,avg_moving_speed10,time_moving01,time_moving02,time_moving03,time_moving04,time_moving05,time_moving06,time_moving07,time_moving08,time_moving09,time_moving10,autocorr_1,autocorr_2,autocorr_3,autocorr_4,autocorr_5,autocorr_6,autocorr_7,autocorr_8,autocorr_9,autocorr_10,p_rturn_9_5,p_rturn_9_6,p_rturn_10_5,p_rturn_10_6,p_rturn_11_5,p_rturn_11_6,mean_theta_9_5,min_theta_9_5,max_theta_9_5,mean_theta_9_6,min_theta_9_6,max_theta_9_6,mean_theta_10_5,min_theta_10_5,max_theta_10_5,mean_theta_10_6,min_theta_10_6,max_theta_10_6,mean_theta_11_5,min_theta_11_5,max_theta_11_5,mean_theta_11_6,min_theta_11_6,max_theta_11_6
WellB03_Seq0001/xy17,0,350.6674790224151,69.96184674520822,0.93578813069,0.914724227964,0.19951050761891773,13.807450307714301,0.3683530914760904,5.65592708101,1.16274784979,0.801414239115,0.270238710649,19.2456906031,1.7671814568690793,0.69446162109,6.4742227201,2.3456616385320492,1.5844608551377766,0.9792356679944354,0.321931103715801,0.8694435042959094,-1.232642682478222,-0.5360355157312147,-1.0985527155040369,0.8454233508911235,-0.5864422045364179,5.59956522586,6.03930813418,6.55500137338,8.06777319486,9.12332341003,9.71651985504,10.9209030062,11.5283646508,12.2154430302,13.5726952817,0.8793103448275862,0.7931034482758621,0.6896551724137931,0.46551724137931033,0.3620689655172414,0.3103448275862069,0.22413793103448276,0.1896551724137931,0.15517241379310345,0.10344827586206896,0.678146275856,0.515890672029,0.289512687769,0.0869894243624,-0.135981455145,-0.234444665531,-0.254786885026,-0.188519037318,-0.169958204659,-0.271858015498,0.6875,0.75,0.6875,0.75,0.6875,0.6875,0.576285210466,0.03443923631461359,2.595073739448084,0.463108224089,0.054386452230150505,2.596835263707874,0.540594039512,0.025149587219899343,2.64164572801353,0.427028294539,0.00811483684782315,2.6402971834969238,0.469032315178,0.009975834401215368,2.475476024132861,0.357072149533,0.008062570135145533,1.6817046929387893
