Well/XY,cell_id,total_distance,net_distance,linearity,spearmanrsq,progressivity,max_speed,min_speed,avg_speed,MSD_slope,hurst_RS,nongauss,disp_var,disp_skew,rw_linearity,rw_netdist,rw_kurtosis01,rw_kurtosis02,rw_kurtosis03,rw_kurtosis04,rw_kurtosis05,rw_kurtosis06,rw_kurtosis07,rw_kurtosis08,rw_kurtosis09,rw_kurtosis10,avg_moving_speed01,avg_moving_speed02,avg_moving_speed03,avg_moving_speed04,avg_moving_speed05,avg_moving_speed06,avg_moving_speed07,avg_moving_speed08,avg_moving_speed09,avg_moving_speed10,time_moving01,time_moving02,time_moving03,time_moving04,time_moving05,time_moving06,time_moving07,time_moving08,time_moving09,time_moving10,autocorr_1,autocorr_2,autocorr_3,autocorr_4,autocorr_5,autocorr_6,autocorr_7,autocorr_8,autocorr_9,autocorr_10,p_rturn_9_5,p_rturn_9_6,p_rturn_10_5,p_rturn_10_6,p_rturn_11_5,p_rturn_11_6,mean_theta_9_5,min_theta_9_5,max_theta_9_5,mean_theta_9_6,min_theta_9_6,max_theta_9_6,mean_theta_10_5,min_theta_10_5,max_theta_10_5,mean_theta_10_6,min_theta_10_6,max_theta_10_6,mean_theta_11_5,min_theta_11_5,max_theta_11_5,mean_theta_11_6,min_theta_11_6,max_theta_11_6
WellB03_Seq0001/xy05,0,220.29958344007812,28.71741631832506,0.838095722946,0.845715443583,0.13035619890827552,8.367412981322248,0.14142135623732238,3.55321908774,1.54014247579,0.717771642241,0.765089082644,7.28399543634,2.702367685519788,0.607527148576,-11.1673690211,9.249547800689982,2.49491559621229,7.8615972293185035,1.7946576457794494,4.390148098986011,2.7765835010968605,1.4404463901644666,-0.9657214562691707,0.4554805135077964,0.36439524420618197,2.42662538091,3.91184827746,6.11582142872,6.11582142872,7.19302316868,7.88313269043,7.88313269043,0.0,0.0,0.0,0.7586206896551724,0.29310344827586204,0.1206896551724138,0.1206896551724138,0.06896551724137931,0.05172413793103448,0.05172413793103448,0.0,0.0,0.0,0.13593098198,0.380887052553,0.0164283873221,0.0912133999238,-0.12466877598,0.028380527842,-0.204753575441,0.0188674972889,-0.26871565646,0.152150625949,0.4375,0.5,0.3125,0.3125,0.4,0.466666666667,0.445055175143,0.005200424150477713,2.614343234488408,0.456326892753,0.008323168292839737,2.6879336093707753,0.590123558777,0.007244673347116987,2.738691753882242,0.604888560067,0.010367417489466246,2.8200062392241483,0.305313214555,0.0012551488135525467,2.614928600275212,0.313551922406,0.0012395989881482346,2.6885189751575798
