Well/XY,cell_id,total_distance,net_distance,linearity,spearmanrsq,progressivity,max_speed,min_speed,avg_speed,MSD_slope,hurst_RS,nongauss,disp_var,disp_skew,rw_linearity,rw_netdist,rw_kurtosis01,rw_kurtosis02,rw_kurtosis03,rw_kurtosis04,rw_kurtosis05,rw_kurtosis06,rw_kurtosis07,rw_kurtosis08,rw_kurtosis09,rw_kurtosis10,avg_moving_speed01,avg_moving_speed02,avg_moving_speed03,avg_moving_speed04,avg_moving_speed05,avg_moving_speed06,avg_moving_speed07,avg_moving_speed08,avg_moving_speed09,avg_moving_speed10,time_moving01,time_moving02,time_moving03,time_moving04,time_moving05,time_moving06,time_moving07,time_moving08,time_moving09,time_moving10,autocorr_1,autocorr_2,autocorr_3,autocorr_4,autocorr_5,autocorr_6,autocorr_7,autocorr_8,autocorr_9,autocorr_10,p_rturn_9_5,p_rturn_9_6,p_rturn_10_5,p_rturn_10_6,p_rturn_11_5,p_rturn_11_6,mean_theta_9_5,min_theta_9_5,max_theta_9_5,mean_theta_9_6,min_theta_9_6,max_theta_9_6,mean_theta_10_5,min_theta_10_5,max_theta_10_5,mean_theta_10_6,min_theta_10_6,max_theta_10_6,mean_theta_11_5,min_theta_11_5,max_theta_11_5,mean_theta_11_6,min_theta_11_6,max_theta_11_6
WellD07_Seq0005/xy22,0,3134.455394882407,1066.1589982737096,0.563934754645,0.429430577552,0.3401417037276767,55.4830756537523,0.20440156555172587,41.2428341432,1.08938288613,0.597838367209,0.227841257795,1112.19587981,1.4151833556317241,0.307635231266,554.348886321,1.8905817244865597,0.8180323283534623,-0.7962845787344213,0.6820738327577001,-0.6428206235236793,-0.30665955720921456,-0.6430902767136608,-1.3413218092652834,-1.1332904087236617,-1.3351337836719057,24.0394408808,24.3508228539,24.6679924199,25.2949041946,25.6068973213,26.5487575746,26.8634694102,27.1707405878,27.7914179813,28.4194836387,1.0,0.9861111111111112,0.9722222222222222,0.9444444444444444,0.9305555555555556,0.8888888888888888,0.875,0.8611111111111112,0.8333333333333334,0.8055555555555556,0.212223042207,0.0740267009026,-0.045074274682,-0.0597624276401,-0.0720496905405,-0.0779949843887,-0.0939827024336,0.107268672104,-0.015679644166,0.0563057755432,0.380952380952,0.428571428571,0.380952380952,0.380952380952,0.45,0.45,0.698050094246,0.014657983957688556,2.088438348172812,0.67023800077,0.012998746806869325,2.138047445208611,0.784628742952,0.04602035304240905,2.219475906640082,0.762171611518,0.056453702607064574,2.229985151870278,0.539239613273,0.012764005060534225,2.3455835709169333,0.537630847395,0.0049438844796707735,2.3951926679527324
