Well/XY,cell_id,total_distance,net_distance,linearity,spearmanrsq,progressivity,max_speed,min_speed,avg_speed,MSD_slope,hurst_RS,nongauss,disp_var,disp_skew,rw_linearity,rw_netdist,rw_kurtosis01,rw_kurtosis02,rw_kurtosis03,rw_kurtosis04,rw_kurtosis05,rw_kurtosis06,rw_kurtosis07,rw_kurtosis08,rw_kurtosis09,rw_kurtosis10,avg_moving_speed01,avg_moving_speed02,avg_moving_speed03,avg_moving_speed04,avg_moving_speed05,avg_moving_speed06,avg_moving_speed07,avg_moving_speed08,avg_moving_speed09,avg_moving_speed10,time_moving01,time_moving02,time_moving03,time_moving04,time_moving05,time_moving06,time_moving07,time_moving08,time_moving09,time_moving10,autocorr_1,autocorr_2,autocorr_3,autocorr_4,autocorr_5,autocorr_6,autocorr_7,autocorr_8,autocorr_9,autocorr_10,p_rturn_9_5,p_rturn_9_6,p_rturn_10_5,p_rturn_10_6,p_rturn_11_5,p_rturn_11_6,mean_theta_9_5,min_theta_9_5,max_theta_9_5,mean_theta_9_6,min_theta_9_6,max_theta_9_6,mean_theta_10_5,min_theta_10_5,max_theta_10_5,mean_theta_10_6,min_theta_10_6,max_theta_10_6,mean_theta_11_5,min_theta_11_5,max_theta_11_5,mean_theta_11_6,min_theta_11_6,max_theta_11_6
WellD07_Seq0005/xy24,0,2477.6824825535336,347.73745282899864,0.747211712388,0.77540808466,0.1403478675244197,43.73301471428651,1.6209873534361692,32.6010852968,1.29289154218,0.701412815065,-0.244355106096,359.406909868,0.7976492401182192,0.505262560131,-56.8313762089,0.20169821280845124,-0.6791353453384552,-1.2464008245183025,-1.061868157240526,-1.236328053178971,-0.32830856323396373,-0.5557416662143755,-1.4636277770058976,-1.179074024072305,-1.1732530269527839,25.1740759879,25.5131719493,26.1897364848,26.1897364848,27.5499869459,28.2551455121,28.6078922252,28.6078922252,28.9507567804,29.6228543872,0.9861111111111112,0.9722222222222222,0.9444444444444444,0.9444444444444444,0.8888888888888888,0.8611111111111112,0.8472222222222222,0.8472222222222222,0.8333333333333334,0.8055555555555556,0.296902388851,-0.0306853715032,-0.0205221254844,-0.0617350180441,-0.0322837854525,0.0359912388631,0.0731766512118,0.0107828939866,-0.139981484734,-0.116263147066,0.47619047619,0.47619047619,0.571428571429,0.571428571429,0.55,0.6,0.576367814273,0.0010582954915499857,1.9238768798318058,0.582736351592,0.01708571347772342,1.8932732682993187,0.564115312935,0.008912264618670687,2.412483602578737,0.57821832217,0.04286478488008007,2.3926710838766323,0.568041368267,0.07025831645420594,1.9094031180692863,0.569144669035,0.0041547045453628586,1.9314876285243407
