Well/XY,cell_id,total_distance,net_distance,linearity,spearmanrsq,progressivity,max_speed,min_speed,avg_speed,MSD_slope,hurst_RS,nongauss,disp_var,disp_skew,rw_linearity,rw_netdist,rw_kurtosis01,rw_kurtosis02,rw_kurtosis03,rw_kurtosis04,rw_kurtosis05,rw_kurtosis06,rw_kurtosis07,rw_kurtosis08,rw_kurtosis09,rw_kurtosis10,avg_moving_speed01,avg_moving_speed02,avg_moving_speed03,avg_moving_speed04,avg_moving_speed05,avg_moving_speed06,avg_moving_speed07,avg_moving_speed08,avg_moving_speed09,avg_moving_speed10,time_moving01,time_moving02,time_moving03,time_moving04,time_moving05,time_moving06,time_moving07,time_moving08,time_moving09,time_moving10,autocorr_1,autocorr_2,autocorr_3,autocorr_4,autocorr_5,autocorr_6,autocorr_7,autocorr_8,autocorr_9,autocorr_10,p_rturn_9_5,p_rturn_9_6,p_rturn_10_5,p_rturn_10_6,p_rturn_11_5,p_rturn_11_6,mean_theta_9_5,min_theta_9_5,max_theta_9_5,mean_theta_9_6,min_theta_9_6,max_theta_9_6,mean_theta_10_5,min_theta_10_5,max_theta_10_5,mean_theta_10_6,min_theta_10_6,max_theta_10_6,mean_theta_11_5,min_theta_11_5,max_theta_11_5,mean_theta_11_6,min_theta_11_6,max_theta_11_6
WellD07_Seq0005/xy21,0,2794.35093770871,138.47748011861003,0.168323648312,0.219875431915,0.04955622368325638,37.51197803368946,3.945580312197434,36.7677754962,1.05928546014,0.5313640411,-0.0341532745559,458.641766831,1.6243348571129979,-0.0561834454533,-317.798614478,4.484282605093272,1.0779578461729082,1.2607226797313098,0.9717806161821563,-0.7230082395408157,-0.31202720811246243,-1.2149871453214431,-0.08785385610018537,-0.8056133690916982,-0.5383168173857129,25.7880036646,25.7880036646,25.7880036646,25.7880036646,25.7880036646,25.7880036646,26.0533845211,26.8694491138,26.8694491138,27.1230141712,1.0,1.0,1.0,1.0,1.0,1.0,0.9861111111111112,0.9444444444444444,0.9444444444444444,0.9305555555555556,-0.163840152235,-0.0833023838177,0.036316567839,0.140287948355,-0.134819634296,0.0121335047483,-0.0300544343226,-0.0383476961067,0.113658935815,0.00131281525813,0.619047619048,0.52380952381,0.571428571429,0.47619047619,0.6,0.6,0.79593134238,0.013957056483092676,2.2605190212051567,0.712718151407,0.016721787463088188,1.80176938355814,0.713526073405,0.0066197143128513755,1.4392395823105117,0.684541276909,0.03770762288491969,1.5829965186864812,0.71483568657,0.08352210903070668,1.436320542030779,0.677841210721,0.06108347269757563,1.477551434249511
