Well/XY,cell_id,total_distance,net_distance,linearity,spearmanrsq,progressivity,max_speed,min_speed,avg_speed,MSD_slope,hurst_RS,nongauss,disp_var,disp_skew,rw_linearity,rw_netdist,rw_kurtosis01,rw_kurtosis02,rw_kurtosis03,rw_kurtosis04,rw_kurtosis05,rw_kurtosis06,rw_kurtosis07,rw_kurtosis08,rw_kurtosis09,rw_kurtosis10,avg_moving_speed01,avg_moving_speed02,avg_moving_speed03,avg_moving_speed04,avg_moving_speed05,avg_moving_speed06,avg_moving_speed07,avg_moving_speed08,avg_moving_speed09,avg_moving_speed10,time_moving01,time_moving02,time_moving03,time_moving04,time_moving05,time_moving06,time_moving07,time_moving08,time_moving09,time_moving10,autocorr_1,autocorr_2,autocorr_3,autocorr_4,autocorr_5,autocorr_6,autocorr_7,autocorr_8,autocorr_9,autocorr_10,p_rturn_9_5,p_rturn_9_6,p_rturn_10_5,p_rturn_10_6,p_rturn_11_5,p_rturn_11_6,mean_theta_9_5,min_theta_9_5,max_theta_9_5,mean_theta_9_6,min_theta_9_6,max_theta_9_6,mean_theta_10_5,min_theta_10_5,max_theta_10_5,mean_theta_10_6,min_theta_10_6,max_theta_10_6,mean_theta_11_5,min_theta_11_5,max_theta_11_5,mean_theta_11_6,min_theta_11_6,max_theta_11_6
WellC03_Seq0018/xy05,0,1790.5665394555635,353.265889946935,0.788991827367,0.777372852966,0.1972928021174507,27.10568597176614,0.9240108224474488,23.8742205261,1.17612159343,0.919544785424,0.0138261346701,345.56141955,1.0103143005306958,0.536633376687,58.9247313051,0.46687195503924395,6.399898119648297,5.681177683282179,3.3507730193837837,1.6271003123558483,1.6969432234374073,2.0509726655412415,-0.10956969167961095,0.2918372763749364,-0.6438219705293555,7.98958388429,8.39776958963,9.24830407175,10.0607170666,11.8750128604,12.8813703367,14.053898875,14.8770148299,15.4327629484,16.3614251547,0.9577464788732394,0.9014084507042254,0.7887323943661971,0.6901408450704225,0.5211267605633803,0.4507042253521127,0.38028169014084506,0.3380281690140845,0.30985915492957744,0.2676056338028169,0.392141756506,0.429895878515,0.34829393039,0.31270393777,0.398396663484,0.168534066545,0.0278764979715,0.118333970622,-0.0401013757308,-0.00682427298776,0.571428571429,0.52380952381,0.5,0.45,0.45,0.45,0.582916982704,0.0053726271732220336,1.9832764846866697,0.564175484355,0.018602071228982612,2.031009986580531,0.540364840209,0.03910192816998327,1.9181961860407628,0.502827379764,0.01027199933843128,1.8603732167056968,0.676641451985,0.012014687309395354,2.431295265023136,0.635972398458,0.006042997802452496,2.387160843612424
