Well/XY,cell_id,total_distance,net_distance,linearity,spearmanrsq,progressivity,max_speed,min_speed,avg_speed,MSD_slope,hurst_RS,nongauss,disp_var,disp_skew,rw_linearity,rw_netdist,rw_kurtosis01,rw_kurtosis02,rw_kurtosis03,rw_kurtosis04,rw_kurtosis05,rw_kurtosis06,rw_kurtosis07,rw_kurtosis08,rw_kurtosis09,rw_kurtosis10,avg_moving_speed01,avg_moving_speed02,avg_moving_speed03,avg_moving_speed04,avg_moving_speed05,avg_moving_speed06,avg_moving_speed07,avg_moving_speed08,avg_moving_speed09,avg_moving_speed10,time_moving01,time_moving02,time_moving03,time_moving04,time_moving05,time_moving06,time_moving07,time_moving08,time_moving09,time_moving10,autocorr_1,autocorr_2,autocorr_3,autocorr_4,autocorr_5,autocorr_6,autocorr_7,autocorr_8,autocorr_9,autocorr_10,p_rturn_9_5,p_rturn_9_6,p_rturn_10_5,p_rturn_10_6,p_rturn_11_5,p_rturn_11_6,mean_theta_9_5,min_theta_9_5,max_theta_9_5,mean_theta_9_6,min_theta_9_6,max_theta_9_6,mean_theta_10_5,min_theta_10_5,max_theta_10_5,mean_theta_10_6,min_theta_10_6,max_theta_10_6,mean_theta_11_5,min_theta_11_5,max_theta_11_5,mean_theta_11_6,min_theta_11_6,max_theta_11_6
WellC03_Seq0018/xy14,0,1721.7849593627245,274.2338418211729,0.490969195691,0.386311471035,0.1592729918622786,61.11877289344087,1.7912007146046096,22.9571327915,1.38683398615,0.721369875803,0.343160416939,316.246905743,1.8060141842412394,0.245944365847,-8.80069987475,3.7373121334399215,7.588417567054586,2.0170876245892373,1.1235997835734919,2.0537425064599866,-1.3219331141199302,1.5658561048939594,-0.6736033081026007,0.0964156944251715,-0.24444456372122758,17.0509718967,17.0509718967,17.4643685013,17.8899332243,18.3011631508,18.7116019035,19.9975851755,21.1981169775,21.4444903314,22.4488383718,1.0,1.0,0.971830985915493,0.9436619718309859,0.9154929577464789,0.8873239436619719,0.8028169014084507,0.7323943661971831,0.7183098591549296,0.6619718309859155,0.433674704301,0.256764379578,0.207963126451,-0.122072465414,-0.107501201101,-0.0435780369638,-0.101283444569,-0.115845055461,-0.097365866942,-0.162555162234,0.52380952381,0.571428571429,0.35,0.45,0.45,0.6,0.570550241228,0.0189793216402968,2.064729737752147,0.609683637569,0.06913054760241807,2.093697199223589,0.508935677436,0.07042782395462768,1.453759408234401,0.507342472061,0.058283253121161636,1.3605605427264356,0.541847543058,0.0066377748410153025,1.4211194349918579,0.534412435338,0.02368416803558301,1.3279205694838927
