Well/XY,cell_id,total_distance,net_distance,linearity,spearmanrsq,progressivity,max_speed,min_speed,avg_speed,MSD_slope,hurst_RS,nongauss,disp_var,disp_skew,rw_linearity,rw_netdist,rw_kurtosis01,rw_kurtosis02,rw_kurtosis03,rw_kurtosis04,rw_kurtosis05,rw_kurtosis06,rw_kurtosis07,rw_kurtosis08,rw_kurtosis09,rw_kurtosis10,avg_moving_speed01,avg_moving_speed02,avg_moving_speed03,avg_moving_speed04,avg_moving_speed05,avg_moving_speed06,avg_moving_speed07,avg_moving_speed08,avg_moving_speed09,avg_moving_speed10,time_moving01,time_moving02,time_moving03,time_moving04,time_moving05,time_moving06,time_moving07,time_moving08,time_moving09,time_moving10,autocorr_1,autocorr_2,autocorr_3,autocorr_4,autocorr_5,autocorr_6,autocorr_7,autocorr_8,autocorr_9,autocorr_10,p_rturn_9_5,p_rturn_9_6,p_rturn_10_5,p_rturn_10_6,p_rturn_11_5,p_rturn_11_6,mean_theta_9_5,min_theta_9_5,max_theta_9_5,mean_theta_9_6,min_theta_9_6,max_theta_9_6,mean_theta_10_5,min_theta_10_5,max_theta_10_5,mean_theta_10_6,min_theta_10_6,max_theta_10_6,mean_theta_11_5,min_theta_11_5,max_theta_11_5,mean_theta_11_6,min_theta_11_6,max_theta_11_6
WellC03_Seq0018/xy13,0,516.6094571406406,102.29375445255687,0.0524219738521,0.033968782766,0.19800983709965,7.4562837928823384,0.3318794962030659,6.88812609521,1.43342003973,0.687972125652,0.329453275437,30.8686794635,1.709511979267074,-0.176490361586,17.3712325415,2.322539386194519,-0.6580467147251099,0.3297616244768822,0.17841825244452503,-0.574622404985881,-1.2762688153555874,-0.30696319123583393,-0.8995248943194083,-1.3284026821991883,-1.3889454774360943,4.49903428415,4.63936732268,5.24150428169,5.78246498938,6.35733283659,7.13677755349,7.51117878917,8.18838591248,0.0,0.0,0.9859154929577465,0.9436619718309859,0.7323943661971831,0.5492957746478874,0.38028169014084506,0.2112676056338028,0.1267605633802817,0.028169014084507043,0.0,0.0,0.322692738248,-0.0644732814516,0.163621982939,0.159184968218,-0.0221062267352,-0.0885285282634,-0.112784750752,-0.10171914463,-0.0562813928308,-0.0201423100239,0.571428571429,0.52380952381,0.6,0.6,0.5,0.55,0.691184293155,0.01649713099932799,2.0211396074124472,0.665267650411,0.00802100483343025,2.040022741943623,0.72521268551,0.05233918614008967,2.1737959064620367,0.691493718261,0.03679065412787243,2.192679040993212,0.725197759422,0.029106371380396796,2.241056438827166,0.70519112602,0.02093836176688852,1.919979395983374
