Well/XY,cell_id,total_distance,net_distance,linearity,spearmanrsq,progressivity,max_speed,min_speed,avg_speed,MSD_slope,hurst_RS,nongauss,disp_var,disp_skew,rw_linearity,rw_netdist,rw_kurtosis01,rw_kurtosis02,rw_kurtosis03,rw_kurtosis04,rw_kurtosis05,rw_kurtosis06,rw_kurtosis07,rw_kurtosis08,rw_kurtosis09,rw_kurtosis10,avg_moving_speed01,avg_moving_speed02,avg_moving_speed03,avg_moving_speed04,avg_moving_speed05,avg_moving_speed06,avg_moving_speed07,avg_moving_speed08,avg_moving_speed09,avg_moving_speed10,time_moving01,time_moving02,time_moving03,time_moving04,time_moving05,time_moving06,time_moving07,time_moving08,time_moving09,time_moving10,autocorr_1,autocorr_2,autocorr_3,autocorr_4,autocorr_5,autocorr_6,autocorr_7,autocorr_8,autocorr_9,autocorr_10,p_rturn_9_5,p_rturn_9_6,p_rturn_10_5,p_rturn_10_6,p_rturn_11_5,p_rturn_11_6,mean_theta_9_5,min_theta_9_5,max_theta_9_5,mean_theta_9_6,min_theta_9_6,max_theta_9_6,mean_theta_10_5,min_theta_10_5,max_theta_10_5,mean_theta_10_6,min_theta_10_6,max_theta_10_6,mean_theta_11_5,min_theta_11_5,max_theta_11_5,mean_theta_11_6,min_theta_11_6,max_theta_11_6
WellC06_Seq0013/xy20,0,2931.1026608573384,986.0341229389579,0.0492731446834,0.107086476835,0.3364038169343908,47.544452715327346,0.8759748854847418,38.5671402744,1.37407006584,0.869920825683,-0.423338714556,358.048209733,0.1855123454358584,-0.183896177165,507.428498674,-0.4305839434905314,-0.6463363730828835,-0.8617555421426277,-0.3990315916182685,-0.32342991706797486,-0.0023680468202629257,-0.24060876281780086,-0.6719432418652111,-0.7135014443301291,0.1073068848829295,31.832821909,32.7029739477,33.1445043766,33.1445043766,34.4528018972,34.9045522135,35.352691139,35.352691139,35.7829334309,35.7829334309,1.0,0.9722222222222222,0.9583333333333334,0.9583333333333334,0.9166666666666666,0.9027777777777778,0.8888888888888888,0.8888888888888888,0.875,0.875,0.503016291476,0.333014935421,0.412777046075,0.347572220323,0.222990661478,0.263367993288,0.298972741514,0.128216154792,0.123795901211,0.0829325000262,0.619047619048,0.619047619048,0.619047619048,0.571428571429,0.6,0.6,0.84538309175,0.08028972769767483,2.4736526467819906,0.840034562616,0.10259681935174626,2.4371039052225796,0.932527022233,0.0038296364932429642,2.43454706001702,0.980389052561,0.06748299220119787,2.5048369174942575,0.993819329031,0.06760836442450581,2.4200139253546245,1.06129913011,0.008336475102841061,2.395259225384388
