Well/XY,cell_id,total_distance,net_distance,linearity,spearmanrsq,progressivity,max_speed,min_speed,avg_speed,MSD_slope,hurst_RS,nongauss,disp_var,disp_skew,rw_linearity,rw_netdist,rw_kurtosis01,rw_kurtosis02,rw_kurtosis03,rw_kurtosis04,rw_kurtosis05,rw_kurtosis06,rw_kurtosis07,rw_kurtosis08,rw_kurtosis09,rw_kurtosis10,avg_moving_speed01,avg_moving_speed02,avg_moving_speed03,avg_moving_speed04,avg_moving_speed05,avg_moving_speed06,avg_moving_speed07,avg_moving_speed08,avg_moving_speed09,avg_moving_speed10,time_moving01,time_moving02,time_moving03,time_moving04,time_moving05,time_moving06,time_moving07,time_moving08,time_moving09,time_moving10,autocorr_1,autocorr_2,autocorr_3,autocorr_4,autocorr_5,autocorr_6,autocorr_7,autocorr_8,autocorr_9,autocorr_10,p_rturn_9_5,p_rturn_9_6,p_rturn_10_5,p_rturn_10_6,p_rturn_11_5,p_rturn_11_6,mean_theta_9_5,min_theta_9_5,max_theta_9_5,mean_theta_9_6,min_theta_9_6,max_theta_9_6,mean_theta_10_5,min_theta_10_5,max_theta_10_5,mean_theta_10_6,min_theta_10_6,max_theta_10_6,mean_theta_11_5,min_theta_11_5,max_theta_11_5,mean_theta_11_6,min_theta_11_6,max_theta_11_6
WellC06_Seq0013/xy04,0,2561.1194878990414,67.88589986145871,0.105781728092,0.150235147871,0.02650633841263979,43.13753340189956,1.7029127987069625,33.6989406303,0.814474733756,0.761538811483,-0.234401615851,473.351303206,0.6099873993963654,-0.123332326342,-350.306955576,-0.6246051069280902,-0.8381845994259165,-1.026449343840701,-0.9280673162484905,-1.0595298021160546,-1.089670543756131,-1.160023516208547,-0.7804247206605712,-1.302047577748911,-0.841068524865217,23.6062126892,23.9216085299,25.2064790208,26.2419952762,27.7269818441,27.7269818441,27.7269818441,27.7269818441,28.3973018273,28.7284568535,0.9861111111111112,0.9722222222222222,0.9166666666666666,0.875,0.8194444444444444,0.8194444444444444,0.8194444444444444,0.8194444444444444,0.7916666666666666,0.7777777777777778,0.424137988842,0.188796989482,0.0452939015701,-0.043473131316,-0.0301564645504,-0.0257126493771,0.170591070595,0.165546922732,0.172059517822,0.0614374652639,0.619047619048,0.619047619048,0.571428571429,0.571428571429,0.65,0.65,0.795838342493,0.020764819605854714,1.6539892659556084,0.751824911607,0.0042554209543363775,1.7065071774020006,0.916155379158,0.05479680403460003,2.0336499014427796,0.85831408789,0.11856093986695004,1.8101999935245796,1.03079563967,0.046596447145018385,2.4163756247721326,0.97291329135,0.02486697323327986,2.366097119555649
