Well/XY,cell_id,total_distance,net_distance,linearity,spearmanrsq,progressivity,max_speed,min_speed,avg_speed,MSD_slope,hurst_RS,nongauss,disp_var,disp_skew,rw_linearity,rw_netdist,rw_kurtosis01,rw_kurtosis02,rw_kurtosis03,rw_kurtosis04,rw_kurtosis05,rw_kurtosis06,rw_kurtosis07,rw_kurtosis08,rw_kurtosis09,rw_kurtosis10,avg_moving_speed01,avg_moving_speed02,avg_moving_speed03,avg_moving_speed04,avg_moving_speed05,avg_moving_speed06,avg_moving_speed07,avg_moving_speed08,avg_moving_speed09,avg_moving_speed10,time_moving01,time_moving02,time_moving03,time_moving04,time_moving05,time_moving06,time_moving07,time_moving08,time_moving09,time_moving10,autocorr_1,autocorr_2,autocorr_3,autocorr_4,autocorr_5,autocorr_6,autocorr_7,autocorr_8,autocorr_9,autocorr_10,p_rturn_9_5,p_rturn_9_6,p_rturn_10_5,p_rturn_10_6,p_rturn_11_5,p_rturn_11_6,mean_theta_9_5,min_theta_9_5,max_theta_9_5,mean_theta_9_6,min_theta_9_6,max_theta_9_6,mean_theta_10_5,min_theta_10_5,max_theta_10_5,mean_theta_10_6,min_theta_10_6,max_theta_10_6,mean_theta_11_5,min_theta_11_5,max_theta_11_5,mean_theta_11_6,min_theta_11_6,max_theta_11_6
WellD10_Seq0008/xy01,0,1616.7746933167773,660.8225305632368,0.535777314537,0.519187722117,0.40872889295884146,27.58938056571767,1.0872129506219177,21.5569959109,1.50462098401,0.603686222892,0.530804497862,317.965303076,1.9336215898541949,0.287238144195,395.050035653,4.446542258209147,5.754420044431837,1.6756168465740808,0.9064998238290096,-0.6844595025038189,1.115721142138872,-1.23183681690362,-0.8749595468303419,0.5321432596505318,-0.7038417417269005,12.5700747161,12.7230510178,12.8760399698,13.0088177618,13.2694440086,13.7700300575,14.266987108,15.0506648321,15.6051928884,16.487976424,1.0,0.9859154929577465,0.971830985915493,0.9577464788732394,0.9295774647887324,0.8732394366197183,0.8169014084507042,0.7323943661971831,0.676056338028169,0.5915492957746479,0.0740179673363,0.0095375255321,-0.022605282247,0.0588385761359,0.0103460891466,0.0716314658161,-0.00185106463195,-0.0975367513647,-0.023746295474,-0.225090748814,0.47619047619,0.52380952381,0.4,0.45,0.45,0.45,1.04105813656,0.050510317011930664,2.892138478958468,0.99477644298,0.04286856595557099,2.8847354363006543,1.12446547233,0.05201794658877855,2.905442763451611,1.175836843,0.14365324608615737,2.8980397207937987,1.03064955257,0.04026301416172973,2.9491727944323007,0.967623192942,0.002870638697751332,2.9568145454886636
