Well/XY,cell_id,total_distance,net_distance,linearity,spearmanrsq,progressivity,max_speed,min_speed,avg_speed,MSD_slope,hurst_RS,nongauss,disp_var,disp_skew,rw_linearity,rw_netdist,rw_kurtosis01,rw_kurtosis02,rw_kurtosis03,rw_kurtosis04,rw_kurtosis05,rw_kurtosis06,rw_kurtosis07,rw_kurtosis08,rw_kurtosis09,rw_kurtosis10,avg_moving_speed01,avg_moving_speed02,avg_moving_speed03,avg_moving_speed04,avg_moving_speed05,avg_moving_speed06,avg_moving_speed07,avg_moving_speed08,avg_moving_speed09,avg_moving_speed10,time_moving01,time_moving02,time_moving03,time_moving04,time_moving05,time_moving06,time_moving07,time_moving08,time_moving09,time_moving10,autocorr_1,autocorr_2,autocorr_3,autocorr_4,autocorr_5,autocorr_6,autocorr_7,autocorr_8,autocorr_9,autocorr_10,p_rturn_9_5,p_rturn_9_6,p_rturn_10_5,p_rturn_10_6,p_rturn_11_5,p_rturn_11_6,mean_theta_9_5,min_theta_9_5,max_theta_9_5,mean_theta_9_6,min_theta_9_6,max_theta_9_6,mean_theta_10_5,min_theta_10_5,max_theta_10_5,mean_theta_10_6,min_theta_10_6,max_theta_10_6,mean_theta_11_5,min_theta_11_5,max_theta_11_5,mean_theta_11_6,min_theta_11_6,max_theta_11_6
WellD10_Seq0008/xy10,0,868.2150677280539,494.1854494013355,0.104245513044,0.126794644517,0.5691970431871455,21.845104165464626,0.7421590126111601,11.576200903,1.54498880102,0.786781068282,0.172853801089,65.6027032964,1.6895605497634318,-0.120240114162,351.464459506,2.836623158894982,0.7646215951952091,1.8849123019551497,-0.26478557014762716,1.128809419951649,-0.0933164839462699,0.002352510613369052,-0.17636879505428293,0.9425518300854656,0.7552160739075005,8.00890746784,8.39254321346,9.00449462078,9.62804567491,10.6701061034,11.3529890882,11.8884576077,12.5775783539,13.8300108501,14.7431033983,0.971830985915493,0.9154929577464789,0.8309859154929577,0.7464788732394366,0.6197183098591549,0.5492957746478874,0.49295774647887325,0.4225352112676056,0.323943661971831,0.2676056338028169,0.20467769606,0.178241570869,0.225530838371,0.33383453955,0.120360609659,0.185648739953,0.162476100083,0.0806658135985,0.200229153759,0.178214131426,0.52380952381,0.571428571429,0.65,0.7,0.65,0.7,0.482058965717,0.0031200288434077134,2.2627425076186976,0.462092359235,0.08519682708691823,2.237851238032012,0.442247159254,0.0006199592521651578,1.117947489125875,0.430865496731,0.11392848107108652,1.0870875918295748,0.461329301566,0.0035915274331469625,1.6158572767160808,0.432410207913,0.014663547072926187,1.5406184522020678
