Well/XY,cell_id,total_distance,net_distance,linearity,spearmanrsq,progressivity,max_speed,min_speed,avg_speed,MSD_slope,hurst_RS,nongauss,disp_var,disp_skew,rw_linearity,rw_netdist,rw_kurtosis01,rw_kurtosis02,rw_kurtosis03,rw_kurtosis04,rw_kurtosis05,rw_kurtosis06,rw_kurtosis07,rw_kurtosis08,rw_kurtosis09,rw_kurtosis10,avg_moving_speed01,avg_moving_speed02,avg_moving_speed03,avg_moving_speed04,avg_moving_speed05,avg_moving_speed06,avg_moving_speed07,avg_moving_speed08,avg_moving_speed09,avg_moving_speed10,time_moving01,time_moving02,time_moving03,time_moving04,time_moving05,time_moving06,time_moving07,time_moving08,time_moving09,time_moving10,autocorr_1,autocorr_2,autocorr_3,autocorr_4,autocorr_5,autocorr_6,autocorr_7,autocorr_8,autocorr_9,autocorr_10,p_rturn_9_5,p_rturn_9_6,p_rturn_10_5,p_rturn_10_6,p_rturn_11_5,p_rturn_11_6,mean_theta_9_5,min_theta_9_5,max_theta_9_5,mean_theta_9_6,min_theta_9_6,max_theta_9_6,mean_theta_10_5,min_theta_10_5,max_theta_10_5,mean_theta_10_6,min_theta_10_6,max_theta_10_6,mean_theta_11_5,min_theta_11_5,max_theta_11_5,mean_theta_11_6,min_theta_11_6,max_theta_11_6
WellD10_Seq0008/xy03,0,1040.0242737213237,293.2608354349418,0.396191927865,0.294089677744,0.2819749912044087,16.279902978826406,1.3345714668012336,13.8669903163,1.57444482316,0.618685111127,0.546680264939,110.267723584,2.179578580486568,0.14923471958,122.297096865,6.808337096735372,-0.6938559449950898,-0.14167448486131518,0.8186211699327521,0.15512219518483494,0.9612909164717873,0.04231264444823024,-0.4545773147956127,0.16229502483231162,-0.6907550974690144,7.95144220466,8.13031270093,8.21027287602,8.51335318769,8.69127357091,9.39391678381,9.7734265093,10.372641596,11.292864627,12.0531938642,1.0,0.971830985915493,0.9577464788732394,0.9014084507042254,0.8591549295774648,0.704225352112676,0.6197183098591549,0.49295774647887325,0.3380281690140845,0.23943661971830985,0.324853437901,-0.0857363009571,-0.210869816441,-0.11891126215,-0.0548339445308,-0.0835426158687,0.0815951630844,-0.00116111759878,-0.0204811400189,-0.0134694222151,0.333333333333,0.333333333333,0.45,0.45,0.5,0.45,0.684769623903,0.16059099176724967,2.5902562025857083,0.702007776004,0.13099323856593412,2.5285786821844933,0.549168680188,0.10482616388605412,2.5203045709688348,0.582480143068,0.011728352359092628,2.4586270505676193,0.432160259113,0.01970614807525161,1.1011658700308071,0.482122090422,0.04854530097078919,1.2624248207946116
