Well/XY,cell_id,total_distance,net_distance,linearity,spearmanrsq,progressivity,max_speed,min_speed,avg_speed,MSD_slope,hurst_RS,nongauss,disp_var,disp_skew,rw_linearity,rw_netdist,rw_kurtosis01,rw_kurtosis02,rw_kurtosis03,rw_kurtosis04,rw_kurtosis05,rw_kurtosis06,rw_kurtosis07,rw_kurtosis08,rw_kurtosis09,rw_kurtosis10,avg_moving_speed01,avg_moving_speed02,avg_moving_speed03,avg_moving_speed04,avg_moving_speed05,avg_moving_speed06,avg_moving_speed07,avg_moving_speed08,avg_moving_speed09,avg_moving_speed10,time_moving01,time_moving02,time_moving03,time_moving04,time_moving05,time_moving06,time_moving07,time_moving08,time_moving09,time_moving10,autocorr_1,autocorr_2,autocorr_3,autocorr_4,autocorr_5,autocorr_6,autocorr_7,autocorr_8,autocorr_9,autocorr_10,p_rturn_9_5,p_rturn_9_6,p_rturn_10_5,p_rturn_10_6,p_rturn_11_5,p_rturn_11_6,mean_theta_9_5,min_theta_9_5,max_theta_9_5,mean_theta_9_6,min_theta_9_6,max_theta_9_6,mean_theta_10_5,min_theta_10_5,max_theta_10_5,mean_theta_10_6,min_theta_10_6,max_theta_10_6,mean_theta_11_5,min_theta_11_5,max_theta_11_5,mean_theta_11_6,min_theta_11_6,max_theta_11_6
WellB05_Seq0003/xy12,0,1258.0810461958195,115.84304036065355,0.0157285564206,0.0761370797722,0.09207915556071629,29.988717878562277,1.2165525060596558,16.7744139493,1.17528696052,0.790276995986,0.74237232543,305.721852243,1.8351382691669182,-0.229661965681,-90.9658241204,3.0341595436198814,1.8310075131808095,-0.7097548932060205,0.3954225577984021,-1.1442074285191899,-0.010847810299739358,-1.1041230896324157,-0.48804794522220485,-0.6837312369033266,-1.6105036767458243,9.14033911951,9.47633852142,10.0431836751,10.4739581903,11.1490594736,11.8756091157,12.3802856399,13.3490643926,13.9378468107,14.5835574037,1.0,0.9577464788732394,0.8873239436619719,0.8309859154929577,0.7464788732394366,0.6619718309859155,0.6056338028169014,0.5070422535211268,0.4507042253521127,0.39436619718309857,0.125080093986,0.129105911946,0.262660906017,0.11505555812,0.233273966211,0.0950067107836,0.0351475670845,0.0387304674198,-0.0463927348342,-0.133220860895,0.47619047619,0.47619047619,0.5,0.5,0.55,0.55,0.434174225887,0.0038338098256747765,1.6037977758479762,0.399645583843,0.0024207499955113147,1.588561817805314,0.40056022235,0.009495276361530006,1.1598889555679206,0.356638716353,0.0259782558317167,1.1266847786733836,0.365934030495,0.00804527796700793,1.1435490750149235,0.324286166392,0.057247990305594694,1.1103448981203863
