Well/XY,cell_id,total_distance,net_distance,linearity,spearmanrsq,progressivity,max_speed,min_speed,avg_speed,MSD_slope,hurst_RS,nongauss,disp_var,disp_skew,rw_linearity,rw_netdist,rw_kurtosis01,rw_kurtosis02,rw_kurtosis03,rw_kurtosis04,rw_kurtosis05,rw_kurtosis06,rw_kurtosis07,rw_kurtosis08,rw_kurtosis09,rw_kurtosis10,avg_moving_speed01,avg_moving_speed02,avg_moving_speed03,avg_moving_speed04,avg_moving_speed05,avg_moving_speed06,avg_moving_speed07,avg_moving_speed08,avg_moving_speed09,avg_moving_speed10,time_moving01,time_moving02,time_moving03,time_moving04,time_moving05,time_moving06,time_moving07,time_moving08,time_moving09,time_moving10,autocorr_1,autocorr_2,autocorr_3,autocorr_4,autocorr_5,autocorr_6,autocorr_7,autocorr_8,autocorr_9,autocorr_10,p_rturn_9_5,p_rturn_9_6,p_rturn_10_5,p_rturn_10_6,p_rturn_11_5,p_rturn_11_6,mean_theta_9_5,min_theta_9_5,max_theta_9_5,mean_theta_9_6,min_theta_9_6,max_theta_9_6,mean_theta_10_5,min_theta_10_5,max_theta_10_5,mean_theta_10_6,min_theta_10_6,max_theta_10_6,mean_theta_11_5,min_theta_11_5,max_theta_11_5,mean_theta_11_6,min_theta_11_6,max_theta_11_6
WellB05_Seq0003/xy04,0,1846.7339910907892,1038.3278974389543,0.780484454271,0.633193858442,0.5622509264724461,29.887826351208634,0.7321475261175292,24.6231198812,1.65504103022,0.796909892558,0.239204280242,282.99399284,1.8529982125146092,0.540402058476,734.753687454,5.140773251946468,-0.9216229606843154,-0.47934431108733433,-0.7681683085807798,-1.1586848871555115,-1.4534268688419678,-1.108288890013719,-1.1916392532899007,-1.542430771336859,-0.9598667620012544,16.7231116274,16.7231116274,16.9318762152,17.7477163196,18.1602024996,18.5648893569,19.173076537,19.8121250486,20.6849004411,21.6195395447,1.0,1.0,0.9859154929577465,0.9295774647887324,0.9014084507042254,0.8732394366197183,0.8309859154929577,0.7887323943661971,0.7323943661971831,0.676056338028169,0.581509941769,0.329426477615,0.336864714509,0.228501563239,0.144620275868,-0.00641928701535,-0.120038954181,0.0698980877033,0.123130012762,0.0943878200996,0.428571428571,0.380952380952,0.4,0.45,0.45,0.45,0.671098023305,0.03536593897232463,2.775768338547525,0.624079750723,0.013318856389897006,2.7891291298960534,0.709220274179,0.06373462946846026,2.7342959933583963,0.672019798624,0.07183888452079594,2.747656784706925,0.709408575303,0.05635258084414597,2.6683895352971616,0.71149358413,0.12087285063302802,2.68175032664569
