Well/XY,cell_id,total_distance,net_distance,linearity,spearmanrsq,progressivity,max_speed,min_speed,avg_speed,MSD_slope,hurst_RS,nongauss,disp_var,disp_skew,rw_linearity,rw_netdist,rw_kurtosis01,rw_kurtosis02,rw_kurtosis03,rw_kurtosis04,rw_kurtosis05,rw_kurtosis06,rw_kurtosis07,rw_kurtosis08,rw_kurtosis09,rw_kurtosis10,avg_moving_speed01,avg_moving_speed02,avg_moving_speed03,avg_moving_speed04,avg_moving_speed05,avg_moving_speed06,avg_moving_speed07,avg_moving_speed08,avg_moving_speed09,avg_moving_speed10,time_moving01,time_moving02,time_moving03,time_moving04,time_moving05,time_moving06,time_moving07,time_moving08,time_moving09,time_moving10,autocorr_1,autocorr_2,autocorr_3,autocorr_4,autocorr_5,autocorr_6,autocorr_7,autocorr_8,autocorr_9,autocorr_10,p_rturn_9_5,p_rturn_9_6,p_rturn_10_5,p_rturn_10_6,p_rturn_11_5,p_rturn_11_6,mean_theta_9_5,min_theta_9_5,max_theta_9_5,mean_theta_9_6,min_theta_9_6,max_theta_9_6,mean_theta_10_5,min_theta_10_5,max_theta_10_5,mean_theta_10_6,min_theta_10_6,max_theta_10_6,mean_theta_11_5,min_theta_11_5,max_theta_11_5,mean_theta_11_6,min_theta_11_6,max_theta_11_6
WellB05_Seq0003/xy23,0,1585.2981025952688,170.13679790098314,0.351155992114,0.273679879311,0.10732164355868125,51.24677941100297,0.30594117081557426,21.1373080346,1.16766721375,0.646666734584,0.883636206708,452.345288939,1.9350353445315898,0.0892809094928,-90.4614373662,4.814407147756254,1.9572419211666627,0.3445847368842183,-0.17106757324633248,4.1866251658659746,-1.0650800164507395,0.8562299227336614,-0.6863783841268787,-1.2592371616243638,0.5572547546771398,12.4631507254,12.9478728143,13.4408114555,14.1045835054,14.7980951674,16.3450412581,16.9915315276,17.9208458137,19.5520688384,21.2473388465,0.9859154929577465,0.9436619718309859,0.9014084507042254,0.8450704225352113,0.7887323943661971,0.676056338028169,0.6338028169014085,0.5774647887323944,0.49295774647887325,0.4225352112676056,0.38640335608,0.229960413763,0.0413770294703,-0.17164709072,-0.136183332391,-0.178994575463,-0.170192724741,-0.10323111109,-0.125963558584,-0.133811055885,0.52380952381,0.52380952381,0.65,0.55,0.6,0.55,0.548883184305,0.012930850305637585,2.4054269792899428,0.467509970306,0.02173584465554871,2.4275694526997182,0.597266158208,0.013116051280049347,2.3440899415949876,0.468400260256,0.015444602098622483,2.319861279771244,0.545053564814,0.005923701072253264,2.457280498906108,0.485709868145,0.005249948190589418,2.2229820962848987
