Well/XY,cell_id,total_distance,net_distance,linearity,spearmanrsq,progressivity,max_speed,min_speed,avg_speed,MSD_slope,hurst_RS,nongauss,disp_var,disp_skew,rw_linearity,rw_netdist,rw_kurtosis01,rw_kurtosis02,rw_kurtosis03,rw_kurtosis04,rw_kurtosis05,rw_kurtosis06,rw_kurtosis07,rw_kurtosis08,rw_kurtosis09,rw_kurtosis10,avg_moving_speed01,avg_moving_speed02,avg_moving_speed03,avg_moving_speed04,avg_moving_speed05,avg_moving_speed06,avg_moving_speed07,avg_moving_speed08,avg_moving_speed09,avg_moving_speed10,time_moving01,time_moving02,time_moving03,time_moving04,time_moving05,time_moving06,time_moving07,time_moving08,time_moving09,time_moving10,autocorr_1,autocorr_2,autocorr_3,autocorr_4,autocorr_5,autocorr_6,autocorr_7,autocorr_8,autocorr_9,autocorr_10,p_rturn_9_5,p_rturn_9_6,p_rturn_10_5,p_rturn_10_6,p_rturn_11_5,p_rturn_11_6,mean_theta_9_5,min_theta_9_5,max_theta_9_5,mean_theta_9_6,min_theta_9_6,max_theta_9_6,mean_theta_10_5,min_theta_10_5,max_theta_10_5,mean_theta_10_6,min_theta_10_6,max_theta_10_6,mean_theta_11_5,min_theta_11_5,max_theta_11_5,mean_theta_11_6,min_theta_11_6,max_theta_11_6
WellB05_Seq0003/xy15,0,755.3287084473217,110.43482240670278,0.388705531422,0.557132250701,0.1462076327453728,17.66928408283712,0.39446165846632825,10.071049446,1.02551829012,0.837539162075,0.203576836432,65.0626216437,1.3701943621772112,0.147123322573,-13.7294140519,2.232016113924648,1.79492648218815,0.8707743172885576,2.3426122207154627,4.376958607948476,3.490110959939659,-1.335665139860371,-0.9088461603824762,-0.777292988985895,-1.2005075757482773,5.09005180208,6.19221693845,6.69490913008,7.04504374973,8.01742650053,9.0764997033,10.204007043,12.2342861146,13.3585463165,15.2810426359,0.8873239436619719,0.676056338028169,0.5915492957746479,0.5352112676056338,0.39436619718309857,0.28169014084507044,0.19718309859154928,0.11267605633802817,0.08450704225352113,0.056338028169014086,0.252984988893,0.249639897502,0.430682667403,0.106064549467,0.128532169093,0.162141566615,0.205535503541,0.101546197315,0.0768414485427,0.216404525991,0.571428571429,0.52380952381,0.55,0.55,0.6,0.6,0.493227483615,0.03694718443461113,1.6023443303990015,0.470082661078,0.007126070320082092,1.3565626990983546,0.472650834682,0.008396810789648896,1.4942387017186347,0.466590413069,0.0002799487924339808,1.551929394133912,0.769516828554,0.0020477388818022544,2.329967264488827,0.758443642681,0.0034744145303777854,2.330015881604835
