Well/XY,cell_id,total_distance,net_distance,linearity,spearmanrsq,progressivity,max_speed,min_speed,avg_speed,MSD_slope,hurst_RS,nongauss,disp_var,disp_skew,rw_linearity,rw_netdist,rw_kurtosis01,rw_kurtosis02,rw_kurtosis03,rw_kurtosis04,rw_kurtosis05,rw_kurtosis06,rw_kurtosis07,rw_kurtosis08,rw_kurtosis09,rw_kurtosis10,avg_moving_speed01,avg_moving_speed02,avg_moving_speed03,avg_moving_speed04,avg_moving_speed05,avg_moving_speed06,avg_moving_speed07,avg_moving_speed08,avg_moving_speed09,avg_moving_speed10,time_moving01,time_moving02,time_moving03,time_moving04,time_moving05,time_moving06,time_moving07,time_moving08,time_moving09,time_moving10,autocorr_1,autocorr_2,autocorr_3,autocorr_4,autocorr_5,autocorr_6,autocorr_7,autocorr_8,autocorr_9,autocorr_10,p_rturn_9_5,p_rturn_9_6,p_rturn_10_5,p_rturn_10_6,p_rturn_11_5,p_rturn_11_6,mean_theta_9_5,min_theta_9_5,max_theta_9_5,mean_theta_9_6,min_theta_9_6,max_theta_9_6,mean_theta_10_5,min_theta_10_5,max_theta_10_5,mean_theta_10_6,min_theta_10_6,max_theta_10_6,mean_theta_11_5,min_theta_11_5,max_theta_11_5,mean_theta_11_6,min_theta_11_6,max_theta_11_6
WellB05_Seq0003/xy16,0,1739.2501513159725,816.0075607492862,0.720333078379,0.727353647151,0.46917205103122667,30.156555114269928,1.5587302524811606,23.1900020175,1.64717678463,0.769279706679,-0.15624418201,196.065824188,1.068914997183288,0.463856320234,530.102014418,1.228736730829521,2.401760074928829,1.8374154346809446,0.35683983762791893,-0.6004186100639144,-0.7336159943513318,-1.007560040488747,-1.0906979368282887,-1.59125419563408,-0.8307485740237999,15.8483011363,15.8483011363,16.0427771512,16.4179949397,16.7832594172,17.3049363868,17.8468392948,18.5967226925,19.1607825971,19.3541611572,1.0,1.0,0.9859154929577465,0.9577464788732394,0.9295774647887324,0.8873239436619719,0.8450704225352113,0.7887323943661971,0.7464788732394366,0.7323943661971831,0.228002580025,0.131105426475,0.0587112284119,-0.0242130036564,-0.0509393662676,0.0627551380987,0.0289337125612,0.155840893456,0.00499982450484,0.192753428766,0.619047619048,0.666666666667,0.55,0.55,0.55,0.55,0.38546240223,0.017079189566586217,1.5220867186311005,0.369217915596,0.00010398033275378953,1.482315773847539,0.367369256996,0.0030835699540446918,1.6188937147301379,0.360047862948,0.01873359712498469,1.5791227699465764,0.404520740504,0.013632586345236388,1.7057540907874518,0.394697842952,0.032845997078223194,1.611254492506834
