Well/XY,cell_id,total_distance,net_distance,linearity,spearmanrsq,progressivity,max_speed,min_speed,avg_speed,MSD_slope,hurst_RS,nongauss,disp_var,disp_skew,rw_linearity,rw_netdist,rw_kurtosis01,rw_kurtosis02,rw_kurtosis03,rw_kurtosis04,rw_kurtosis05,rw_kurtosis06,rw_kurtosis07,rw_kurtosis08,rw_kurtosis09,rw_kurtosis10,avg_moving_speed01,avg_moving_speed02,avg_moving_speed03,avg_moving_speed04,avg_moving_speed05,avg_moving_speed06,avg_moving_speed07,avg_moving_speed08,avg_moving_speed09,avg_moving_speed10,time_moving01,time_moving02,time_moving03,time_moving04,time_moving05,time_moving06,time_moving07,time_moving08,time_moving09,time_moving10,autocorr_1,autocorr_2,autocorr_3,autocorr_4,autocorr_5,autocorr_6,autocorr_7,autocorr_8,autocorr_9,autocorr_10,p_rturn_9_5,p_rturn_9_6,p_rturn_10_5,p_rturn_10_6,p_rturn_11_5,p_rturn_11_6,mean_theta_9_5,min_theta_9_5,max_theta_9_5,mean_theta_9_6,min_theta_9_6,max_theta_9_6,mean_theta_10_5,min_theta_10_5,max_theta_10_5,mean_theta_10_6,min_theta_10_6,max_theta_10_6,mean_theta_11_5,min_theta_11_5,max_theta_11_5,mean_theta_11_6,min_theta_11_6,max_theta_11_6
WellB05_Seq0003/xy20,0,1858.866932105999,398.82634065467636,0.00802058280812,0.00734011057922,0.21455346467583183,52.417863367367445,0.9682974749528093,24.7848924281,1.36147061893,0.785349870445,0.356666347998,336.417756444,1.6433333745064003,-0.214794997084,93.2576647632,4.633194483875765,0.8958237360576748,-0.36502773956717594,-0.6046533514845094,-0.7826565632072131,-0.37199088540919556,-0.9247148483128163,-0.8022634189655786,-0.19007470552954553,-1.0159840020488955,17.5386647699,17.7618929175,17.9855762107,18.4085877843,18.4085877843,19.4599066014,20.3538553928,21.056704304,21.7830925352,23.372992726,1.0,0.9859154929577465,0.971830985915493,0.9436619718309859,0.9436619718309859,0.8732394366197183,0.8169014084507042,0.7746478873239436,0.7323943661971831,0.647887323943662,0.393635102126,0.241894109117,0.198283480893,0.246794492009,0.0557406482358,0.056974150358,0.00607670203098,0.002954808587,-0.041342479484,-0.0403172052762,0.52380952381,0.47619047619,0.5,0.45,0.45,0.4,0.8425492883,0.15280188037071615,2.8043060674807583,0.769688209671,0.030458961550615334,2.766465571925564,0.961519660552,0.0834101581764519,2.694006331668961,0.876951761709,0.045491707434230935,2.6561658361137668,1.04781765083,0.01846008740552371,2.6022833874783142,0.980877175725,0.02868526529107365,2.56444289192312
