Well/XY,cell_id,total_distance,net_distance,linearity,spearmanrsq,progressivity,max_speed,min_speed,avg_speed,MSD_slope,hurst_RS,nongauss,disp_var,disp_skew,rw_linearity,rw_netdist,rw_kurtosis01,rw_kurtosis02,rw_kurtosis03,rw_kurtosis04,rw_kurtosis05,rw_kurtosis06,rw_kurtosis07,rw_kurtosis08,rw_kurtosis09,rw_kurtosis10,avg_moving_speed01,avg_moving_speed02,avg_moving_speed03,avg_moving_speed04,avg_moving_speed05,avg_moving_speed06,avg_moving_speed07,avg_moving_speed08,avg_moving_speed09,avg_moving_speed10,time_moving01,time_moving02,time_moving03,time_moving04,time_moving05,time_moving06,time_moving07,time_moving08,time_moving09,time_moving10,autocorr_1,autocorr_2,autocorr_3,autocorr_4,autocorr_5,autocorr_6,autocorr_7,autocorr_8,autocorr_9,autocorr_10,p_rturn_9_5,p_rturn_9_6,p_rturn_10_5,p_rturn_10_6,p_rturn_11_5,p_rturn_11_6,mean_theta_9_5,min_theta_9_5,max_theta_9_5,mean_theta_9_6,min_theta_9_6,max_theta_9_6,mean_theta_10_5,min_theta_10_5,max_theta_10_5,mean_theta_10_6,min_theta_10_6,max_theta_10_6,mean_theta_11_5,min_theta_11_5,max_theta_11_5,mean_theta_11_6,min_theta_11_6,max_theta_11_6
WellB05_Seq0003/xy03,0,1802.00136677798,339.3516465261367,0.312470737117,0.151179046977,0.1883193058465351,38.316989913092094,1.8558458987750133,24.0266848904,1.38540944773,0.724876725738,1.36895258868,424.212213229,2.9821433989597597,0.072063400993,43.1307809599,13.294287443414557,10.702956921572515,-1.0286595041889162,-0.011565739965829547,-0.09495860049348792,-0.03999681468436744,0.2312224231127069,-0.5573462967842375,-1.4829814077768577,-1.2982973458068467,15.6748741079,15.6748741079,15.6748741079,15.8555750004,16.361222377,16.8818549103,17.2057167056,17.3602233184,17.9858168931,18.3033785475,1.0,1.0,1.0,0.9859154929577465,0.9436619718309859,0.9014084507042254,0.8732394366197183,0.8591549295774648,0.8028169014084507,0.7746478873239436,0.35405150373,0.0615809755806,0.0772404028097,0.132681379912,0.101569190946,0.0299085657943,-0.0936292713874,0.0556242790832,0.258050925076,0.244671885651,0.761904761905,0.761904761905,0.75,0.75,0.7,0.7,0.67060602116,0.06662943487723068,2.1211893080082653,0.532725395533,0.04446109468928216,1.7724345648164122,0.516117431498,0.0051864813751233,1.765082260743142,0.423944580119,0.03395649257550612,1.7388090734442292,0.494914225999,0.013737315330543481,1.8739990474226829,0.484161366006,0.013593300732329406,1.84772586012377
