Well/XY,cell_id,total_distance,net_distance,linearity,spearmanrsq,progressivity,max_speed,min_speed,avg_speed,MSD_slope,hurst_RS,nongauss,disp_var,disp_skew,rw_linearity,rw_netdist,rw_kurtosis01,rw_kurtosis02,rw_kurtosis03,rw_kurtosis04,rw_kurtosis05,rw_kurtosis06,rw_kurtosis07,rw_kurtosis08,rw_kurtosis09,rw_kurtosis10,avg_moving_speed01,avg_moving_speed02,avg_moving_speed03,avg_moving_speed04,avg_moving_speed05,avg_moving_speed06,avg_moving_speed07,avg_moving_speed08,avg_moving_speed09,avg_moving_speed10,time_moving01,time_moving02,time_moving03,time_moving04,time_moving05,time_moving06,time_moving07,time_moving08,time_moving09,time_moving10,autocorr_1,autocorr_2,autocorr_3,autocorr_4,autocorr_5,autocorr_6,autocorr_7,autocorr_8,autocorr_9,autocorr_10,p_rturn_9_5,p_rturn_9_6,p_rturn_10_5,p_rturn_10_6,p_rturn_11_5,p_rturn_11_6,mean_theta_9_5,min_theta_9_5,max_theta_9_5,mean_theta_9_6,min_theta_9_6,max_theta_9_6,mean_theta_10_5,min_theta_10_5,max_theta_10_5,mean_theta_10_6,min_theta_10_6,max_theta_10_6,mean_theta_11_5,min_theta_11_5,max_theta_11_5,mean_theta_11_6,min_theta_11_6,max_theta_11_6
WellB05_Seq0003/xy05,0,2179.6952804575726,626.1313884481435,0.00287102967947,0.0673088582389,0.28725638581770147,42.05025583750949,1.9126065983364087,29.0626037394,1.5468628318,0.642102225208,-0.0265104504061,402.357645009,1.2060432008635946,-0.226741804767,267.82354554,1.1336774915720245,-0.6839225693725082,-0.2700722616874436,0.1204513585153788,0.25375570291855265,1.9818107751820655,0.8280734814656339,-0.333089588464655,0.8044542585082719,-0.6750711705512802,22.7373839598,22.7373839598,22.7373839598,23.0273903496,23.0273903496,23.0273903496,23.2751640268,23.5070053179,23.5070053179,23.7188047805,0.971830985915493,0.971830985915493,0.971830985915493,0.9577464788732394,0.9577464788732394,0.9577464788732394,0.9436619718309859,0.9295774647887324,0.9295774647887324,0.9154929577464789,0.190382324765,0.0197510022177,-0.130996018795,-0.0235259111751,0.023471794588,-0.122097907864,-0.198555815966,-0.166105172655,-0.0624448176804,0.107858707778,0.333333333333,0.285714285714,0.3,0.35,0.3,0.3,0.588960072311,0.01945779733797595,1.343061581970331,0.567707655967,0.021990687818329555,1.334007771273251,0.621600416053,0.0006586375711949746,1.3236950385271526,0.605305661303,0.02291021097327616,1.3063506364002346,0.634734611596,0.0351562095653788,1.3817732449929971,0.612633214793,0.06806516542993121,1.4747840040534825
