Well/XY,cell_id,total_distance,net_distance,linearity,spearmanrsq,progressivity,max_speed,min_speed,avg_speed,MSD_slope,hurst_RS,nongauss,disp_var,disp_skew,rw_linearity,rw_netdist,rw_kurtosis01,rw_kurtosis02,rw_kurtosis03,rw_kurtosis04,rw_kurtosis05,rw_kurtosis06,rw_kurtosis07,rw_kurtosis08,rw_kurtosis09,rw_kurtosis10,avg_moving_speed01,avg_moving_speed02,avg_moving_speed03,avg_moving_speed04,avg_moving_speed05,avg_moving_speed06,avg_moving_speed07,avg_moving_speed08,avg_moving_speed09,avg_moving_speed10,time_moving01,time_moving02,time_moving03,time_moving04,time_moving05,time_moving06,time_moving07,time_moving08,time_moving09,time_moving10,autocorr_1,autocorr_2,autocorr_3,autocorr_4,autocorr_5,autocorr_6,autocorr_7,autocorr_8,autocorr_9,autocorr_10,p_rturn_9_5,p_rturn_9_6,p_rturn_10_5,p_rturn_10_6,p_rturn_11_5,p_rturn_11_6,mean_theta_9_5,min_theta_9_5,max_theta_9_5,mean_theta_9_6,min_theta_9_6,max_theta_9_6,mean_theta_10_5,min_theta_10_5,max_theta_10_5,mean_theta_10_6,min_theta_10_6,max_theta_10_6,mean_theta_11_5,min_theta_11_5,max_theta_11_5,mean_theta_11_6,min_theta_11_6,max_theta_11_6
WellC04_Seq0017/xy21,0,1844.7707377182912,43.512876255196026,0.0403648945984,0.0507434903047,0.023587145744199643,36.896825662921174,1.5885452464440453,24.5969431696,0.750276896257,0.71642463536,-0.165308383578,253.527854402,0.8361442210056316,-0.173638699565,-259.738605554,0.47809356485480015,1.3504442990989842,1.5207609936065936,0.7887911333960598,1.2050553352253344,-0.296632235236276,-0.11423881525834068,-0.08529903937318828,-0.9144035908175012,0.6453736136982964,16.6055708924,16.6055708924,16.8105172795,17.4101441496,17.4101441496,18.1745987123,18.3550235092,18.9096162572,19.088896182,19.6112433315,1.0,1.0,0.9859154929577465,0.9436619718309859,0.9436619718309859,0.8873239436619719,0.8732394366197183,0.8309859154929577,0.8169014084507042,0.7746478873239436,0.20807558303,0.0852664246921,0.191500261191,-0.0328894738949,0.064811405759,-0.0325327698069,0.0507924281413,0.0234283394634,-0.0093307697071,-0.126838879398,0.380952380952,0.428571428571,0.45,0.5,0.5,0.5,0.964126600821,0.06952585935292883,2.5843630135952975,0.940933437686,0.02567783061590253,2.439281224998795,0.849200794311,0.09076381075819841,2.55344271415258,0.842734880548,0.13258835578370148,2.3560762791431014,0.938636304823,0.011850429820530067,2.520736809245925,0.918832012097,0.09001379935626021,2.3233703742364464
