Well/XY,cell_id,total_distance,net_distance,linearity,spearmanrsq,progressivity,max_speed,min_speed,avg_speed,MSD_slope,hurst_RS,nongauss,disp_var,disp_skew,rw_linearity,rw_netdist,rw_kurtosis01,rw_kurtosis02,rw_kurtosis03,rw_kurtosis04,rw_kurtosis05,rw_kurtosis06,rw_kurtosis07,rw_kurtosis08,rw_kurtosis09,rw_kurtosis10,avg_moving_speed01,avg_moving_speed02,avg_moving_speed03,avg_moving_speed04,avg_moving_speed05,avg_moving_speed06,avg_moving_speed07,avg_moving_speed08,avg_moving_speed09,avg_moving_speed10,time_moving01,time_moving02,time_moving03,time_moving04,time_moving05,time_moving06,time_moving07,time_moving08,time_moving09,time_moving10,autocorr_1,autocorr_2,autocorr_3,autocorr_4,autocorr_5,autocorr_6,autocorr_7,autocorr_8,autocorr_9,autocorr_10,p_rturn_9_5,p_rturn_9_6,p_rturn_10_5,p_rturn_10_6,p_rturn_11_5,p_rturn_11_6,mean_theta_9_5,min_theta_9_5,max_theta_9_5,mean_theta_9_6,min_theta_9_6,max_theta_9_6,mean_theta_10_5,min_theta_10_5,max_theta_10_5,mean_theta_10_6,min_theta_10_6,max_theta_10_6,mean_theta_11_5,min_theta_11_5,max_theta_11_5,mean_theta_11_6,min_theta_11_6,max_theta_11_6
WellC04_Seq0017/xy25,0,1442.6847791557523,610.948854242317,0.573786398114,0.691532999336,0.42348048795513005,32.024125218341254,1.2855442427237045,19.2357970554,1.63934462886,0.841348061087,0.482745725061,253.463090125,1.8503708078179264,0.325527248862,373.794020789,4.387781387251045,4.35262807577222,-0.06308665020193516,-1.0355636066221734,-1.110813724162716,-0.6861182502333931,-1.1671985116173527,-0.9626640197170184,-1.3283675432066495,-1.4874787963130016,14.5792214031,14.9500439619,15.9149220801,17.4504490016,18.4135052278,18.6645727796,19.4127718514,20.1972656725,20.4563621727,20.7006814862,1.0,0.971830985915493,0.9014084507042254,0.8028169014084507,0.7464788732394366,0.7323943661971831,0.6901408450704225,0.647887323943662,0.6338028169014085,0.6197183098591549,0.625358048229,0.358098487854,0.232661608688,0.0420293739961,-0.0756927273681,0.0254361041304,0.100395277872,0.0190466558948,0.0728933579808,0.134329043117,0.428571428571,0.428571428571,0.5,0.45,0.45,0.45,1.13480631503,0.019065107721250203,2.5786502871657264,0.894429074115,0.02969695626109693,2.619832658978584,1.10709991834,0.053475917256226455,2.6446990927447773,0.867396681313,0.06127381626459356,2.648257449108394,1.09648987352,0.027284594513798183,2.67403403112878,0.950037808607,0.02883184370645422,2.6849178766198474
