Well/XY,cell_id,total_distance,net_distance,linearity,spearmanrsq,progressivity,max_speed,min_speed,avg_speed,MSD_slope,hurst_RS,nongauss,disp_var,disp_skew,rw_linearity,rw_netdist,rw_kurtosis01,rw_kurtosis02,rw_kurtosis03,rw_kurtosis04,rw_kurtosis05,rw_kurtosis06,rw_kurtosis07,rw_kurtosis08,rw_kurtosis09,rw_kurtosis10,avg_moving_speed01,avg_moving_speed02,avg_moving_speed03,avg_moving_speed04,avg_moving_speed05,avg_moving_speed06,avg_moving_speed07,avg_moving_speed08,avg_moving_speed09,avg_moving_speed10,time_moving01,time_moving02,time_moving03,time_moving04,time_moving05,time_moving06,time_moving07,time_moving08,time_moving09,time_moving10,autocorr_1,autocorr_2,autocorr_3,autocorr_4,autocorr_5,autocorr_6,autocorr_7,autocorr_8,autocorr_9,autocorr_10,p_rturn_9_5,p_rturn_9_6,p_rturn_10_5,p_rturn_10_6,p_rturn_11_5,p_rturn_11_6,mean_theta_9_5,min_theta_9_5,max_theta_9_5,mean_theta_9_6,min_theta_9_6,max_theta_9_6,mean_theta_10_5,min_theta_10_5,max_theta_10_5,mean_theta_10_6,min_theta_10_6,max_theta_10_6,mean_theta_11_5,min_theta_11_5,max_theta_11_5,mean_theta_11_6,min_theta_11_6,max_theta_11_6
WellE02_Seq0035/xy22,0,2858.296260416029,530.1826949269469,0.432198730513,0.35059325112,0.1854890629321182,51.872797071297384,3.2988458587815224,37.6091613213,1.31504992736,0.679629867869,-0.396678012169,377.395467157,0.24180441485336415,0.209602318607,63.4652768306,-0.6112729971299413,0.4571454011655911,-0.4188968869966101,0.19479736177791196,0.23719766693272426,-1.177676604206271,-1.040623091442435,0.7768812323821721,-0.5249287997811174,-1.6896215270307409,31.7507765767,31.7507765767,31.7507765767,31.7507765767,31.7507765767,31.7507765767,31.7507765767,31.7507765767,31.7507765767,31.7507765767,1.0,1.0,1.0,1.0,1.0,1.0,1.0,1.0,1.0,1.0,0.391589000436,0.112156655282,-0.238970660108,-0.0780287600444,-0.0406606049063,0.0568359415849,-0.10585689938,0.022586347201,0.0680997226167,0.247568159503,0.47619047619,0.47619047619,0.428571428571,0.428571428571,0.4,0.4,1.29939826839,0.1334343343496023,2.714058558695025,1.23928201098,0.25165098647987877,2.6785753424998386,1.35420468795,0.0383134595871372,2.66932362609272,1.28978272489,0.1947808103409925,2.6338404098975325,1.35033255973,0.034401891408686824,2.6643033007168677,1.2539995516,0.10015314697668799,2.628820084521681
