Well/XY,cell_id,total_distance,net_distance,linearity,spearmanrsq,progressivity,max_speed,min_speed,avg_speed,MSD_slope,hurst_RS,nongauss,disp_var,disp_skew,rw_linearity,rw_netdist,rw_kurtosis01,rw_kurtosis02,rw_kurtosis03,rw_kurtosis04,rw_kurtosis05,rw_kurtosis06,rw_kurtosis07,rw_kurtosis08,rw_kurtosis09,rw_kurtosis10,avg_moving_speed01,avg_moving_speed02,avg_moving_speed03,avg_moving_speed04,avg_moving_speed05,avg_moving_speed06,avg_moving_speed07,avg_moving_speed08,avg_moving_speed09,avg_moving_speed10,time_moving01,time_moving02,time_moving03,time_moving04,time_moving05,time_moving06,time_moving07,time_moving08,time_moving09,time_moving10,autocorr_1,autocorr_2,autocorr_3,autocorr_4,autocorr_5,autocorr_6,autocorr_7,autocorr_8,autocorr_9,autocorr_10,p_rturn_9_5,p_rturn_9_6,p_rturn_10_5,p_rturn_10_6,p_rturn_11_5,p_rturn_11_6,mean_theta_9_5,min_theta_9_5,max_theta_9_5,mean_theta_9_6,min_theta_9_6,max_theta_9_6,mean_theta_10_5,min_theta_10_5,max_theta_10_5,mean_theta_10_6,min_theta_10_6,max_theta_10_6,mean_theta_11_5,min_theta_11_5,max_theta_11_5,mean_theta_11_6,min_theta_11_6,max_theta_11_6
WellE02_Seq0035/xy14,0,1646.2300141718645,106.07611842445966,0.103692128716,0.10251511725,0.06443578206646974,21.976644056816315,1.7756407294269785,21.6609212391,1.12763512829,0.614476004284,-0.336793862572,142.11944767,0.5033820174708393,-0.114206360037,-162.728845024,-0.2722182719551922,0.11374496693730052,-0.8715844963619515,-0.49468957484532616,0.23757789932722817,0.41546924190435064,-0.5450939382305315,-0.9387998124877024,-0.7436263083555499,-1.059195049694871,14.589478791,14.7669295724,15.3055220294,15.4761096232,15.4761096232,15.9378404187,16.241713191,16.3777072018,16.6458070901,16.89542756,1.0,0.9861111111111112,0.9444444444444444,0.9305555555555556,0.9305555555555556,0.8888888888888888,0.8611111111111112,0.8472222222222222,0.8194444444444444,0.7916666666666666,-0.103851953117,-0.145455395856,0.00784660990433,0.105649021267,0.13179301726,-0.0722322235216,0.00195851409929,-0.223052580317,0.181958110679,0.115744950393,0.47619047619,0.47619047619,0.52380952381,0.52380952381,0.55,0.55,0.69858553095,0.19924081065162055,1.7467955869795115,0.67074996967,0.13988251087363854,1.7912237112381706,0.77002096263,0.09952050348319566,1.6568389271183157,0.735560295355,0.05228458606422317,1.7012670513769748,0.78550726386,0.11203287847785422,1.958604062316739,0.744291093942,0.12576181716406243,1.9033372225523728
