Well/XY,cell_id,total_distance,net_distance,linearity,spearmanrsq,progressivity,max_speed,min_speed,avg_speed,MSD_slope,hurst_RS,nongauss,disp_var,disp_skew,rw_linearity,rw_netdist,rw_kurtosis01,rw_kurtosis02,rw_kurtosis03,rw_kurtosis04,rw_kurtosis05,rw_kurtosis06,rw_kurtosis07,rw_kurtosis08,rw_kurtosis09,rw_kurtosis10,avg_moving_speed01,avg_moving_speed02,avg_moving_speed03,avg_moving_speed04,avg_moving_speed05,avg_moving_speed06,avg_moving_speed07,avg_moving_speed08,avg_moving_speed09,avg_moving_speed10,time_moving01,time_moving02,time_moving03,time_moving04,time_moving05,time_moving06,time_moving07,time_moving08,time_moving09,time_moving10,autocorr_1,autocorr_2,autocorr_3,autocorr_4,autocorr_5,autocorr_6,autocorr_7,autocorr_8,autocorr_9,autocorr_10,p_rturn_9_5,p_rturn_9_6,p_rturn_10_5,p_rturn_10_6,p_rturn_11_5,p_rturn_11_6,mean_theta_9_5,min_theta_9_5,max_theta_9_5,mean_theta_9_6,min_theta_9_6,max_theta_9_6,mean_theta_10_5,min_theta_10_5,max_theta_10_5,mean_theta_10_6,min_theta_10_6,max_theta_10_6,mean_theta_11_5,min_theta_11_5,max_theta_11_5,mean_theta_11_6,min_theta_11_6,max_theta_11_6
WellE02_Seq0035/xy01,0,2367.206377237827,478.3316917202956,0.000147148989271,0.0213732439118,0.20206590195082044,50.16911500116382,1.1272905570437364,31.1474523321,1.27192874615,0.739617476953,-0.147587174481,433.6105177,0.9090497796865901,-0.226464256562,91.8019733752,0.10667092970030279,1.4403986035714604,0.20380722587314137,-0.8161379415159868,-0.7433311328076626,-1.000889233056457,-0.12215065449014029,0.28721492879162813,0.008689817465675098,-1.141056982478627,22.2074304271,22.2074304271,22.2074304271,22.2074304271,22.451658845,22.451658845,22.9095986255,23.6231486483,24.0872098386,24.555366392,1.0,1.0,1.0,1.0,0.9861111111111112,0.9861111111111112,0.9583333333333334,0.9166666666666666,0.8888888888888888,0.8611111111111112,0.437376494201,0.108045821504,-0.0513251128221,0.0327692053311,0.133019293624,0.0249047263954,-0.207040646477,-0.109712895892,0.00630746750885,0.143083072168,0.52380952381,0.47619047619,0.571428571429,0.52380952381,0.55,0.5,0.695144067148,0.005599934578350896,2.816319399877781,0.696927016043,0.06941222637402784,2.7243805520898965,0.762665580724,0.02890110222309598,2.797186800967387,0.764584159857,0.020225512356683153,2.705247953179502,0.713904012832,0.024047264411981295,2.850420498921261,0.724916291985,0.028596649751645137,2.7584816511333763
