Well/XY,cell_id,total_distance,net_distance,linearity,spearmanrsq,progressivity,max_speed,min_speed,avg_speed,MSD_slope,hurst_RS,nongauss,disp_var,disp_skew,rw_linearity,rw_netdist,rw_kurtosis01,rw_kurtosis02,rw_kurtosis03,rw_kurtosis04,rw_kurtosis05,rw_kurtosis06,rw_kurtosis07,rw_kurtosis08,rw_kurtosis09,rw_kurtosis10,avg_moving_speed01,avg_moving_speed02,avg_moving_speed03,avg_moving_speed04,avg_moving_speed05,avg_moving_speed06,avg_moving_speed07,avg_moving_speed08,avg_moving_speed09,avg_moving_speed10,time_moving01,time_moving02,time_moving03,time_moving04,time_moving05,time_moving06,time_moving07,time_moving08,time_moving09,time_moving10,autocorr_1,autocorr_2,autocorr_3,autocorr_4,autocorr_5,autocorr_6,autocorr_7,autocorr_8,autocorr_9,autocorr_10,p_rturn_9_5,p_rturn_9_6,p_rturn_10_5,p_rturn_10_6,p_rturn_11_5,p_rturn_11_6,mean_theta_9_5,min_theta_9_5,max_theta_9_5,mean_theta_9_6,min_theta_9_6,max_theta_9_6,mean_theta_10_5,min_theta_10_5,max_theta_10_5,mean_theta_10_6,min_theta_10_6,max_theta_10_6,mean_theta_11_5,min_theta_11_5,max_theta_11_5,mean_theta_11_6,min_theta_11_6,max_theta_11_6
WellE02_Seq0035/xy06,0,1851.2599752581018,206.635734808866,0.940113568494,0.848241096851,0.11161897171144584,37.27306507385728,0.5602856414365774,24.358683885,1.31093339095,0.570833889223,0.0620214050679,322.381659949,1.2409049032276875,0.711862518338,-95.6475826495,1.472751689800229,1.6673262964413293,-0.5077964050775807,-1.380464971729986,-0.31769116777345774,-0.9753638553337356,-0.6070766333261095,-1.2961005624355364,-0.7093793054562036,0.3399006179768378,11.4524918508,11.7473424073,12.6183724775,13.4152993229,14.2799098387,15.2161067857,15.5925827026,17.3439490247,18.4112388499,19.9535417175,0.9722222222222222,0.9444444444444444,0.8611111111111112,0.7916666666666666,0.7222222222222222,0.6527777777777778,0.625,0.5138888888888888,0.4583333333333333,0.3888888888888889,0.310530346424,0.0234601732933,-0.147687632225,-0.122330504735,0.0523292293601,-0.0551790285428,0.0531293870082,-0.0241542443066,0.010656612362,-0.171994031378,0.333333333333,0.285714285714,0.380952380952,0.380952380952,0.45,0.35,0.405739347537,0.0012809838986670664,2.0725829193855523,0.393101717188,0.012281352332399157,2.0546001724386707,0.280799237326,0.011278979455370174,1.7053248691460279,0.299543662713,0.004695118981663657,2.041384261493915,0.308043917158,0.004505483070664614,2.254288779718518,0.324588079865,0.0004786017303741259,2.2383445321339672
