Well/XY,cell_id,total_distance,net_distance,linearity,spearmanrsq,progressivity,max_speed,min_speed,avg_speed,MSD_slope,hurst_RS,nongauss,disp_var,disp_skew,rw_linearity,rw_netdist,rw_kurtosis01,rw_kurtosis02,rw_kurtosis03,rw_kurtosis04,rw_kurtosis05,rw_kurtosis06,rw_kurtosis07,rw_kurtosis08,rw_kurtosis09,rw_kurtosis10,avg_moving_speed01,avg_moving_speed02,avg_moving_speed03,avg_moving_speed04,avg_moving_speed05,avg_moving_speed06,avg_moving_speed07,avg_moving_speed08,avg_moving_speed09,avg_moving_speed10,time_moving01,time_moving02,time_moving03,time_moving04,time_moving05,time_moving06,time_moving07,time_moving08,time_moving09,time_moving10,autocorr_1,autocorr_2,autocorr_3,autocorr_4,autocorr_5,autocorr_6,autocorr_7,autocorr_8,autocorr_9,autocorr_10,p_rturn_9_5,p_rturn_9_6,p_rturn_10_5,p_rturn_10_6,p_rturn_11_5,p_rturn_11_6,mean_theta_9_5,min_theta_9_5,max_theta_9_5,mean_theta_9_6,min_theta_9_6,max_theta_9_6,mean_theta_10_5,min_theta_10_5,max_theta_10_5,mean_theta_10_6,min_theta_10_6,max_theta_10_6,mean_theta_11_5,min_theta_11_5,max_theta_11_5,mean_theta_11_6,min_theta_11_6,max_theta_11_6
WellE02_Seq0035/xy03,0,2060.3035139209446,425.0400010587239,0.483119832268,0.374299386381,0.20629970205207007,39.98945541014531,1.114744813847558,27.1092567621,1.25166095572,0.634377514656,0.039654977626,369.289577237,1.284907892734825,0.248033568216,88.6229718555,1.360122590422077,0.365700292767027,-1.405409356083483,-0.15150808039941266,-0.7763132467211853,-0.13647429359771257,-0.9027179678144805,-0.48436488425806745,-1.505121140252506,-1.530849864680029,17.4049124709,18.098666548,18.327696068,19.502136746,20.4963502266,21.3003834247,22.1483883959,23.0420522678,23.6435922582,25.29637891,1.0,0.9583333333333334,0.9444444444444444,0.875,0.8194444444444444,0.7777777777777778,0.7361111111111112,0.6944444444444444,0.6666666666666666,0.5972222222222222,0.391746840095,0.110593593515,-0.0579417708276,0.0484200140687,-0.11931119206,-0.278265608196,-0.216528486259,0.0435077100172,0.102569291564,-0.109067115448,0.428571428571,0.333333333333,0.333333333333,0.238095238095,0.3,0.3,0.59410937505,0.032034392755747085,1.5726487482501366,0.562563216462,0.01901570918287113,1.427170792341643,0.742002831878,0.0071403791643630905,2.4367054644551636,0.710036690118,0.0009735098611627649,2.4309372543819956,0.592198848901,0.00793501564780896,2.1727093569757567,0.583913745025,0.009187479476663452,2.166941146902589
