Well/XY,cell_id,total_distance,net_distance,linearity,spearmanrsq,progressivity,max_speed,min_speed,avg_speed,MSD_slope,hurst_RS,nongauss,disp_var,disp_skew,rw_linearity,rw_netdist,rw_kurtosis01,rw_kurtosis02,rw_kurtosis03,rw_kurtosis04,rw_kurtosis05,rw_kurtosis06,rw_kurtosis07,rw_kurtosis08,rw_kurtosis09,rw_kurtosis10,avg_moving_speed01,avg_moving_speed02,avg_moving_speed03,avg_moving_speed04,avg_moving_speed05,avg_moving_speed06,avg_moving_speed07,avg_moving_speed08,avg_moving_speed09,avg_moving_speed10,time_moving01,time_moving02,time_moving03,time_moving04,time_moving05,time_moving06,time_moving07,time_moving08,time_moving09,time_moving10,autocorr_1,autocorr_2,autocorr_3,autocorr_4,autocorr_5,autocorr_6,autocorr_7,autocorr_8,autocorr_9,autocorr_10,p_rturn_9_5,p_rturn_9_6,p_rturn_10_5,p_rturn_10_6,p_rturn_11_5,p_rturn_11_6,mean_theta_9_5,min_theta_9_5,max_theta_9_5,mean_theta_9_6,min_theta_9_6,max_theta_9_6,mean_theta_10_5,min_theta_10_5,max_theta_10_5,mean_theta_10_6,min_theta_10_6,max_theta_10_6,mean_theta_11_5,min_theta_11_5,max_theta_11_5,mean_theta_11_6,min_theta_11_6,max_theta_11_6
WellC05_Seq0016/xy23,0,830.3850115363616,220.43789238694876,0.950794660912,0.678310632494,0.2654646812315398,27.28133640421596,0.1475669339655597,11.0718001538,0.9163985881,0.746014447966,2.88964035653,260.742267706,3.095330418932749,0.705980407887,83.9355725744,10.867503693254596,7.972375768217557,14.65012665426898,2.805776354568466,2.055752632994338,4.526755275183721,2.4324659246383806,3.3618059869915795,1.852712405020137,1.823185818470697,6.71016125368,7.52229054786,9.01934291445,10.6587990125,11.5967339324,13.0308654403,14.9415777488,15.9466653438,17.0640204526,20.424426647,0.8450704225352113,0.7323943661971831,0.5633802816901409,0.43661971830985913,0.38028169014084506,0.30985915492957744,0.23943661971830985,0.2112676056338028,0.18309859154929578,0.1267605633802817,0.245031926586,0.00278858849166,0.0752440122225,0.129666188035,0.0914228118456,0.156776474722,0.0879179370461,-0.0175943826442,-0.0142709197478,0.0636437435879,0.666666666667,0.619047619048,0.45,0.45,0.35,0.4,0.431088781252,0.008460155129777507,2.008390735607215,0.431186630202,0.006044870496735053,2.0212343695773,0.422128044059,0.009078080744593079,2.0523669475291206,0.399135941138,0.0008014639109315628,2.013417977837748,0.391029105694,0.008796861568323926,2.0000001100937284,0.382335960888,0.000881801962113269,1.9610511404023558
