Well/XY,cell_id,total_distance,net_distance,linearity,spearmanrsq,progressivity,max_speed,min_speed,avg_speed,MSD_slope,hurst_RS,nongauss,disp_var,disp_skew,rw_linearity,rw_netdist,rw_kurtosis01,rw_kurtosis02,rw_kurtosis03,rw_kurtosis04,rw_kurtosis05,rw_kurtosis06,rw_kurtosis07,rw_kurtosis08,rw_kurtosis09,rw_kurtosis10,avg_moving_speed01,avg_moving_speed02,avg_moving_speed03,avg_moving_speed04,avg_moving_speed05,avg_moving_speed06,avg_moving_speed07,avg_moving_speed08,avg_moving_speed09,avg_moving_speed10,time_moving01,time_moving02,time_moving03,time_moving04,time_moving05,time_moving06,time_moving07,time_moving08,time_moving09,time_moving10,autocorr_1,autocorr_2,autocorr_3,autocorr_4,autocorr_5,autocorr_6,autocorr_7,autocorr_8,autocorr_9,autocorr_10,p_rturn_9_5,p_rturn_9_6,p_rturn_10_5,p_rturn_10_6,p_rturn_11_5,p_rturn_11_6,mean_theta_9_5,min_theta_9_5,max_theta_9_5,mean_theta_9_6,min_theta_9_6,max_theta_9_6,mean_theta_10_5,min_theta_10_5,max_theta_10_5,mean_theta_10_6,min_theta_10_6,max_theta_10_6,mean_theta_11_5,min_theta_11_5,max_theta_11_5,mean_theta_11_6,min_theta_11_6,max_theta_11_6
WellC05_Seq0016/xy14,0,1244.1310461414835,182.84600077660994,0.234183002819,0.193859227379,0.14696683387468218,37.52217589639493,0.6511528238439981,16.5884139486,1.04585519457,0.785708659976,0.395438108516,193.044867643,1.663822918406084,-0.00122360382158,-21.6697016864,3.0306054713558606,4.700241617764284,2.6704249202190873,4.8694398190188934,2.1842540995006168,1.987285002649485,-1.3910783031662994,-0.6828043773287198,-0.12588033253669773,-1.306401338607535,9.72839590184,10.3834648607,11.2030631279,13.7199967335,14.6425487416,15.9974586696,16.9228726661,18.3370362104,19.517555312,20.4100437466,0.9577464788732394,0.8873239436619719,0.8028169014084507,0.6056338028169014,0.5492957746478874,0.4788732394366197,0.43661971830985913,0.38028169014084506,0.3380281690140845,0.30985915492957744,0.486860334323,0.35241079138,0.0936032785148,0.0529543071025,-0.028443701114,-0.184583912944,-0.209606640417,-0.181116352696,0.0378210675243,0.0819350393955,0.380952380952,0.52380952381,0.3,0.35,0.45,0.4,1.02207014391,0.0021224189214545403,2.9400216610845895,1.02587668201,0.02393289323401275,2.944582630324165,1.07851327729,0.0025138189392223767,3.0259732522639475,1.05230632802,0.032401129274741564,2.9714592116653904,1.15862043673,0.06792354926732161,2.9657747145601525,1.18906949152,0.017993491996125256,2.9295270059139695
