Well/XY,cell_id,total_distance,net_distance,linearity,spearmanrsq,progressivity,max_speed,min_speed,avg_speed,MSD_slope,hurst_RS,nongauss,disp_var,disp_skew,rw_linearity,rw_netdist,rw_kurtosis01,rw_kurtosis02,rw_kurtosis03,rw_kurtosis04,rw_kurtosis05,rw_kurtosis06,rw_kurtosis07,rw_kurtosis08,rw_kurtosis09,rw_kurtosis10,avg_moving_speed01,avg_moving_speed02,avg_moving_speed03,avg_moving_speed04,avg_moving_speed05,avg_moving_speed06,avg_moving_speed07,avg_moving_speed08,avg_moving_speed09,avg_moving_speed10,time_moving01,time_moving02,time_moving03,time_moving04,time_moving05,time_moving06,time_moving07,time_moving08,time_moving09,time_moving10,autocorr_1,autocorr_2,autocorr_3,autocorr_4,autocorr_5,autocorr_6,autocorr_7,autocorr_8,autocorr_9,autocorr_10,p_rturn_9_5,p_rturn_9_6,p_rturn_10_5,p_rturn_10_6,p_rturn_11_5,p_rturn_11_6,mean_theta_9_5,min_theta_9_5,max_theta_9_5,mean_theta_9_6,min_theta_9_6,max_theta_9_6,mean_theta_10_5,min_theta_10_5,max_theta_10_5,mean_theta_10_6,min_theta_10_6,max_theta_10_6,mean_theta_11_5,min_theta_11_5,max_theta_11_5,mean_theta_11_6,min_theta_11_6,max_theta_11_6
WellB06_Seq0004/xy14,0,2925.4992906072985,574.6316598482891,0.573957342983,0.478495998023,0.19642173959611609,45.93811924752685,2.5331403435261906,39.0066572081,0.696280662115,0.746043591035,-0.378688977337,504.639400454,0.11811740308810151,0.352779161857,93.7252920431,-1.0123234889095682,-0.5562450200033786,-0.4557466953280067,-1.1757527614584669,-0.39310399965163123,-0.8098343012533857,-0.48619742449984926,-0.13794074243859322,1.0699945334506644,-1.3789556327564993,24.326729458,24.326729458,24.326729458,24.9324191871,25.2364695539,25.536163345,25.8306311722,25.8306311722,26.0962781478,27.1912834396,1.0,1.0,1.0,0.971830985915493,0.9577464788732394,0.9436619718309859,0.9295774647887324,0.9295774647887324,0.9154929577464789,0.8591549295774648,0.289768513302,-0.0158127695344,0.0795826586641,0.210823187812,0.146602152558,0.0738466647695,0.179237582023,0.239348707447,0.0201754710031,0.086059564555,0.761904761905,0.761904761905,0.65,0.65,0.65,0.6,0.619587854895,0.06009734633846572,2.3639820533325575,0.634158801975,0.006353412016418483,2.266321081451163,0.659359403902,0.007240462889307942,2.308442391922529,0.667748024233,0.01885769400355505,2.210781420041134,0.806537006965,0.07915051330732717,2.6960547377538178,0.790825932375,0.06322267866911875,2.5662370537213195
