Well/XY,cell_id,total_distance,net_distance,linearity,spearmanrsq,progressivity,max_speed,min_speed,avg_speed,MSD_slope,hurst_RS,nongauss,disp_var,disp_skew,rw_linearity,rw_netdist,rw_kurtosis01,rw_kurtosis02,rw_kurtosis03,rw_kurtosis04,rw_kurtosis05,rw_kurtosis06,rw_kurtosis07,rw_kurtosis08,rw_kurtosis09,rw_kurtosis10,avg_moving_speed01,avg_moving_speed02,avg_moving_speed03,avg_moving_speed04,avg_moving_speed05,avg_moving_speed06,avg_moving_speed07,avg_moving_speed08,avg_moving_speed09,avg_moving_speed10,time_moving01,time_moving02,time_moving03,time_moving04,time_moving05,time_moving06,time_moving07,time_moving08,time_moving09,time_moving10,autocorr_1,autocorr_2,autocorr_3,autocorr_4,autocorr_5,autocorr_6,autocorr_7,autocorr_8,autocorr_9,autocorr_10,p_rturn_9_5,p_rturn_9_6,p_rturn_10_5,p_rturn_10_6,p_rturn_11_5,p_rturn_11_6,mean_theta_9_5,min_theta_9_5,max_theta_9_5,mean_theta_9_6,min_theta_9_6,max_theta_9_6,mean_theta_10_5,min_theta_10_5,max_theta_10_5,mean_theta_10_6,min_theta_10_6,max_theta_10_6,mean_theta_11_5,min_theta_11_5,max_theta_11_5,mean_theta_11_6,min_theta_11_6,max_theta_11_6
WellB06_Seq0004/xy07,0,1138.34087727703,506.5643493180308,0.520104717936,0.691792581478,0.4450023357939661,24.93531632043195,3.444009291508909,15.1778783637,1.61558371327,0.748228263061,-0.294572631679,70.1314354961,0.7706389190575913,0.297391969624,319.438897477,0.15850760118528529,1.4744132659121316,2.902184483825926,-0.15431228551730136,2.8643203692473094,4.4679434654848,-0.9372433984453239,-1.1968545005747873,0.3467147668553321,-0.9127262535044278,12.4825064794,12.4825064794,12.4825064794,12.4825064794,12.593328643,12.8002120653,12.9955822834,13.5454702995,14.2099427474,14.6883672187,1.0,1.0,1.0,1.0,0.9859154929577465,0.9577464788732394,0.9295774647887324,0.8450704225352113,0.7464788732394366,0.676056338028169,0.157608151559,0.150350757709,0.054843590886,0.0486413130725,-0.019829339366,-0.145920108738,-0.0890159040575,0.0459082262063,-0.11752004863,0.0323071882061,0.47619047619,0.52380952381,0.6,0.55,0.55,0.5,0.471919565514,0.018181619339179347,1.5151265221367833,0.435444614296,0.0006518061025165528,1.4273141273259893,0.518498237508,0.003987922496425278,1.9293657074004227,0.456802569957,0.02171148981637207,1.7003640035965149,0.475158267212,0.02818629208539754,1.472244797035262,0.435017934853,0.017323654194012182,1.4298132128297891
