Well/XY,cell_id,total_distance,net_distance,linearity,spearmanrsq,progressivity,max_speed,min_speed,avg_speed,MSD_slope,hurst_RS,nongauss,disp_var,disp_skew,rw_linearity,rw_netdist,rw_kurtosis01,rw_kurtosis02,rw_kurtosis03,rw_kurtosis04,rw_kurtosis05,rw_kurtosis06,rw_kurtosis07,rw_kurtosis08,rw_kurtosis09,rw_kurtosis10,avg_moving_speed01,avg_moving_speed02,avg_moving_speed03,avg_moving_speed04,avg_moving_speed05,avg_moving_speed06,avg_moving_speed07,avg_moving_speed08,avg_moving_speed09,avg_moving_speed10,time_moving01,time_moving02,time_moving03,time_moving04,time_moving05,time_moving06,time_moving07,time_moving08,time_moving09,time_moving10,autocorr_1,autocorr_2,autocorr_3,autocorr_4,autocorr_5,autocorr_6,autocorr_7,autocorr_8,autocorr_9,autocorr_10,p_rturn_9_5,p_rturn_9_6,p_rturn_10_5,p_rturn_10_6,p_rturn_11_5,p_rturn_11_6,mean_theta_9_5,min_theta_9_5,max_theta_9_5,mean_theta_9_6,min_theta_9_6,max_theta_9_6,mean_theta_10_5,min_theta_10_5,max_theta_10_5,mean_theta_10_6,min_theta_10_6,max_theta_10_6,mean_theta_11_5,min_theta_11_5,max_theta_11_5,mean_theta_11_6,min_theta_11_6,max_theta_11_6
WellB06_Seq0004/xy03,0,1291.6520354545407,846.2015859710971,0.781318047037,0.845028658675,0.655131229420711,37.39135729015463,1.644506004853736,17.2220271394,1.82723984289,0.751429247219,0.187410078033,121.656999602,2.1002672534661886,0.537865861479,633.874175456,5.644033932156164,4.660926845997227,3.5070536526106855,0.5894903834810754,3.127101602415295,-1.3445598791656692,0.05532925353217788,-0.5098284151261852,-1.2766307314373102,-1.0578492212844621,15.4175495297,15.4175495297,15.4175495297,15.5853804249,15.7467056184,15.7467056184,15.8781550806,16.1350675381,16.6231527586,17.3998574293,1.0,1.0,1.0,0.9859154929577465,0.971830985915493,0.971830985915493,0.9577464788732394,0.9295774647887324,0.8732394366197183,0.7887323943661971,0.463564710385,0.299008898169,0.149967586234,-0.0847257980481,-0.00421003104217,0.0465435134032,0.0724075449969,-0.0543203248788,0.0656630276367,0.176091392556,0.380952380952,0.380952380952,0.45,0.45,0.45,0.45,0.988269801294,0.04317416253594453,2.8878518684023473,0.986400572761,0.09588563862913728,2.8821556575537515,0.992299494806,0.07907086867921602,2.904364099805592,0.985597068144,0.06283494107388049,2.8986678889569957,0.985469324363,0.07206588238366578,2.9009405596490283,0.978766897701,0.0587279937618817,2.8952443488004325
