Well/XY,cell_id,total_distance,net_distance,linearity,spearmanrsq,progressivity,max_speed,min_speed,avg_speed,MSD_slope,hurst_RS,nongauss,disp_var,disp_skew,rw_linearity,rw_netdist,rw_kurtosis01,rw_kurtosis02,rw_kurtosis03,rw_kurtosis04,rw_kurtosis05,rw_kurtosis06,rw_kurtosis07,rw_kurtosis08,rw_kurtosis09,rw_kurtosis10,avg_moving_speed01,avg_moving_speed02,avg_moving_speed03,avg_moving_speed04,avg_moving_speed05,avg_moving_speed06,avg_moving_speed07,avg_moving_speed08,avg_moving_speed09,avg_moving_speed10,time_moving01,time_moving02,time_moving03,time_moving04,time_moving05,time_moving06,time_moving07,time_moving08,time_moving09,time_moving10,autocorr_1,autocorr_2,autocorr_3,autocorr_4,autocorr_5,autocorr_6,autocorr_7,autocorr_8,autocorr_9,autocorr_10,p_rturn_9_5,p_rturn_9_6,p_rturn_10_5,p_rturn_10_6,p_rturn_11_5,p_rturn_11_6,mean_theta_9_5,min_theta_9_5,max_theta_9_5,mean_theta_9_6,min_theta_9_6,max_theta_9_6,mean_theta_10_5,min_theta_10_5,max_theta_10_5,mean_theta_10_6,min_theta_10_6,max_theta_10_6,mean_theta_11_5,min_theta_11_5,max_theta_11_5,mean_theta_11_6,min_theta_11_6,max_theta_11_6
WellB06_Seq0004/xy06,0,1354.4239020179882,156.05031239955912,0.400652011511,0.415118564308,0.1152152676625509,31.410749815946776,1.36400000000001,18.0589853602,1.33802429251,0.819461748362,2.84700797695,654.339169813,3.279993783657861,0.182231712134,-66.5958120686,10.037479548481054,16.425038491347948,7.163297187741277,4.904290316404125,2.4337803286200304,0.7990412966911826,-0.5179352533356352,0.09589280995031002,-0.11936361333628165,-1.079800799285662,10.6556453967,10.6556453967,10.7702684714,11.0988907444,11.4339519173,11.5372936391,12.5294330503,13.8867769827,14.6280724806,16.0708884081,0.9859154929577465,0.9859154929577465,0.971830985915493,0.9295774647887324,0.8873239436619719,0.8732394366197183,0.7323943661971831,0.5774647887323944,0.5070422535211268,0.39436619718309857,0.526965713713,0.221317348736,0.121812340033,0.318096607814,0.348359567808,0.226566226611,-0.0626010888714,-0.0176000574035,-0.00268283744344,0.00745642263626,0.285714285714,0.238095238095,0.35,0.35,0.25,0.25,0.485600914858,0.014522951706550121,2.440778824650694,0.46556982218,0.018702975066522524,2.3507473651260056,0.746379391388,0.023735378706904797,2.8848761621715315,0.727281882939,0.016000078831543894,2.852353397214024,0.679028749965,0.01307364852199753,2.746572131034561,0.654042274757,0.0013989268555830098,2.7140493660770533
