Well/XY,cell_id,total_distance,net_distance,linearity,spearmanrsq,progressivity,max_speed,min_speed,avg_speed,MSD_slope,hurst_RS,nongauss,disp_var,disp_skew,rw_linearity,rw_netdist,rw_kurtosis01,rw_kurtosis02,rw_kurtosis03,rw_kurtosis04,rw_kurtosis05,rw_kurtosis06,rw_kurtosis07,rw_kurtosis08,rw_kurtosis09,rw_kurtosis10,avg_moving_speed01,avg_moving_speed02,avg_moving_speed03,avg_moving_speed04,avg_moving_speed05,avg_moving_speed06,avg_moving_speed07,avg_moving_speed08,avg_moving_speed09,avg_moving_speed10,time_moving01,time_moving02,time_moving03,time_moving04,time_moving05,time_moving06,time_moving07,time_moving08,time_moving09,time_moving10,autocorr_1,autocorr_2,autocorr_3,autocorr_4,autocorr_5,autocorr_6,autocorr_7,autocorr_8,autocorr_9,autocorr_10,p_rturn_9_5,p_rturn_9_6,p_rturn_10_5,p_rturn_10_6,p_rturn_11_5,p_rturn_11_6,mean_theta_9_5,min_theta_9_5,max_theta_9_5,mean_theta_9_6,min_theta_9_6,max_theta_9_6,mean_theta_10_5,min_theta_10_5,max_theta_10_5,mean_theta_10_6,min_theta_10_6,max_theta_10_6,mean_theta_11_5,min_theta_11_5,max_theta_11_5,mean_theta_11_6,min_theta_11_6,max_theta_11_6
WellB06_Seq0004/xy08,0,1927.0385953184152,279.05240887689894,0.0262435399445,0.00226590003895,0.14480893613383472,44.82401771372129,1.1337742279660448,25.6938479376,1.22585339057,0.61985864433,0.435871275938,409.399331925,1.8578252769172399,-0.234481083937,-37.7226231562,4.70114958090535,1.3947063421625838,2.5622378505613295,-0.5923854250175586,1.4507593275662227,0.24839817614643245,-1.1065371240129573,-1.1751226854100634,-1.4635073993769248,-1.538113792603534,17.08397117,17.08397117,17.2856126458,17.6977340304,18.1043453188,18.7083535496,19.7533258398,20.4183128425,20.879115098,21.5501730184,1.0,1.0,0.9859154929577465,0.9577464788732394,0.9295774647887324,0.8873239436619719,0.8169014084507042,0.7746478873239436,0.7464788732394366,0.704225352112676,0.268047177049,-0.0206169744985,-0.0106256697722,0.0512019958065,-0.00405000291334,-0.030684148517,0.029662466847,-0.0396296941304,-0.17725687257,-0.257837481384,0.52380952381,0.571428571429,0.55,0.55,0.6,0.6,1.29435292245,0.09509604658355458,2.791215754896541,1.19769022397,0.07592451792907184,2.7881284669109685,1.1621159163,0.09944227635296791,2.7924826438146155,1.18359809788,0.11430617640975246,2.7893953558290434,1.08019958172,0.1255908905794623,2.8499590147938205,1.08488843564,0.14045479063624644,2.678938450281195
