Well/XY,cell_id,total_distance,net_distance,linearity,spearmanrsq,progressivity,max_speed,min_speed,avg_speed,MSD_slope,hurst_RS,nongauss,disp_var,disp_skew,rw_linearity,rw_netdist,rw_kurtosis01,rw_kurtosis02,rw_kurtosis03,rw_kurtosis04,rw_kurtosis05,rw_kurtosis06,rw_kurtosis07,rw_kurtosis08,rw_kurtosis09,rw_kurtosis10,avg_moving_speed01,avg_moving_speed02,avg_moving_speed03,avg_moving_speed04,avg_moving_speed05,avg_moving_speed06,avg_moving_speed07,avg_moving_speed08,avg_moving_speed09,avg_moving_speed10,time_moving01,time_moving02,time_moving03,time_moving04,time_moving05,time_moving06,time_moving07,time_moving08,time_moving09,time_moving10,autocorr_1,autocorr_2,autocorr_3,autocorr_4,autocorr_5,autocorr_6,autocorr_7,autocorr_8,autocorr_9,autocorr_10,p_rturn_9_5,p_rturn_9_6,p_rturn_10_5,p_rturn_10_6,p_rturn_11_5,p_rturn_11_6,mean_theta_9_5,min_theta_9_5,max_theta_9_5,mean_theta_9_6,min_theta_9_6,max_theta_9_6,mean_theta_10_5,min_theta_10_5,max_theta_10_5,mean_theta_10_6,min_theta_10_6,max_theta_10_6,mean_theta_11_5,min_theta_11_5,max_theta_11_5,mean_theta_11_6,min_theta_11_6,max_theta_11_6
WellC07_Seq0014/xy24,0,337.66895786601987,4.518849411077861,0.165660258485,0.25416702402,0.013382483955989961,2.5975372952086677,0.04472135955001613,4.50225277155,0.678388922337,0.572232073362,-0.378501574834,5.57892628099,0.3678617340566061,-0.0449343581305,-50.9886506486,-0.6656861190458825,3.3157228614335477,1.7375534781694872,0.3367638302426452,0.020922282695584826,1.69936972336885,-1.2443606443070516,-0.5205825205794024,-1.6531614601710827,-0.6956875562873686,1.52836464263,2.26170827549,0.0,0.0,0.0,0.0,0.0,0.0,0.0,0.0,0.6056338028169014,0.09859154929577464,0.0,0.0,0.0,0.0,0.0,0.0,0.0,0.0,0.0772626624384,-0.175584444504,-0.118970048676,0.0859801645334,0.0725136389046,0.127751151955,0.0364122865108,-0.18663694755,-0.240789391464,-0.0575176234599,0.571428571429,0.52380952381,0.5,0.45,0.35,0.4,0.738922658217,0.09683697484390331,1.4717471364504044,0.704223126475,0.07481850856717559,1.5818175697683732,0.685559055016,0.10139640196789185,1.5974877784120252,0.682667647323,0.04612570736774642,1.7573988284446123,0.640040855318,0.007418481661090246,1.8495433011942823,0.690072549401,0.01222103257530562,1.8995019028261884
