Well/XY,cell_id,total_distance,net_distance,linearity,spearmanrsq,progressivity,max_speed,min_speed,avg_speed,MSD_slope,hurst_RS,nongauss,disp_var,disp_skew,rw_linearity,rw_netdist,rw_kurtosis01,rw_kurtosis02,rw_kurtosis03,rw_kurtosis04,rw_kurtosis05,rw_kurtosis06,rw_kurtosis07,rw_kurtosis08,rw_kurtosis09,rw_kurtosis10,avg_moving_speed01,avg_moving_speed02,avg_moving_speed03,avg_moving_speed04,avg_moving_speed05,avg_moving_speed06,avg_moving_speed07,avg_moving_speed08,avg_moving_speed09,avg_moving_speed10,time_moving01,time_moving02,time_moving03,time_moving04,time_moving05,time_moving06,time_moving07,time_moving08,time_moving09,time_moving10,autocorr_1,autocorr_2,autocorr_3,autocorr_4,autocorr_5,autocorr_6,autocorr_7,autocorr_8,autocorr_9,autocorr_10,p_rturn_9_5,p_rturn_9_6,p_rturn_10_5,p_rturn_10_6,p_rturn_11_5,p_rturn_11_6,mean_theta_9_5,min_theta_9_5,max_theta_9_5,mean_theta_9_6,min_theta_9_6,max_theta_9_6,mean_theta_10_5,min_theta_10_5,max_theta_10_5,mean_theta_10_6,min_theta_10_6,max_theta_10_6,mean_theta_11_5,min_theta_11_5,max_theta_11_5,mean_theta_11_6,min_theta_11_6,max_theta_11_6
WellC07_Seq0014/xy05,0,1678.987151984858,306.30158341085996,0.447575986539,0.255463643574,0.18243235694136054,29.876338463740836,1.2814054783713256,22.3864953598,1.11879228986,0.765996531282,0.0633963435416,300.987053499,1.1885134710381857,0.211080806643,30.3023324642,1.0049762473838353,0.2435337822236443,1.1808475663874214,-1.1143409029462166,-0.9270084935653342,-0.42339729942745175,-0.5729383319307346,-0.8715350206799135,-0.5778430846125753,-0.6797992869364826,11.5228092021,11.9615951324,12.0963474569,12.7866405087,13.3665602173,14.2769193024,14.9346495143,15.7957927375,16.9853403986,17.6329940926,1.0,0.9577464788732394,0.9436619718309859,0.8732394366197183,0.8169014084507042,0.7323943661971831,0.676056338028169,0.6056338028169014,0.5211267605633803,0.4788732394366197,0.135840800184,0.0178133423831,-0.06991299315,0.215745808642,0.12793063889,-0.0470725777159,0.00502179187507,-0.174782712359,0.0596095715649,0.276165097397,0.571428571429,0.571428571429,0.6,0.65,0.4,0.45,0.956238734577,0.028022006725270793,2.508025985206473,0.833006636293,0.0036623160947407566,2.4573198091925654,1.23665117526,0.032625054944934694,2.6009383643352306,1.2099791678,0.004053833506171852,2.533747314767601,1.28653038496,0.08803631565111615,2.595450759745629,1.21604935954,0.05786946682801797,2.5892401678931476
