Well/XY,cell_id,total_distance,net_distance,linearity,spearmanrsq,progressivity,max_speed,min_speed,avg_speed,MSD_slope,hurst_RS,nongauss,disp_var,disp_skew,rw_linearity,rw_netdist,rw_kurtosis01,rw_kurtosis02,rw_kurtosis03,rw_kurtosis04,rw_kurtosis05,rw_kurtosis06,rw_kurtosis07,rw_kurtosis08,rw_kurtosis09,rw_kurtosis10,avg_moving_speed01,avg_moving_speed02,avg_moving_speed03,avg_moving_speed04,avg_moving_speed05,avg_moving_speed06,avg_moving_speed07,avg_moving_speed08,avg_moving_speed09,avg_moving_speed10,time_moving01,time_moving02,time_moving03,time_moving04,time_moving05,time_moving06,time_moving07,time_moving08,time_moving09,time_moving10,autocorr_1,autocorr_2,autocorr_3,autocorr_4,autocorr_5,autocorr_6,autocorr_7,autocorr_8,autocorr_9,autocorr_10,p_rturn_9_5,p_rturn_9_6,p_rturn_10_5,p_rturn_10_6,p_rturn_11_5,p_rturn_11_6,mean_theta_9_5,min_theta_9_5,max_theta_9_5,mean_theta_9_6,min_theta_9_6,max_theta_9_6,mean_theta_10_5,min_theta_10_5,max_theta_10_5,mean_theta_10_6,min_theta_10_6,max_theta_10_6,mean_theta_11_5,min_theta_11_5,max_theta_11_5,mean_theta_11_6,min_theta_11_6,max_theta_11_6
WellB06_Seq0004/xy03,0,730.026276389208,50.18916616163292,0.283460529167,0.24233228202,0.06874980776017293,8.784541194621374,0.4816803919613183,9.73368368519,1.11844948756,0.709380298795,-0.219667749286,34.982029102,0.7841270313764727,0.0594358533761,-69.8157458573,0.7300327653639802,-0.3871653768492678,-1.1755269314968546,-0.9130851435811578,0.3020258013300574,-0.891696924765518,-0.12814386615928353,1.102166219838912,-0.5466144832671742,-1.1488911760726612,3.69858257529,4.19566453385,4.8407159074,5.39967583271,5.91600601333,6.6389600317,7.69366447559,0.0,0.0,0.0,0.8873239436619719,0.7323943661971831,0.5352112676056338,0.36619718309859156,0.23943661971830985,0.09859154929577464,0.028169014084507043,0.0,0.0,0.0,0.200348445743,-0.0346924476254,0.0013474156896,0.020618882431,0.0524398631482,0.0122381277876,0.0214344835546,0.0546006154489,-0.0885720304831,0.0039999064006,0.47619047619,0.47619047619,0.4,0.4,0.5,0.45,0.755898654632,0.0649534364954533,1.9642310730431807,0.770975358575,0.04315523880689316,2.0316696635603075,0.663626931202,0.024084730256426354,1.649783610894621,0.610127545081,0.011896690173075099,1.7272826780264072,0.67664565935,0.12637241645463138,1.469909122881896,0.630610870409,0.07288153316463687,1.537347713399023
