Well/XY,cell_id,total_distance,net_distance,linearity,spearmanrsq,progressivity,max_speed,min_speed,avg_speed,MSD_slope,hurst_RS,nongauss,disp_var,disp_skew,rw_linearity,rw_netdist,rw_kurtosis01,rw_kurtosis02,rw_kurtosis03,rw_kurtosis04,rw_kurtosis05,rw_kurtosis06,rw_kurtosis07,rw_kurtosis08,rw_kurtosis09,rw_kurtosis10,avg_moving_speed01,avg_moving_speed02,avg_moving_speed03,avg_moving_speed04,avg_moving_speed05,avg_moving_speed06,avg_moving_speed07,avg_moving_speed08,avg_moving_speed09,avg_moving_speed10,time_moving01,time_moving02,time_moving03,time_moving04,time_moving05,time_moving06,time_moving07,time_moving08,time_moving09,time_moving10,autocorr_1,autocorr_2,autocorr_3,autocorr_4,autocorr_5,autocorr_6,autocorr_7,autocorr_8,autocorr_9,autocorr_10,p_rturn_9_5,p_rturn_9_6,p_rturn_10_5,p_rturn_10_6,p_rturn_11_5,p_rturn_11_6,mean_theta_9_5,min_theta_9_5,max_theta_9_5,mean_theta_9_6,min_theta_9_6,max_theta_9_6,mean_theta_10_5,min_theta_10_5,max_theta_10_5,mean_theta_10_6,min_theta_10_6,max_theta_10_6,mean_theta_11_5,min_theta_11_5,max_theta_11_5,mean_theta_11_6,min_theta_11_6,max_theta_11_6
WellC09_Seq0012/xy24,0,549.0268987483628,246.5551690798634,0.139177572005,0.0185079622927,0.4490766657188281,13.489027244393856,0.3148586984664895,8.85527256046,1.55870170698,0.917228314277,-0.229561337475,30.86008014,0.73567365661206,-0.0972762539021,147.154981117,-0.3498215314480779,-0.9750728751398481,-0.9251072981378239,-0.8359359208955834,-1.205788276029695,-0.2933465358825287,-1.359046611800259,-1.6172913752458695,-1.4504284069240487,-1.4348221374768855,7.06336778621,7.34825519669,7.72775029829,8.50290491897,9.73611168964,10.3309441449,10.4629370931,11.6033082169,11.7588983738,12.008541274,1.0,0.9482758620689655,0.8793103448275862,0.7413793103448276,0.5689655172413793,0.5,0.4827586206896552,0.3448275862068966,0.3275862068965517,0.29310344827586204,0.558198544819,0.366435913541,0.320494638439,0.237609588236,0.114535974832,0.144632132423,0.182640647733,0.195196832187,0.299785337369,0.235632714556,0.4375,0.4375,0.5,0.5,0.5625,0.5625,0.964941681639,0.12809131388565045,2.3191553544570636,0.933121085628,0.08736639245981756,2.237884103112634,0.942033105374,0.013867155557218548,2.270292781853469,0.913569730097,0.026857765868600145,2.0989404556367695,0.970030611347,0.1178916276773892,2.3018185049365116,0.943300630515,0.15861654910322365,2.130466178719812
