Well/XY,cell_id,total_distance,net_distance,linearity,spearmanrsq,progressivity,max_speed,min_speed,avg_speed,MSD_slope,hurst_RS,nongauss,disp_var,disp_skew,rw_linearity,rw_netdist,rw_kurtosis01,rw_kurtosis02,rw_kurtosis03,rw_kurtosis04,rw_kurtosis05,rw_kurtosis06,rw_kurtosis07,rw_kurtosis08,rw_kurtosis09,rw_kurtosis10,avg_moving_speed01,avg_moving_speed02,avg_moving_speed03,avg_moving_speed04,avg_moving_speed05,avg_moving_speed06,avg_moving_speed07,avg_moving_speed08,avg_moving_speed09,avg_moving_speed10,time_moving01,time_moving02,time_moving03,time_moving04,time_moving05,time_moving06,time_moving07,time_moving08,time_moving09,time_moving10,autocorr_1,autocorr_2,autocorr_3,autocorr_4,autocorr_5,autocorr_6,autocorr_7,autocorr_8,autocorr_9,autocorr_10,p_rturn_9_5,p_rturn_9_6,p_rturn_10_5,p_rturn_10_6,p_rturn_11_5,p_rturn_11_6,mean_theta_9_5,min_theta_9_5,max_theta_9_5,mean_theta_9_6,min_theta_9_6,max_theta_9_6,mean_theta_10_5,min_theta_10_5,max_theta_10_5,mean_theta_10_6,min_theta_10_6,max_theta_10_6,mean_theta_11_5,min_theta_11_5,max_theta_11_5,mean_theta_11_6,min_theta_11_6,max_theta_11_6
WellC09_Seq0012/xy20,0,63.71838300670279,6.7535176019611765,0.387153737511,0.351053743548,0.10599009710040425,1.5160474926597822,0.0,1.02771585495,0.960496649383,0.744429071206,-0.123775996558,0.378109495361,1.2074910290285814,0.14880352489,-4.78256425854,2.4676485167116775,1.8398183914273991,5.8178253758987335,0.7563318414402844,5.771538049471539,4.033811626387198,2.5869409496691045,-0.4140474292153775,1.0694039904976034,0.8720991599683998,1.3612895028,0.0,0.0,0.0,0.0,0.0,0.0,0.0,0.0,0.0,0.06896551724137931,0.0,0.0,0.0,0.0,0.0,0.0,0.0,0.0,0.0,0.309229300813,0.32334432767,0.172164170388,-0.0154158712152,0.0722759981851,-0.158113967314,-0.136901523276,-0.143339720954,-0.239847036022,-0.150535043681,0.266666666667,0.266666666667,0.333333333333,0.4,0.375,0.3125,0.808616180297,0.06110825170981419,2.140121318915231,0.88598792625,0.0519055925669819,2.3967629934982386,0.532333552537,0.007223251848311436,1.2068606247513562,0.595319433757,0.027396553624812657,1.4058553792359945,1.01596656473,0.004602810129531833,1.9360144504340229,1.04968385115,0.0390643851651676,2.192656125017031
