Well/XY,cell_id,total_distance,net_distance,linearity,spearmanrsq,progressivity,max_speed,min_speed,avg_speed,MSD_slope,hurst_RS,nongauss,disp_var,disp_skew,rw_linearity,rw_netdist,rw_kurtosis01,rw_kurtosis02,rw_kurtosis03,rw_kurtosis04,rw_kurtosis05,rw_kurtosis06,rw_kurtosis07,rw_kurtosis08,rw_kurtosis09,rw_kurtosis10,avg_moving_speed01,avg_moving_speed02,avg_moving_speed03,avg_moving_speed04,avg_moving_speed05,avg_moving_speed06,avg_moving_speed07,avg_moving_speed08,avg_moving_speed09,avg_moving_speed10,time_moving01,time_moving02,time_moving03,time_moving04,time_moving05,time_moving06,time_moving07,time_moving08,time_moving09,time_moving10,autocorr_1,autocorr_2,autocorr_3,autocorr_4,autocorr_5,autocorr_6,autocorr_7,autocorr_8,autocorr_9,autocorr_10,p_rturn_9_5,p_rturn_9_6,p_rturn_10_5,p_rturn_10_6,p_rturn_11_5,p_rturn_11_6,mean_theta_9_5,min_theta_9_5,max_theta_9_5,mean_theta_9_6,min_theta_9_6,max_theta_9_6,mean_theta_10_5,min_theta_10_5,max_theta_10_5,mean_theta_10_6,min_theta_10_6,max_theta_10_6,mean_theta_11_5,min_theta_11_5,max_theta_11_5,mean_theta_11_6,min_theta_11_6,max_theta_11_6
WellC09_Seq0012/xy16,0,159.59668212659997,10.198039027185347,0.243682360003,0.187092970416,0.06389881601107321,2.20517572995895,0.10198039027186105,2.5741400343,0.532514236944,0.64393423482,-0.224632979368,2.51766970364,0.8010529426769051,0.00776441777576,-18.6966111946,-0.0416155340078328,-0.4067640319087622,-0.7489583576164027,1.0538711175165485,-0.812068481137592,-1.6245801279927818,-1.5356439043928651,-0.638105933784364,0.2846491856891,-1.2324182885991941,1.39219167969,2.42330353031,0.0,0.0,0.0,0.0,0.0,0.0,0.0,0.0,0.3275862068965517,0.017241379310344827,0.0,0.0,0.0,0.0,0.0,0.0,0.0,0.0,0.288761601269,-0.0172609375429,-0.15179474485,-0.139815895626,-0.0248725471749,0.0784042855772,0.0399090602034,-0.211971424108,-0.219453495061,-0.124046964763,0.375,0.375,0.4375,0.375,0.4375,0.4375,0.982980053214,0.28015045281584294,2.004157467963854,0.875070196932,0.169395054627182,1.9283208296349985,0.714314619182,0.06900761868565594,1.8676315504430605,0.750192396212,0.06593129369372855,1.702509148091671,0.862949873813,0.08751069885599844,1.8686834926877396,0.808567361397,0.06166672194591007,1.7623128320554755
