Well/XY,cell_id,total_distance,net_distance,linearity,spearmanrsq,progressivity,max_speed,min_speed,avg_speed,MSD_slope,hurst_RS,nongauss,disp_var,disp_skew,rw_linearity,rw_netdist,rw_kurtosis01,rw_kurtosis02,rw_kurtosis03,rw_kurtosis04,rw_kurtosis05,rw_kurtosis06,rw_kurtosis07,rw_kurtosis08,rw_kurtosis09,rw_kurtosis10,avg_moving_speed01,avg_moving_speed02,avg_moving_speed03,avg_moving_speed04,avg_moving_speed05,avg_moving_speed06,avg_moving_speed07,avg_moving_speed08,avg_moving_speed09,avg_moving_speed10,time_moving01,time_moving02,time_moving03,time_moving04,time_moving05,time_moving06,time_moving07,time_moving08,time_moving09,time_moving10,autocorr_1,autocorr_2,autocorr_3,autocorr_4,autocorr_5,autocorr_6,autocorr_7,autocorr_8,autocorr_9,autocorr_10,p_rturn_9_5,p_rturn_9_6,p_rturn_10_5,p_rturn_10_6,p_rturn_11_5,p_rturn_11_6,mean_theta_9_5,min_theta_9_5,max_theta_9_5,mean_theta_9_6,min_theta_9_6,max_theta_9_6,mean_theta_10_5,min_theta_10_5,max_theta_10_5,mean_theta_10_6,min_theta_10_6,max_theta_10_6,mean_theta_11_5,min_theta_11_5,max_theta_11_5,mean_theta_11_6,min_theta_11_6,max_theta_11_6
WellC09_Seq0012/xy05,0,145.4594288037306,7.278049189171396,0.226192691922,0.102014170486,0.05003490835229195,5.103606567908644,0.08944271910001192,2.34611981942,0.895805016391,0.959831467395,1.00782596617,4.42295785036,2.460565538806842,-0.00883107203397,-19.0570804685,7.527113688345606,7.185010912154768,6.553223351109892,3.2284562849932454,0.8816755850614038,-0.7808235173450693,-0.23766824807130593,-1.1006423301283141,-0.6195578528042258,0.010960260588791737,2.35282034967,2.68395142543,4.12896798908,4.68424689484,0.0,0.0,0.0,0.0,0.0,0.0,0.3103448275862069,0.22413793103448276,0.05172413793103448,0.034482758620689655,0.0,0.0,0.0,0.0,0.0,0.0,0.476298920198,0.154559118887,0.0909392191643,0.245164263551,0.423776992341,0.295555636018,0.191395413559,0.0978141608116,0.200720977191,0.240899649132,0.5,0.4375,0.375,0.375,0.333333333333,0.4,1.31397293574,0.36012410330443984,2.607917884367515,1.31374715072,0.30006743048920964,2.657221410686785,0.967783597341,0.11359042116218684,2.5564852712206556,0.967346812531,0.01628100528466957,2.5338110378847984,1.08972242385,0.025987778466336486,2.5333040932693702,1.08299783385,0.10388364798052946,2.5610817487842064
