Well/XY,cell_id,total_distance,net_distance,linearity,spearmanrsq,progressivity,max_speed,min_speed,avg_speed,MSD_slope,hurst_RS,nongauss,disp_var,disp_skew,rw_linearity,rw_netdist,rw_kurtosis01,rw_kurtosis02,rw_kurtosis03,rw_kurtosis04,rw_kurtosis05,rw_kurtosis06,rw_kurtosis07,rw_kurtosis08,rw_kurtosis09,rw_kurtosis10,avg_moving_speed01,avg_moving_speed02,avg_moving_speed03,avg_moving_speed04,avg_moving_speed05,avg_moving_speed06,avg_moving_speed07,avg_moving_speed08,avg_moving_speed09,avg_moving_speed10,time_moving01,time_moving02,time_moving03,time_moving04,time_moving05,time_moving06,time_moving07,time_moving08,time_moving09,time_moving10,autocorr_1,autocorr_2,autocorr_3,autocorr_4,autocorr_5,autocorr_6,autocorr_7,autocorr_8,autocorr_9,autocorr_10,p_rturn_9_5,p_rturn_9_6,p_rturn_10_5,p_rturn_10_6,p_rturn_11_5,p_rturn_11_6,mean_theta_9_5,min_theta_9_5,max_theta_9_5,mean_theta_9_6,min_theta_9_6,max_theta_9_6,mean_theta_10_5,min_theta_10_5,max_theta_10_5,mean_theta_10_6,min_theta_10_6,max_theta_10_6,mean_theta_11_5,min_theta_11_5,max_theta_11_5,mean_theta_11_6,min_theta_11_6,max_theta_11_6
WellC09_Seq0012/xy25,0,236.19667805797542,40.555627229769186,0.412846335127,0.471807749346,0.17170278415098897,5.484319830206848,0.10244998779894603,3.80962383964,0.993462166306,0.854713521653,-0.0871737340742,7.31820219033,0.9370624992669135,0.174692396946,-2.20729431154,0.17635711922613728,-0.8092773913962805,0.6332864655287893,0.5131975008880159,-0.9325764230372462,0.6116587268593743,-1.3314448765126101,-1.0145401892691166,-1.4880102759296314,-1.2018344054744523,2.70313567368,3.15838331474,3.93589203201,4.79980361965,5.77698883502,0.0,0.0,0.0,0.0,0.0,0.7241379310344828,0.5344827586206896,0.25862068965517243,0.08620689655172414,0.017241379310344827,0.0,0.0,0.0,0.0,0.0,0.377448830142,0.0290189255963,0.0270796112429,0.213882894062,0.0921951259028,0.0442941175929,0.158159675422,0.185867971355,0.0388738149025,0.046824306726,0.375,0.4375,0.5625,0.5625,0.4375,0.4375,1.18103656881,0.003620288664268825,2.4062253869447217,1.09528130177,0.1983266514854096,2.070198887554787,1.1998466782,0.0018855898722277404,2.6165233724480617,1.10312846038,0.12342499094734631,2.654154946412018,1.37370936117,0.02741566703137145,2.5440470527300287,1.29534313489,0.2121866782306294,2.5433484629456893
