Well/XY,cell_id,total_distance,net_distance,linearity,spearmanrsq,progressivity,max_speed,min_speed,avg_speed,MSD_slope,hurst_RS,nongauss,disp_var,disp_skew,rw_linearity,rw_netdist,rw_kurtosis01,rw_kurtosis02,rw_kurtosis03,rw_kurtosis04,rw_kurtosis05,rw_kurtosis06,rw_kurtosis07,rw_kurtosis08,rw_kurtosis09,rw_kurtosis10,avg_moving_speed01,avg_moving_speed02,avg_moving_speed03,avg_moving_speed04,avg_moving_speed05,avg_moving_speed06,avg_moving_speed07,avg_moving_speed08,avg_moving_speed09,avg_moving_speed10,time_moving01,time_moving02,time_moving03,time_moving04,time_moving05,time_moving06,time_moving07,time_moving08,time_moving09,time_moving10,autocorr_1,autocorr_2,autocorr_3,autocorr_4,autocorr_5,autocorr_6,autocorr_7,autocorr_8,autocorr_9,autocorr_10,p_rturn_9_5,p_rturn_9_6,p_rturn_10_5,p_rturn_10_6,p_rturn_11_5,p_rturn_11_6,mean_theta_9_5,min_theta_9_5,max_theta_9_5,mean_theta_9_6,min_theta_9_6,max_theta_9_6,mean_theta_10_5,min_theta_10_5,max_theta_10_5,mean_theta_10_6,min_theta_10_6,max_theta_10_6,mean_theta_11_5,min_theta_11_5,max_theta_11_5,mean_theta_11_6,min_theta_11_6,max_theta_11_6
WellC09_Seq0012/xy15,0,59.7964008203831,3.5454336829222934,0.00491599311286,0.000460932752746,0.05929175726766725,0.5896066485377929,0.006000000000000227,0.964458077748,0.484360441326,0.685025589515,-0.348887239475,0.247181299068,0.5785607747913173,-0.262370533122,-7.2805813896,-0.18152417156835554,-0.3997588807338297,-1.2373915690370456,-1.1773580344725558,0.4690350516395352,-1.1412178312300287,0.07927319962362978,-0.9842532847925924,-0.9506659066244905,-1.8564140213645197,0.0,0.0,0.0,0.0,0.0,0.0,0.0,0.0,0.0,0.0,0.0,0.0,0.0,0.0,0.0,0.0,0.0,0.0,0.0,0.0,0.207429452693,-0.0669723478332,0.0386341389236,0.0452793387617,-0.108912412441,-0.12216129403,0.102117986398,0.177185248257,0.0694431201185,-0.228668167721,0.6,0.6,0.666666666667,0.666666666667,0.466666666667,0.466666666667,0.502400511939,0.04176687212840768,1.2068086166543932,0.538298096187,0.03499082303999252,1.4059777757825724,0.649591606055,0.005051897282813294,1.5153002079620406,0.660726154291,0.010723526191812343,1.50073771173921,0.551978177833,0.054762154051975404,1.473500441240416,0.546749117887,0.0329381747690958,1.4421149493939538
