Well/XY,cell_id,total_distance,net_distance,linearity,spearmanrsq,progressivity,max_speed,min_speed,avg_speed,MSD_slope,hurst_RS,nongauss,disp_var,disp_skew,rw_linearity,rw_netdist,rw_kurtosis01,rw_kurtosis02,rw_kurtosis03,rw_kurtosis04,rw_kurtosis05,rw_kurtosis06,rw_kurtosis07,rw_kurtosis08,rw_kurtosis09,rw_kurtosis10,avg_moving_speed01,avg_moving_speed02,avg_moving_speed03,avg_moving_speed04,avg_moving_speed05,avg_moving_speed06,avg_moving_speed07,avg_moving_speed08,avg_moving_speed09,avg_moving_speed10,time_moving01,time_moving02,time_moving03,time_moving04,time_moving05,time_moving06,time_moving07,time_moving08,time_moving09,time_moving10,autocorr_1,autocorr_2,autocorr_3,autocorr_4,autocorr_5,autocorr_6,autocorr_7,autocorr_8,autocorr_9,autocorr_10,p_rturn_9_5,p_rturn_9_6,p_rturn_10_5,p_rturn_10_6,p_rturn_11_5,p_rturn_11_6,mean_theta_9_5,min_theta_9_5,max_theta_9_5,mean_theta_9_6,min_theta_9_6,max_theta_9_6,mean_theta_10_5,min_theta_10_5,max_theta_10_5,mean_theta_10_6,min_theta_10_6,max_theta_10_6,mean_theta_11_5,min_theta_11_5,max_theta_11_5,mean_theta_11_6,min_theta_11_6,max_theta_11_6
WellC09_Seq0012/xy14,0,206.13835472245148,84.23391537854575,0.97729278827,0.771130071383,0.4086280570734149,6.931240870147285,0.18009997223761615,3.32481217294,1.57626639298,0.848042798474,0.110327196849,5.91119994661,1.4691002211854076,0.723511504388,46.912991299,1.7469846427188953,1.317766693751273,2.1633475528396238,0.8350117217751754,0.9147285445531095,2.701780122255747,-0.01237746535169748,1.894714268104991,0.5637258503444773,-1.4295218542138923,2.95719726578,4.55894218819,5.80796776479,6.31922978762,6.75124546491,7.13135110665,7.59185854333,0.0,0.0,0.0,0.6724137931034483,0.3275862068965517,0.20689655172413793,0.1724137931034483,0.13793103448275862,0.10344827586206896,0.05172413793103448,0.0,0.0,0.0,0.482742774584,0.251624472131,0.307899752764,0.179903296991,0.211125985832,0.340354702843,-0.00326738884029,-0.207525289958,-0.114285576117,-0.105083058387,0.625,0.625,0.5625,0.5,0.6875,0.5625,0.544311444434,0.0023941314618331567,1.6433856698701503,0.508140219658,0.0046018128541632265,1.673345938641634,0.508327024121,0.023282762127387654,1.2443163617931448,0.466998237086,0.016614409666588382,1.2143560930216608,0.438252576848,0.0023362038435602007,1.1566503312331897,0.316566683758,0.014846359673961291,1.0694558876986047
