Well/XY,cell_id,total_distance,net_distance,linearity,spearmanrsq,progressivity,max_speed,min_speed,avg_speed,MSD_slope,hurst_RS,nongauss,disp_var,disp_skew,rw_linearity,rw_netdist,rw_kurtosis01,rw_kurtosis02,rw_kurtosis03,rw_kurtosis04,rw_kurtosis05,rw_kurtosis06,rw_kurtosis07,rw_kurtosis08,rw_kurtosis09,rw_kurtosis10,avg_moving_speed01,avg_moving_speed02,avg_moving_speed03,avg_moving_speed04,avg_moving_speed05,avg_moving_speed06,avg_moving_speed07,avg_moving_speed08,avg_moving_speed09,avg_moving_speed10,time_moving01,time_moving02,time_moving03,time_moving04,time_moving05,time_moving06,time_moving07,time_moving08,time_moving09,time_moving10,autocorr_1,autocorr_2,autocorr_3,autocorr_4,autocorr_5,autocorr_6,autocorr_7,autocorr_8,autocorr_9,autocorr_10,p_rturn_9_5,p_rturn_9_6,p_rturn_10_5,p_rturn_10_6,p_rturn_11_5,p_rturn_11_6,mean_theta_9_5,min_theta_9_5,max_theta_9_5,mean_theta_9_6,min_theta_9_6,max_theta_9_6,mean_theta_10_5,min_theta_10_5,max_theta_10_5,mean_theta_10_6,min_theta_10_6,max_theta_10_6,mean_theta_11_5,min_theta_11_5,max_theta_11_5,mean_theta_11_6,min_theta_11_6,max_theta_11_6
WellC05_Seq0016/xy05,0,1903.8873767012867,503.62850286694464,0.88856499115,0.940104139729,0.2645264152859406,36.857367296105124,1.9693460843640476,25.3851650227,1.500153682,0.814267080204,0.497873362907,584.969054845,1.6174544423322075,0.658630731482,190.6591694,2.351737626332514,1.4487164525921354,0.7654313499103855,0.6352714817112131,-1.3580121868960964,-0.6760880305083976,-0.7082015593504232,-0.5630181556612066,-0.9848400462116675,-1.3627991045815397,14.5082872029,14.5082872029,14.858584588,15.5482098621,16.2703400673,16.6299139057,17.1712902672,18.5548233161,18.9913696244,19.8828151556,1.0,1.0,0.971830985915493,0.9154929577464789,0.8591549295774648,0.8309859154929577,0.7887323943661971,0.6901408450704225,0.6619718309859155,0.6056338028169014,0.368712131482,0.160003931067,0.313289862518,0.108006153641,0.122227056302,0.163949418441,0.00706077762896,0.164624118028,0.0961904999111,-0.0781635744677,0.428571428571,0.428571428571,0.45,0.45,0.5,0.5,0.567420879514,0.0501093102001653,2.1031750507714793,0.531761561809,0.05542325257053106,1.9327577207973938,0.456907484728,0.0567379324942397,1.9244068991859364,0.427736186862,0.03962696279218444,1.753989569211851,0.428063724497,0.047108623860549675,1.8233583702268639,0.398892426632,0.029997654158495344,1.6529410402527782
