Well/XY,cell_id,total_distance,net_distance,linearity,spearmanrsq,progressivity,max_speed,min_speed,avg_speed,MSD_slope,hurst_RS,nongauss,disp_var,disp_skew,rw_linearity,rw_netdist,rw_kurtosis01,rw_kurtosis02,rw_kurtosis03,rw_kurtosis04,rw_kurtosis05,rw_kurtosis06,rw_kurtosis07,rw_kurtosis08,rw_kurtosis09,rw_kurtosis10,avg_moving_speed01,avg_moving_speed02,avg_moving_speed03,avg_moving_speed04,avg_moving_speed05,avg_moving_speed06,avg_moving_speed07,avg_moving_speed08,avg_moving_speed09,avg_moving_speed10,time_moving01,time_moving02,time_moving03,time_moving04,time_moving05,time_moving06,time_moving07,time_moving08,time_moving09,time_moving10,autocorr_1,autocorr_2,autocorr_3,autocorr_4,autocorr_5,autocorr_6,autocorr_7,autocorr_8,autocorr_9,autocorr_10,p_rturn_9_5,p_rturn_9_6,p_rturn_10_5,p_rturn_10_6,p_rturn_11_5,p_rturn_11_6,mean_theta_9_5,min_theta_9_5,max_theta_9_5,mean_theta_9_6,min_theta_9_6,max_theta_9_6,mean_theta_10_5,min_theta_10_5,max_theta_10_5,mean_theta_10_6,min_theta_10_6,max_theta_10_6,mean_theta_11_5,min_theta_11_5,max_theta_11_5,mean_theta_11_6,min_theta_11_6,max_theta_11_6
WellC05_Seq0016/xy14,0,918.5412405252853,599.328720569939,0.934277355008,0.90785796539,0.6524788372345716,19.36347045340788,0.8631199221429202,12.2472165403,1.94823295295,0.871585149545,-0.291980458896,51.9319930074,0.5708196251567709,0.690498923084,448.334894293,-0.29955156778264724,0.02468589189275816,-0.523007441260015,-0.37291458765196817,-0.7485227153836238,-0.38640265751613967,-0.518921498431633,-1.1990526984626282,-0.9601495633525126,-1.307452789064805,10.0994565373,10.6125170228,11.4398068919,12.1636121622,12.9133101448,13.3824596287,13.6864242413,14.4597998286,14.7553206207,15.5252315526,0.9859154929577465,0.9295774647887324,0.8450704225352113,0.7746478873239436,0.704225352112676,0.6619718309859155,0.6338028169014085,0.5633802816901409,0.5352112676056338,0.4647887323943662,0.663201754795,0.502649301364,0.343561734859,0.240295652916,0.154044290948,-0.00966907468281,-0.124068787406,-0.042551492169,0.0311855871135,0.096416944487,0.52380952381,0.47619047619,0.45,0.45,0.6,0.55,0.272568822031,0.022153429079424778,1.2613006142899548,0.269647098745,0.015467423609843729,1.1471188572717217,0.227531420221,0.02162310375255547,0.8711102796194147,0.230172698621,0.011919115261470114,0.8868626455508809,0.254547430318,0.00030628665034787604,0.7407137840192957,0.25879707945,0.009397701840206722,0.756466149950762
