Well/XY,cell_id,total_distance,net_distance,linearity,spearmanrsq,progressivity,max_speed,min_speed,avg_speed,MSD_slope,hurst_RS,nongauss,disp_var,disp_skew,rw_linearity,rw_netdist,rw_kurtosis01,rw_kurtosis02,rw_kurtosis03,rw_kurtosis04,rw_kurtosis05,rw_kurtosis06,rw_kurtosis07,rw_kurtosis08,rw_kurtosis09,rw_kurtosis10,avg_moving_speed01,avg_moving_speed02,avg_moving_speed03,avg_moving_speed04,avg_moving_speed05,avg_moving_speed06,avg_moving_speed07,avg_moving_speed08,avg_moving_speed09,avg_moving_speed10,time_moving01,time_moving02,time_moving03,time_moving04,time_moving05,time_moving06,time_moving07,time_moving08,time_moving09,time_moving10,autocorr_1,autocorr_2,autocorr_3,autocorr_4,autocorr_5,autocorr_6,autocorr_7,autocorr_8,autocorr_9,autocorr_10,p_rturn_9_5,p_rturn_9_6,p_rturn_10_5,p_rturn_10_6,p_rturn_11_5,p_rturn_11_6,mean_theta_9_5,min_theta_9_5,max_theta_9_5,mean_theta_9_6,min_theta_9_6,max_theta_9_6,mean_theta_10_5,min_theta_10_5,max_theta_10_5,mean_theta_10_6,min_theta_10_6,max_theta_10_6,mean_theta_11_5,min_theta_11_5,max_theta_11_5,mean_theta_11_6,min_theta_11_6,max_theta_11_6
WellC05_Seq0016/xy12,0,289.4230023429115,55.63087631882138,0.369950573844,0.408431869502,0.19221304412048534,4.250978240358339,0.2830194339616673,3.85897336457,1.0383443159,0.646571072039,-0.211353731144,6.0186761766,0.758943506369818,0.115113287358,8.05425742752,-0.10944481531686323,-0.31030073620577614,-0.43051668822474065,1.8926956433260589,0.012808564808164391,-0.9635362827798839,-1.071042760461852,0.3147254588085322,0.37949766822161024,-1.1438894437593554,2.10768749245,2.89681848978,3.6847811125,4.26919683743,0.0,0.0,0.0,0.0,0.0,0.0,0.7464788732394366,0.323943661971831,0.1267605633802817,0.028169014084507043,0.0,0.0,0.0,0.0,0.0,0.0,-0.0442188336458,-0.00059879980137,0.0765119113638,0.0238323079323,0.116379399679,0.0100555053912,-0.0424437971519,-0.0858000727657,-0.0523284844071,-0.259168740518,0.428571428571,0.47619047619,0.5,0.45,0.45,0.55,0.733919632572,0.03430830173694675,1.8015411071110703,0.718930440577,0.028968845975919495,1.7705447982923204,0.70433445359,0.026657542051570005,1.7460504003624562,0.710813823741,0.059721068310085695,1.618936399363111,0.76740025295,0.003204587698269078,2.0425073440239228,0.758837962059,0.00809433636512229,2.0112320775026795
