Well/XY,cell_id,total_distance,net_distance,linearity,spearmanrsq,progressivity,max_speed,min_speed,avg_speed,MSD_slope,hurst_RS,nongauss,disp_var,disp_skew,rw_linearity,rw_netdist,rw_kurtosis01,rw_kurtosis02,rw_kurtosis03,rw_kurtosis04,rw_kurtosis05,rw_kurtosis06,rw_kurtosis07,rw_kurtosis08,rw_kurtosis09,rw_kurtosis10,avg_moving_speed01,avg_moving_speed02,avg_moving_speed03,avg_moving_speed04,avg_moving_speed05,avg_moving_speed06,avg_moving_speed07,avg_moving_speed08,avg_moving_speed09,avg_moving_speed10,time_moving01,time_moving02,time_moving03,time_moving04,time_moving05,time_moving06,time_moving07,time_moving08,time_moving09,time_moving10,autocorr_1,autocorr_2,autocorr_3,autocorr_4,autocorr_5,autocorr_6,autocorr_7,autocorr_8,autocorr_9,autocorr_10,p_rturn_9_5,p_rturn_9_6,p_rturn_10_5,p_rturn_10_6,p_rturn_11_5,p_rturn_11_6,mean_theta_9_5,min_theta_9_5,max_theta_9_5,mean_theta_9_6,min_theta_9_6,max_theta_9_6,mean_theta_10_5,min_theta_10_5,max_theta_10_5,mean_theta_10_6,min_theta_10_6,max_theta_10_6,mean_theta_11_5,min_theta_11_5,max_theta_11_5,mean_theta_11_6,min_theta_11_6,max_theta_11_6
WellC05_Seq0016/xy25,0,1894.7293580851504,420.66673269941396,0.49435900311,0.445319819536,0.22201943032357285,28.825412399478342,0.7249827584156661,25.2630581078,1.16432620412,0.66849678782,-0.350753644246,185.239216585,0.42095851540933626,0.273953892359,109.202834384,-0.47175531272087756,-0.6898524335769602,-1.2121356323947163,-0.3089700673224023,-1.0589542210242187,-0.3035014802126579,-0.8507605306893851,0.37454232142584365,-1.0108926330264167,-0.38252737650434554,18.1454109291,18.6228979178,18.6228979178,18.845579352,19.0596591586,19.2698636203,19.2698636203,19.6539487991,20.4043909137,20.7882517044,0.9859154929577465,0.9577464788732394,0.9577464788732394,0.9436619718309859,0.9295774647887324,0.9154929577464789,0.9154929577464789,0.8873239436619719,0.8309859154929577,0.8028169014084507,0.179991164216,0.155804543531,-0.200945128646,-0.0678257077223,-0.0547433978012,-0.013384232811,-0.00801682587546,-0.112101337233,0.0902028585706,0.0197971109604,0.47619047619,0.47619047619,0.55,0.55,0.45,0.45,0.934476166181,0.02878422817925566,2.650184543766711,0.927117062657,0.018051839614661783,2.652819069372649,0.93934359614,0.08242098089195891,2.5775263978710425,0.920517093106,0.05834160321060637,2.5801609234769805,0.957225237265,0.07533057233472301,2.428213374113733,0.916817747397,0.11732338841898184,2.4308478997196707
