Well/XY,cell_id,total_distance,net_distance,linearity,spearmanrsq,progressivity,max_speed,min_speed,avg_speed,MSD_slope,hurst_RS,nongauss,disp_var,disp_skew,rw_linearity,rw_netdist,rw_kurtosis01,rw_kurtosis02,rw_kurtosis03,rw_kurtosis04,rw_kurtosis05,rw_kurtosis06,rw_kurtosis07,rw_kurtosis08,rw_kurtosis09,rw_kurtosis10,avg_moving_speed01,avg_moving_speed02,avg_moving_speed03,avg_moving_speed04,avg_moving_speed05,avg_moving_speed06,avg_moving_speed07,avg_moving_speed08,avg_moving_speed09,avg_moving_speed10,time_moving01,time_moving02,time_moving03,time_moving04,time_moving05,time_moving06,time_moving07,time_moving08,time_moving09,time_moving10,autocorr_1,autocorr_2,autocorr_3,autocorr_4,autocorr_5,autocorr_6,autocorr_7,autocorr_8,autocorr_9,autocorr_10,p_rturn_9_5,p_rturn_9_6,p_rturn_10_5,p_rturn_10_6,p_rturn_11_5,p_rturn_11_6,mean_theta_9_5,min_theta_9_5,max_theta_9_5,mean_theta_9_6,min_theta_9_6,max_theta_9_6,mean_theta_10_5,min_theta_10_5,max_theta_10_5,mean_theta_10_6,min_theta_10_6,max_theta_10_6,mean_theta_11_5,min_theta_11_5,max_theta_11_5,mean_theta_11_6,min_theta_11_6,max_theta_11_6
WellC05_Seq0016/xy21,0,511.41087318855057,138.7844245583776,0.952092343935,0.798877875528,0.2713755843576082,19.434765138791885,0.19241621553288507,6.81881164251,1.21261203249,0.783498933599,4.66450267343,96.002670523,4.156561838857333,0.712949451186,54.7164686129,19.82762617264647,13.065105141670205,13.79269706756535,6.218042093919317,7.637996937276988,6.299419580539739,2.3892703658015106,2.6592183653860673,2.551911155184407,1.7988448656439129,3.88231817112,6.05488215725,8.62538383834,10.2841405769,12.9612579292,16.6594397394,16.6594397394,16.6594397394,16.6594397394,16.6594397394,0.7746478873239436,0.4084507042253521,0.23943661971830985,0.18309859154929578,0.1267605633802817,0.08450704225352113,0.08450704225352113,0.08450704225352113,0.08450704225352113,0.08450704225352113,0.29691210504,0.0485949252315,0.118558383581,-0.0618666980612,0.0241289812944,0.0641307959475,0.026614724756,0.026167829881,-0.0966500085873,-0.0575149589571,0.47619047619,0.52380952381,0.5,0.55,0.45,0.45,0.756545048185,0.0009756643966651145,2.73769486230055,0.760098689606,0.0009990873629767817,2.703214703303051,0.766714647515,0.0055127202923949785,2.576201040385523,0.771027096115,0.01689724171363454,2.541720881388024,0.731939436971,0.00837173383887457,2.3070914384269305,0.730506776804,0.02365956274445011,2.2726112794294315
