Well/XY,cell_id,total_distance,net_distance,linearity,spearmanrsq,progressivity,max_speed,min_speed,avg_speed,MSD_slope,hurst_RS,nongauss,disp_var,disp_skew,rw_linearity,rw_netdist,rw_kurtosis01,rw_kurtosis02,rw_kurtosis03,rw_kurtosis04,rw_kurtosis05,rw_kurtosis06,rw_kurtosis07,rw_kurtosis08,rw_kurtosis09,rw_kurtosis10,avg_moving_speed01,avg_moving_speed02,avg_moving_speed03,avg_moving_speed04,avg_moving_speed05,avg_moving_speed06,avg_moving_speed07,avg_moving_speed08,avg_moving_speed09,avg_moving_speed10,time_moving01,time_moving02,time_moving03,time_moving04,time_moving05,time_moving06,time_moving07,time_moving08,time_moving09,time_moving10,autocorr_1,autocorr_2,autocorr_3,autocorr_4,autocorr_5,autocorr_6,autocorr_7,autocorr_8,autocorr_9,autocorr_10,p_rturn_9_5,p_rturn_9_6,p_rturn_10_5,p_rturn_10_6,p_rturn_11_5,p_rturn_11_6,mean_theta_9_5,min_theta_9_5,max_theta_9_5,mean_theta_9_6,min_theta_9_6,max_theta_9_6,mean_theta_10_5,min_theta_10_5,max_theta_10_5,mean_theta_10_6,min_theta_10_6,max_theta_10_6,mean_theta_11_5,min_theta_11_5,max_theta_11_5,mean_theta_11_6,min_theta_11_6,max_theta_11_6
WellB07_Seq0005/xy13,0,2596.712799160497,148.22922856171107,0.312470134669,0.246122440356,0.05708341277080498,111.97120762053073,0.3551056180912878,34.6228373221,0.994329279269,0.60347037403,0.730337237682,1020.12337311,1.962232307800262,0.0693670196315,-278.629777861,3.6595754578239266,8.87555985110994,10.36933587815985,4.941136939214415,2.553824241540422,1.5582503375368644,0.8749283291496197,-0.44072432841802334,-1.6265085001030608,-0.8132243787700917,21.6407924082,21.6407924082,21.6407924082,21.904221792,22.1510655326,23.1776752884,24.2909669447,25.1589121898,26.0732688804,27.0309180586,1.0,1.0,1.0,0.9859154929577465,0.971830985915493,0.9154929577464789,0.8591549295774648,0.8169014084507042,0.7746478873239436,0.7323943661971831,0.360246430157,0.140955640669,-0.0183291530121,-0.129293110974,-0.103941445259,-0.0342685761034,-0.0749461656142,0.0212102387888,0.0149875047005,-0.127419851366,0.666666666667,0.619047619048,0.6,0.5,0.6,0.6,0.320238303871,0.03741807046071242,1.0220907580883682,0.299550250004,0.012485748715803017,1.3314379940855605,0.415548461205,0.005624237388153145,2.000172548831355,0.36181890744,0.02731069741158734,1.6908253128341626,0.356327253051,0.0027529276853909207,0.894910139296709,0.345028680312,0.007721729997290562,1.188401739514721
