Well/XY,cell_id,total_distance,net_distance,linearity,spearmanrsq,progressivity,max_speed,min_speed,avg_speed,MSD_slope,hurst_RS,nongauss,disp_var,disp_skew,rw_linearity,rw_netdist,rw_kurtosis01,rw_kurtosis02,rw_kurtosis03,rw_kurtosis04,rw_kurtosis05,rw_kurtosis06,rw_kurtosis07,rw_kurtosis08,rw_kurtosis09,rw_kurtosis10,avg_moving_speed01,avg_moving_speed02,avg_moving_speed03,avg_moving_speed04,avg_moving_speed05,avg_moving_speed06,avg_moving_speed07,avg_moving_speed08,avg_moving_speed09,avg_moving_speed10,time_moving01,time_moving02,time_moving03,time_moving04,time_moving05,time_moving06,time_moving07,time_moving08,time_moving09,time_moving10,autocorr_1,autocorr_2,autocorr_3,autocorr_4,autocorr_5,autocorr_6,autocorr_7,autocorr_8,autocorr_9,autocorr_10,p_rturn_9_5,p_rturn_9_6,p_rturn_10_5,p_rturn_10_6,p_rturn_11_5,p_rturn_11_6,mean_theta_9_5,min_theta_9_5,max_theta_9_5,mean_theta_9_6,min_theta_9_6,max_theta_9_6,mean_theta_10_5,min_theta_10_5,max_theta_10_5,mean_theta_10_6,min_theta_10_6,max_theta_10_6,mean_theta_11_5,min_theta_11_5,max_theta_11_5,mean_theta_11_6,min_theta_11_6,max_theta_11_6
WellB07_Seq0005/xy05,0,2594.050569067457,108.84809277153181,0.774328333675,0.806534132386,0.04196066725509593,88.90893887568335,0.37924662160658434,34.5873409209,0.803236347854,0.795593930444,1.22609792601,2240.55379235,2.0575074072728126,0.541732726788,-317.573284625,3.2943189346258848,1.1537977505235704,1.7739802707764358,1.098203898062649,1.8749995871690572,-0.07187298992541757,-0.9803164869319216,-0.8034429617853887,-0.4678785128442402,-1.7770468398969472,19.5569904564,20.3641511478,21.7777342456,23.7367533599,25.6247653588,26.4596376829,28.2343957283,29.199844761,31.3494539821,33.1821878091,0.9859154929577465,0.9436619718309859,0.8732394366197183,0.7887323943661971,0.7183098591549296,0.6901408450704225,0.6338028169014085,0.6056338028169014,0.5492957746478874,0.5070422535211268,0.224344424038,0.0767453917088,0.0365584568508,0.191554788834,0.195000320742,0.192628122428,-0.0230059201408,0.0381745237297,0.0252741096895,0.290116703239,0.428571428571,0.333333333333,0.5,0.35,0.35,0.35,0.653938711117,0.01013743968619183,1.9432617043616212,0.566844513491,0.00686579286109871,1.9419351373935267,0.6807888845,0.0077240950581299915,2.2610250584144196,0.656486572838,0.00590183647238137,2.234793390253238,0.661769803902,0.018611524325296322,2.3924764717925475,0.624049876231,0.0036865734939793586,2.4143024796588244
