Well/XY,cell_id,total_distance,net_distance,linearity,spearmanrsq,progressivity,max_speed,min_speed,avg_speed,MSD_slope,hurst_RS,nongauss,disp_var,disp_skew,rw_linearity,rw_netdist,rw_kurtosis01,rw_kurtosis02,rw_kurtosis03,rw_kurtosis04,rw_kurtosis05,rw_kurtosis06,rw_kurtosis07,rw_kurtosis08,rw_kurtosis09,rw_kurtosis10,avg_moving_speed01,avg_moving_speed02,avg_moving_speed03,avg_moving_speed04,avg_moving_speed05,avg_moving_speed06,avg_moving_speed07,avg_moving_speed08,avg_moving_speed09,avg_moving_speed10,time_moving01,time_moving02,time_moving03,time_moving04,time_moving05,time_moving06,time_moving07,time_moving08,time_moving09,time_moving10,autocorr_1,autocorr_2,autocorr_3,autocorr_4,autocorr_5,autocorr_6,autocorr_7,autocorr_8,autocorr_9,autocorr_10,p_rturn_9_5,p_rturn_9_6,p_rturn_10_5,p_rturn_10_6,p_rturn_11_5,p_rturn_11_6,mean_theta_9_5,min_theta_9_5,max_theta_9_5,mean_theta_9_6,min_theta_9_6,max_theta_9_6,mean_theta_10_5,min_theta_10_5,max_theta_10_5,mean_theta_10_6,min_theta_10_6,max_theta_10_6,mean_theta_11_5,min_theta_11_5,max_theta_11_5,mean_theta_11_6,min_theta_11_6,max_theta_11_6
WellE02_Seq0035/xy02,0,713.8718786109569,299.43881445129983,0.771458611469,0.79477763077,0.4194573612199772,16.340991401992692,0.41280019379840366,9.51829171481,1.68227947912,0.87693018956,0.197271475895,54.1019607484,1.4286963599272489,0.546684628792,182.089432989,2.4720021190774064,0.9693067700605136,0.005001710865533138,-0.6930295376648119,-1.0605234891205835,-0.8818386363660999,0.871320498626293,-1.2821420639658434,-1.1485267001800912,-1.1987598422996857,6.12164259589,6.71756561578,7.43293279308,8.12910380853,8.79179874048,9.71148187014,10.2489229596,10.7668885252,11.7677577314,12.3492051692,0.971830985915493,0.8591549295774648,0.7323943661971831,0.6197183098591549,0.5211267605633803,0.4084507042253521,0.352112676056338,0.29577464788732394,0.2112676056338028,0.16901408450704225,0.405980737944,0.366778199855,0.427114031649,0.180100750835,0.240002504119,0.100030988211,0.0824704553334,0.180639129048,0.220453419531,0.168682834935,0.619047619048,0.666666666667,0.5,0.6,0.55,0.65,0.571208020958,0.02697023064788495,1.931944806156231,0.471879309137,0.00044548458117437946,1.9653981909996188,0.599388755066,0.015939973657030045,1.9637544033841756,0.490820558062,0.016053617236090195,1.9972077882275634,0.57725418248,0.0025548824617451474,1.9849145718088024,0.488698220955,0.08264507108921144,2.0183679566521904
