Well/XY,cell_id,total_distance,net_distance,linearity,spearmanrsq,progressivity,max_speed,min_speed,avg_speed,MSD_slope,hurst_RS,nongauss,disp_var,disp_skew,rw_linearity,rw_netdist,rw_kurtosis01,rw_kurtosis02,rw_kurtosis03,rw_kurtosis04,rw_kurtosis05,rw_kurtosis06,rw_kurtosis07,rw_kurtosis08,rw_kurtosis09,rw_kurtosis10,avg_moving_speed01,avg_moving_speed02,avg_moving_speed03,avg_moving_speed04,avg_moving_speed05,avg_moving_speed06,avg_moving_speed07,avg_moving_speed08,avg_moving_speed09,avg_moving_speed10,time_moving01,time_moving02,time_moving03,time_moving04,time_moving05,time_moving06,time_moving07,time_moving08,time_moving09,time_moving10,autocorr_1,autocorr_2,autocorr_3,autocorr_4,autocorr_5,autocorr_6,autocorr_7,autocorr_8,autocorr_9,autocorr_10,p_rturn_9_5,p_rturn_9_6,p_rturn_10_5,p_rturn_10_6,p_rturn_11_5,p_rturn_11_6,mean_theta_9_5,min_theta_9_5,max_theta_9_5,mean_theta_9_6,min_theta_9_6,max_theta_9_6,mean_theta_10_5,min_theta_10_5,max_theta_10_5,mean_theta_10_6,min_theta_10_6,max_theta_10_6,mean_theta_11_5,min_theta_11_5,max_theta_11_5,mean_theta_11_6,min_theta_11_6,max_theta_11_6
WellE02_Seq0035/xy22,0,527.5447685110712,175.66004098826792,0.45832472247,0.697236587179,0.33297655758021505,7.135741026690907,0.5663920903402506,7.03393024681,1.48139791108,0.618392768151,-0.432284170071,9.63512533416,0.43324920159525926,0.250266489963,88.9399247695,-0.42558842433761024,-0.22970916451643353,-0.48617197231613307,0.05975298637173676,0.237154580387672,-0.06562658541239896,-1.195152792298308,-1.2456477644684716,-1.4412682943561337,-1.096214211985961,3.58821361473,4.20053966401,5.30989610425,5.88090143328,6.64732172258,7.32887188959,8.09676172904,8.55389722738,0.0,0.0,0.9014084507042254,0.6901408450704225,0.4225352112676056,0.323943661971831,0.2112676056338028,0.14084507042253522,0.07042253521126761,0.04225352112676056,0.0,0.0,0.0354157403424,0.197580922499,-0.0287335221451,-0.123587847984,-0.111795431235,-0.125039867433,-0.125105857302,-0.139472559992,-0.0280880527324,0.0695098220073,0.7,0.7,0.65,0.65,0.6,0.6,0.682629440365,0.005117146530328953,1.4867362938673996,0.665628541368,0.04713351829298975,1.7426136146221287,0.68574882848,0.059003374924034825,1.575657342681849,0.721723625701,0.10101974668670692,1.8749671328229203,0.703325993749,0.013117078483881845,1.7428835106832328,0.743577323273,0.055133450246546735,1.9063906841401002
