Well/XY,cell_id,total_distance,net_distance,linearity,spearmanrsq,progressivity,max_speed,min_speed,avg_speed,MSD_slope,hurst_RS,nongauss,disp_var,disp_skew,rw_linearity,rw_netdist,rw_kurtosis01,rw_kurtosis02,rw_kurtosis03,rw_kurtosis04,rw_kurtosis05,rw_kurtosis06,rw_kurtosis07,rw_kurtosis08,rw_kurtosis09,rw_kurtosis10,avg_moving_speed01,avg_moving_speed02,avg_moving_speed03,avg_moving_speed04,avg_moving_speed05,avg_moving_speed06,avg_moving_speed07,avg_moving_speed08,avg_moving_speed09,avg_moving_speed10,time_moving01,time_moving02,time_moving03,time_moving04,time_moving05,time_moving06,time_moving07,time_moving08,time_moving09,time_moving10,autocorr_1,autocorr_2,autocorr_3,autocorr_4,autocorr_5,autocorr_6,autocorr_7,autocorr_8,autocorr_9,autocorr_10,p_rturn_9_5,p_rturn_9_6,p_rturn_10_5,p_rturn_10_6,p_rturn_11_5,p_rturn_11_6,mean_theta_9_5,min_theta_9_5,max_theta_9_5,mean_theta_9_6,min_theta_9_6,max_theta_9_6,mean_theta_10_5,min_theta_10_5,max_theta_10_5,mean_theta_10_6,min_theta_10_6,max_theta_10_6,mean_theta_11_5,min_theta_11_5,max_theta_11_5,mean_theta_11_6,min_theta_11_6,max_theta_11_6
WellB09_Seq0007/xy03,0,104.26814231609767,2.0600021844649086,0.240471113361,0.162867655159,0.01975677458815597,1.5013248682413745,0.015200000000001523,1.6817442309,-0.027537915839,0.776272195921,0.541994100431,2.04223990477,1.9260304700267095,0.000851240796115,-16.8175299882,4.124133794297027,4.2064212540635255,2.9532588809451106,1.5484445903513215,1.1181617328913651,-0.22553167171324162,-0.8349315084214619,-1.1855538077310392,-1.2873550843616401,-0.9617208906186261,1.32852264875,0.0,0.0,0.0,0.0,0.0,0.0,0.0,0.0,0.0,0.034482758620689655,0.0,0.0,0.0,0.0,0.0,0.0,0.0,0.0,0.0,0.527639354712,0.342574736472,0.150177536753,0.145223635475,-0.0499920066633,-0.125824507093,-0.12862936207,0.0445060413862,0.0140880098068,-0.0247388552112,0.5,0.5,0.5625,0.625,0.3125,0.3125,0.61806178117,0.09786408340796139,1.6959998809485972,0.615460445236,0.09776172198616319,1.663741088087993,0.582037810022,0.07939645109040577,1.7410417911455491,0.584005964856,0.008685423409820146,1.8315146335720938,0.40097190666,0.10232087316179414,0.956975234780235,0.396305899675,0.11726091200004234,0.9903679943617518
