Well/XY,cell_id,total_distance,net_distance,linearity,spearmanrsq,progressivity,max_speed,min_speed,avg_speed,MSD_slope,hurst_RS,nongauss,disp_var,disp_skew,rw_linearity,rw_netdist,rw_kurtosis01,rw_kurtosis02,rw_kurtosis03,rw_kurtosis04,rw_kurtosis05,rw_kurtosis06,rw_kurtosis07,rw_kurtosis08,rw_kurtosis09,rw_kurtosis10,avg_moving_speed01,avg_moving_speed02,avg_moving_speed03,avg_moving_speed04,avg_moving_speed05,avg_moving_speed06,avg_moving_speed07,avg_moving_speed08,avg_moving_speed09,avg_moving_speed10,time_moving01,time_moving02,time_moving03,time_moving04,time_moving05,time_moving06,time_moving07,time_moving08,time_moving09,time_moving10,autocorr_1,autocorr_2,autocorr_3,autocorr_4,autocorr_5,autocorr_6,autocorr_7,autocorr_8,autocorr_9,autocorr_10,p_rturn_9_5,p_rturn_9_6,p_rturn_10_5,p_rturn_10_6,p_rturn_11_5,p_rturn_11_6,mean_theta_9_5,min_theta_9_5,max_theta_9_5,mean_theta_9_6,min_theta_9_6,max_theta_9_6,mean_theta_10_5,min_theta_10_5,max_theta_10_5,mean_theta_10_6,min_theta_10_6,max_theta_10_6,mean_theta_11_5,min_theta_11_5,max_theta_11_5,mean_theta_11_6,min_theta_11_6,max_theta_11_6
WellB09_Seq0007/xy21,0,355.7481325459644,41.68073415860139,0.312212056147,0.436014821493,0.11716360634223719,11.802442628540927,0.5044640720606363,5.73787310558,1.42130626887,0.729202205636,-0.118439318304,13.5633425057,1.0816225162088726,0.0574309357302,-22.726731711,1.0577807640188261,0.9015151788601052,2.526123426079187,2.022990014316151,1.3689357287077097,0.7729619197694562,-1.6654480597576664,-1.632597857655914,0.5010993629877687,-0.9855792230247662,5.06167770062,5.40413002966,6.01538451204,6.44686499508,7.04262779467,7.71418716597,9.04823450687,11.6253110742,12.5895831166,12.5895831166,0.9655172413793104,0.8793103448275862,0.7241379310344828,0.6206896551724138,0.4827586206896552,0.3448275862068966,0.1724137931034483,0.06896551724137931,0.05172413793103448,0.05172413793103448,0.630539040248,0.356112057655,0.190143057578,0.00292600140932,-0.0784863490605,-0.093416641503,-0.0974466196817,-0.149254866901,-0.14040031858,-0.152451365976,0.625,0.6875,0.75,0.6875,0.8125,0.8125,0.206838058708,0.00893677607741286,0.9318217407486499,0.201413788138,0.0022915606295212682,0.9183099999493943,0.227992262439,0.02724666099314948,1.0390659512873976,0.222841634191,0.015580294634478244,1.025554210488142,0.231110011048,0.00915574076846447,0.9543007831905836,0.22125066095,0.00859249631687617,0.9407890423913282
