Well/XY,cell_id,total_distance,net_distance,linearity,spearmanrsq,progressivity,max_speed,min_speed,avg_speed,MSD_slope,hurst_RS,nongauss,disp_var,disp_skew,rw_linearity,rw_netdist,rw_kurtosis01,rw_kurtosis02,rw_kurtosis03,rw_kurtosis04,rw_kurtosis05,rw_kurtosis06,rw_kurtosis07,rw_kurtosis08,rw_kurtosis09,rw_kurtosis10,avg_moving_speed01,avg_moving_speed02,avg_moving_speed03,avg_moving_speed04,avg_moving_speed05,avg_moving_speed06,avg_moving_speed07,avg_moving_speed08,avg_moving_speed09,avg_moving_speed10,time_moving01,time_moving02,time_moving03,time_moving04,time_moving05,time_moving06,time_moving07,time_moving08,time_moving09,time_moving10,autocorr_1,autocorr_2,autocorr_3,autocorr_4,autocorr_5,autocorr_6,autocorr_7,autocorr_8,autocorr_9,autocorr_10,p_rturn_9_5,p_rturn_9_6,p_rturn_10_5,p_rturn_10_6,p_rturn_11_5,p_rturn_11_6,mean_theta_9_5,min_theta_9_5,max_theta_9_5,mean_theta_9_6,min_theta_9_6,max_theta_9_6,mean_theta_10_5,min_theta_10_5,max_theta_10_5,mean_theta_10_6,min_theta_10_6,max_theta_10_6,mean_theta_11_5,min_theta_11_5,max_theta_11_5,mean_theta_11_6,min_theta_11_6,max_theta_11_6
WellB03_Seq0001/xy04,0,611.4032303809503,21.206473068381744,0.00665150109166,0.0153064484987,0.03468492152906767,9.61448448956054,0.20608736011700884,8.15204307175,0.527971571947,0.738210491681,1.24568421408,89.0823369743,2.2433066974462754,-0.24881151742,-79.2986638602,4.890007311033432,3.515077549314978,2.8959946214922567,-0.09546856254602076,1.3475394575244382,1.0026221281732353,0.6342502852205065,-1.3246610027131474,-0.7952092029898821,-0.6690819625101185,3.32010546816,4.33606736643,5.25816441351,6.01646992042,6.53799490969,7.36947010568,8.35690849738,10.1756133967,10.1756133967,10.1756133967,0.7464788732394366,0.4788732394366197,0.323943661971831,0.22535211267605634,0.16901408450704225,0.09859154929577464,0.04225352112676056,0.014084507042253521,0.014084507042253521,0.014084507042253521,0.486739617598,0.413085513368,0.29124781754,0.156960663243,0.0190719455442,-0.131463735382,-0.166626004655,-0.177341160462,-0.139052487355,-0.104419523232,0.571428571429,0.571428571429,0.35,0.45,0.35,0.4,0.379945036535,0.006105320306856602,1.1599185218446333,0.393745238457,0.006190879150332643,1.0347456380301963,0.487091692262,0.013583288960679209,1.4369986557359529,0.518854472801,0.006724259764156455,1.5191648870447045,0.59843872589,0.024923711251921096,1.7083226835489602,0.636365644169,0.02888995682781936,1.7884744317199437
