Well/XY,cell_id,total_distance,net_distance,linearity,spearmanrsq,progressivity,max_speed,min_speed,avg_speed,MSD_slope,hurst_RS,nongauss,disp_var,disp_skew,rw_linearity,rw_netdist,rw_kurtosis01,rw_kurtosis02,rw_kurtosis03,rw_kurtosis04,rw_kurtosis05,rw_kurtosis06,rw_kurtosis07,rw_kurtosis08,rw_kurtosis09,rw_kurtosis10,avg_moving_speed01,avg_moving_speed02,avg_moving_speed03,avg_moving_speed04,avg_moving_speed05,avg_moving_speed06,avg_moving_speed07,avg_moving_speed08,avg_moving_speed09,avg_moving_speed10,time_moving01,time_moving02,time_moving03,time_moving04,time_moving05,time_moving06,time_moving07,time_moving08,time_moving09,time_moving10,autocorr_1,autocorr_2,autocorr_3,autocorr_4,autocorr_5,autocorr_6,autocorr_7,autocorr_8,autocorr_9,autocorr_10,p_rturn_9_5,p_rturn_9_6,p_rturn_10_5,p_rturn_10_6,p_rturn_11_5,p_rturn_11_6,mean_theta_9_5,min_theta_9_5,max_theta_9_5,mean_theta_9_6,min_theta_9_6,max_theta_9_6,mean_theta_10_5,min_theta_10_5,max_theta_10_5,mean_theta_10_6,min_theta_10_6,max_theta_10_6,mean_theta_11_5,min_theta_11_5,max_theta_11_5,mean_theta_11_6,min_theta_11_6,max_theta_11_6
WellB03_Seq0001/xy15,0,1692.7936629847143,481.3281949979661,0.976643771531,0.951178224689,0.28433955391190074,37.68321525560153,0.7430773849337458,22.5705821731,1.57214857105,0.597409858234,0.23606961729,321.629657753,1.455264709604487,0.731674564642,203.059369392,2.3635637439252744,1.0201248602030093,0.15323648482617758,-0.21141315994861332,2.5178735791591986,-0.6184214140709794,0.9748875423350802,-0.2880814571880821,-0.914558075923086,-0.6405831910273805,12.2629436571,12.4210744803,13.2024890128,13.3558568737,13.6598535182,14.4099102806,15.7565084292,16.1230532337,16.8487042125,17.4310422576,0.971830985915493,0.9577464788732394,0.8873239436619719,0.8732394366197183,0.8450704225352113,0.7746478873239436,0.6619718309859155,0.6338028169014085,0.5774647887323944,0.5352112676056338,0.299381025135,-0.00238863051884,-0.325946971884,-0.114258225384,-0.0439007735132,0.282836970296,0.0473664879777,0.110895703521,-0.0916597819013,-0.127571808477,0.47619047619,0.47619047619,0.6,0.55,0.55,0.5,0.266976876927,0.003584246494696328,0.686652538341218,0.273851397988,0.010336615154371492,0.6708370312850477,0.279915847333,0.007038012611889946,1.545660236989204,0.285626516709,0.0034724443180381716,1.551737191150289,0.230460522008,0.0016165057070958123,0.8581748370987929,0.229479314501,0.0010808845195561783,0.8642517912598784
