Well/XY,cell_id,total_distance,net_distance,linearity,spearmanrsq,progressivity,max_speed,min_speed,avg_speed,MSD_slope,hurst_RS,nongauss,disp_var,disp_skew,rw_linearity,rw_netdist,rw_kurtosis01,rw_kurtosis02,rw_kurtosis03,rw_kurtosis04,rw_kurtosis05,rw_kurtosis06,rw_kurtosis07,rw_kurtosis08,rw_kurtosis09,rw_kurtosis10,avg_moving_speed01,avg_moving_speed02,avg_moving_speed03,avg_moving_speed04,avg_moving_speed05,avg_moving_speed06,avg_moving_speed07,avg_moving_speed08,avg_moving_speed09,avg_moving_speed10,time_moving01,time_moving02,time_moving03,time_moving04,time_moving05,time_moving06,time_moving07,time_moving08,time_moving09,time_moving10,autocorr_1,autocorr_2,autocorr_3,autocorr_4,autocorr_5,autocorr_6,autocorr_7,autocorr_8,autocorr_9,autocorr_10,p_rturn_9_5,p_rturn_9_6,p_rturn_10_5,p_rturn_10_6,p_rturn_11_5,p_rturn_11_6,mean_theta_9_5,min_theta_9_5,max_theta_9_5,mean_theta_9_6,min_theta_9_6,max_theta_9_6,mean_theta_10_5,min_theta_10_5,max_theta_10_5,mean_theta_10_6,min_theta_10_6,max_theta_10_6,mean_theta_11_5,min_theta_11_5,max_theta_11_5,mean_theta_11_6,min_theta_11_6,max_theta_11_6
WellB03_Seq0001/xy05,0,2472.1156335073524,236.24021672865106,0.0119515223514,0.00420071409453,0.095561960584134,45.128195177737794,1.2521980673999027,32.9615417801,0.953022642289,0.686980282102,0.582317457296,923.012650376,1.7806845684096293,-0.240383871578,-170.136962689,3.468047563918783,5.346172990391848,3.104790533504765,-1.0951473450501552,0.31984269945702515,-1.3961119005154738,-1.3768714079166373,-1.1526656597980163,0.45186218273271006,-0.9392454476663374,17.4314829871,17.6558713589,18.1009854766,18.7764418875,19.4657277461,20.9679200418,21.2379202582,21.761916862,22.851108455,23.1322849808,1.0,0.9859154929577465,0.9577464788732394,0.9154929577464789,0.8732394366197183,0.7887323943661971,0.7746478873239436,0.7464788732394366,0.6901408450704225,0.676056338028169,0.132425359757,0.0305193421411,0.199344036925,0.0916178195171,0.328324847994,-0.035525034208,0.049967008953,0.0266267207453,-0.0690972179079,-0.0236501880572,0.47619047619,0.47619047619,0.5,0.5,0.5,0.55,1.16425662689,0.06667804554790102,2.766450881523736,1.10040121678,0.04065614691006255,2.724691172441191,1.13300640934,0.052573426711351075,2.805112985129523,1.05150299766,0.1407977004426688,2.7633532760469777,1.02363457732,0.041097596751937936,1.997249199263622,0.940378311792,0.15227353040208158,2.0837122483319193
