Well/XY,cell_id,total_distance,net_distance,linearity,spearmanrsq,progressivity,max_speed,min_speed,avg_speed,MSD_slope,hurst_RS,nongauss,disp_var,disp_skew,rw_linearity,rw_netdist,rw_kurtosis01,rw_kurtosis02,rw_kurtosis03,rw_kurtosis04,rw_kurtosis05,rw_kurtosis06,rw_kurtosis07,rw_kurtosis08,rw_kurtosis09,rw_kurtosis10,avg_moving_speed01,avg_moving_speed02,avg_moving_speed03,avg_moving_speed04,avg_moving_speed05,avg_moving_speed06,avg_moving_speed07,avg_moving_speed08,avg_moving_speed09,avg_moving_speed10,time_moving01,time_moving02,time_moving03,time_moving04,time_moving05,time_moving06,time_moving07,time_moving08,time_moving09,time_moving10,autocorr_1,autocorr_2,autocorr_3,autocorr_4,autocorr_5,autocorr_6,autocorr_7,autocorr_8,autocorr_9,autocorr_10,p_rturn_9_5,p_rturn_9_6,p_rturn_10_5,p_rturn_10_6,p_rturn_11_5,p_rturn_11_6,mean_theta_9_5,min_theta_9_5,max_theta_9_5,mean_theta_9_6,min_theta_9_6,max_theta_9_6,mean_theta_10_5,min_theta_10_5,max_theta_10_5,mean_theta_10_6,min_theta_10_6,max_theta_10_6,mean_theta_11_5,min_theta_11_5,max_theta_11_5,mean_theta_11_6,min_theta_11_6,max_theta_11_6
WellD09_Seq0007/xy01,0,1879.1510400943725,234.25934879957308,0.215152076854,0.132674665248,0.12466233091503298,39.810312030929836,0.4904079934096048,25.0553472013,0.906437722638,0.763998099497,0.0449299460794,368.155195783,1.1493035093202952,-0.0416877552088,-74.6437174738,0.9896279651765911,1.208892293171563,1.4482873274433956,0.865336562598022,2.0408316241490354,2.989820469447648,0.0661357589607392,-0.9661260551985618,-0.33241196280338103,-0.7765585905820829,15.5785511865,15.5785511865,15.9553550599,16.3354803038,16.5114319878,16.6752834555,16.9935637517,17.4761323205,18.112140341,18.4316734591,1.0,1.0,0.971830985915493,0.9436619718309859,0.9295774647887324,0.9154929577464789,0.8873239436619719,0.8450704225352113,0.7887323943661971,0.7605633802816901,0.428480001858,0.137285635038,-0.158826074604,-0.265532303219,-0.159411989388,-0.0377935009315,0.186769733927,0.226252649332,0.167376412169,0.101889479077,0.47619047619,0.47619047619,0.55,0.45,0.5,0.45,1.00756562068,0.0023497673043100797,2.1189784197361914,0.91174756082,0.0011264653785514917,2.062807246094011,1.13775757869,0.04778783848963487,2.389055241835216,1.05684046124,0.10447422368721737,2.3983447938649145,1.10658230081,0.2612522394440057,2.065189889191014,1.05094784358,0.306139521040761,2.035353899387321
