Well/XY,cell_id,total_distance,net_distance,linearity,spearmanrsq,progressivity,max_speed,min_speed,avg_speed,MSD_slope,hurst_RS,nongauss,disp_var,disp_skew,rw_linearity,rw_netdist,rw_kurtosis01,rw_kurtosis02,rw_kurtosis03,rw_kurtosis04,rw_kurtosis05,rw_kurtosis06,rw_kurtosis07,rw_kurtosis08,rw_kurtosis09,rw_kurtosis10,avg_moving_speed01,avg_moving_speed02,avg_moving_speed03,avg_moving_speed04,avg_moving_speed05,avg_moving_speed06,avg_moving_speed07,avg_moving_speed08,avg_moving_speed09,avg_moving_speed10,time_moving01,time_moving02,time_moving03,time_moving04,time_moving05,time_moving06,time_moving07,time_moving08,time_moving09,time_moving10,autocorr_1,autocorr_2,autocorr_3,autocorr_4,autocorr_5,autocorr_6,autocorr_7,autocorr_8,autocorr_9,autocorr_10,p_rturn_9_5,p_rturn_9_6,p_rturn_10_5,p_rturn_10_6,p_rturn_11_5,p_rturn_11_6,mean_theta_9_5,min_theta_9_5,max_theta_9_5,mean_theta_9_6,min_theta_9_6,max_theta_9_6,mean_theta_10_5,min_theta_10_5,max_theta_10_5,mean_theta_10_6,min_theta_10_6,max_theta_10_6,mean_theta_11_5,min_theta_11_5,max_theta_11_5,mean_theta_11_6,min_theta_11_6,max_theta_11_6
WellE07_Seq0030/xy02,0,3367.137663082353,1095.9865451733428,0.370314915902,0.249211937025,0.32549502124307333,61.27208121159261,1.8522893942362302,44.3044429353,1.17774790431,0.790807676729,-0.353119589498,735.409244916,0.13149794545601992,0.137481074961,546.182867279,-1.0885210746266338,-0.8966672128425048,-1.2132739894776374,-0.8761180250893639,-0.9373478886716651,-0.9837462247894977,-1.213363183239376,-0.6359443871953525,-1.1707172176426834,-0.08536641016636182,32.9954801376,32.9954801376,33.4273745026,33.4273745026,34.74031633,34.74031633,35.6094800949,36.9767957808,37.4511080618,38.4025262372,0.9861111111111112,0.9861111111111112,0.9722222222222222,0.9722222222222222,0.9305555555555556,0.9305555555555556,0.9027777777777778,0.8611111111111112,0.8472222222222222,0.8194444444444444,0.42299308088,0.263065295992,0.203854490942,0.232182351223,0.254925339139,0.122831418241,0.0786888697513,0.0646269666015,0.115281535484,0.0213762605475,0.571428571429,0.571428571429,0.52380952381,0.47619047619,0.6,0.55,0.93944026426,0.010952035894544947,2.3188251721355555,0.91666697399,0.021918156654342952,2.374628982500091,0.994564866636,0.0005025949239489291,2.124100277258714,0.925699565484,0.009350465045128827,2.1799040876232487,1.01854523306,0.018383205320893617,1.948132607202642,0.945296359802,0.004121408151215546,1.9480362553331436
