Well/XY,cell_id,total_distance,net_distance,linearity,spearmanrsq,progressivity,max_speed,min_speed,avg_speed,MSD_slope,hurst_RS,nongauss,disp_var,disp_skew,rw_linearity,rw_netdist,rw_kurtosis01,rw_kurtosis02,rw_kurtosis03,rw_kurtosis04,rw_kurtosis05,rw_kurtosis06,rw_kurtosis07,rw_kurtosis08,rw_kurtosis09,rw_kurtosis10,avg_moving_speed01,avg_moving_speed02,avg_moving_speed03,avg_moving_speed04,avg_moving_speed05,avg_moving_speed06,avg_moving_speed07,avg_moving_speed08,avg_moving_speed09,avg_moving_speed10,time_moving01,time_moving02,time_moving03,time_moving04,time_moving05,time_moving06,time_moving07,time_moving08,time_moving09,time_moving10,autocorr_1,autocorr_2,autocorr_3,autocorr_4,autocorr_5,autocorr_6,autocorr_7,autocorr_8,autocorr_9,autocorr_10,p_rturn_9_5,p_rturn_9_6,p_rturn_10_5,p_rturn_10_6,p_rturn_11_5,p_rturn_11_6,mean_theta_9_5,min_theta_9_5,max_theta_9_5,mean_theta_9_6,min_theta_9_6,max_theta_9_6,mean_theta_10_5,min_theta_10_5,max_theta_10_5,mean_theta_10_6,min_theta_10_6,max_theta_10_6,mean_theta_11_5,min_theta_11_5,max_theta_11_5,mean_theta_11_6,min_theta_11_6,max_theta_11_6
WellE07_Seq0030/xy24,0,3174.1411289777343,21.369174059846213,0.167855471361,0.181404600115,0.006732269672813314,49.631587562760856,0.10400000000000684,41.765014855,1.24749722468,0.623652032932,-0.380914474714,490.310405887,0.305441256243295,-0.0660535874321,-496.92103011,-0.5690853091047483,-0.8829729099487764,-0.595184398343449,-0.4828022422678053,0.07973916723570262,-0.14229020877105825,-0.8404811604215028,0.24582674079162192,-0.9770054944751281,-1.4426575213857904,31.5794426177,31.5794426177,31.5794426177,32.384832106,32.7841762326,33.1801010859,33.1801010859,33.9573760712,33.9573760712,34.7240142393,1.0,1.0,1.0,0.9722222222222222,0.9583333333333334,0.9444444444444444,0.9444444444444444,0.9166666666666666,0.9166666666666666,0.8888888888888888,0.276675898231,0.0880769349041,0.0353601554419,-0.117218645254,-0.149717011379,-0.0541454118974,-0.0372281871678,-0.130007395975,0.0111908630287,0.0256764181912,0.52380952381,0.571428571429,0.571428571429,0.52380952381,0.55,0.55,0.819276330661,0.05883702902707786,1.6177608282424902,0.781110444546,0.07975480210802167,1.6804363818488637,0.794321707895,0.09960964963708897,1.6110906113974013,0.735965202047,0.012754138488096142,1.4168767298750538,0.673764981649,0.029599076474883468,1.675345744747951,0.640552882123,0.05725643467408616,1.4673359976022118
