Well/XY,cell_id,total_distance,net_distance,linearity,spearmanrsq,progressivity,max_speed,min_speed,avg_speed,MSD_slope,hurst_RS,nongauss,disp_var,disp_skew,rw_linearity,rw_netdist,rw_kurtosis01,rw_kurtosis02,rw_kurtosis03,rw_kurtosis04,rw_kurtosis05,rw_kurtosis06,rw_kurtosis07,rw_kurtosis08,rw_kurtosis09,rw_kurtosis10,avg_moving_speed01,avg_moving_speed02,avg_moving_speed03,avg_moving_speed04,avg_moving_speed05,avg_moving_speed06,avg_moving_speed07,avg_moving_speed08,avg_moving_speed09,avg_moving_speed10,time_moving01,time_moving02,time_moving03,time_moving04,time_moving05,time_moving06,time_moving07,time_moving08,time_moving09,time_moving10,autocorr_1,autocorr_2,autocorr_3,autocorr_4,autocorr_5,autocorr_6,autocorr_7,autocorr_8,autocorr_9,autocorr_10,p_rturn_9_5,p_rturn_9_6,p_rturn_10_5,p_rturn_10_6,p_rturn_11_5,p_rturn_11_6,mean_theta_9_5,min_theta_9_5,max_theta_9_5,mean_theta_9_6,min_theta_9_6,max_theta_9_6,mean_theta_10_5,min_theta_10_5,max_theta_10_5,mean_theta_10_6,min_theta_10_6,max_theta_10_6,mean_theta_11_5,min_theta_11_5,max_theta_11_5,mean_theta_11_6,min_theta_11_6,max_theta_11_6
WellE07_Seq0030/xy21,0,1498.409914882615,261.6035987902308,0.660296790452,0.786614213576,0.17458747182056972,20.337032330209805,0.4731849532688021,19.7159199327,1.36236263874,0.738307467785,-0.320515564468,113.108903381,0.6899794860673764,0.414446655646,16.9354667954,-0.10475136849986999,0.2630166315327074,-0.9392727939917962,1.6983341726441905,-0.3813113687830221,0.572297718250061,-1.6730861625466502,-1.4783415641136826,-0.5653756732824009,-1.4950183125410916,7.76282414608,8.45661751635,9.47052429641,10.505288294,11.2749137883,12.0865254839,13.2507967153,13.4459576142,14.0432622313,14.4515130895,0.9583333333333334,0.8611111111111112,0.7361111111111112,0.625,0.5555555555555556,0.4861111111111111,0.4027777777777778,0.3888888888888889,0.3472222222222222,0.3194444444444444,0.0730222378482,0.0937350748066,0.237896117653,0.0391051945081,-0.131269829361,0.231734290861,-0.00362956355553,-0.0685567526535,0.0267010676102,0.0773653606895,0.619047619048,0.571428571429,0.571428571429,0.52380952381,0.65,0.65,0.812280035591,0.029154749751440747,2.800348253896058,0.784216161261,0.017232103554040232,2.8003857682223625,0.785384832475,0.07844337296549483,2.7148184040251055,0.752153309816,0.1265550679803215,2.7148559183514096,0.851752499687,0.023725250524224025,2.552201893595471,0.806257200749,0.07195062139369794,2.5522394079217756
