Well/XY,cell_id,total_distance,net_distance,linearity,spearmanrsq,progressivity,max_speed,min_speed,avg_speed,MSD_slope,hurst_RS,nongauss,disp_var,disp_skew,rw_linearity,rw_netdist,rw_kurtosis01,rw_kurtosis02,rw_kurtosis03,rw_kurtosis04,rw_kurtosis05,rw_kurtosis06,rw_kurtosis07,rw_kurtosis08,rw_kurtosis09,rw_kurtosis10,avg_moving_speed01,avg_moving_speed02,avg_moving_speed03,avg_moving_speed04,avg_moving_speed05,avg_moving_speed06,avg_moving_speed07,avg_moving_speed08,avg_moving_speed09,avg_moving_speed10,time_moving01,time_moving02,time_moving03,time_moving04,time_moving05,time_moving06,time_moving07,time_moving08,time_moving09,time_moving10,autocorr_1,autocorr_2,autocorr_3,autocorr_4,autocorr_5,autocorr_6,autocorr_7,autocorr_8,autocorr_9,autocorr_10,p_rturn_9_5,p_rturn_9_6,p_rturn_10_5,p_rturn_10_6,p_rturn_11_5,p_rturn_11_6,mean_theta_9_5,min_theta_9_5,max_theta_9_5,mean_theta_9_6,min_theta_9_6,max_theta_9_6,mean_theta_10_5,min_theta_10_5,max_theta_10_5,mean_theta_10_6,min_theta_10_6,max_theta_10_6,mean_theta_11_5,min_theta_11_5,max_theta_11_5,mean_theta_11_6,min_theta_11_6,max_theta_11_6
WellE07_Seq0030/xy11,0,2052.333090083907,159.65368050878126,0.385707929386,0.417704550625,0.0777913104262496,21.78697390644236,0.8976591780848663,27.0043827643,0.615523024785,0.606419574856,-0.36238527293,160.319213532,0.8368272745340242,0.103876142166,-175.461896607,0.49752214493957103,0.4674525994556493,-0.6226637338603087,-0.04551122515356676,2.4271061224759967,-1.1533426193931586,-0.7911381655010379,-0.8595800351018625,-0.004518611885863777,1.347241393309071,6.26853180514,6.47136255643,7.16018319823,8.19237763315,9.36906647825,9.89194965325,10.7461043105,11.2355421516,12.7345830275,15.9511707864,0.9861111111111112,0.9444444444444444,0.8055555555555556,0.625,0.4722222222222222,0.4166666666666667,0.3333333333333333,0.2916666666666667,0.19444444444444445,0.09722222222222222,-0.193201366436,0.0384449067694,-0.0418784183704,0.0237640381544,-0.0328593590994,0.192878184432,-0.250285122782,-0.0426085934768,0.247471779587,-0.085222380717,0.47619047619,0.428571428571,0.428571428571,0.380952380952,0.35,0.3,0.546635191942,0.0029801216561523196,1.398614072202634,0.561340115069,0.025693411269228635,1.4242186118559443,0.489094114358,0.010811491601179038,1.693632534342271,0.484470623018,0.008868659047621092,1.6729212574048322,0.585246791897,0.06804454301518223,1.7330359346425355,0.575724201926,0.03886394976349289,1.7123246577050968
