Well/XY,cell_id,total_distance,net_distance,linearity,spearmanrsq,progressivity,max_speed,min_speed,avg_speed,MSD_slope,hurst_RS,nongauss,disp_var,disp_skew,rw_linearity,rw_netdist,rw_kurtosis01,rw_kurtosis02,rw_kurtosis03,rw_kurtosis04,rw_kurtosis05,rw_kurtosis06,rw_kurtosis07,rw_kurtosis08,rw_kurtosis09,rw_kurtosis10,avg_moving_speed01,avg_moving_speed02,avg_moving_speed03,avg_moving_speed04,avg_moving_speed05,avg_moving_speed06,avg_moving_speed07,avg_moving_speed08,avg_moving_speed09,avg_moving_speed10,time_moving01,time_moving02,time_moving03,time_moving04,time_moving05,time_moving06,time_moving07,time_moving08,time_moving09,time_moving10,autocorr_1,autocorr_2,autocorr_3,autocorr_4,autocorr_5,autocorr_6,autocorr_7,autocorr_8,autocorr_9,autocorr_10,p_rturn_9_5,p_rturn_9_6,p_rturn_10_5,p_rturn_10_6,p_rturn_11_5,p_rturn_11_6,mean_theta_9_5,min_theta_9_5,max_theta_9_5,mean_theta_9_6,min_theta_9_6,max_theta_9_6,mean_theta_10_5,min_theta_10_5,max_theta_10_5,mean_theta_10_6,min_theta_10_6,max_theta_10_6,mean_theta_11_5,min_theta_11_5,max_theta_11_5,mean_theta_11_6,min_theta_11_6,max_theta_11_6
WellE07_Seq0030/xy16,0,2580.5647509958494,857.3520626323822,0.242204123578,0.0714836233196,0.33223427635424646,38.27292181164122,2.735031992500268,33.9547993552,1.11083427602,0.66258734934,-0.291448678019,453.054774887,0.3726446471040835,-0.0226872906267,435.984083919,-0.6173584555746623,-0.902500781485092,-1.179529330316899,-1.0487170686107328,-0.47446769397282473,0.7617559930434212,0.8036677511591801,-0.9768664722364915,-0.9461838555764732,-0.7177712455920502,25.2876899867,25.6169104313,25.6169104313,25.9288381538,26.240028482,26.240028482,26.240028482,26.240028482,26.5053931214,26.5053931214,1.0,0.9861111111111112,0.9861111111111112,0.9722222222222222,0.9583333333333334,0.9583333333333334,0.9583333333333334,0.9583333333333334,0.9444444444444444,0.9444444444444444,0.268666123885,-0.270901186103,-0.21830669247,0.0846706511403,0.207121166311,0.0354483564121,-0.200481657985,-0.138009531473,-0.0367872758198,0.281914518347,0.47619047619,0.380952380952,0.428571428571,0.47619047619,0.5,0.45,0.552863393484,0.0032204734881489507,1.8187572645846408,0.521230369515,0.0642480055305412,1.8492537519647911,0.609202196229,0.00916427653854313,2.14326503028895,0.577377976202,0.054438282447069344,2.1737615176691003,0.519376013074,6.883426538847999e-05,2.0205249707979687,0.485364395593,0.007230735207901462,1.9591040386232397
