Well/XY,cell_id,total_distance,net_distance,linearity,spearmanrsq,progressivity,max_speed,min_speed,avg_speed,MSD_slope,hurst_RS,nongauss,disp_var,disp_skew,rw_linearity,rw_netdist,rw_kurtosis01,rw_kurtosis02,rw_kurtosis03,rw_kurtosis04,rw_kurtosis05,rw_kurtosis06,rw_kurtosis07,rw_kurtosis08,rw_kurtosis09,rw_kurtosis10,avg_moving_speed01,avg_moving_speed02,avg_moving_speed03,avg_moving_speed04,avg_moving_speed05,avg_moving_speed06,avg_moving_speed07,avg_moving_speed08,avg_moving_speed09,avg_moving_speed10,time_moving01,time_moving02,time_moving03,time_moving04,time_moving05,time_moving06,time_moving07,time_moving08,time_moving09,time_moving10,autocorr_1,autocorr_2,autocorr_3,autocorr_4,autocorr_5,autocorr_6,autocorr_7,autocorr_8,autocorr_9,autocorr_10,p_rturn_9_5,p_rturn_9_6,p_rturn_10_5,p_rturn_10_6,p_rturn_11_5,p_rturn_11_6,mean_theta_9_5,min_theta_9_5,max_theta_9_5,mean_theta_9_6,min_theta_9_6,max_theta_9_6,mean_theta_10_5,min_theta_10_5,max_theta_10_5,mean_theta_10_6,min_theta_10_6,max_theta_10_6,mean_theta_11_5,min_theta_11_5,max_theta_11_5,mean_theta_11_6,min_theta_11_6,max_theta_11_6
WellE07_Seq0030/xy14,0,2817.096739172772,986.5564859651981,0.755254200731,0.673393953712,0.35020326858029593,43.247103949281964,1.7664653973401283,37.0670623575,1.55777601768,0.750208542023,-0.331999467277,393.600978039,0.5424626316233864,0.507716280662,526.566339093,0.28300597023025986,-0.3184545638367937,-0.8726872694475274,-1.0542962011333004,-1.5421693565665904,-1.2790984275504713,-0.24569248833074075,-1.1407693230516687,-1.3363629759425677,-1.5576378317943074,29.4784024186,29.8724625466,30.263496583,31.4655137051,32.3021334369,32.7155850102,32.7155850102,33.1115484134,33.5156536817,33.5156536817,1.0,0.9861111111111112,0.9722222222222222,0.9305555555555556,0.9027777777777778,0.8888888888888888,0.8888888888888888,0.875,0.8611111111111112,0.8611111111111112,0.155453451129,0.125933091172,0.297099554184,0.133177142377,0.134476748551,0.142097531952,-0.00337347667662,0.00744821551708,0.251462228165,0.0453285224553,0.47619047619,0.52380952381,0.47619047619,0.47619047619,0.5,0.5,0.993980202363,0.028284426157978933,2.531006046040064,0.964860704878,0.05266571198450541,2.5625510844455315,1.18961613613,0.16872729308607487,2.8473059609747176,1.14905007741,0.11824152105887155,2.777602839979422,1.26105225608,0.14002003072963998,2.791672125485467,1.20884776615,0.08953425870243503,2.721969004490171
