Well/XY,cell_id,total_distance,net_distance,linearity,spearmanrsq,progressivity,max_speed,min_speed,avg_speed,MSD_slope,hurst_RS,nongauss,disp_var,disp_skew,rw_linearity,rw_netdist,rw_kurtosis01,rw_kurtosis02,rw_kurtosis03,rw_kurtosis04,rw_kurtosis05,rw_kurtosis06,rw_kurtosis07,rw_kurtosis08,rw_kurtosis09,rw_kurtosis10,avg_moving_speed01,avg_moving_speed02,avg_moving_speed03,avg_moving_speed04,avg_moving_speed05,avg_moving_speed06,avg_moving_speed07,avg_moving_speed08,avg_moving_speed09,avg_moving_speed10,time_moving01,time_moving02,time_moving03,time_moving04,time_moving05,time_moving06,time_moving07,time_moving08,time_moving09,time_moving10,autocorr_1,autocorr_2,autocorr_3,autocorr_4,autocorr_5,autocorr_6,autocorr_7,autocorr_8,autocorr_9,autocorr_10,p_rturn_9_5,p_rturn_9_6,p_rturn_10_5,p_rturn_10_6,p_rturn_11_5,p_rturn_11_6,mean_theta_9_5,min_theta_9_5,max_theta_9_5,mean_theta_9_6,min_theta_9_6,max_theta_9_6,mean_theta_10_5,min_theta_10_5,max_theta_10_5,mean_theta_10_6,min_theta_10_6,max_theta_10_6,mean_theta_11_5,min_theta_11_5,max_theta_11_5,mean_theta_11_6,min_theta_11_6,max_theta_11_6
WellE05_Seq0016/xy17,0,1418.1787557573957,610.3523716673835,0.65246383104,0.742020591517,0.4303776016877487,37.07085804240306,0.8634813257969249,18.9090500768,1.64171933698,0.846441018285,0.0088936290754,204.540684592,1.0667416089266335,0.422416780652,377.225945515,0.7433904707852421,0.3121105897959553,-0.5894241932818143,-0.7261767384458548,-0.2740875827237863,-0.9721618151347271,-0.4691663599598992,-1.304509401042607,-1.2136632754018808,-1.30952456781627,15.6725524948,16.0845030358,16.9508513719,16.9508513719,17.1416696452,18.1268350841,18.9812109099,19.900771193,20.1338355026,21.3534223398,0.9859154929577465,0.9577464788732394,0.9014084507042254,0.9014084507042254,0.8873239436619719,0.8169014084507042,0.7605633802816901,0.704225352112676,0.6901408450704225,0.6197183098591549,0.499510164631,0.473630042978,0.260268434421,0.235226278454,0.318375788753,0.200043042455,0.251261711421,0.149181380726,0.135595263876,0.226546737765,0.571428571429,0.571428571429,0.5,0.55,0.5,0.5,0.673104966638,0.014644180249237231,2.250542091727844,0.617134605015,0.010047388786445607,2.2807787097751184,0.658225250183,0.02603617982873472,2.4812228733310064,0.695255481735,0.01976695723047235,2.5009005144914886,0.591676565882,0.03872531759257348,2.1553115053786036,0.605104932363,0.014033748556864489,2.1855481234258782
