Well/XY,cell_id,total_distance,net_distance,linearity,spearmanrsq,progressivity,max_speed,min_speed,avg_speed,MSD_slope,hurst_RS,nongauss,disp_var,disp_skew,rw_linearity,rw_netdist,rw_kurtosis01,rw_kurtosis02,rw_kurtosis03,rw_kurtosis04,rw_kurtosis05,rw_kurtosis06,rw_kurtosis07,rw_kurtosis08,rw_kurtosis09,rw_kurtosis10,avg_moving_speed01,avg_moving_speed02,avg_moving_speed03,avg_moving_speed04,avg_moving_speed05,avg_moving_speed06,avg_moving_speed07,avg_moving_speed08,avg_moving_speed09,avg_moving_speed10,time_moving01,time_moving02,time_moving03,time_moving04,time_moving05,time_moving06,time_moving07,time_moving08,time_moving09,time_moving10,autocorr_1,autocorr_2,autocorr_3,autocorr_4,autocorr_5,autocorr_6,autocorr_7,autocorr_8,autocorr_9,autocorr_10,p_rturn_9_5,p_rturn_9_6,p_rturn_10_5,p_rturn_10_6,p_rturn_11_5,p_rturn_11_6,mean_theta_9_5,min_theta_9_5,max_theta_9_5,mean_theta_9_6,min_theta_9_6,max_theta_9_6,mean_theta_10_5,min_theta_10_5,max_theta_10_5,mean_theta_10_6,min_theta_10_6,max_theta_10_6,mean_theta_11_5,min_theta_11_5,max_theta_11_5,mean_theta_11_6,min_theta_11_6,max_theta_11_6
WellE05_Seq0016/xy03,0,1610.7501785013098,288.04013279402574,0.0429680588655,0.00845730524759,0.17882359203711334,27.985626596522728,0.2400000000000091,21.4766690467,1.09925150243,0.81585120816,0.718870816425,409.07103273,1.9817886750586622,-0.188244739641,23.257973977,3.848318118288189,1.3352430586834814,-1.1922191775162856,-0.6840526617890181,-1.3368150303388844,-0.9172545108428949,-1.4220405625506687,-1.0212057504746568,-0.37571042366619034,-1.108336221061892,13.3614402087,13.8959308174,14.0715080346,14.7570619648,15.8586165584,16.2326935398,17.2264846143,17.6422004389,18.2500514001,19.6461319715,0.9859154929577465,0.9436619718309859,0.9295774647887324,0.8732394366197183,0.7887323943661971,0.7605633802816901,0.6901408450704225,0.6619718309859155,0.6197183098591549,0.5352112676056338,0.418959022619,0.182698168671,0.378312991997,0.386435458265,0.502500105952,0.324814700199,0.0951524036191,0.224563882095,0.270471517503,0.171575907352,0.571428571429,0.571428571429,0.6,0.55,0.45,0.45,0.630556155664,0.017794559121573284,2.459739903130603,0.645494154333,0.0124301979181142,2.4558220684390717,0.736805885841,0.013579082978052217,2.5511173322059135,0.737188008146,0.007106758974357667,2.4311876563393997,0.847835319067,0.05721017752441604,2.553412386727224,0.845876886867,0.04370941776218242,2.5299285184558027
