Well/XY,cell_id,total_distance,net_distance,linearity,spearmanrsq,progressivity,max_speed,min_speed,avg_speed,MSD_slope,hurst_RS,nongauss,disp_var,disp_skew,rw_linearity,rw_netdist,rw_kurtosis01,rw_kurtosis02,rw_kurtosis03,rw_kurtosis04,rw_kurtosis05,rw_kurtosis06,rw_kurtosis07,rw_kurtosis08,rw_kurtosis09,rw_kurtosis10,avg_moving_speed01,avg_moving_speed02,avg_moving_speed03,avg_moving_speed04,avg_moving_speed05,avg_moving_speed06,avg_moving_speed07,avg_moving_speed08,avg_moving_speed09,avg_moving_speed10,time_moving01,time_moving02,time_moving03,time_moving04,time_moving05,time_moving06,time_moving07,time_moving08,time_moving09,time_moving10,autocorr_1,autocorr_2,autocorr_3,autocorr_4,autocorr_5,autocorr_6,autocorr_7,autocorr_8,autocorr_9,autocorr_10,p_rturn_9_5,p_rturn_9_6,p_rturn_10_5,p_rturn_10_6,p_rturn_11_5,p_rturn_11_6,mean_theta_9_5,min_theta_9_5,max_theta_9_5,mean_theta_9_6,min_theta_9_6,max_theta_9_6,mean_theta_10_5,min_theta_10_5,max_theta_10_5,mean_theta_10_6,min_theta_10_6,max_theta_10_6,mean_theta_11_5,min_theta_11_5,max_theta_11_5,mean_theta_11_6,min_theta_11_6,max_theta_11_6
WellE05_Seq0016/xy08,0,1561.2986570472474,282.18329149685655,0.0458312979165,0.0759352007266,0.1807362673522861,44.524195669321166,1.344172607963723,20.8173154273,1.48406283291,0.780041532372,0.300479181626,260.005721822,1.6425519021350652,-0.175791295848,25.5301900484,3.6792208682435206,3.639376582184936,3.3055467733813213,1.0342839122780036,-0.6657287584211171,0.5503608101934119,-0.8485030280841017,1.8857915940161627,-0.09618118724129188,-1.5807953230165377,18.741130545,18.741130545,19.2008631087,19.4335063298,19.650538954,19.650538954,19.8456365483,20.2286995984,21.6586910171,22.5794637303,1.0,1.0,0.971830985915493,0.9577464788732394,0.9436619718309859,0.9436619718309859,0.9295774647887324,0.9014084507042254,0.8028169014084507,0.7464788732394366,0.57920146529,0.344496942419,0.0929496666915,0.0547188854154,0.0309283522546,0.00156905307572,-0.00671922106287,-0.0105173353889,-0.0434999746898,-0.129447150083,0.428571428571,0.428571428571,0.45,0.55,0.55,0.55,0.755486007712,0.0014529238998013721,2.4841755240483927,0.723031200906,0.01536902717518374,2.5259036103509853,0.841053906874,0.0323825388404839,2.454837674842232,0.810715476927,0.022366331314846687,2.494264768958017,0.861165307762,0.02251961397639959,2.4178431011537938,0.839795053227,0.10218516057139683,2.4595711874563864
