Well/XY,cell_id,total_distance,net_distance,linearity,spearmanrsq,progressivity,max_speed,min_speed,avg_speed,MSD_slope,hurst_RS,nongauss,disp_var,disp_skew,rw_linearity,rw_netdist,rw_kurtosis01,rw_kurtosis02,rw_kurtosis03,rw_kurtosis04,rw_kurtosis05,rw_kurtosis06,rw_kurtosis07,rw_kurtosis08,rw_kurtosis09,rw_kurtosis10,avg_moving_speed01,avg_moving_speed02,avg_moving_speed03,avg_moving_speed04,avg_moving_speed05,avg_moving_speed06,avg_moving_speed07,avg_moving_speed08,avg_moving_speed09,avg_moving_speed10,time_moving01,time_moving02,time_moving03,time_moving04,time_moving05,time_moving06,time_moving07,time_moving08,time_moving09,time_moving10,autocorr_1,autocorr_2,autocorr_3,autocorr_4,autocorr_5,autocorr_6,autocorr_7,autocorr_8,autocorr_9,autocorr_10,p_rturn_9_5,p_rturn_9_6,p_rturn_10_5,p_rturn_10_6,p_rturn_11_5,p_rturn_11_6,mean_theta_9_5,min_theta_9_5,max_theta_9_5,mean_theta_9_6,min_theta_9_6,max_theta_9_6,mean_theta_10_5,min_theta_10_5,max_theta_10_5,mean_theta_10_6,min_theta_10_6,max_theta_10_6,mean_theta_11_5,min_theta_11_5,max_theta_11_5,mean_theta_11_6,min_theta_11_6,max_theta_11_6
WellD02_Seq0000/xy11,0,1861.723182234804,492.922803286681,0.413497452097,0.576735486676,0.264766968575306,38.113645850272576,4.365134591281231,24.8229757631,1.23698074576,0.686025890228,-0.103056962446,259.009358553,1.1094194203776702,0.183727094843,186.884604507,1.027883505378461,0.6998417445153007,0.11158254656048783,-0.1387334592882632,-0.42131849780972397,-0.7655100358818103,1.1474919622738424,-1.007967565653061,-0.836447430361857,-1.0291529365137868,19.3890554004,19.3890554004,19.3890554004,19.3890554004,19.3890554004,19.590960258,19.774189693,20.1280188645,20.1280188645,20.9883728238,1.0,1.0,1.0,1.0,1.0,0.9859154929577465,0.971830985915493,0.9436619718309859,0.9436619718309859,0.8732394366197183,0.304062395001,0.00111906282019,0.0720927243232,-0.0330880705912,0.0133485217373,0.182275327792,0.1665136607,-0.0826009550286,-0.106358254453,-0.0698532472844,0.571428571429,0.571428571429,0.6,0.6,0.65,0.65,1.0696128215,0.296053540658632,2.802919038133597,1.07744612629,0.26754289696300027,2.7272265278996373,1.11868513587,0.3006509590567166,2.750301406640447,1.00791729303,0.21190527519298957,2.6746088964064874,1.03101668361,0.3598948057577984,2.7412230811248035,0.917397776399,0.3942671402704993,2.6655305708908448
