Well/XY,cell_id,total_distance,net_distance,linearity,spearmanrsq,progressivity,max_speed,min_speed,avg_speed,MSD_slope,hurst_RS,nongauss,disp_var,disp_skew,rw_linearity,rw_netdist,rw_kurtosis01,rw_kurtosis02,rw_kurtosis03,rw_kurtosis04,rw_kurtosis05,rw_kurtosis06,rw_kurtosis07,rw_kurtosis08,rw_kurtosis09,rw_kurtosis10,avg_moving_speed01,avg_moving_speed02,avg_moving_speed03,avg_moving_speed04,avg_moving_speed05,avg_moving_speed06,avg_moving_speed07,avg_moving_speed08,avg_moving_speed09,avg_moving_speed10,time_moving01,time_moving02,time_moving03,time_moving04,time_moving05,time_moving06,time_moving07,time_moving08,time_moving09,time_moving10,autocorr_1,autocorr_2,autocorr_3,autocorr_4,autocorr_5,autocorr_6,autocorr_7,autocorr_8,autocorr_9,autocorr_10,p_rturn_9_5,p_rturn_9_6,p_rturn_10_5,p_rturn_10_6,p_rturn_11_5,p_rturn_11_6,mean_theta_9_5,min_theta_9_5,max_theta_9_5,mean_theta_9_6,min_theta_9_6,max_theta_9_6,mean_theta_10_5,min_theta_10_5,max_theta_10_5,mean_theta_10_6,min_theta_10_6,max_theta_10_6,mean_theta_11_5,min_theta_11_5,max_theta_11_5,mean_theta_11_6,min_theta_11_6,max_theta_11_6
WellD02_Seq0000/xy08,0,1244.1238684917591,26.194655943531604,0.869829124097,0.899927074131,0.021054700907946703,29.269376488063397,0.1897366596100884,16.5883182466,1.04827512486,0.799551600271,0.815600919841,257.330766079,1.9603174839720086,0.623897731237,-178.319866626,4.879762460059469,5.378241908461064,1.7488454891458662,1.2338652390168123,2.4619257389981133,-0.04458423359176589,-0.5578845615090646,-1.0989270831751985,-1.4263312251852118,-0.849270899584035,8.15605620466,8.70928373228,8.93872099375,10.0760552326,10.9965269978,12.0946486118,13.5340733686,14.6408500271,15.6150923584,16.3095345564,0.9154929577464789,0.8450704225352113,0.8169014084507042,0.676056338028169,0.5774647887323944,0.4788732394366197,0.38028169014084506,0.323943661971831,0.28169014084507044,0.2535211267605634,0.240348339976,0.299018656988,0.220294092716,0.320856993559,0.196719192692,0.0877572601502,-0.115127498707,0.0962718457415,-0.158213347406,-0.2096739724,0.428571428571,0.52380952381,0.55,0.5,0.45,0.5,0.19138777641,0.0008035875666047172,1.241635230705484,0.171847758386,0.0012565621762398707,1.2692905735266258,0.205819480815,0.00024709185892311493,1.4001295946731627,0.190061597434,0.0033997495188258517,1.4177591197192243,0.141454140825,0.02870074073535119,0.4825159757365201,0.123483331278,0.01409500312787988,0.41887697228185355
