Well/XY,cell_id,total_distance,net_distance,linearity,spearmanrsq,progressivity,max_speed,min_speed,avg_speed,MSD_slope,hurst_RS,nongauss,disp_var,disp_skew,rw_linearity,rw_netdist,rw_kurtosis01,rw_kurtosis02,rw_kurtosis03,rw_kurtosis04,rw_kurtosis05,rw_kurtosis06,rw_kurtosis07,rw_kurtosis08,rw_kurtosis09,rw_kurtosis10,avg_moving_speed01,avg_moving_speed02,avg_moving_speed03,avg_moving_speed04,avg_moving_speed05,avg_moving_speed06,avg_moving_speed07,avg_moving_speed08,avg_moving_speed09,avg_moving_speed10,time_moving01,time_moving02,time_moving03,time_moving04,time_moving05,time_moving06,time_moving07,time_moving08,time_moving09,time_moving10,autocorr_1,autocorr_2,autocorr_3,autocorr_4,autocorr_5,autocorr_6,autocorr_7,autocorr_8,autocorr_9,autocorr_10,p_rturn_9_5,p_rturn_9_6,p_rturn_10_5,p_rturn_10_6,p_rturn_11_5,p_rturn_11_6,mean_theta_9_5,min_theta_9_5,max_theta_9_5,mean_theta_9_6,min_theta_9_6,max_theta_9_6,mean_theta_10_5,min_theta_10_5,max_theta_10_5,mean_theta_10_6,min_theta_10_6,max_theta_10_6,mean_theta_11_5,min_theta_11_5,max_theta_11_5,mean_theta_11_6,min_theta_11_6,max_theta_11_6
WellD02_Seq0000/xy15,0,1304.6938194612264,760.0332841395829,0.282276310352,0.365599184066,0.5825376596429641,32.343093853247865,1.9726175503629768,17.3959175928,1.6189650587,0.75941112538,0.704665884408,129.936214539,2.992547360114678,0.0730608298895,545.562008132,15.219313170939582,5.018861284676161,0.20524843945729243,0.006922524376310246,0.570999251874174,0.08892948226447572,0.4134003479957107,0.27541486868634113,-0.5218862673631257,-0.21600649800039662,15.4422319942,15.4422319942,15.6284922611,15.6284922611,15.9510760996,16.2738815743,16.2738815743,16.5492925928,17.0813934444,17.216601414,1.0,1.0,0.9859154929577465,0.9859154929577465,0.9577464788732394,0.9295774647887324,0.9295774647887324,0.9014084507042254,0.8450704225352113,0.8309859154929577,0.363501721547,0.44645415039,0.322237101312,0.117698456861,-0.132089759276,-0.0516680279106,-0.26076992107,-0.150965439515,-0.355017521037,-0.160161382397,0.47619047619,0.428571428571,0.45,0.4,0.45,0.4,0.503374469415,0.02299592656584062,2.6950523566924796,0.485625998051,0.006459585079220723,2.638725627030226,0.499522261982,0.011744509388935032,2.689451322280722,0.481905127796,0.01034513171992205,2.633124592618468,0.532009105105,0.002573275868794169,2.6849725337184585,0.513357457747,0.01875067023983005,2.6286458040562044
