Well/XY,cell_id,total_distance,net_distance,linearity,spearmanrsq,progressivity,max_speed,min_speed,avg_speed,MSD_slope,hurst_RS,nongauss,disp_var,disp_skew,rw_linearity,rw_netdist,rw_kurtosis01,rw_kurtosis02,rw_kurtosis03,rw_kurtosis04,rw_kurtosis05,rw_kurtosis06,rw_kurtosis07,rw_kurtosis08,rw_kurtosis09,rw_kurtosis10,avg_moving_speed01,avg_moving_speed02,avg_moving_speed03,avg_moving_speed04,avg_moving_speed05,avg_moving_speed06,avg_moving_speed07,avg_moving_speed08,avg_moving_speed09,avg_moving_speed10,time_moving01,time_moving02,time_moving03,time_moving04,time_moving05,time_moving06,time_moving07,time_moving08,time_moving09,time_moving10,autocorr_1,autocorr_2,autocorr_3,autocorr_4,autocorr_5,autocorr_6,autocorr_7,autocorr_8,autocorr_9,autocorr_10,p_rturn_9_5,p_rturn_9_6,p_rturn_10_5,p_rturn_10_6,p_rturn_11_5,p_rturn_11_6,mean_theta_9_5,min_theta_9_5,max_theta_9_5,mean_theta_9_6,min_theta_9_6,max_theta_9_6,mean_theta_10_5,min_theta_10_5,max_theta_10_5,mean_theta_10_6,min_theta_10_6,max_theta_10_6,mean_theta_11_5,min_theta_11_5,max_theta_11_5,mean_theta_11_6,min_theta_11_6,max_theta_11_6
WellD02_Seq0000/xy17,0,1600.5797777850646,214.09803829087255,0.0584260849705,0.0429473323932,0.13376280349308706,38.155261760339144,2.3706539182259183,21.3410637038,0.889504558734,0.861329430266,0.10703511941,288.692395261,1.234071519466343,-0.17202189952,-49.0122655771,0.7127814734378437,1.1453553991660685,-0.193506841752074,-0.43013702847717505,-0.7986632041899666,-1.36898148276367,-0.2799195221681865,-0.9540478795395795,-1.4571274192471277,-1.271272528977375,13.4758171985,13.4758171985,13.4758171985,14.060360949,15.1832475694,16.2523828368,16.4410607107,17.1823380793,17.5425731853,18.2704215474,1.0,1.0,1.0,0.9436619718309859,0.8450704225352113,0.7605633802816901,0.7464788732394366,0.6901408450704225,0.6619718309859155,0.6056338028169014,0.417527317791,0.450795295393,0.245902269532,0.0873258486736,0.12016895589,-0.095072785194,-0.0242148267265,-0.0419688326769,0.0325314086033,0.0463708965896,0.428571428571,0.380952380952,0.4,0.45,0.4,0.45,0.497647489579,0.10345065640340326,1.6420853509876856,0.456325021487,0.0361937265713537,1.6039662650686568,0.597046164152,0.0493341583501391,1.7729493766536564,0.556495804456,0.002972834028572563,1.845723599068425,0.619882379716,0.020066338277426963,1.4752895943993278,0.570619069762,0.01785902307756653,1.5299916268231448
