Well/XY,cell_id,total_distance,net_distance,linearity,spearmanrsq,progressivity,max_speed,min_speed,avg_speed,MSD_slope,hurst_RS,nongauss,disp_var,disp_skew,rw_linearity,rw_netdist,rw_kurtosis01,rw_kurtosis02,rw_kurtosis03,rw_kurtosis04,rw_kurtosis05,rw_kurtosis06,rw_kurtosis07,rw_kurtosis08,rw_kurtosis09,rw_kurtosis10,avg_moving_speed01,avg_moving_speed02,avg_moving_speed03,avg_moving_speed04,avg_moving_speed05,avg_moving_speed06,avg_moving_speed07,avg_moving_speed08,avg_moving_speed09,avg_moving_speed10,time_moving01,time_moving02,time_moving03,time_moving04,time_moving05,time_moving06,time_moving07,time_moving08,time_moving09,time_moving10,autocorr_1,autocorr_2,autocorr_3,autocorr_4,autocorr_5,autocorr_6,autocorr_7,autocorr_8,autocorr_9,autocorr_10,p_rturn_9_5,p_rturn_9_6,p_rturn_10_5,p_rturn_10_6,p_rturn_11_5,p_rturn_11_6,mean_theta_9_5,min_theta_9_5,max_theta_9_5,mean_theta_9_6,min_theta_9_6,max_theta_9_6,mean_theta_10_5,min_theta_10_5,max_theta_10_5,mean_theta_10_6,min_theta_10_6,max_theta_10_6,mean_theta_11_5,min_theta_11_5,max_theta_11_5,mean_theta_11_6,min_theta_11_6,max_theta_11_6
WellD02_Seq0000/xy10,0,1159.9600076492516,602.2199701936162,0.358680468582,0.298924164198,0.5191730458139341,23.943006995780635,0.8345058418009836,15.4661334353,1.56443523162,0.649607436169,1.18396727979,172.397607592,2.737244446120276,0.118809786033,411.540671153,11.54454890587719,5.924908054435418,1.1159846568970178,-0.1834008258632478,-0.34491053930515836,-0.44544761628119556,-0.8150994277952766,-1.2547262927831158,-1.1059320689031225,-0.9221625635963937,10.9504360696,11.368302149,11.7926670173,11.9146319616,11.9146319616,12.4615296897,13.1030937031,13.5652975215,14.5536798698,15.2634220269,1.0,0.9577464788732394,0.9154929577464789,0.9014084507042254,0.9014084507042254,0.8309859154929577,0.7464788732394366,0.6901408450704225,0.5774647887323944,0.5070422535211268,0.320905963355,0.233484595422,-0.0822406099514,-0.0420589757868,-0.137635476572,-0.115569558467,-0.224764908533,-0.156616451554,-0.179938280404,-0.0162085818182,0.428571428571,0.52380952381,0.6,0.65,0.45,0.5,0.745817136555,0.007757025919274307,2.64743945960011,0.730904401435,0.07529276080495925,2.595421959207408,0.760945482806,0.018828607158678484,2.6354280900509663,0.735914890906,0.002412816893117462,2.5834105896582646,0.941017508761,0.02239934514033756,2.668986896285831,0.921837544988,0.04817365660528738,2.616969395893129
