Well/XY,cell_id,total_distance,net_distance,linearity,spearmanrsq,progressivity,max_speed,min_speed,avg_speed,MSD_slope,hurst_RS,nongauss,disp_var,disp_skew,rw_linearity,rw_netdist,rw_kurtosis01,rw_kurtosis02,rw_kurtosis03,rw_kurtosis04,rw_kurtosis05,rw_kurtosis06,rw_kurtosis07,rw_kurtosis08,rw_kurtosis09,rw_kurtosis10,avg_moving_speed01,avg_moving_speed02,avg_moving_speed03,avg_moving_speed04,avg_moving_speed05,avg_moving_speed06,avg_moving_speed07,avg_moving_speed08,avg_moving_speed09,avg_moving_speed10,time_moving01,time_moving02,time_moving03,time_moving04,time_moving05,time_moving06,time_moving07,time_moving08,time_moving09,time_moving10,autocorr_1,autocorr_2,autocorr_3,autocorr_4,autocorr_5,autocorr_6,autocorr_7,autocorr_8,autocorr_9,autocorr_10,p_rturn_9_5,p_rturn_9_6,p_rturn_10_5,p_rturn_10_6,p_rturn_11_5,p_rturn_11_6,mean_theta_9_5,min_theta_9_5,max_theta_9_5,mean_theta_9_6,min_theta_9_6,max_theta_9_6,mean_theta_10_5,min_theta_10_5,max_theta_10_5,mean_theta_10_6,min_theta_10_6,max_theta_10_6,mean_theta_11_5,min_theta_11_5,max_theta_11_5,mean_theta_11_6,min_theta_11_6,max_theta_11_6
WellE09_Seq0028/xy20,0,2794.098396854194,863.7224092982652,0.506922437404,0.314446208649,0.3091238341035909,42.45092309950398,14.236342367335798,36.7644525902,1.5426456875,0.592475747808,-0.371009522914,294.005606946,0.852737686603048,0.29889791,407.487550881,0.36794563892730103,0.9621030260632533,-0.5392697117021257,0.21526266946457318,-0.7872193162671421,-0.2998659418998657,-0.5675498070900606,-1.0084616665951023,-1.4244113423372855,-1.2339318089310223,32.8255926796,32.8255926796,32.8255926796,32.8255926796,32.8255926796,32.8255926796,32.8255926796,32.8255926796,32.8255926796,32.8255926796,1.0,1.0,1.0,1.0,1.0,1.0,1.0,1.0,1.0,1.0,0.0890949605753,-0.0827432226733,-0.00514527144934,-0.10015665309,-0.0635263518508,0.078373143158,-0.0691547738166,-0.0515996104856,0.366983009709,0.0460861386766,0.619047619048,0.619047619048,0.52380952381,0.52380952381,0.55,0.55,1.08774731373,0.012983905964842536,2.4902277619633226,1.09838097737,0.0073704313354517395,2.5670154756946935,1.16239879447,0.006890805163790269,2.4649815311661847,1.1367007356,0.01250427979322739,2.5411315033196993,1.1829829367,0.029716617721486583,2.5323447109579744,1.15605942343,0.03533009235087877,2.5843218949878515
