Well/XY,cell_id,total_distance,net_distance,linearity,spearmanrsq,progressivity,max_speed,min_speed,avg_speed,MSD_slope,hurst_RS,nongauss,disp_var,disp_skew,rw_linearity,rw_netdist,rw_kurtosis01,rw_kurtosis02,rw_kurtosis03,rw_kurtosis04,rw_kurtosis05,rw_kurtosis06,rw_kurtosis07,rw_kurtosis08,rw_kurtosis09,rw_kurtosis10,avg_moving_speed01,avg_moving_speed02,avg_moving_speed03,avg_moving_speed04,avg_moving_speed05,avg_moving_speed06,avg_moving_speed07,avg_moving_speed08,avg_moving_speed09,avg_moving_speed10,time_moving01,time_moving02,time_moving03,time_moving04,time_moving05,time_moving06,time_moving07,time_moving08,time_moving09,time_moving10,autocorr_1,autocorr_2,autocorr_3,autocorr_4,autocorr_5,autocorr_6,autocorr_7,autocorr_8,autocorr_9,autocorr_10,p_rturn_9_5,p_rturn_9_6,p_rturn_10_5,p_rturn_10_6,p_rturn_11_5,p_rturn_11_6,mean_theta_9_5,min_theta_9_5,max_theta_9_5,mean_theta_9_6,min_theta_9_6,max_theta_9_6,mean_theta_10_5,min_theta_10_5,max_theta_10_5,mean_theta_10_6,min_theta_10_6,max_theta_10_6,mean_theta_11_5,min_theta_11_5,max_theta_11_5,mean_theta_11_6,min_theta_11_6,max_theta_11_6
WellE09_Seq0028/xy07,0,347.4422608800299,231.22493377661505,0.0150072885426,0.00241116277915,0.665506070536583,13.426674942069614,0.028284271247436175,4.57160869579,1.47138365473,0.655213018303,3.29164951107,52.9121343648,3.183389814128959,-0.244336527673,174.492761825,11.217052394821328,2.585695445881214,1.2558922071942016,1.2886383071312748,1.3331035805704472,0.30536470178289443,1.9299758090248673,1.03221969363155,-1.1444207953341046,0.5501943845205859,4.51665086611,5.7840254916,7.18785146701,7.76070506304,8.18162441432,9.04988849761,10.3033596477,10.7034275609,11.385890895,12.3432033813,0.6111111111111112,0.4305555555555556,0.3055555555555556,0.2638888888888889,0.2361111111111111,0.18055555555555555,0.125,0.1111111111111111,0.08333333333333333,0.05555555555555555,0.171235703194,0.211968697619,0.131774528616,-0.0318052379933,-0.0409109257422,-0.0634225304268,-0.0618214962829,-0.0500447677907,-0.067713232562,-0.0906470269537,0.666666666667,0.714285714286,0.47619047619,0.47619047619,0.6,0.6,1.0643542286,0.09056090621787014,2.635124918766718,0.976944492416,0.04859542082986595,2.725261526625359,1.33981130399,0.036387725937324436,2.7162506768032113,1.30105470171,0.017806649666801472,2.71037915188825,1.34606845043,0.04108658581273328,2.612698653369516,1.30530285413,0.05097098353127315,2.7129325441987273
