Well/XY,cell_id,total_distance,net_distance,linearity,spearmanrsq,progressivity,max_speed,min_speed,avg_speed,MSD_slope,hurst_RS,nongauss,disp_var,disp_skew,rw_linearity,rw_netdist,rw_kurtosis01,rw_kurtosis02,rw_kurtosis03,rw_kurtosis04,rw_kurtosis05,rw_kurtosis06,rw_kurtosis07,rw_kurtosis08,rw_kurtosis09,rw_kurtosis10,avg_moving_speed01,avg_moving_speed02,avg_moving_speed03,avg_moving_speed04,avg_moving_speed05,avg_moving_speed06,avg_moving_speed07,avg_moving_speed08,avg_moving_speed09,avg_moving_speed10,time_moving01,time_moving02,time_moving03,time_moving04,time_moving05,time_moving06,time_moving07,time_moving08,time_moving09,time_moving10,autocorr_1,autocorr_2,autocorr_3,autocorr_4,autocorr_5,autocorr_6,autocorr_7,autocorr_8,autocorr_9,autocorr_10,p_rturn_9_5,p_rturn_9_6,p_rturn_10_5,p_rturn_10_6,p_rturn_11_5,p_rturn_11_6,mean_theta_9_5,min_theta_9_5,max_theta_9_5,mean_theta_9_6,min_theta_9_6,max_theta_9_6,mean_theta_10_5,min_theta_10_5,max_theta_10_5,mean_theta_10_6,min_theta_10_6,max_theta_10_6,mean_theta_11_5,min_theta_11_5,max_theta_11_5,mean_theta_11_6,min_theta_11_6,max_theta_11_6
WellE09_Seq0028/xy17,0,1213.5641073578654,413.19738842349915,0.659048364833,0.732982302413,0.3404825389266825,16.96930369814861,0.57240894472396,15.967948781,1.22829073486,0.706053507984,-0.427855445763,53.6835277008,0.34087228355940236,0.417539036888,215.040355255,-0.1033979070638189,0.37860480900355675,0.26594426766949963,1.3192762940595282,-0.35019242006706985,-1.1871781946444084,-0.9797952796725289,0.8748913906539273,0.9534095829532054,-0.6007436452755894,8.77755547547,8.97979768512,9.06970401172,9.06970401172,9.68314739717,10.234871589,10.689948697,11.2280133874,12.1552360983,13.0092255464,0.9861111111111112,0.9583333333333334,0.9444444444444444,0.9444444444444444,0.8333333333333334,0.7361111111111112,0.6527777777777778,0.5555555555555556,0.4166666666666667,0.3194444444444444,0.138342929586,0.0633409165283,0.0639088165066,0.0499771965897,-0.122493565802,0.139122639602,-0.0615589029574,-0.00530704569595,-0.103338834246,-0.00946334746431,0.333333333333,0.428571428571,0.333333333333,0.428571428571,0.35,0.4,0.812222742362,0.00980569446388679,2.3634625233327866,0.787377439751,0.025196312280137537,2.3238543107962526,0.732664086197,0.022522099745474592,2.3799488574932135,0.711927321824,0.08018301654332241,2.34034064495668,0.778912535376,0.0731905357435164,2.441980686017425,0.743309575027,0.009609613459347355,2.4023724734808907
