Well/XY,cell_id,total_distance,net_distance,linearity,spearmanrsq,progressivity,max_speed,min_speed,avg_speed,MSD_slope,hurst_RS,nongauss,disp_var,disp_skew,rw_linearity,rw_netdist,rw_kurtosis01,rw_kurtosis02,rw_kurtosis03,rw_kurtosis04,rw_kurtosis05,rw_kurtosis06,rw_kurtosis07,rw_kurtosis08,rw_kurtosis09,rw_kurtosis10,avg_moving_speed01,avg_moving_speed02,avg_moving_speed03,avg_moving_speed04,avg_moving_speed05,avg_moving_speed06,avg_moving_speed07,avg_moving_speed08,avg_moving_speed09,avg_moving_speed10,time_moving01,time_moving02,time_moving03,time_moving04,time_moving05,time_moving06,time_moving07,time_moving08,time_moving09,time_moving10,autocorr_1,autocorr_2,autocorr_3,autocorr_4,autocorr_5,autocorr_6,autocorr_7,autocorr_8,autocorr_9,autocorr_10,p_rturn_9_5,p_rturn_9_6,p_rturn_10_5,p_rturn_10_6,p_rturn_11_5,p_rturn_11_6,mean_theta_9_5,min_theta_9_5,max_theta_9_5,mean_theta_9_6,min_theta_9_6,max_theta_9_6,mean_theta_10_5,min_theta_10_5,max_theta_10_5,mean_theta_10_6,min_theta_10_6,max_theta_10_6,mean_theta_11_5,min_theta_11_5,max_theta_11_5,mean_theta_11_6,min_theta_11_6,max_theta_11_6
WellE09_Seq0028/xy04,0,2819.604585987441,675.0806251108085,0.146026450618,0.20637535666,0.23942386406439733,39.28495386277041,5.588963767998477,37.1000603419,0.934784481936,0.686543695531,-0.160015413425,495.164929657,1.0871313021001114,-0.0945183145051,214.680984021,1.7017115113703962,-0.6622507324868359,-1.000199165659573,-1.2228190546212334,-1.090439127526493,-0.4034258021089765,-0.6645112156845445,-0.7684259541733027,-1.0620379887845048,-1.4621847418672154,24.1585711178,24.4751965299,24.4751965299,24.4751965299,24.4751965299,24.7471496767,25.2850483049,25.5525392006,25.8112708677,25.8112708677,1.0,0.9861111111111112,0.9861111111111112,0.9861111111111112,0.9861111111111112,0.9722222222222222,0.9444444444444444,0.9305555555555556,0.9166666666666666,0.9166666666666666,0.051936241241,-0.13350107665,0.123278429579,0.134491336315,0.109824575258,0.112512180158,0.0140670804361,-0.0305723253859,0.022473729505,0.258125953034,0.619047619048,0.619047619048,0.619047619048,0.571428571429,0.6,0.55,0.763117579183,0.06978649560586626,2.131416042313994,0.726679195982,0.09777554623983116,2.1477229815625023,0.843256170906,0.08724984420407056,2.042724660301804,0.794604043452,0.10065743094672565,1.983725065893865,0.991095950739,0.1543516064880594,2.6274601510080866,0.956768036188,0.14029573336735215,2.6814787165785585
