Well/XY,cell_id,total_distance,net_distance,linearity,spearmanrsq,progressivity,max_speed,min_speed,avg_speed,MSD_slope,hurst_RS,nongauss,disp_var,disp_skew,rw_linearity,rw_netdist,rw_kurtosis01,rw_kurtosis02,rw_kurtosis03,rw_kurtosis04,rw_kurtosis05,rw_kurtosis06,rw_kurtosis07,rw_kurtosis08,rw_kurtosis09,rw_kurtosis10,avg_moving_speed01,avg_moving_speed02,avg_moving_speed03,avg_moving_speed04,avg_moving_speed05,avg_moving_speed06,avg_moving_speed07,avg_moving_speed08,avg_moving_speed09,avg_moving_speed10,time_moving01,time_moving02,time_moving03,time_moving04,time_moving05,time_moving06,time_moving07,time_moving08,time_moving09,time_moving10,autocorr_1,autocorr_2,autocorr_3,autocorr_4,autocorr_5,autocorr_6,autocorr_7,autocorr_8,autocorr_9,autocorr_10,p_rturn_9_5,p_rturn_9_6,p_rturn_10_5,p_rturn_10_6,p_rturn_11_5,p_rturn_11_6,mean_theta_9_5,min_theta_9_5,max_theta_9_5,mean_theta_9_6,min_theta_9_6,max_theta_9_6,mean_theta_10_5,min_theta_10_5,max_theta_10_5,mean_theta_10_6,min_theta_10_6,max_theta_10_6,mean_theta_11_5,min_theta_11_5,max_theta_11_5,mean_theta_11_6,min_theta_11_6,max_theta_11_6
WellE09_Seq0028/xy05,0,1916.5466070718237,1004.5049965530286,0.719079625062,0.682693515456,0.5241223943349603,32.42271426022195,2.3658309322519355,25.2177185141,1.71657395675,0.756307377083,-0.466240562985,118.682485957,0.14942213376274896,0.479782737371,691.561339697,-0.6258991226547033,0.01743934796589164,0.09286522820094278,-0.18055561518361118,-0.17315758687464378,-0.9681251351444526,-1.4461958163551543,-1.150108637523271,-1.0935020300938005,-1.0792827680625763,20.9506275195,20.9506275195,21.2070406553,21.4623157461,21.4623157461,21.9397395753,22.1656475532,22.8451941274,23.0666473108,23.2789610473,1.0,1.0,0.9861111111111112,0.9722222222222222,0.9722222222222222,0.9444444444444444,0.9305555555555556,0.8888888888888888,0.875,0.8611111111111112,0.144351312019,0.269205292502,0.177963448994,0.0920889330177,-0.0305007374025,-0.0676125617634,0.0867156696797,-0.126296732898,0.0641542354121,-0.0590622167903,0.619047619048,0.571428571429,0.52380952381,0.52380952381,0.55,0.6,0.771684417452,0.023570990047616695,2.6821154711069912,0.776512926089,0.0363620054690449,2.626074068038346,0.824126786341,0.04896321322625672,2.61177043540591,0.808234899754,0.09997439013143654,2.593935970368553,0.693405205695,0.004984899850763333,2.595179869826858,0.66659390687,0.023183789398175655,2.5391384667582133
