Well/XY,cell_id,total_distance,net_distance,linearity,spearmanrsq,progressivity,max_speed,min_speed,avg_speed,MSD_slope,hurst_RS,nongauss,disp_var,disp_skew,rw_linearity,rw_netdist,rw_kurtosis01,rw_kurtosis02,rw_kurtosis03,rw_kurtosis04,rw_kurtosis05,rw_kurtosis06,rw_kurtosis07,rw_kurtosis08,rw_kurtosis09,rw_kurtosis10,avg_moving_speed01,avg_moving_speed02,avg_moving_speed03,avg_moving_speed04,avg_moving_speed05,avg_moving_speed06,avg_moving_speed07,avg_moving_speed08,avg_moving_speed09,avg_moving_speed10,time_moving01,time_moving02,time_moving03,time_moving04,time_moving05,time_moving06,time_moving07,time_moving08,time_moving09,time_moving10,autocorr_1,autocorr_2,autocorr_3,autocorr_4,autocorr_5,autocorr_6,autocorr_7,autocorr_8,autocorr_9,autocorr_10,p_rturn_9_5,p_rturn_9_6,p_rturn_10_5,p_rturn_10_6,p_rturn_11_5,p_rturn_11_6,mean_theta_9_5,min_theta_9_5,max_theta_9_5,mean_theta_9_6,min_theta_9_6,max_theta_9_6,mean_theta_10_5,min_theta_10_5,max_theta_10_5,mean_theta_10_6,min_theta_10_6,max_theta_10_6,mean_theta_11_5,min_theta_11_5,max_theta_11_5,mean_theta_11_6,min_theta_11_6,max_theta_11_6
WellB02_Seq0000/xy09,0,1490.3146824509117,440.97383759583744,0.123912397387,0.0473530917332,0.29589310418027254,33.96889223981258,5.08308449664178,19.8708624327,1.47273294667,0.586002256155,0.102285077018,190.472571259,1.579356550671453,-0.108208931748,195.989392334,2.602492243041591,2.660401361308522,2.874717770166775,0.5724017528467105,0.5852500717738343,0.025804498866369485,-0.35464157289265064,-0.9460591252573716,-1.0154084242688823,-0.37627235328937525,17.4868809879,17.4868809879,17.4868809879,17.4868809879,17.4868809879,17.4868809879,17.4868809879,18.2222430595,18.3757971737,18.6491717562,1.0,1.0,1.0,1.0,1.0,1.0,1.0,0.9295774647887324,0.9154929577464789,0.8873239436619719,0.415768014768,0.0681513734724,-0.0985101462029,-0.238500488876,-0.269283443964,-0.125302053368,-0.0249814265708,0.0586467650292,-0.0155489728401,0.0260181971588,0.428571428571,0.428571428571,0.4,0.4,0.3,0.3,0.989741342496,0.046484778009406334,2.6190377733473067,0.938911040542,0.025411014836222823,2.620272722831663,1.05120234456,0.011489282290983088,2.6224056254444585,1.01267372051,0.005776999103638282,2.623640574928815,0.960679165936,0.03565813500321467,2.231901406896176,0.910502303042,0.041370418190524706,1.9882258191184101
