Well/XY,cell_id,total_distance,net_distance,linearity,spearmanrsq,progressivity,max_speed,min_speed,avg_speed,MSD_slope,hurst_RS,nongauss,disp_var,disp_skew,rw_linearity,rw_netdist,rw_kurtosis01,rw_kurtosis02,rw_kurtosis03,rw_kurtosis04,rw_kurtosis05,rw_kurtosis06,rw_kurtosis07,rw_kurtosis08,rw_kurtosis09,rw_kurtosis10,avg_moving_speed01,avg_moving_speed02,avg_moving_speed03,avg_moving_speed04,avg_moving_speed05,avg_moving_speed06,avg_moving_speed07,avg_moving_speed08,avg_moving_speed09,avg_moving_speed10,time_moving01,time_moving02,time_moving03,time_moving04,time_moving05,time_moving06,time_moving07,time_moving08,time_moving09,time_moving10,autocorr_1,autocorr_2,autocorr_3,autocorr_4,autocorr_5,autocorr_6,autocorr_7,autocorr_8,autocorr_9,autocorr_10,p_rturn_9_5,p_rturn_9_6,p_rturn_10_5,p_rturn_10_6,p_rturn_11_5,p_rturn_11_6,mean_theta_9_5,min_theta_9_5,max_theta_9_5,mean_theta_9_6,min_theta_9_6,max_theta_9_6,mean_theta_10_5,min_theta_10_5,max_theta_10_5,mean_theta_10_6,min_theta_10_6,max_theta_10_6,mean_theta_11_5,min_theta_11_5,max_theta_11_5,mean_theta_11_6,min_theta_11_6,max_theta_11_6
WellB02_Seq0000/xy10,0,1036.8937715948268,151.32337063388445,0.078754212085,0.0934207134798,0.1459391258577403,21.768378534011216,0.772334124585989,13.8252502879,0.761912121499,0.615911110807,0.558275429787,140.292369811,1.9538322356631244,-0.153293898395,-19.1257623051,4.095877774540351,1.9004839023890527,2.135174460368119,1.89465161406876,0.770106748834491,-0.5999248130019512,-0.514429846459282,-1.424505173856843,-0.7982339844989896,1.8503680085483598,9.87053798427,10.253307043,10.6177325973,10.967948904,11.1857744032,11.8342682665,12.397067817,13.0648535821,13.5226475195,14.0828779468,1.0,0.9577464788732394,0.9154929577464789,0.8732394366197183,0.8450704225352113,0.7605633802816901,0.6901408450704225,0.6056338028169014,0.5492957746478874,0.4788732394366197,0.23454712924,0.0272395475327,-0.0670474828764,-0.161479309624,0.0390373591876,-0.0156776167101,0.0956173068307,0.0972759433763,-0.03252647803,-0.133984253596,0.47619047619,0.52380952381,0.45,0.45,0.55,0.55,0.954489898724,0.009258674717069709,2.496708364893261,0.857462472226,0.01602522203908751,2.499195217324799,1.00474819919,0.016391021313057762,2.454496198430001,0.952654429103,0.005169881850096963,2.567399168540788,1.13354261892,0.056857024188234774,2.4665080081828212,1.08144884884,0.01716701865314217,2.6569793713174827
