Well/XY,cell_id,total_distance,net_distance,linearity,spearmanrsq,progressivity,max_speed,min_speed,avg_speed,MSD_slope,hurst_RS,nongauss,disp_var,disp_skew,rw_linearity,rw_netdist,rw_kurtosis01,rw_kurtosis02,rw_kurtosis03,rw_kurtosis04,rw_kurtosis05,rw_kurtosis06,rw_kurtosis07,rw_kurtosis08,rw_kurtosis09,rw_kurtosis10,avg_moving_speed01,avg_moving_speed02,avg_moving_speed03,avg_moving_speed04,avg_moving_speed05,avg_moving_speed06,avg_moving_speed07,avg_moving_speed08,avg_moving_speed09,avg_moving_speed10,time_moving01,time_moving02,time_moving03,time_moving04,time_moving05,time_moving06,time_moving07,time_moving08,time_moving09,time_moving10,autocorr_1,autocorr_2,autocorr_3,autocorr_4,autocorr_5,autocorr_6,autocorr_7,autocorr_8,autocorr_9,autocorr_10,p_rturn_9_5,p_rturn_9_6,p_rturn_10_5,p_rturn_10_6,p_rturn_11_5,p_rturn_11_6,mean_theta_9_5,min_theta_9_5,max_theta_9_5,mean_theta_9_6,min_theta_9_6,max_theta_9_6,mean_theta_10_5,min_theta_10_5,max_theta_10_5,mean_theta_10_6,min_theta_10_6,max_theta_10_6,mean_theta_11_5,min_theta_11_5,max_theta_11_5,mean_theta_11_6,min_theta_11_6,max_theta_11_6
WellB02_Seq0000/xy25,0,1042.6947085682036,438.01997853979213,0.46216225972,0.608345618204,0.4200845894204908,21.013331387478758,1.520021052485769,13.9025961142,1.56767908776,0.696429301914,0.354809973501,137.781707338,1.6544114182903804,0.218429539513,266.617262211,2.3558605199363134,-0.060738400480818466,-0.9312026497494923,-0.80870614678261,-0.23134483359575864,-0.8613986090249757,-1.4462608539551154,-1.2909931648521626,-0.8700417772120526,1.0132117363807174,9.53441190839,9.64520487627,9.86313469283,9.9531247754,10.9008316826,11.4257957441,11.9455316579,12.4760690145,13.1261605236,13.6677994255,1.0,0.9859154929577465,0.9577464788732394,0.9436619718309859,0.8028169014084507,0.7323943661971831,0.6619718309859155,0.5915492957746479,0.5070422535211268,0.43661971830985913,0.147170854575,0.248738375936,0.282678984763,-0.0517481013729,0.102221014406,-0.142450436533,-0.172544885724,0.0530773708845,-0.136214815116,-0.191342838306,0.285714285714,0.238095238095,0.4,0.35,0.45,0.35,0.661114993458,0.12476343705231333,2.112551859658437,0.623414310475,0.039104954946737054,2.144738435833619,0.594607738682,0.036619056078706115,1.871089980562301,0.567379894923,0.03585256824676995,1.9032765567374825,0.592269947827,0.03958756884606122,1.8355794573550523,0.568095042042,0.0007433432951755464,1.867766033530234
