Well/XY,cell_id,total_distance,net_distance,linearity,spearmanrsq,progressivity,max_speed,min_speed,avg_speed,MSD_slope,hurst_RS,nongauss,disp_var,disp_skew,rw_linearity,rw_netdist,rw_kurtosis01,rw_kurtosis02,rw_kurtosis03,rw_kurtosis04,rw_kurtosis05,rw_kurtosis06,rw_kurtosis07,rw_kurtosis08,rw_kurtosis09,rw_kurtosis10,avg_moving_speed01,avg_moving_speed02,avg_moving_speed03,avg_moving_speed04,avg_moving_speed05,avg_moving_speed06,avg_moving_speed07,avg_moving_speed08,avg_moving_speed09,avg_moving_speed10,time_moving01,time_moving02,time_moving03,time_moving04,time_moving05,time_moving06,time_moving07,time_moving08,time_moving09,time_moving10,autocorr_1,autocorr_2,autocorr_3,autocorr_4,autocorr_5,autocorr_6,autocorr_7,autocorr_8,autocorr_9,autocorr_10,p_rturn_9_5,p_rturn_9_6,p_rturn_10_5,p_rturn_10_6,p_rturn_11_5,p_rturn_11_6,mean_theta_9_5,min_theta_9_5,max_theta_9_5,mean_theta_9_6,min_theta_9_6,max_theta_9_6,mean_theta_10_5,min_theta_10_5,max_theta_10_5,mean_theta_10_6,min_theta_10_6,max_theta_10_6,mean_theta_11_5,min_theta_11_5,max_theta_11_5,mean_theta_11_6,min_theta_11_6,max_theta_11_6
WellB02_Seq0000/xy11,0,1576.8065422963155,442.40589959899944,0.443370820911,0.488327710743,0.28057081685792623,29.052242598463863,2.251754871206015,21.0240872306,1.52180850236,0.664107901545,0.342591156707,247.179685058,1.9016768144472191,0.223806422434,183.203544151,4.359051121458689,2.329875988854236,7.218853003677729,2.3737267289042023,3.4969587117281087,1.3869018913249835,1.9435386334295854,0.3230961182838876,1.0968424967880832,-0.000432038131173762,12.6121385011,12.6121385011,12.6121385011,12.6121385011,12.9868605271,13.2047605984,13.8898473753,14.114389676,14.8965243175,15.3601982293,1.0,1.0,1.0,1.0,0.9577464788732394,0.9295774647887324,0.8450704225352113,0.8169014084507042,0.7183098591549296,0.6619718309859155,0.0160314590041,0.062651097139,0.0353337972647,0.019176496548,0.260539676924,-0.0603663105872,0.0401109943222,2.17464696084e-05,-0.0113412050995,-0.129305536671,0.52380952381,0.47619047619,0.65,0.6,0.55,0.5,0.603571725313,0.018503736763708655,2.518007330158717,0.545905445406,0.009088266775568048,2.477176581375501,0.65756302984,0.028056187050548048,2.6034069872178787,0.58721618982,0.004278355284739654,2.6057702130337397,0.669466453214,0.009279712302632925,2.499024145420982,0.604279942304,0.006666514088879215,2.501387371236843
