Well/XY,cell_id,total_distance,net_distance,linearity,spearmanrsq,progressivity,max_speed,min_speed,avg_speed,MSD_slope,hurst_RS,nongauss,disp_var,disp_skew,rw_linearity,rw_netdist,rw_kurtosis01,rw_kurtosis02,rw_kurtosis03,rw_kurtosis04,rw_kurtosis05,rw_kurtosis06,rw_kurtosis07,rw_kurtosis08,rw_kurtosis09,rw_kurtosis10,avg_moving_speed01,avg_moving_speed02,avg_moving_speed03,avg_moving_speed04,avg_moving_speed05,avg_moving_speed06,avg_moving_speed07,avg_moving_speed08,avg_moving_speed09,avg_moving_speed10,time_moving01,time_moving02,time_moving03,time_moving04,time_moving05,time_moving06,time_moving07,time_moving08,time_moving09,time_moving10,autocorr_1,autocorr_2,autocorr_3,autocorr_4,autocorr_5,autocorr_6,autocorr_7,autocorr_8,autocorr_9,autocorr_10,p_rturn_9_5,p_rturn_9_6,p_rturn_10_5,p_rturn_10_6,p_rturn_11_5,p_rturn_11_6,mean_theta_9_5,min_theta_9_5,max_theta_9_5,mean_theta_9_6,min_theta_9_6,max_theta_9_6,mean_theta_10_5,min_theta_10_5,max_theta_10_5,mean_theta_10_6,min_theta_10_6,max_theta_10_6,mean_theta_11_5,min_theta_11_5,max_theta_11_5,mean_theta_11_6,min_theta_11_6,max_theta_11_6
WellC03_Seq0018/xy19,0,1426.1250391527412,292.16897662140644,0.406960066853,0.308901939058,0.20486911638195737,27.27567597695795,0.6648308055437742,19.015000522,1.15775422787,0.655876332597,0.791855345041,339.633703907,1.9192273015997856,0.194424156818,57.7363056524,4.620252867240927,2.351955396026905,-0.4791956118552645,-0.3452987653002211,0.8463917146081767,-0.38565022364295887,0.6150933263412983,-1.024625511500413,-1.0526508609178364,1.1994057070850328,12.874686246,13.2017670271,13.5213511558,14.3241864005,15.0233147581,15.5551856147,16.2714070807,16.4529777895,17.1486252724,18.1082404429,0.9859154929577465,0.9577464788732394,0.9295774647887324,0.8591549295774648,0.8028169014084507,0.7605633802816901,0.704225352112676,0.6901408450704225,0.6338028169014085,0.5633802816901409,0.195685263555,0.047736924335,-0.0576700821658,-0.0190497591919,-0.0815331205638,-0.129680346978,-0.153485130768,-0.0811246077195,0.0648947123853,0.0172026859942,0.428571428571,0.428571428571,0.35,0.4,0.4,0.45,0.848737251181,0.043226452068638954,1.9281049048184233,0.827357620025,0.035929224284065864,1.8861770815461514,0.916053368697,0.01428175337330814,2.130733590352623,0.893208071891,0.04949567129457,2.2091720337820067,0.956403799877,0.07499067431630624,2.0054824720637825,0.945911844374,0.039776756395052425,2.083920915493166
