Well/XY,cell_id,total_distance,net_distance,linearity,spearmanrsq,progressivity,max_speed,min_speed,avg_speed,MSD_slope,hurst_RS,nongauss,disp_var,disp_skew,rw_linearity,rw_netdist,rw_kurtosis01,rw_kurtosis02,rw_kurtosis03,rw_kurtosis04,rw_kurtosis05,rw_kurtosis06,rw_kurtosis07,rw_kurtosis08,rw_kurtosis09,rw_kurtosis10,avg_moving_speed01,avg_moving_speed02,avg_moving_speed03,avg_moving_speed04,avg_moving_speed05,avg_moving_speed06,avg_moving_speed07,avg_moving_speed08,avg_moving_speed09,avg_moving_speed10,time_moving01,time_moving02,time_moving03,time_moving04,time_moving05,time_moving06,time_moving07,time_moving08,time_moving09,time_moving10,autocorr_1,autocorr_2,autocorr_3,autocorr_4,autocorr_5,autocorr_6,autocorr_7,autocorr_8,autocorr_9,autocorr_10,p_rturn_9_5,p_rturn_9_6,p_rturn_10_5,p_rturn_10_6,p_rturn_11_5,p_rturn_11_6,mean_theta_9_5,min_theta_9_5,max_theta_9_5,mean_theta_9_6,min_theta_9_6,max_theta_9_6,mean_theta_10_5,min_theta_10_5,max_theta_10_5,mean_theta_10_6,min_theta_10_6,max_theta_10_6,mean_theta_11_5,min_theta_11_5,max_theta_11_5,mean_theta_11_6,min_theta_11_6,max_theta_11_6
WellC03_Seq0018/xy18,0,287.039475154558,95.92078033460729,0.742985054902,0.582411072289,0.33417278331824646,6.5204183914837985,0.12106196760340057,3.82719300206,1.28416559214,0.778126205854,-0.190512568894,6.86777552566,0.6762792492560155,0.518721915662,48.7359760667,-0.39985066039134187,3.1308875253470774,6.017962148449794,2.326640522861804,-0.6927695784801355,2.94947372893062,-1.1170871173355699,0.10495048915464844,-0.3339401017947998,0.633315505738707,2.25111935325,3.19575905135,4.42896682664,5.9721204728,6.36278826977,8.14827613671,8.14827613671,8.14827613671,0.0,0.0,0.7746478873239436,0.3380281690140845,0.14084507042253522,0.056338028169014086,0.04225352112676056,0.014084507042253521,0.014084507042253521,0.014084507042253521,0.0,0.0,0.320668043969,0.250075261952,0.234185875783,0.293063080885,0.00174417650553,-0.0194923531031,-0.0333088865804,0.0736556681104,-0.0771458071329,-0.126405188366,0.571428571429,0.571428571429,0.55,0.55,0.55,0.55,0.781216297359,0.03280856182357207,1.8015763945243832,0.751754227514,0.05623890129903127,1.7128421594348369,0.77964446929,0.038815323583408744,1.6779893860503126,0.769600688906,0.07529580257273615,1.7176839815078566,0.902802743881,0.10507303807067374,1.9322887144304297,0.891644393483,0.1861587038151256,1.7561577616041821
