Well/XY,cell_id,total_distance,net_distance,linearity,spearmanrsq,progressivity,max_speed,min_speed,avg_speed,MSD_slope,hurst_RS,nongauss,disp_var,disp_skew,rw_linearity,rw_netdist,rw_kurtosis01,rw_kurtosis02,rw_kurtosis03,rw_kurtosis04,rw_kurtosis05,rw_kurtosis06,rw_kurtosis07,rw_kurtosis08,rw_kurtosis09,rw_kurtosis10,avg_moving_speed01,avg_moving_speed02,avg_moving_speed03,avg_moving_speed04,avg_moving_speed05,avg_moving_speed06,avg_moving_speed07,avg_moving_speed08,avg_moving_speed09,avg_moving_speed10,time_moving01,time_moving02,time_moving03,time_moving04,time_moving05,time_moving06,time_moving07,time_moving08,time_moving09,time_moving10,autocorr_1,autocorr_2,autocorr_3,autocorr_4,autocorr_5,autocorr_6,autocorr_7,autocorr_8,autocorr_9,autocorr_10,p_rturn_9_5,p_rturn_9_6,p_rturn_10_5,p_rturn_10_6,p_rturn_11_5,p_rturn_11_6,mean_theta_9_5,min_theta_9_5,max_theta_9_5,mean_theta_9_6,min_theta_9_6,max_theta_9_6,mean_theta_10_5,min_theta_10_5,max_theta_10_5,mean_theta_10_6,min_theta_10_6,max_theta_10_6,mean_theta_11_5,min_theta_11_5,max_theta_11_5,mean_theta_11_6,min_theta_11_6,max_theta_11_6
WellC03_Seq0018/xy14,0,2032.0377188575005,277.06650826110337,0.737819553498,0.817149365357,0.1363490971106984,31.238143350717895,0.8209750300709617,27.0938362514,1.14362751624,0.61781996426,0.630355877969,536.888884018,2.0381816284856344,0.516510791918,-56.9687389039,5.092924266784989,-0.06510952617224008,-0.6887843295885805,2.9555102935095565,-0.7846864018005699,-0.9740144489218152,0.06440190013732261,-0.3166530742091065,-1.310224945807747,1.1018943175603546,10.51240383,10.9060395471,12.0460224724,12.0460224724,13.5923026496,14.7416478417,15.5898677904,16.4897666292,18.4521228815,19.1441109778,0.9859154929577465,0.9436619718309859,0.8309859154929577,0.8309859154929577,0.6901408450704225,0.6056338028169014,0.5492957746478874,0.49295774647887325,0.39436619718309857,0.36619718309859156,0.238073159732,0.173656544152,-0.0699389880371,-0.141640717708,-0.105207741957,-0.0102940673914,-0.0894653381435,-0.00374930243381,-0.19403848846,-0.157025194034,0.666666666667,0.666666666667,0.65,0.65,0.55,0.65,0.879632708933,0.054116446979466284,2.637011158319766,0.856492294935,0.020972469138550505,2.5960128800446016,0.730486599734,0.07033285007320057,2.3828773363790954,0.771652799872,0.04333843570059588,2.444734401651362,0.737624149001,0.04546619129655342,2.34296127944821,0.750361234982,0.006833067511580512,2.4048183447204767
