Well/XY,cell_id,total_distance,net_distance,linearity,spearmanrsq,progressivity,max_speed,min_speed,avg_speed,MSD_slope,hurst_RS,nongauss,disp_var,disp_skew,rw_linearity,rw_netdist,rw_kurtosis01,rw_kurtosis02,rw_kurtosis03,rw_kurtosis04,rw_kurtosis05,rw_kurtosis06,rw_kurtosis07,rw_kurtosis08,rw_kurtosis09,rw_kurtosis10,avg_moving_speed01,avg_moving_speed02,avg_moving_speed03,avg_moving_speed04,avg_moving_speed05,avg_moving_speed06,avg_moving_speed07,avg_moving_speed08,avg_moving_speed09,avg_moving_speed10,time_moving01,time_moving02,time_moving03,time_moving04,time_moving05,time_moving06,time_moving07,time_moving08,time_moving09,time_moving10,autocorr_1,autocorr_2,autocorr_3,autocorr_4,autocorr_5,autocorr_6,autocorr_7,autocorr_8,autocorr_9,autocorr_10,p_rturn_9_5,p_rturn_9_6,p_rturn_10_5,p_rturn_10_6,p_rturn_11_5,p_rturn_11_6,mean_theta_9_5,min_theta_9_5,max_theta_9_5,mean_theta_9_6,min_theta_9_6,max_theta_9_6,mean_theta_10_5,min_theta_10_5,max_theta_10_5,mean_theta_10_6,min_theta_10_6,max_theta_10_6,mean_theta_11_5,min_theta_11_5,max_theta_11_5,mean_theta_11_6,min_theta_11_6,max_theta_11_6
WellC03_Seq0018/xy13,0,355.476839685229,97.06022923937483,0.0481785922091,0.0659180081417,0.27304234313920606,9.810789978386055,0.24083189157586102,4.7396911958,1.07810927737,0.750375742163,0.782255331025,19.4378919921,2.0905471376503106,-0.212353027574,38.6253916851,4.802289396065987,2.841850904553584,4.490015320127691,0.4756943124682458,0.1772546148872287,0.4353697145282065,0.5154897700327941,-0.1988211836584557,-0.19272824878112038,0.8036050112841848,3.21015221005,3.65898965666,4.58266296165,6.49491487776,6.66827508112,7.77666740767,10.0638443343,10.0638443343,10.0638443343,10.711411485,0.9154929577464789,0.7183098591549296,0.39436619718309857,0.15492957746478872,0.14084507042253522,0.07042253521126761,0.028169014084507043,0.028169014084507043,0.028169014084507043,0.014084507042253521,0.240107412024,0.317428772046,0.178622904835,0.0725818588364,0.0581285084733,-0.0869736517943,-0.197650647233,-0.152996906561,-0.0309538098034,0.0091299722167,0.571428571429,0.571428571429,0.6,0.6,0.55,0.55,1.16222746632,0.3190199344851353,2.418941541976361,1.08074234348,0.29037389285990794,2.3244266178351927,1.02810512649,0.02678503696629974,2.2650055299608414,0.967967858428,0.04607102915556203,2.170490605819673,1.08717586784,0.021258466936733486,2.2511682119276415,1.01538082861,0.007387574688504064,2.213417054175643
