Well/XY,cell_id,total_distance,net_distance,linearity,spearmanrsq,progressivity,max_speed,min_speed,avg_speed,MSD_slope,hurst_RS,nongauss,disp_var,disp_skew,rw_linearity,rw_netdist,rw_kurtosis01,rw_kurtosis02,rw_kurtosis03,rw_kurtosis04,rw_kurtosis05,rw_kurtosis06,rw_kurtosis07,rw_kurtosis08,rw_kurtosis09,rw_kurtosis10,avg_moving_speed01,avg_moving_speed02,avg_moving_speed03,avg_moving_speed04,avg_moving_speed05,avg_moving_speed06,avg_moving_speed07,avg_moving_speed08,avg_moving_speed09,avg_moving_speed10,time_moving01,time_moving02,time_moving03,time_moving04,time_moving05,time_moving06,time_moving07,time_moving08,time_moving09,time_moving10,autocorr_1,autocorr_2,autocorr_3,autocorr_4,autocorr_5,autocorr_6,autocorr_7,autocorr_8,autocorr_9,autocorr_10,p_rturn_9_5,p_rturn_9_6,p_rturn_10_5,p_rturn_10_6,p_rturn_11_5,p_rturn_11_6,mean_theta_9_5,min_theta_9_5,max_theta_9_5,mean_theta_9_6,min_theta_9_6,max_theta_9_6,mean_theta_10_5,min_theta_10_5,max_theta_10_5,mean_theta_10_6,min_theta_10_6,max_theta_10_6,mean_theta_11_5,min_theta_11_5,max_theta_11_5,mean_theta_11_6,min_theta_11_6,max_theta_11_6
WellC03_Seq0018/xy15,0,1421.9798542077742,262.15815150401113,0.00201009525793,0.00583566121143,0.18436136822069604,29.805923505236347,0.8109771883351273,18.9597313894,1.12408371068,0.63095752599,0.642594579311,294.335566594,1.9031539080989295,-0.243530870871,28.4068841649,4.136017336303843,1.7040603084664667,2.63010049305442,1.3477422995921486,-0.8787554479896085,-0.1307491300666399,-1.389723655748998,-0.7484805349389205,-1.05865948641712,-1.4796752320956585,12.1434257596,12.3042047774,12.3042047774,12.8659476542,13.4450509305,13.72308576,14.1109337585,14.5072557094,15.1655172027,15.5489605465,0.9577464788732394,0.9436619718309859,0.9436619718309859,0.8873239436619719,0.8309859154929577,0.8028169014084507,0.7605633802816901,0.7183098591549296,0.647887323943662,0.6056338028169014,0.0738651917163,0.08944941856,0.195805351167,0.0551907497869,-0.0618096118392,-0.0390723803319,0.0614446582745,-0.158907332173,-0.0974651588062,-0.0534581882549,0.52380952381,0.52380952381,0.45,0.45,0.6,0.6,0.664453868123,0.0067453957164972985,2.1648885933384223,0.639176865763,0.0075620517431183205,2.2606297540338667,0.642987858198,0.056839378207754115,2.10976725130228,0.62481230125,0.08141343532317777,2.0765250915428983,0.750025869513,0.05633119588289834,2.079090113229637,0.729825019271,0.03948366832185945,1.9684436064090494
