Well/XY,cell_id,total_distance,net_distance,linearity,spearmanrsq,progressivity,max_speed,min_speed,avg_speed,MSD_slope,hurst_RS,nongauss,disp_var,disp_skew,rw_linearity,rw_netdist,rw_kurtosis01,rw_kurtosis02,rw_kurtosis03,rw_kurtosis04,rw_kurtosis05,rw_kurtosis06,rw_kurtosis07,rw_kurtosis08,rw_kurtosis09,rw_kurtosis10,avg_moving_speed01,avg_moving_speed02,avg_moving_speed03,avg_moving_speed04,avg_moving_speed05,avg_moving_speed06,avg_moving_speed07,avg_moving_speed08,avg_moving_speed09,avg_moving_speed10,time_moving01,time_moving02,time_moving03,time_moving04,time_moving05,time_moving06,time_moving07,time_moving08,time_moving09,time_moving10,autocorr_1,autocorr_2,autocorr_3,autocorr_4,autocorr_5,autocorr_6,autocorr_7,autocorr_8,autocorr_9,autocorr_10,p_rturn_9_5,p_rturn_9_6,p_rturn_10_5,p_rturn_10_6,p_rturn_11_5,p_rturn_11_6,mean_theta_9_5,min_theta_9_5,max_theta_9_5,mean_theta_9_6,min_theta_9_6,max_theta_9_6,mean_theta_10_5,min_theta_10_5,max_theta_10_5,mean_theta_10_6,min_theta_10_6,max_theta_10_6,mean_theta_11_5,min_theta_11_5,max_theta_11_5,mean_theta_11_6,min_theta_11_6,max_theta_11_6
WellC03_Seq0018/xy25,0,1387.0999008183574,301.95208162885706,0.114963552964,0.0929776174462,0.2176858937490459,15.129375400194169,0.877268487978459,18.4946653442,1.19759453152,0.657565810743,0.172225958233,262.495142578,1.2346016616899953,-0.112803341896,73.9345335723,0.5885271375989136,-0.581128859715978,-0.3866801763227423,-0.4902903999654322,-0.6637142697943306,-1.1860239589155899,1.403590397255848,-0.4993551982763158,-1.2370157961489252,-0.9116415682591508,6.63278787735,6.91366190071,7.91501151924,8.56255304255,9.02226568576,9.96936616977,10.5541804194,11.1764223795,12.130087237,12.697062397,1.0,0.9436619718309859,0.7746478873239436,0.676056338028169,0.6056338028169014,0.4788732394366197,0.4084507042253521,0.3380281690140845,0.2535211267605634,0.2112676056338028,0.0317594349122,0.0802701190498,-0.112390977163,0.11122671061,-0.177263179585,-0.0140808234807,-0.0882344955318,-0.0537531906206,-0.062981811306,-0.0914262054573,0.190476190476,0.238095238095,0.25,0.3,0.2,0.25,0.423656481072,0.016452747569372178,1.6689802047802078,0.416734435835,0.0007737680345101941,1.654502858642202,0.460723569471,0.003928953350158522,1.9694302679373417,0.451422907513,0.0008411673443688123,1.7951792145174348,0.398233588015,0.03249606150975004,1.9360142995434264,0.403621539963,0.004395176449163255,1.9375506834383787
