Well/XY,cell_id,total_distance,net_distance,linearity,spearmanrsq,progressivity,max_speed,min_speed,avg_speed,MSD_slope,hurst_RS,nongauss,disp_var,disp_skew,rw_linearity,rw_netdist,rw_kurtosis01,rw_kurtosis02,rw_kurtosis03,rw_kurtosis04,rw_kurtosis05,rw_kurtosis06,rw_kurtosis07,rw_kurtosis08,rw_kurtosis09,rw_kurtosis10,avg_moving_speed01,avg_moving_speed02,avg_moving_speed03,avg_moving_speed04,avg_moving_speed05,avg_moving_speed06,avg_moving_speed07,avg_moving_speed08,avg_moving_speed09,avg_moving_speed10,time_moving01,time_moving02,time_moving03,time_moving04,time_moving05,time_moving06,time_moving07,time_moving08,time_moving09,time_moving10,autocorr_1,autocorr_2,autocorr_3,autocorr_4,autocorr_5,autocorr_6,autocorr_7,autocorr_8,autocorr_9,autocorr_10,p_rturn_9_5,p_rturn_9_6,p_rturn_10_5,p_rturn_10_6,p_rturn_11_5,p_rturn_11_6,mean_theta_9_5,min_theta_9_5,max_theta_9_5,mean_theta_9_6,min_theta_9_6,max_theta_9_6,mean_theta_10_5,min_theta_10_5,max_theta_10_5,mean_theta_10_6,min_theta_10_6,max_theta_10_6,mean_theta_11_5,min_theta_11_5,max_theta_11_5,mean_theta_11_6,min_theta_11_6,max_theta_11_6
WellC06_Seq0015/xy16,0,1104.354290784377,112.19116899292933,0.603162403883,0.515504722474,0.10158983392299277,11.039681879474598,0.7983708411508945,14.7247238771,0.680480614362,0.704059209297,-0.0568824632789,125.309675281,0.8365467469955785,0.36361184763,-69.3474191231,0.44428725533586944,-0.6188338746521431,-1.49038644127039,-0.3701024764986345,-1.1845156480135428,0.9956984725306111,-1.158464377143054,-0.8507623752762425,-1.154591528669756,-0.5215444511104508,4.61882245963,5.07384517064,5.57397866352,6.20788608585,6.95796785938,7.73011340172,8.15001685386,8.95175210312,9.51205229166,0.0,0.9859154929577465,0.8591549295774648,0.7183098591549296,0.5492957746478874,0.38028169014084506,0.2535211267605634,0.18309859154929578,0.08450704225352113,0.04225352112676056,0.0,0.193751167761,0.0774178083263,0.0770389636585,-0.0246055182732,0.233948817372,0.0793094078615,0.0713440256421,0.0778785595369,-0.0716163825038,-0.0377513976789,0.428571428571,0.571428571429,0.5,0.5,0.5,0.55,0.524816786012,0.020347735876393783,1.6828948117195313,0.528862718291,0.016701357371251804,1.6770604497546582,0.55170717726,0.04332654287371713,1.251762013158804,0.555404617757,0.04422839242700321,1.251822691972088,0.578978221259,0.00455500438288468,1.4429296153732982,0.599682019961,0.050958047094682206,1.4587691832779057
