Well/XY,cell_id,total_distance,net_distance,linearity,spearmanrsq,progressivity,max_speed,min_speed,avg_speed,MSD_slope,hurst_RS,nongauss,disp_var,disp_skew,rw_linearity,rw_netdist,rw_kurtosis01,rw_kurtosis02,rw_kurtosis03,rw_kurtosis04,rw_kurtosis05,rw_kurtosis06,rw_kurtosis07,rw_kurtosis08,rw_kurtosis09,rw_kurtosis10,avg_moving_speed01,avg_moving_speed02,avg_moving_speed03,avg_moving_speed04,avg_moving_speed05,avg_moving_speed06,avg_moving_speed07,avg_moving_speed08,avg_moving_speed09,avg_moving_speed10,time_moving01,time_moving02,time_moving03,time_moving04,time_moving05,time_moving06,time_moving07,time_moving08,time_moving09,time_moving10,autocorr_1,autocorr_2,autocorr_3,autocorr_4,autocorr_5,autocorr_6,autocorr_7,autocorr_8,autocorr_9,autocorr_10,p_rturn_9_5,p_rturn_9_6,p_rturn_10_5,p_rturn_10_6,p_rturn_11_5,p_rturn_11_6,mean_theta_9_5,min_theta_9_5,max_theta_9_5,mean_theta_9_6,min_theta_9_6,max_theta_9_6,mean_theta_10_5,min_theta_10_5,max_theta_10_5,mean_theta_10_6,min_theta_10_6,max_theta_10_6,mean_theta_11_5,min_theta_11_5,max_theta_11_5,mean_theta_11_6,min_theta_11_6,max_theta_11_6
WellC06_Seq0015/xy23,0,772.9772341456468,36.00902664610639,0.200013909499,0.343235460432,0.04658484759374098,16.86886184660957,0.5423799406320292,10.3063631219,0.823431149586,0.633789913461,0.105249173084,61.1199739301,1.3290130980325936,-0.0338149050775,-91.0563516511,1.6645402952858994,1.4152689821880449,-0.6409924183111735,-0.03503539348095197,-1.1275619438045135,-0.6225588437966914,-0.9442424702336174,-0.8420512781167244,-0.25191311153991824,-0.9903246783223167,7.43396015217,7.6980792352,8.13192772115,9.01462840101,9.50658734208,10.0935045676,10.8169166546,11.8757152457,12.5485509005,13.7023211746,0.971830985915493,0.9295774647887324,0.8591549295774648,0.7183098591549296,0.647887323943662,0.5633802816901409,0.4647887323943662,0.352112676056338,0.29577464788732394,0.2112676056338028,0.166476233627,-0.0395553350924,-0.118393766301,-0.0600073585787,0.0248556188918,0.127677514262,-0.0511051485294,-0.132982690804,-0.114490157741,0.101323447872,0.571428571429,0.52380952381,0.35,0.4,0.45,0.45,0.260462352228,0.002147296762439796,1.11760244048018,0.25070922862,0.0058174779530874784,1.0708206528193098,0.323728045703,0.010909786055404923,1.0426717414686444,0.315566903494,0.00942774808823416,0.9958899538077742,0.283343081146,0.006633699033038969,1.011104793312405,0.264779458854,0.005151661065862555,0.9643230056515351
