Well/XY,cell_id,total_distance,net_distance,linearity,spearmanrsq,progressivity,max_speed,min_speed,avg_speed,MSD_slope,hurst_RS,nongauss,disp_var,disp_skew,rw_linearity,rw_netdist,rw_kurtosis01,rw_kurtosis02,rw_kurtosis03,rw_kurtosis04,rw_kurtosis05,rw_kurtosis06,rw_kurtosis07,rw_kurtosis08,rw_kurtosis09,rw_kurtosis10,avg_moving_speed01,avg_moving_speed02,avg_moving_speed03,avg_moving_speed04,avg_moving_speed05,avg_moving_speed06,avg_moving_speed07,avg_moving_speed08,avg_moving_speed09,avg_moving_speed10,time_moving01,time_moving02,time_moving03,time_moving04,time_moving05,time_moving06,time_moving07,time_moving08,time_moving09,time_moving10,autocorr_1,autocorr_2,autocorr_3,autocorr_4,autocorr_5,autocorr_6,autocorr_7,autocorr_8,autocorr_9,autocorr_10,p_rturn_9_5,p_rturn_9_6,p_rturn_10_5,p_rturn_10_6,p_rturn_11_5,p_rturn_11_6,mean_theta_9_5,min_theta_9_5,max_theta_9_5,mean_theta_9_6,min_theta_9_6,max_theta_9_6,mean_theta_10_5,min_theta_10_5,max_theta_10_5,mean_theta_10_6,min_theta_10_6,max_theta_10_6,mean_theta_11_5,min_theta_11_5,max_theta_11_5,mean_theta_11_6,min_theta_11_6,max_theta_11_6
WellE05_Seq0016/xy02,0,2730.127458633704,290.20038059933694,0.188481650633,0.254363270806,0.10629554297240325,46.23426435015486,1.155508546052331,35.9227297189,0.899898108609,0.805365625959,-0.303145910418,417.073094209,0.5216769586238237,-0.0498550667129,-155.588971685,-0.013558535781424741,-0.2172833432117276,-0.7221335487330305,-0.7391188772966664,-0.8453448021125629,-0.8264540822672628,-1.0584132270797786,-0.9550282560965582,0.03132536507581296,-1.410348467506194,27.0405979693,27.4002364459,28.1347352083,29.2771212153,29.6577844857,30.0411681086,30.0411681086,30.7891369014,30.7891369014,30.7891369014,0.9861111111111112,0.9722222222222222,0.9444444444444444,0.9027777777777778,0.8888888888888888,0.875,0.875,0.8472222222222222,0.8472222222222222,0.8472222222222222,0.468484773561,0.139480797117,0.0675339910518,0.0547698444039,0.169141816174,0.184817207098,0.112931960072,0.0515015860429,0.164479509299,0.0517417724253,0.47619047619,0.47619047619,0.47619047619,0.47619047619,0.421052631579,0.473684210526,0.82745874881,0.09319815444147778,2.360683848038575,0.80003632194,0.09247018989219309,2.4026173300289564,0.904948735826,0.11399035032793317,2.346466675676059,0.84563968047,0.09517831906636443,2.332308909547978,0.924785602678,0.05777236733156321,2.0357870986380275,0.878269455774,0.017079071669039513,2.021629332509946
