Well/XY,cell_id,total_distance,net_distance,linearity,spearmanrsq,progressivity,max_speed,min_speed,avg_speed,MSD_slope,hurst_RS,nongauss,disp_var,disp_skew,rw_linearity,rw_netdist,rw_kurtosis01,rw_kurtosis02,rw_kurtosis03,rw_kurtosis04,rw_kurtosis05,rw_kurtosis06,rw_kurtosis07,rw_kurtosis08,rw_kurtosis09,rw_kurtosis10,avg_moving_speed01,avg_moving_speed02,avg_moving_speed03,avg_moving_speed04,avg_moving_speed05,avg_moving_speed06,avg_moving_speed07,avg_moving_speed08,avg_moving_speed09,avg_moving_speed10,time_moving01,time_moving02,time_moving03,time_moving04,time_moving05,time_moving06,time_moving07,time_moving08,time_moving09,time_moving10,autocorr_1,autocorr_2,autocorr_3,autocorr_4,autocorr_5,autocorr_6,autocorr_7,autocorr_8,autocorr_9,autocorr_10,p_rturn_9_5,p_rturn_9_6,p_rturn_10_5,p_rturn_10_6,p_rturn_11_5,p_rturn_11_6,mean_theta_9_5,min_theta_9_5,max_theta_9_5,mean_theta_9_6,min_theta_9_6,max_theta_9_6,mean_theta_10_5,min_theta_10_5,max_theta_10_5,mean_theta_10_6,min_theta_10_6,max_theta_10_6,mean_theta_11_5,min_theta_11_5,max_theta_11_5,mean_theta_11_6,min_theta_11_6,max_theta_11_6
WellE05_Seq0016/xy07,0,4002.211204403779,172.0443038871091,1.34079964364e-05,0.004274972729,0.04298731253807957,77.38848916990176,1.6451151935351003,52.6606737422,0.669234190956,0.643218874107,-0.0337396642574,1668.72972225,0.8930764028662094,-0.233081837089,-481.457471231,0.2609694548035679,1.1727584451117101,0.23445660434796878,0.41078675445981894,-0.7309231889527648,-1.0113951002530472,0.29047374567390527,-0.16417588427394092,-0.7886345604326017,-0.3886852286692801,32.9871633605,32.9871633605,33.4197883102,33.4197883102,33.4197883102,34.631797404,34.631797404,34.631797404,34.631797404,35.3947831787,1.0,1.0,0.9861111111111112,0.9861111111111112,0.9861111111111112,0.9444444444444444,0.9444444444444444,0.9444444444444444,0.9444444444444444,0.9166666666666666,0.214912398026,0.0163544356164,-0.0487834307242,0.0333766311544,-0.0527970852221,-0.0752020046526,-0.0100106114597,0.110232197447,0.082111149264,-0.089056771814,0.47619047619,0.52380952381,0.380952380952,0.380952380952,0.5,0.55,0.738047207092,0.03215467843938647,1.7068934625980021,0.701925289143,0.011912047647735555,1.8420796810286788,0.762380034531,0.026127001599926602,2.0925614473434466,0.724992945909,0.007924234792650638,1.991595263106969,0.858049839434,0.15194507356894746,2.0316577737603554,0.832394889675,0.008788516785846712,1.959103453034236
