Well/XY,cell_id,total_distance,net_distance,linearity,spearmanrsq,progressivity,max_speed,min_speed,avg_speed,MSD_slope,hurst_RS,nongauss,disp_var,disp_skew,rw_linearity,rw_netdist,rw_kurtosis01,rw_kurtosis02,rw_kurtosis03,rw_kurtosis04,rw_kurtosis05,rw_kurtosis06,rw_kurtosis07,rw_kurtosis08,rw_kurtosis09,rw_kurtosis10,avg_moving_speed01,avg_moving_speed02,avg_moving_speed03,avg_moving_speed04,avg_moving_speed05,avg_moving_speed06,avg_moving_speed07,avg_moving_speed08,avg_moving_speed09,avg_moving_speed10,time_moving01,time_moving02,time_moving03,time_moving04,time_moving05,time_moving06,time_moving07,time_moving08,time_moving09,time_moving10,autocorr_1,autocorr_2,autocorr_3,autocorr_4,autocorr_5,autocorr_6,autocorr_7,autocorr_8,autocorr_9,autocorr_10,p_rturn_9_5,p_rturn_9_6,p_rturn_10_5,p_rturn_10_6,p_rturn_11_5,p_rturn_11_6,mean_theta_9_5,min_theta_9_5,max_theta_9_5,mean_theta_9_6,min_theta_9_6,max_theta_9_6,mean_theta_10_5,min_theta_10_5,max_theta_10_5,mean_theta_10_6,min_theta_10_6,max_theta_10_6,mean_theta_11_5,min_theta_11_5,max_theta_11_5,mean_theta_11_6,min_theta_11_6,max_theta_11_6
WellC09_Seq0012/xy21,0,1721.9042994846473,984.2370446188256,0.788744910542,0.707319883796,0.57159799468147,25.303407201402756,1.7801617903999538,22.9587239931,1.6716909393,0.780327180914,0.257780098803,295.404018896,1.728955823624419,0.526720985916,701.182885272,3.459503699899561,-0.47768632467561867,-0.7993007249618787,-0.2804635349735043,-0.5668341307435747,-0.9501711013651697,-0.4242585379127095,-1.1341735827026243,-1.3507126681580437,-1.638967142367107,15.2472228461,15.4380240693,15.4380240693,15.7946814017,15.9587174086,16.2782673803,16.5976679294,16.9005783766,17.8206561675,18.488818391,1.0,0.9859154929577465,0.9859154929577465,0.9577464788732394,0.9436619718309859,0.9154929577464789,0.8873239436619719,0.8591549295774648,0.7746478873239436,0.7183098591549296,0.201926389585,0.0745106842328,0.328027485676,0.207625529935,0.137295004717,0.421964569757,0.031338616436,0.142931018986,0.370374553691,0.1177968555,0.285714285714,0.238095238095,0.25,0.35,0.3,0.35,0.242625616023,0.0058799675604121445,0.6701280895339762,0.236759565561,0.008290168699247816,0.624742132235311,0.249999260077,0.04398888496511585,0.6421532717981576,0.248447809973,0.03103453405666517,0.5719344439816065,0.265171322094,0.02037925065717553,0.9185508423897877,0.263352411363,0.030900733554969376,0.8731648850911227
