Well/XY,cell_id,total_distance,net_distance,linearity,spearmanrsq,progressivity,max_speed,min_speed,avg_speed,MSD_slope,hurst_RS,nongauss,disp_var,disp_skew,rw_linearity,rw_netdist,rw_kurtosis01,rw_kurtosis02,rw_kurtosis03,rw_kurtosis04,rw_kurtosis05,rw_kurtosis06,rw_kurtosis07,rw_kurtosis08,rw_kurtosis09,rw_kurtosis10,avg_moving_speed01,avg_moving_speed02,avg_moving_speed03,avg_moving_speed04,avg_moving_speed05,avg_moving_speed06,avg_moving_speed07,avg_moving_speed08,avg_moving_speed09,avg_moving_speed10,time_moving01,time_moving02,time_moving03,time_moving04,time_moving05,time_moving06,time_moving07,time_moving08,time_moving09,time_moving10,autocorr_1,autocorr_2,autocorr_3,autocorr_4,autocorr_5,autocorr_6,autocorr_7,autocorr_8,autocorr_9,autocorr_10,p_rturn_9_5,p_rturn_9_6,p_rturn_10_5,p_rturn_10_6,p_rturn_11_5,p_rturn_11_6,mean_theta_9_5,min_theta_9_5,max_theta_9_5,mean_theta_9_6,min_theta_9_6,max_theta_9_6,mean_theta_10_5,min_theta_10_5,max_theta_10_5,mean_theta_10_6,min_theta_10_6,max_theta_10_6,mean_theta_11_5,min_theta_11_5,max_theta_11_5,mean_theta_11_6,min_theta_11_6,max_theta_11_6
WellC09_Seq0012/xy18,0,2891.393930782667,437.80824855180606,0.41495023484,0.492280158421,0.15141771029217607,54.29308700009608,5.723399339553385,38.5519190771,1.19998069266,0.613267673961,0.0768208754624,734.605564957,1.4109411710066084,0.202583975516,-37.4917310486,1.7597415004408292,1.2039542127346348,0.12395342483990657,-0.187050789944176,-0.5049777701445621,-1.1675230472817433,-0.9939935872753756,-1.4738161165569073,-1.0649837931951254,-1.05833279742032,21.949879898,21.949879898,21.949879898,21.949879898,21.949879898,21.949879898,22.6282887148,22.857955311,23.0815174212,23.0815174212,1.0,1.0,1.0,1.0,1.0,1.0,0.9577464788732394,0.9436619718309859,0.9295774647887324,0.9295774647887324,0.20197740321,0.0909496346386,-0.0938869144446,-0.0577484388448,-0.0510082390289,-0.23979582473,-0.0925706155284,-0.13019882932,0.0494145828428,0.0129802740576,0.619047619048,0.619047619048,0.65,0.65,0.55,0.5,0.936967456347,0.22052913144196665,2.039997786104105,0.934758886149,0.21572014007967827,2.0048865355464063,0.911345488373,0.1833910398770615,1.8548361055787337,0.901737072642,0.20083227943972434,1.8880096921577636,0.865678653433,0.03199298803264987,2.0430792268556908,0.872923154371,0.004610418279667728,1.9288868286454695
