Well/XY,cell_id,total_distance,net_distance,linearity,spearmanrsq,progressivity,max_speed,min_speed,avg_speed,MSD_slope,hurst_RS,nongauss,disp_var,disp_skew,rw_linearity,rw_netdist,rw_kurtosis01,rw_kurtosis02,rw_kurtosis03,rw_kurtosis04,rw_kurtosis05,rw_kurtosis06,rw_kurtosis07,rw_kurtosis08,rw_kurtosis09,rw_kurtosis10,avg_moving_speed01,avg_moving_speed02,avg_moving_speed03,avg_moving_speed04,avg_moving_speed05,avg_moving_speed06,avg_moving_speed07,avg_moving_speed08,avg_moving_speed09,avg_moving_speed10,time_moving01,time_moving02,time_moving03,time_moving04,time_moving05,time_moving06,time_moving07,time_moving08,time_moving09,time_moving10,autocorr_1,autocorr_2,autocorr_3,autocorr_4,autocorr_5,autocorr_6,autocorr_7,autocorr_8,autocorr_9,autocorr_10,p_rturn_9_5,p_rturn_9_6,p_rturn_10_5,p_rturn_10_6,p_rturn_11_5,p_rturn_11_6,mean_theta_9_5,min_theta_9_5,max_theta_9_5,mean_theta_9_6,min_theta_9_6,max_theta_9_6,mean_theta_10_5,min_theta_10_5,max_theta_10_5,mean_theta_10_6,min_theta_10_6,max_theta_10_6,mean_theta_11_5,min_theta_11_5,max_theta_11_5,mean_theta_11_6,min_theta_11_6,max_theta_11_6
WellC09_Seq0012/xy20,0,1868.855549218125,265.95685063558716,0.414707033122,0.393871014889,0.14231000932461357,37.29985072356189,1.6821367364159108,24.9180739896,1.20581203264,0.719395529928,0.49577253973,411.209729677,1.8979235975873605,0.177194630543,-41.2537978211,4.963589937717845,1.6538134405301301,-0.37915260662444616,-0.2144302981484083,-1.199985664440339,-1.3004303286465675,-1.0984765005318353,-1.4942507552448145,-1.5495561697441946,-0.925149396648854,18.8711989472,18.8711989472,18.8711989472,19.0955886143,19.0955886143,19.9128806779,20.3234978918,20.5208367516,20.9193207848,21.7159059084,1.0,1.0,1.0,0.9859154929577465,0.9859154929577465,0.9295774647887324,0.9014084507042254,0.8873239436619719,0.8591549295774648,0.8028169014084507,0.252122567968,0.136695839035,0.0454861225261,-0.00653894607926,-0.195928221133,-0.212700329083,-0.191800211531,-0.167723566321,-0.170565344941,-0.113949323252,0.333333333333,0.285714285714,0.4,0.35,0.4,0.35,0.950368416793,0.055692053550587796,2.4304149532876633,0.861664504871,0.0020535531369855332,2.4266348402797338,0.972852513118,0.0646610961659075,2.734734214078168,0.875471144236,0.002810385252015305,2.262739570145778,1.13093123147,0.07151110105434956,2.8100642841898207,1.03656798124,0.0009937134386707495,2.5543576903317757
