Well/XY,cell_id,total_distance,net_distance,linearity,spearmanrsq,progressivity,max_speed,min_speed,avg_speed,MSD_slope,hurst_RS,nongauss,disp_var,disp_skew,rw_linearity,rw_netdist,rw_kurtosis01,rw_kurtosis02,rw_kurtosis03,rw_kurtosis04,rw_kurtosis05,rw_kurtosis06,rw_kurtosis07,rw_kurtosis08,rw_kurtosis09,rw_kurtosis10,avg_moving_speed01,avg_moving_speed02,avg_moving_speed03,avg_moving_speed04,avg_moving_speed05,avg_moving_speed06,avg_moving_speed07,avg_moving_speed08,avg_moving_speed09,avg_moving_speed10,time_moving01,time_moving02,time_moving03,time_moving04,time_moving05,time_moving06,time_moving07,time_moving08,time_moving09,time_moving10,autocorr_1,autocorr_2,autocorr_3,autocorr_4,autocorr_5,autocorr_6,autocorr_7,autocorr_8,autocorr_9,autocorr_10,p_rturn_9_5,p_rturn_9_6,p_rturn_10_5,p_rturn_10_6,p_rturn_11_5,p_rturn_11_6,mean_theta_9_5,min_theta_9_5,max_theta_9_5,mean_theta_9_6,min_theta_9_6,max_theta_9_6,mean_theta_10_5,min_theta_10_5,max_theta_10_5,mean_theta_10_6,min_theta_10_6,max_theta_10_6,mean_theta_11_5,min_theta_11_5,max_theta_11_5,mean_theta_11_6,min_theta_11_6,max_theta_11_6
WellC09_Seq0012/xy19,0,720.4139670856172,333.061555872184,0.886958872598,0.902160414976,0.4623196815846874,11.730115088949479,0.1264911064067208,9.60551956114,1.51861287747,0.799786110947,0.859655669611,85.8601603444,2.1690466982399124,0.659861192749,214.636757295,4.540917730398835,2.8353388034959757,0.013065818089506909,0.5009124499657647,-1.2034471832320646,-0.30349687625574795,-0.564193876887459,0.2632411937770649,-0.7925671414719133,-1.277980044770901,5.742001946,6.0617609223,6.30927534848,6.71407380474,7.52709161783,8.64609914622,9.14984035212,9.84124988727,10.7530643987,11.359687616,0.9859154929577465,0.9154929577464789,0.8591549295774648,0.7605633802816901,0.5633802816901409,0.36619718309859156,0.29577464788732394,0.2112676056338028,0.1267605633802817,0.08450704225352113,0.315084320679,0.282589762882,0.365301218677,0.219407118279,0.247117346286,0.165073512342,-0.0746028100864,-0.0440464737307,0.0248686911501,-0.0261741834865,0.619047619048,0.571428571429,0.6,0.5,0.6,0.45,0.774203450771,0.01969078767296449,2.7284431034658687,0.890467229492,0.003672622640992662,2.740826446470948,0.64225126868,0.014046154053288951,2.2557563306593833,0.789112533461,0.00152586843163263,2.542532994647643,0.738706011166,0.009789306282107757,2.66124713181028,0.702031604339,0.005782716202852851,2.532639449885112
