Well/XY,cell_id,total_distance,net_distance,linearity,spearmanrsq,progressivity,max_speed,min_speed,avg_speed,MSD_slope,hurst_RS,nongauss,disp_var,disp_skew,rw_linearity,rw_netdist,rw_kurtosis01,rw_kurtosis02,rw_kurtosis03,rw_kurtosis04,rw_kurtosis05,rw_kurtosis06,rw_kurtosis07,rw_kurtosis08,rw_kurtosis09,rw_kurtosis10,avg_moving_speed01,avg_moving_speed02,avg_moving_speed03,avg_moving_speed04,avg_moving_speed05,avg_moving_speed06,avg_moving_speed07,avg_moving_speed08,avg_moving_speed09,avg_moving_speed10,time_moving01,time_moving02,time_moving03,time_moving04,time_moving05,time_moving06,time_moving07,time_moving08,time_moving09,time_moving10,autocorr_1,autocorr_2,autocorr_3,autocorr_4,autocorr_5,autocorr_6,autocorr_7,autocorr_8,autocorr_9,autocorr_10,p_rturn_9_5,p_rturn_9_6,p_rturn_10_5,p_rturn_10_6,p_rturn_11_5,p_rturn_11_6,mean_theta_9_5,min_theta_9_5,max_theta_9_5,mean_theta_9_6,min_theta_9_6,max_theta_9_6,mean_theta_10_5,min_theta_10_5,max_theta_10_5,mean_theta_10_6,min_theta_10_6,max_theta_10_6,mean_theta_11_5,min_theta_11_5,max_theta_11_5,mean_theta_11_6,min_theta_11_6,max_theta_11_6
WellB10_Seq0008/xy13,0,406.6395049747969,54.136124722776444,0.4294733166,0.066604355649,0.13313051009672988,10.840830226509405,0.09999999999997271,5.42186006633,0.402444021566,0.847014047365,0.375153685742,30.0476906878,1.3872961968837652,0.218639962252,-12.7090555073,0.9589276580398565,2.698883112395176,-0.015009391038406594,5.917607041370935,5.621161729708129,-0.8847991678585148,-0.6748947437663553,-1.2494878663881026,-0.806285112968609,-1.0064482551501557,2.80304881974,3.92063970074,4.94170702445,6.42527908677,7.84080097081,8.59154804678,9.40558399845,9.40558399845,10.6404887106,10.6404887106,0.6197183098591549,0.352112676056338,0.19718309859154928,0.09859154929577464,0.056338028169014086,0.04225352112676056,0.028169014084507043,0.028169014084507043,0.014084507042253521,0.014084507042253521,0.537096697458,0.478434344589,0.388039071229,0.311536751148,0.216140244478,0.239666521482,0.229740421177,0.08223298933,-0.0272594220133,-0.0230775283775,0.619047619048,0.619047619048,0.4,0.4,0.6,0.6,0.997007314243,0.01680797376964899,2.819304751871887,0.99452894033,0.00685696237557926,2.8250295958029388,1.14472876561,0.06996051208477823,2.8517700710140943,1.16814923994,0.1663190035883544,2.8574949149451454,0.974350791714,0.23621153296218317,2.709905736481011,1.02015057733,0.08403485709389365,2.718214466002699
