Well/XY,cell_id,total_distance,net_distance,linearity,spearmanrsq,progressivity,max_speed,min_speed,avg_speed,MSD_slope,hurst_RS,nongauss,disp_var,disp_skew,rw_linearity,rw_netdist,rw_kurtosis01,rw_kurtosis02,rw_kurtosis03,rw_kurtosis04,rw_kurtosis05,rw_kurtosis06,rw_kurtosis07,rw_kurtosis08,rw_kurtosis09,rw_kurtosis10,avg_moving_speed01,avg_moving_speed02,avg_moving_speed03,avg_moving_speed04,avg_moving_speed05,avg_moving_speed06,avg_moving_speed07,avg_moving_speed08,avg_moving_speed09,avg_moving_speed10,time_moving01,time_moving02,time_moving03,time_moving04,time_moving05,time_moving06,time_moving07,time_moving08,time_moving09,time_moving10,autocorr_1,autocorr_2,autocorr_3,autocorr_4,autocorr_5,autocorr_6,autocorr_7,autocorr_8,autocorr_9,autocorr_10,p_rturn_9_5,p_rturn_9_6,p_rturn_10_5,p_rturn_10_6,p_rturn_11_5,p_rturn_11_6,mean_theta_9_5,min_theta_9_5,max_theta_9_5,mean_theta_9_6,min_theta_9_6,max_theta_9_6,mean_theta_10_5,min_theta_10_5,max_theta_10_5,mean_theta_10_6,min_theta_10_6,max_theta_10_6,mean_theta_11_5,min_theta_11_5,max_theta_11_5,mean_theta_11_6,min_theta_11_6,max_theta_11_6
WellB10_Seq0008/xy18,0,1321.0931701290508,68.82041848172668,0.6296556352,0.760918949266,0.05209353892504339,16.715561611863357,0.5517245689653301,17.6145756017,0.588806360337,0.739086439768,0.412390275332,290.275896371,1.4653634008259704,0.402649065326,-148.346654509,1.5206675569567096,-0.18622041921031451,0.05907800691904175,-0.2785364390633309,1.369793192261616,-0.85404068206322,-1.194045271100617,0.6870642141811785,0.18270072079563304,-0.9242657439649129,5.97921005111,6.27896106867,7.10646539288,8.68909437515,9.52149889119,10.5599613117,11.3645893201,12.0603408672,12.2935660989,12.9512555737,0.9154929577464789,0.8591549295774648,0.704225352112676,0.49295774647887325,0.4084507042253521,0.323943661971831,0.2676056338028169,0.22535211267605634,0.2112676056338028,0.16901408450704225,0.371339718999,0.12317698963,0.0246340555061,0.0596559007239,0.18527695493,0.114927931163,0.143521395201,-0.00572748444151,-0.171251554868,-0.0528493868036,0.428571428571,0.428571428571,0.55,0.5,0.55,0.5,0.591441220708,0.04748628376708865,2.718823576584635,0.537025747578,0.03297584735614236,2.60546504439972,0.562600245077,0.03842103976102969,2.7811216549474786,0.520269043883,0.04144910905044826,2.667763122762564,0.554236014994,0.007896652106008484,2.6388958117291286,0.507622879411,0.013775985046331353,2.525537279544214
