Well/XY,cell_id,total_distance,net_distance,linearity,spearmanrsq,progressivity,max_speed,min_speed,avg_speed,MSD_slope,hurst_RS,nongauss,disp_var,disp_skew,rw_linearity,rw_netdist,rw_kurtosis01,rw_kurtosis02,rw_kurtosis03,rw_kurtosis04,rw_kurtosis05,rw_kurtosis06,rw_kurtosis07,rw_kurtosis08,rw_kurtosis09,rw_kurtosis10,avg_moving_speed01,avg_moving_speed02,avg_moving_speed03,avg_moving_speed04,avg_moving_speed05,avg_moving_speed06,avg_moving_speed07,avg_moving_speed08,avg_moving_speed09,avg_moving_speed10,time_moving01,time_moving02,time_moving03,time_moving04,time_moving05,time_moving06,time_moving07,time_moving08,time_moving09,time_moving10,autocorr_1,autocorr_2,autocorr_3,autocorr_4,autocorr_5,autocorr_6,autocorr_7,autocorr_8,autocorr_9,autocorr_10,p_rturn_9_5,p_rturn_9_6,p_rturn_10_5,p_rturn_10_6,p_rturn_11_5,p_rturn_11_6,mean_theta_9_5,min_theta_9_5,max_theta_9_5,mean_theta_9_6,min_theta_9_6,max_theta_9_6,mean_theta_10_5,min_theta_10_5,max_theta_10_5,mean_theta_10_6,min_theta_10_6,max_theta_10_6,mean_theta_11_5,min_theta_11_5,max_theta_11_5,mean_theta_11_6,min_theta_11_6,max_theta_11_6
WellB10_Seq0008/xy24,0,654.4380263297951,92.27182451864707,0.529513673558,0.5822718825,0.1409939838553146,7.907502513436212,0.30197350877187795,8.72584035106,0.70775100705,0.900648749178,0.34436278039,48.2765227855,1.6934323157792501,0.283133803879,-15.3075603769,3.335566731358443,-0.020998621970866438,-0.573456205401377,-0.30606113284657965,1.274314789335107,-0.5590357982144183,-1.2238639669216225,0.3132256989781843,-1.141537339257904,1.1209797028576443,3.70500294908,4.21116103566,5.11559469133,6.09946226644,6.55200550809,7.50286884751,8.67101229188,9.03573182232,9.30066535254,0.0,0.9577464788732394,0.7746478873239436,0.5070422535211268,0.323943661971831,0.2535211267605634,0.1267605633802817,0.056338028169014086,0.04225352112676056,0.014084507042253521,0.0,0.362139028472,0.284159576363,0.369412006133,0.418725170596,0.30917188689,0.22156211938,0.367246658433,0.293514501799,0.22850765227,0.102518131937,0.47619047619,0.52380952381,0.6,0.55,0.55,0.5,0.864676131062,0.05198474144190875,1.8931170789855674,0.859740095105,0.008417874399519546,2.211368732663215,0.896449687704,0.032915292222616126,1.9848379792314441,0.889901050454,0.15675762813276045,2.005681937492443,0.930124832435,0.01197059988498091,1.886892797003839,0.913431914904,0.10866539337727475,1.9249235635073791
