Well/XY,cell_id,total_distance,net_distance,linearity,spearmanrsq,progressivity,max_speed,min_speed,avg_speed,MSD_slope,hurst_RS,nongauss,disp_var,disp_skew,rw_linearity,rw_netdist,rw_kurtosis01,rw_kurtosis02,rw_kurtosis03,rw_kurtosis04,rw_kurtosis05,rw_kurtosis06,rw_kurtosis07,rw_kurtosis08,rw_kurtosis09,rw_kurtosis10,avg_moving_speed01,avg_moving_speed02,avg_moving_speed03,avg_moving_speed04,avg_moving_speed05,avg_moving_speed06,avg_moving_speed07,avg_moving_speed08,avg_moving_speed09,avg_moving_speed10,time_moving01,time_moving02,time_moving03,time_moving04,time_moving05,time_moving06,time_moving07,time_moving08,time_moving09,time_moving10,autocorr_1,autocorr_2,autocorr_3,autocorr_4,autocorr_5,autocorr_6,autocorr_7,autocorr_8,autocorr_9,autocorr_10,p_rturn_9_5,p_rturn_9_6,p_rturn_10_5,p_rturn_10_6,p_rturn_11_5,p_rturn_11_6,mean_theta_9_5,min_theta_9_5,max_theta_9_5,mean_theta_9_6,min_theta_9_6,max_theta_9_6,mean_theta_10_5,min_theta_10_5,max_theta_10_5,mean_theta_10_6,min_theta_10_6,max_theta_10_6,mean_theta_11_5,min_theta_11_5,max_theta_11_5,mean_theta_11_6,min_theta_11_6,max_theta_11_6
WellD02_Seq0000/xy05,0,3116.951053633047,295.7448860081946,0.03994628647,0.075690803782,0.09488274949440771,52.17802587296687,3.989925312584166,41.0125138636,1.01584035479,0.59862786616,0.257865243606,917.568913087,1.6899807151032085,-0.199523088953,-213.207026441,3.627590376320515,0.4299061233733892,-0.9368936870156754,0.33854058545958265,-0.5218715828221403,-0.336117124605682,0.3637214263450592,-1.427372515993176,-0.9970781805882662,-0.9209472092752997,24.8982802977,24.8982802977,24.8982802977,25.2007538343,25.2007538343,25.7689503135,26.346345358,26.346345358,26.346345358,26.8676827826,1.0,1.0,1.0,0.9861111111111112,0.9861111111111112,0.9583333333333334,0.9305555555555556,0.9305555555555556,0.9305555555555556,0.9027777777777778,0.0550807619029,-0.0945359433444,0.00516983874357,-0.0539697554572,0.073378343958,0.0946335296754,0.00505070612499,-0.190019003262,-0.0536644700353,0.0984989706453,0.619047619048,0.619047619048,0.619047619048,0.619047619048,0.65,0.6,0.771486753187,0.035180655697055876,2.2606459157599956,0.741620705779,0.04747611712414273,2.2496267482349763,0.784199462256,0.031794783411979,2.0367727555828483,0.761659625148,0.061271717131837225,1.9824079371490124,0.846140139383,0.019806415924771063,2.2121592923984887,0.86431432545,0.09977378240911376,2.297686954016916
