Well/XY,cell_id,total_distance,net_distance,linearity,spearmanrsq,progressivity,max_speed,min_speed,avg_speed,MSD_slope,hurst_RS,nongauss,disp_var,disp_skew,rw_linearity,rw_netdist,rw_kurtosis01,rw_kurtosis02,rw_kurtosis03,rw_kurtosis04,rw_kurtosis05,rw_kurtosis06,rw_kurtosis07,rw_kurtosis08,rw_kurtosis09,rw_kurtosis10,avg_moving_speed01,avg_moving_speed02,avg_moving_speed03,avg_moving_speed04,avg_moving_speed05,avg_moving_speed06,avg_moving_speed07,avg_moving_speed08,avg_moving_speed09,avg_moving_speed10,time_moving01,time_moving02,time_moving03,time_moving04,time_moving05,time_moving06,time_moving07,time_moving08,time_moving09,time_moving10,autocorr_1,autocorr_2,autocorr_3,autocorr_4,autocorr_5,autocorr_6,autocorr_7,autocorr_8,autocorr_9,autocorr_10,p_rturn_9_5,p_rturn_9_6,p_rturn_10_5,p_rturn_10_6,p_rturn_11_5,p_rturn_11_6,mean_theta_9_5,min_theta_9_5,max_theta_9_5,mean_theta_9_6,min_theta_9_6,max_theta_9_6,mean_theta_10_5,min_theta_10_5,max_theta_10_5,mean_theta_10_6,min_theta_10_6,max_theta_10_6,mean_theta_11_5,min_theta_11_5,max_theta_11_5,mean_theta_11_6,min_theta_11_6,max_theta_11_6
WellD02_Seq0000/xy21,0,2011.1632510271193,337.5248162728186,0.0884415560724,0.0611688382464,0.16782566810548155,36.28405357729481,0.14142135623731916,26.4626743556,0.653920004634,0.704736251628,0.79129876234,564.49181885,2.129091456451463,-0.166004800495,9.13166371944,5.706450591133063,1.8544265732408265,0.21561303597260517,0.009096535694979924,0.5359334247749654,-0.9581848474696466,-1.4927753820203604,-1.245855104843976,-1.7354548454324363,-1.3862757774687666,15.2407732331,16.0489143767,16.6722968323,17.5267887579,17.7415150761,18.3951603174,18.6034683437,19.2262801458,19.4316306792,20.0458285989,1.0,0.9444444444444444,0.9027777777777778,0.8472222222222222,0.8333333333333334,0.7916666666666666,0.7777777777777778,0.7361111111111112,0.7222222222222222,0.6805555555555556,0.124831762093,-0.0533445558661,0.00139194240814,0.260436795154,0.104795636202,0.0162354240106,-0.0137877557283,0.120676889925,0.170300750534,-0.0123577675828,0.47619047619,0.47619047619,0.47619047619,0.52380952381,0.5,0.55,1.16485546559,0.02639099062315617,2.488208959364679,1.1950956062,0.15684560783400298,2.4881041105464545,0.962250422905,0.001360754552209588,2.436295988031869,1.09766664716,0.13181537176300737,2.427198337006914,1.1120035321,0.06280765692760794,2.4283969371187233,1.12548051894,0.08858576456872623,2.4192992860937683
