Well/XY,cell_id,total_distance,net_distance,linearity,spearmanrsq,progressivity,max_speed,min_speed,avg_speed,MSD_slope,hurst_RS,nongauss,disp_var,disp_skew,rw_linearity,rw_netdist,rw_kurtosis01,rw_kurtosis02,rw_kurtosis03,rw_kurtosis04,rw_kurtosis05,rw_kurtosis06,rw_kurtosis07,rw_kurtosis08,rw_kurtosis09,rw_kurtosis10,avg_moving_speed01,avg_moving_speed02,avg_moving_speed03,avg_moving_speed04,avg_moving_speed05,avg_moving_speed06,avg_moving_speed07,avg_moving_speed08,avg_moving_speed09,avg_moving_speed10,time_moving01,time_moving02,time_moving03,time_moving04,time_moving05,time_moving06,time_moving07,time_moving08,time_moving09,time_moving10,autocorr_1,autocorr_2,autocorr_3,autocorr_4,autocorr_5,autocorr_6,autocorr_7,autocorr_8,autocorr_9,autocorr_10,p_rturn_9_5,p_rturn_9_6,p_rturn_10_5,p_rturn_10_6,p_rturn_11_5,p_rturn_11_6,mean_theta_9_5,min_theta_9_5,max_theta_9_5,mean_theta_9_6,min_theta_9_6,max_theta_9_6,mean_theta_10_5,min_theta_10_5,max_theta_10_5,mean_theta_10_6,min_theta_10_6,max_theta_10_6,mean_theta_11_5,min_theta_11_5,max_theta_11_5,mean_theta_11_6,min_theta_11_6,max_theta_11_6
WellD02_Seq0000/xy22,0,1447.0256973202686,34.13165685987133,0.00137777056167,0.00494922126199,0.023587457308518692,13.781027102505822,0.3379230681678909,19.0398118068,0.621112722349,0.553410686024,-0.252760053183,114.442923643,0.9544239311922119,-0.280750160814,-202.146193944,0.2948484564075047,-0.5676674602514393,-0.23448858428095543,0.8504627319998019,-1.2252573476940827,0.183073265138884,-1.3688212284439443,-0.6920730678415641,-1.5539179945178967,-1.2885293419849237,5.46574755218,5.89289518225,6.89483641459,7.11905523964,7.93761567743,8.66719540225,9.34335703677,10.7908403094,12.021160627,12.9004621964,0.9861111111111112,0.8888888888888888,0.6805555555555556,0.6388888888888888,0.4861111111111111,0.375,0.2916666666666667,0.16666666666666666,0.1111111111111111,0.08333333333333333,-0.194004313728,-0.0732726931311,-0.127615454951,0.0656284729885,-0.0748233147765,0.168393390754,0.0460934189691,-0.14952554251,0.0518435768912,0.227333374401,0.380952380952,0.47619047619,0.428571428571,0.47619047619,0.45,0.6,0.70355297363,0.04532484185900473,1.6386501827824564,0.720173744112,0.02561456073153626,1.6656483479737028,0.605046003547,0.018624070229276105,1.4245434467519402,0.597498180465,0.03565102758386587,1.4449800041893712,0.704749091448,0.054912202505067134,2.3144524693013753,0.751913971129,0.050878147241274575,2.1795751448170733
