Well/XY,cell_id,total_distance,net_distance,linearity,spearmanrsq,progressivity,max_speed,min_speed,avg_speed,MSD_slope,hurst_RS,nongauss,disp_var,disp_skew,rw_linearity,rw_netdist,rw_kurtosis01,rw_kurtosis02,rw_kurtosis03,rw_kurtosis04,rw_kurtosis05,rw_kurtosis06,rw_kurtosis07,rw_kurtosis08,rw_kurtosis09,rw_kurtosis10,avg_moving_speed01,avg_moving_speed02,avg_moving_speed03,avg_moving_speed04,avg_moving_speed05,avg_moving_speed06,avg_moving_speed07,avg_moving_speed08,avg_moving_speed09,avg_moving_speed10,time_moving01,time_moving02,time_moving03,time_moving04,time_moving05,time_moving06,time_moving07,time_moving08,time_moving09,time_moving10,autocorr_1,autocorr_2,autocorr_3,autocorr_4,autocorr_5,autocorr_6,autocorr_7,autocorr_8,autocorr_9,autocorr_10,p_rturn_9_5,p_rturn_9_6,p_rturn_10_5,p_rturn_10_6,p_rturn_11_5,p_rturn_11_6,mean_theta_9_5,min_theta_9_5,max_theta_9_5,mean_theta_9_6,min_theta_9_6,max_theta_9_6,mean_theta_10_5,min_theta_10_5,max_theta_10_5,mean_theta_10_6,min_theta_10_6,max_theta_10_6,mean_theta_11_5,min_theta_11_5,max_theta_11_5,mean_theta_11_6,min_theta_11_6,max_theta_11_6
WellD02_Seq0000/xy16,0,4331.072229925555,837.841061359492,0.00550791699772,0.00793346431459,0.19344887752516038,75.77282362430478,2.7858212433678937,56.987792499,1.05283825952,0.758979599365,-0.271264617391,1235.86706876,0.5256556947307128,-0.227172179628,130.641154641,-0.4692451309805432,-0.6900726119609515,-1.192496690675995,-0.5498097313638421,-0.9134453809554097,0.2039495163805265,-1.1970586667412964,-0.36935185881811483,-1.0047004445341072,-0.6247539710179075,42.870178675,42.870178675,43.4368733129,43.4368733129,43.4368733129,43.4368733129,43.4368733129,43.4368733129,43.4368733129,43.9154618873,1.0,1.0,0.9861111111111112,0.9861111111111112,0.9861111111111112,0.9861111111111112,0.9861111111111112,0.9861111111111112,0.9861111111111112,0.9722222222222222,0.277423003514,-0.0891514944672,0.012547978356,0.116999746354,0.200916707795,-0.0387163873759,-0.105139687065,-0.016233584496,0.272709294969,0.282078153577,0.428571428571,0.428571428571,0.47619047619,0.52380952381,0.5,0.45,1.13964414877,0.3446045386527756,2.6552978921417107,1.08929288277,0.08737303523414615,2.6717735487150156,1.13284085437,0.36687796451483434,2.627529728919748,1.09838992662,0.08223994721747802,2.6440053854930525,1.12858968859,0.009065629057739576,2.5871737588634147,1.11026444582,0.06348764898625836,2.603649415436719
