Well/XY,cell_id,total_distance,net_distance,linearity,spearmanrsq,progressivity,max_speed,min_speed,avg_speed,MSD_slope,hurst_RS,nongauss,disp_var,disp_skew,rw_linearity,rw_netdist,rw_kurtosis01,rw_kurtosis02,rw_kurtosis03,rw_kurtosis04,rw_kurtosis05,rw_kurtosis06,rw_kurtosis07,rw_kurtosis08,rw_kurtosis09,rw_kurtosis10,avg_moving_speed01,avg_moving_speed02,avg_moving_speed03,avg_moving_speed04,avg_moving_speed05,avg_moving_speed06,avg_moving_speed07,avg_moving_speed08,avg_moving_speed09,avg_moving_speed10,time_moving01,time_moving02,time_moving03,time_moving04,time_moving05,time_moving06,time_moving07,time_moving08,time_moving09,time_moving10,autocorr_1,autocorr_2,autocorr_3,autocorr_4,autocorr_5,autocorr_6,autocorr_7,autocorr_8,autocorr_9,autocorr_10,p_rturn_9_5,p_rturn_9_6,p_rturn_10_5,p_rturn_10_6,p_rturn_11_5,p_rturn_11_6,mean_theta_9_5,min_theta_9_5,max_theta_9_5,mean_theta_9_6,min_theta_9_6,max_theta_9_6,mean_theta_10_5,min_theta_10_5,max_theta_10_5,mean_theta_10_6,min_theta_10_6,max_theta_10_6,mean_theta_11_5,min_theta_11_5,max_theta_11_5,mean_theta_11_6,min_theta_11_6,max_theta_11_6
WellD02_Seq0000/xy08,0,2672.8884493932837,292.0046008199186,1.37186675951e-06,0.00650983298004,0.10924683403312264,54.417415006595114,3.000266654815859,35.1695848604,0.975047884488,0.600861250198,0.407576759989,671.462986192,2.050018150579081,-0.224670727226,-144.438469563,5.908172582366346,-0.3662407155149414,3.627875260628171,-0.13409267402179692,-0.8506681242263574,-0.8887089041805671,-1.1669959529566134,-1.1585226889405726,-1.469668792159843,-1.5369491672562983,28.9145208067,28.9145208067,28.9145208067,29.2722789899,29.6332880589,30.3528176341,30.3528176341,30.6992806549,31.3842306532,31.3842306532,1.0,1.0,1.0,0.9861111111111112,0.9722222222222222,0.9444444444444444,0.9444444444444444,0.9305555555555556,0.9027777777777778,0.9027777777777778,0.383159599089,-0.0783401452544,0.024610798215,0.0944357894899,-0.0847936539095,-0.157722807197,-0.121204424476,-0.171445150748,-0.330208223996,-0.181599617795,0.238095238095,0.285714285714,0.238095238095,0.285714285714,0.35,0.4,0.819510595536,0.07283550028796146,2.8596751997436165,0.864608920229,0.19152437672092792,2.8037669902495916,0.833973312938,0.06306479904615526,2.873974137723465,0.871232842342,0.10705190199878445,2.81806592822944,0.70297454253,0.010474386307645378,2.6547534380720106,0.747240348529,0.07542038793829542,2.723222040656839
