Well/XY,cell_id,total_distance,net_distance,linearity,spearmanrsq,progressivity,max_speed,min_speed,avg_speed,MSD_slope,hurst_RS,nongauss,disp_var,disp_skew,rw_linearity,rw_netdist,rw_kurtosis01,rw_kurtosis02,rw_kurtosis03,rw_kurtosis04,rw_kurtosis05,rw_kurtosis06,rw_kurtosis07,rw_kurtosis08,rw_kurtosis09,rw_kurtosis10,avg_moving_speed01,avg_moving_speed02,avg_moving_speed03,avg_moving_speed04,avg_moving_speed05,avg_moving_speed06,avg_moving_speed07,avg_moving_speed08,avg_moving_speed09,avg_moving_speed10,time_moving01,time_moving02,time_moving03,time_moving04,time_moving05,time_moving06,time_moving07,time_moving08,time_moving09,time_moving10,autocorr_1,autocorr_2,autocorr_3,autocorr_4,autocorr_5,autocorr_6,autocorr_7,autocorr_8,autocorr_9,autocorr_10,p_rturn_9_5,p_rturn_9_6,p_rturn_10_5,p_rturn_10_6,p_rturn_11_5,p_rturn_11_6,mean_theta_9_5,min_theta_9_5,max_theta_9_5,mean_theta_9_6,min_theta_9_6,max_theta_9_6,mean_theta_10_5,min_theta_10_5,max_theta_10_5,mean_theta_10_6,min_theta_10_6,max_theta_10_6,mean_theta_11_5,min_theta_11_5,max_theta_11_5,mean_theta_11_6,min_theta_11_6,max_theta_11_6
WellF02_Seq0000/xy09,0,372.99232580265067,116.68352154438938,0.0794525796357,0.177068373851,0.31283089080531473,11.045343634310315,0.4720550815317961,6.01600525488,1.72631578697,0.978671333406,-0.176299902995,15.8120961672,0.8313062138710028,-0.178300845626,49.154030042,-0.15514031548323848,-0.2972104807230296,-0.6500336229267001,-1.3154813525237634,-1.3621431959925643,-1.2665340962546257,-1.1232291591233101,-1.6227950499595452,-1.257652003171822,-1.0305137906662523,5.6920140627,6.0091394569,7.62836167653,8.97986243724,9.13174567327,9.59085361215,9.87937696701,10.1118827895,10.6211695327,11.3565850541,1.0,0.9310344827586207,0.6379310344827587,0.4827586206896552,0.46551724137931033,0.41379310344827586,0.3793103448275862,0.3448275862068966,0.25862068965517243,0.15517241379310345,0.743862852357,0.643867404225,0.531240986842,0.421817649833,0.417696242144,0.463436558056,0.295958388335,0.215212916029,0.134349215601,0.115609093214,0.5625,0.5,0.5625,0.625,0.625,0.5625,0.643330374373,0.0052236847532832606,2.92142414288054,0.639882222261,0.003269126493106971,2.9377677880729656,0.678848834325,0.014922289841344239,2.911527654042358,0.668392392337,0.006086429889907794,2.9278712992347846,0.709557158199,0.03359532085439463,2.8802378111829294,0.701132511481,0.0074185022111798145,2.8965814563753565
