Well/XY,cell_id,total_distance,net_distance,linearity,spearmanrsq,progressivity,max_speed,min_speed,avg_speed,MSD_slope,hurst_RS,nongauss,disp_var,disp_skew,rw_linearity,rw_netdist,rw_kurtosis01,rw_kurtosis02,rw_kurtosis03,rw_kurtosis04,rw_kurtosis05,rw_kurtosis06,rw_kurtosis07,rw_kurtosis08,rw_kurtosis09,rw_kurtosis10,avg_moving_speed01,avg_moving_speed02,avg_moving_speed03,avg_moving_speed04,avg_moving_speed05,avg_moving_speed06,avg_moving_speed07,avg_moving_speed08,avg_moving_speed09,avg_moving_speed10,time_moving01,time_moving02,time_moving03,time_moving04,time_moving05,time_moving06,time_moving07,time_moving08,time_moving09,time_moving10,autocorr_1,autocorr_2,autocorr_3,autocorr_4,autocorr_5,autocorr_6,autocorr_7,autocorr_8,autocorr_9,autocorr_10,p_rturn_9_5,p_rturn_9_6,p_rturn_10_5,p_rturn_10_6,p_rturn_11_5,p_rturn_11_6,mean_theta_9_5,min_theta_9_5,max_theta_9_5,mean_theta_9_6,min_theta_9_6,max_theta_9_6,mean_theta_10_5,min_theta_10_5,max_theta_10_5,mean_theta_10_6,min_theta_10_6,max_theta_10_6,mean_theta_11_5,min_theta_11_5,max_theta_11_5,mean_theta_11_6,min_theta_11_6,max_theta_11_6
WellF02_Seq0000/xy01,0,251.59063720230236,61.142054267091865,0.0895776888381,0.00029618871429,0.24302197787244342,10.63700803797759,0.14058449416631275,4.05791350326,0.678421087827,0.714779592225,0.192676397812,9.30893919081,1.4281536598088604,-0.143598557167,15.592088164,2.0874885363615867,10.158085279965906,7.665600279524504,7.708881728532587,3.0477814416287954,2.4010781618223094,1.0160618952925873,1.2771411842844342,-0.04961127387820463,0.5103514952471038,2.23079163548,3.90232958054,5.42162201735,6.84760533359,8.24087063308,8.24087063308,9.48655406352,9.48655406352,9.48655406352,0.0,0.5689655172413793,0.1896551724137931,0.08620689655172414,0.05172413793103448,0.034482758620689655,0.034482758620689655,0.017241379310344827,0.017241379310344827,0.017241379310344827,0.0,0.58721743048,0.370502880249,0.0575229865307,0.056760195867,-0.0194658165888,-0.0280883547503,-0.199067395318,-0.191508905588,-0.171516762293,-0.0991527300733,0.625,0.5625,0.75,0.6875,0.8125,0.8125,0.890964083948,0.07125320899569489,2.6214924633699535,0.893058505345,0.0962664497160006,2.6901829792453995,0.766446871427,0.0513542347176578,2.1903883456007143,0.794575875074,0.05451380902171528,2.2761539203739267,0.679369000348,0.04934875164745425,2.3272553090636885,0.649619698341,0.0053819848193654134,2.419653702165321
