Well/XY,cell_id,total_distance,net_distance,linearity,spearmanrsq,progressivity,max_speed,min_speed,avg_speed,MSD_slope,hurst_RS,nongauss,disp_var,disp_skew,rw_linearity,rw_netdist,rw_kurtosis01,rw_kurtosis02,rw_kurtosis03,rw_kurtosis04,rw_kurtosis05,rw_kurtosis06,rw_kurtosis07,rw_kurtosis08,rw_kurtosis09,rw_kurtosis10,avg_moving_speed01,avg_moving_speed02,avg_moving_speed03,avg_moving_speed04,avg_moving_speed05,avg_moving_speed06,avg_moving_speed07,avg_moving_speed08,avg_moving_speed09,avg_moving_speed10,time_moving01,time_moving02,time_moving03,time_moving04,time_moving05,time_moving06,time_moving07,time_moving08,time_moving09,time_moving10,autocorr_1,autocorr_2,autocorr_3,autocorr_4,autocorr_5,autocorr_6,autocorr_7,autocorr_8,autocorr_9,autocorr_10,p_rturn_9_5,p_rturn_9_6,p_rturn_10_5,p_rturn_10_6,p_rturn_11_5,p_rturn_11_6,mean_theta_9_5,min_theta_9_5,max_theta_9_5,mean_theta_9_6,min_theta_9_6,max_theta_9_6,mean_theta_10_5,min_theta_10_5,max_theta_10_5,mean_theta_10_6,min_theta_10_6,max_theta_10_6,mean_theta_11_5,min_theta_11_5,max_theta_11_5,mean_theta_11_6,min_theta_11_6,max_theta_11_6
WellE08_Seq0029/xy21,0,2586.076245942119,207.55869434933334,0.000389609978194,0.0127138400769,0.08026008307953766,53.78591596319617,2.143361845326173,34.0273190256,1.20997229571,0.653456633742,0.030011088336,551.874516962,1.338599068442368,-0.217501537265,-214.709229806,2.109066419510383,-0.8899483743545495,-0.06781449490833635,-0.4029891828428447,0.919904990415076,0.722702018817099,0.8041670253113806,-0.9483932534008446,-0.06320405981396382,0.4794885643224198,29.4397167867,29.4397167867,29.4397167867,29.4397167867,30.1519779788,30.5148405597,30.5148405597,30.8562090885,30.8562090885,31.5047865555,1.0,1.0,1.0,1.0,0.9722222222222222,0.9583333333333334,0.9583333333333334,0.9444444444444444,0.9444444444444444,0.9166666666666666,0.230038355929,-0.00186140661378,-0.140493693439,-0.0467070223095,-0.0373628942707,-0.0324640857152,0.0167851067914,0.0554983976479,0.0305000631686,-0.13766374368,0.428571428571,0.47619047619,0.47619047619,0.52380952381,0.6,0.6,0.838290102517,0.018614184600607365,2.1629900789096794,0.803383497254,0.006030901948250623,2.1843956958495694,0.873945233702,0.07216949465719874,1.9819482705955203,0.838464256824,0.02421926129027877,1.9014905875337607,0.856901220961,0.04915769526073749,1.8501666610356977,0.832931049503,0.022075534751314064,1.8278899470079435
