Well/XY,cell_id,total_distance,net_distance,linearity,spearmanrsq,progressivity,max_speed,min_speed,avg_speed,MSD_slope,hurst_RS,nongauss,disp_var,disp_skew,rw_linearity,rw_netdist,rw_kurtosis01,rw_kurtosis02,rw_kurtosis03,rw_kurtosis04,rw_kurtosis05,rw_kurtosis06,rw_kurtosis07,rw_kurtosis08,rw_kurtosis09,rw_kurtosis10,avg_moving_speed01,avg_moving_speed02,avg_moving_speed03,avg_moving_speed04,avg_moving_speed05,avg_moving_speed06,avg_moving_speed07,avg_moving_speed08,avg_moving_speed09,avg_moving_speed10,time_moving01,time_moving02,time_moving03,time_moving04,time_moving05,time_moving06,time_moving07,time_moving08,time_moving09,time_moving10,autocorr_1,autocorr_2,autocorr_3,autocorr_4,autocorr_5,autocorr_6,autocorr_7,autocorr_8,autocorr_9,autocorr_10,p_rturn_9_5,p_rturn_9_6,p_rturn_10_5,p_rturn_10_6,p_rturn_11_5,p_rturn_11_6,mean_theta_9_5,min_theta_9_5,max_theta_9_5,mean_theta_9_6,min_theta_9_6,max_theta_9_6,mean_theta_10_5,min_theta_10_5,max_theta_10_5,mean_theta_10_6,min_theta_10_6,max_theta_10_6,mean_theta_11_5,min_theta_11_5,max_theta_11_5,mean_theta_11_6,min_theta_11_6,max_theta_11_6
WellE08_Seq0029/xy17,0,2206.842518484766,292.0355629028767,0.00507422982204,0.00684475862414,0.13233185442855722,32.20993635510631,0.7720103626247312,29.037401559,0.903771567715,0.621082830481,-0.140865093751,378.904322525,0.8839370612574877,-0.260629572601,-68.309113972,0.17862727393842093,-0.312674939804765,-0.3373720783528631,-0.8287523604680294,-0.9194905470869017,-0.023448769446697604,-1.229976951186962,-0.4402265880700367,1.1453430125693238,-1.2553581564991074,16.0041417263,16.2082457853,16.6043554412,16.7976560036,16.7976560036,17.33386921,17.5016591055,17.8314382439,18.4672817103,18.6189935416,0.9861111111111112,0.9722222222222222,0.9444444444444444,0.9305555555555556,0.9305555555555556,0.8888888888888888,0.875,0.8472222222222222,0.7916666666666666,0.7777777777777778,0.166476176681,0.00654745470209,-0.0119675523754,-0.142408444344,-0.157008534935,-0.23153024032,0.0687138177622,0.04490572688,0.1941654623,0.37471885583,0.428571428571,0.428571428571,0.238095238095,0.285714285714,0.4,0.45,0.83891297054,0.06672692223426843,1.8762069577289557,0.800698790353,0.06566332170630805,1.8790048915551227,0.9234693365,0.22540824559459222,2.033789020527014,0.848187370314,0.17113805319012718,2.0365869543531807,0.888129555818,0.09258029806733829,1.8862182680273336,0.791065609695,0.015827541811749588,1.7148661940390988
