Well/XY,cell_id,total_distance,net_distance,linearity,spearmanrsq,progressivity,max_speed,min_speed,avg_speed,MSD_slope,hurst_RS,nongauss,disp_var,disp_skew,rw_linearity,rw_netdist,rw_kurtosis01,rw_kurtosis02,rw_kurtosis03,rw_kurtosis04,rw_kurtosis05,rw_kurtosis06,rw_kurtosis07,rw_kurtosis08,rw_kurtosis09,rw_kurtosis10,avg_moving_speed01,avg_moving_speed02,avg_moving_speed03,avg_moving_speed04,avg_moving_speed05,avg_moving_speed06,avg_moving_speed07,avg_moving_speed08,avg_moving_speed09,avg_moving_speed10,time_moving01,time_moving02,time_moving03,time_moving04,time_moving05,time_moving06,time_moving07,time_moving08,time_moving09,time_moving10,autocorr_1,autocorr_2,autocorr_3,autocorr_4,autocorr_5,autocorr_6,autocorr_7,autocorr_8,autocorr_9,autocorr_10,p_rturn_9_5,p_rturn_9_6,p_rturn_10_5,p_rturn_10_6,p_rturn_11_5,p_rturn_11_6,mean_theta_9_5,min_theta_9_5,max_theta_9_5,mean_theta_9_6,min_theta_9_6,max_theta_9_6,mean_theta_10_5,min_theta_10_5,max_theta_10_5,mean_theta_10_6,min_theta_10_6,max_theta_10_6,mean_theta_11_5,min_theta_11_5,max_theta_11_5,mean_theta_11_6,min_theta_11_6,max_theta_11_6
WellE08_Seq0029/xy23,0,2752.848216258191,85.44430934825324,0.0888790363452,0.0893988343899,0.031038510893416936,37.87542739032791,2.5306125740618755,36.221687056,0.938214326898,0.612807735826,0.746407112514,879.430833944,2.2480458321249186,-0.153239179271,-364.055005924,7.660882210610437,-0.44903828692821834,-0.8098847547904477,-0.0469891584709754,-0.9376164229701955,-0.8742903177533714,-0.4521142839971666,0.7957604711906319,-0.7857996815188257,-1.4023468327222657,22.4705258976,22.4705258976,23.0422150288,23.0422150288,23.0422150288,23.0422150288,23.5403311889,23.5403311889,23.5403311889,23.7592720172,0.9861111111111112,0.9861111111111112,0.9583333333333334,0.9583333333333334,0.9583333333333334,0.9583333333333334,0.9305555555555556,0.9305555555555556,0.9305555555555556,0.9166666666666666,0.386969090222,-0.0503307119281,-0.207722349904,-0.0662495146084,-0.0266227776676,-0.0964541118069,-0.0897856554264,-0.0427836115021,0.093162081212,-0.0517460600179,0.428571428571,0.428571428571,0.47619047619,0.47619047619,0.55,0.55,0.90401309919,0.08639502400450869,2.6883598954968266,0.824232364219,0.03836162908542888,2.291916121360659,0.796382094288,0.10161398355364804,2.6805674716617114,0.722070452363,0.023712257831425387,2.2841236975255432,0.602868999169,0.015109909698048499,1.3926114066051989,0.535768620922,0.014305184933554836,1.279431148277403
