Well/XY,cell_id,total_distance,net_distance,linearity,spearmanrsq,progressivity,max_speed,min_speed,avg_speed,MSD_slope,hurst_RS,nongauss,disp_var,disp_skew,rw_linearity,rw_netdist,rw_kurtosis01,rw_kurtosis02,rw_kurtosis03,rw_kurtosis04,rw_kurtosis05,rw_kurtosis06,rw_kurtosis07,rw_kurtosis08,rw_kurtosis09,rw_kurtosis10,avg_moving_speed01,avg_moving_speed02,avg_moving_speed03,avg_moving_speed04,avg_moving_speed05,avg_moving_speed06,avg_moving_speed07,avg_moving_speed08,avg_moving_speed09,avg_moving_speed10,time_moving01,time_moving02,time_moving03,time_moving04,time_moving05,time_moving06,time_moving07,time_moving08,time_moving09,time_moving10,autocorr_1,autocorr_2,autocorr_3,autocorr_4,autocorr_5,autocorr_6,autocorr_7,autocorr_8,autocorr_9,autocorr_10,p_rturn_9_5,p_rturn_9_6,p_rturn_10_5,p_rturn_10_6,p_rturn_11_5,p_rturn_11_6,mean_theta_9_5,min_theta_9_5,max_theta_9_5,mean_theta_9_6,min_theta_9_6,max_theta_9_6,mean_theta_10_5,min_theta_10_5,max_theta_10_5,mean_theta_10_6,min_theta_10_6,max_theta_10_6,mean_theta_11_5,min_theta_11_5,max_theta_11_5,mean_theta_11_6,min_theta_11_6,max_theta_11_6
WellE08_Seq0029/xy18,0,2675.878705464124,404.6902777433627,0.00190393044962,0.00619960491625,0.15123640578961528,52.84454181843192,1.496454476420862,35.2089303351,1.37482081838,0.683788740087,-0.115720909397,490.885016004,0.9693115561688901,-0.217955851277,-32.2410571391,2.690554449389781,-1.2561131943721142,-1.0150259169002522,-0.9480143492340716,-1.1143910395319823,-0.9037469931113269,-1.557723410130802,-1.3329692008296972,-0.6982465033152256,-0.9807645598378687,29.8386623181,30.2339146203,30.2339146203,30.2339146203,30.5962112445,30.9576547058,31.3100109794,32.0305537017,32.0305537017,32.0305537017,1.0,0.9861111111111112,0.9861111111111112,0.9861111111111112,0.9722222222222222,0.9583333333333334,0.9444444444444444,0.9166666666666666,0.9166666666666666,0.9166666666666666,0.497944883732,0.272368348465,0.163365340152,-0.0936494237808,-0.303434050711,-0.283130393697,-0.355982964059,-0.302297347592,-0.147106858829,-0.18252809343,0.428571428571,0.428571428571,0.428571428571,0.428571428571,0.5,0.45,0.697727139269,0.031235112133448668,1.9888714467031585,0.697879496056,0.04172833054452762,2.0577447633366965,0.704924494017,0.10399954746430254,1.9707478494401085,0.701102724085,0.031036104786332567,2.0396211660736467,0.665340185346,0.10966296621474472,1.8521346830482592,0.647375010402,0.09790330556700505,1.921007999681797
