Well/XY,cell_id,total_distance,net_distance,linearity,spearmanrsq,progressivity,max_speed,min_speed,avg_speed,MSD_slope,hurst_RS,nongauss,disp_var,disp_skew,rw_linearity,rw_netdist,rw_kurtosis01,rw_kurtosis02,rw_kurtosis03,rw_kurtosis04,rw_kurtosis05,rw_kurtosis06,rw_kurtosis07,rw_kurtosis08,rw_kurtosis09,rw_kurtosis10,avg_moving_speed01,avg_moving_speed02,avg_moving_speed03,avg_moving_speed04,avg_moving_speed05,avg_moving_speed06,avg_moving_speed07,avg_moving_speed08,avg_moving_speed09,avg_moving_speed10,time_moving01,time_moving02,time_moving03,time_moving04,time_moving05,time_moving06,time_moving07,time_moving08,time_moving09,time_moving10,autocorr_1,autocorr_2,autocorr_3,autocorr_4,autocorr_5,autocorr_6,autocorr_7,autocorr_8,autocorr_9,autocorr_10,p_rturn_9_5,p_rturn_9_6,p_rturn_10_5,p_rturn_10_6,p_rturn_11_5,p_rturn_11_6,mean_theta_9_5,min_theta_9_5,max_theta_9_5,mean_theta_9_6,min_theta_9_6,max_theta_9_6,mean_theta_10_5,min_theta_10_5,max_theta_10_5,mean_theta_10_6,min_theta_10_6,max_theta_10_6,mean_theta_11_5,min_theta_11_5,max_theta_11_5,mean_theta_11_6,min_theta_11_6,max_theta_11_6
WellE08_Seq0029/xy07,0,2455.163667890728,579.9842333201825,0.157378004948,0.158418115485,0.23623037474257536,53.62192197226803,1.960102038160287,32.3047851038,1.32920336154,0.637552308204,0.272752224874,459.250145987,2.0791762113396084,-0.0961544164625,179.092392978,7.181398013091064,1.6005880932672767,1.9610030390867363,0.20591282896612206,-1.2086507318839057,0.5189140779133812,-1.1586751567315956,-0.8888823721359409,0.3994825902788768,-0.6919752335115992,25.8095179575,25.8095179575,26.1381095332,26.1381095332,26.1381095332,26.1381095332,26.1381095332,26.1381095332,26.9219787082,26.9219787082,1.0,1.0,0.9861111111111112,0.9861111111111112,0.9861111111111112,0.9861111111111112,0.9861111111111112,0.9861111111111112,0.9444444444444444,0.9444444444444444,0.185510165904,0.0324462958838,0.0443725246053,-0.248138400169,-0.205710820563,0.0663028661001,-0.00722034560879,0.0810866088739,0.0167108958224,-0.116370439171,0.47619047619,0.52380952381,0.52380952381,0.571428571429,0.6,0.65,0.600177653157,0.0049121854873322756,2.584105125986063,0.560831834862,0.03953555561661397,2.5166282468320933,0.693777590313,0.080859781937867,2.5769197574984757,0.641380714399,0.03787254928324859,2.5094428783445055,0.735706635455,0.024239217956065207,2.5745883029365166,0.674439118116,0.04210251323504385,2.5071114237825465
