Well/XY,cell_id,total_distance,net_distance,linearity,spearmanrsq,progressivity,max_speed,min_speed,avg_speed,MSD_slope,hurst_RS,nongauss,disp_var,disp_skew,rw_linearity,rw_netdist,rw_kurtosis01,rw_kurtosis02,rw_kurtosis03,rw_kurtosis04,rw_kurtosis05,rw_kurtosis06,rw_kurtosis07,rw_kurtosis08,rw_kurtosis09,rw_kurtosis10,avg_moving_speed01,avg_moving_speed02,avg_moving_speed03,avg_moving_speed04,avg_moving_speed05,avg_moving_speed06,avg_moving_speed07,avg_moving_speed08,avg_moving_speed09,avg_moving_speed10,time_moving01,time_moving02,time_moving03,time_moving04,time_moving05,time_moving06,time_moving07,time_moving08,time_moving09,time_moving10,autocorr_1,autocorr_2,autocorr_3,autocorr_4,autocorr_5,autocorr_6,autocorr_7,autocorr_8,autocorr_9,autocorr_10,p_rturn_9_5,p_rturn_9_6,p_rturn_10_5,p_rturn_10_6,p_rturn_11_5,p_rturn_11_6,mean_theta_9_5,min_theta_9_5,max_theta_9_5,mean_theta_9_6,min_theta_9_6,max_theta_9_6,mean_theta_10_5,min_theta_10_5,max_theta_10_5,mean_theta_10_6,min_theta_10_6,max_theta_10_6,mean_theta_11_5,min_theta_11_5,max_theta_11_5,mean_theta_11_6,min_theta_11_6,max_theta_11_6
WellE08_Seq0029/xy08,0,3195.460710730854,652.2070067087595,0.601407968343,0.525382251144,0.20410421712229068,44.82005640335586,1.3601779295371685,42.0455356675,1.18694879678,0.636424275471,-0.28761880426,550.54063996,0.7583331541861621,0.387388660798,130.435630804,0.2447952483766782,-0.8684572485509015,0.07273970231503668,-1.0669322808989958,-1.1199851447002427,0.26496022011961573,-0.05443574888782177,-0.2895231174080717,-0.8932250523312937,-0.8675137589788466,28.5322585144,28.5322585144,28.5322585144,28.5322585144,28.5322585144,28.8497056603,29.5069013307,30.1734446702,30.8374996154,30.8374996154,1.0,1.0,1.0,1.0,1.0,0.9861111111111112,0.9583333333333334,0.9305555555555556,0.9027777777777778,0.9027777777777778,0.0800119959205,0.0596617826144,-0.0426939820666,-0.11353123738,0.119968803829,0.166599917023,0.205217570479,0.0798226865093,-0.00990345422742,-0.0899074636144,0.238095238095,0.238095238095,0.333333333333,0.333333333333,0.35,0.35,1.15115603458,0.175652067520067,2.1139861866277285,1.03363448885,0.12003171920270202,2.12229741573602,1.21878839798,0.027994207813625556,2.287869122283384,1.11261244184,0.08361455613099696,2.2961803513916754,1.22734728618,0.17672473883547296,2.476566918037494,1.19177264467,0.23234508715283647,2.484878147145785
