Well/XY,cell_id,total_distance,net_distance,linearity,spearmanrsq,progressivity,max_speed,min_speed,avg_speed,MSD_slope,hurst_RS,nongauss,disp_var,disp_skew,rw_linearity,rw_netdist,rw_kurtosis01,rw_kurtosis02,rw_kurtosis03,rw_kurtosis04,rw_kurtosis05,rw_kurtosis06,rw_kurtosis07,rw_kurtosis08,rw_kurtosis09,rw_kurtosis10,avg_moving_speed01,avg_moving_speed02,avg_moving_speed03,avg_moving_speed04,avg_moving_speed05,avg_moving_speed06,avg_moving_speed07,avg_moving_speed08,avg_moving_speed09,avg_moving_speed10,time_moving01,time_moving02,time_moving03,time_moving04,time_moving05,time_moving06,time_moving07,time_moving08,time_moving09,time_moving10,autocorr_1,autocorr_2,autocorr_3,autocorr_4,autocorr_5,autocorr_6,autocorr_7,autocorr_8,autocorr_9,autocorr_10,p_rturn_9_5,p_rturn_9_6,p_rturn_10_5,p_rturn_10_6,p_rturn_11_5,p_rturn_11_6,mean_theta_9_5,min_theta_9_5,max_theta_9_5,mean_theta_9_6,min_theta_9_6,max_theta_9_6,mean_theta_10_5,min_theta_10_5,max_theta_10_5,mean_theta_10_6,min_theta_10_6,max_theta_10_6,mean_theta_11_5,min_theta_11_5,max_theta_11_5,mean_theta_11_6,min_theta_11_6,max_theta_11_6
WellC07_Seq0012/xy21,0,2139.0788347489993,276.01047081587313,0.39919028734,0.526366691082,0.12903239765273092,53.41757763133778,1.4945233353815612,28.1457741414,0.890429734533,0.524538136063,0.30411133356,534.525061694,1.5645030347805142,0.163765420349,-73.2694007931,1.96518930017068,1.4412962061118542,1.1933477066171134,-0.6871392513753083,0.16457062916012166,0.19992984163089123,-1.4511183485399233,-0.7001744238377072,-0.6328531315554198,-1.382100362703077,21.507677238,21.7893077131,22.0760600406,22.919026421,23.2072904335,23.2072904335,23.4709597203,24.8235442435,26.6868118614,28.4946315813,0.9861111111111112,0.9722222222222222,0.9583333333333334,0.9166666666666666,0.9027777777777778,0.9027777777777778,0.8888888888888888,0.8194444444444444,0.7361111111111112,0.6666666666666666,0.290165703507,0.0042304070876,-0.110618275038,-0.114523669194,-0.163086418596,-0.181488812917,-0.141717206986,-0.132578044519,-0.0685516865977,0.00785866087206,0.428571428571,0.428571428571,0.380952380952,0.285714285714,0.35,0.4,0.430774407732,0.004329610709893115,1.7368582066557945,0.454427570047,0.004798853815354869,1.7554726706641284,0.479060812439,0.009720096758400517,2.27059420663081,0.478164820517,0.0017671752831560131,1.981451025856198,0.512672384832,0.0033882912686865147,2.1520450921918846,0.517521873241,0.012219973674262773,1.8629019114172727
