Well/XY,cell_id,total_distance,net_distance,linearity,spearmanrsq,progressivity,max_speed,min_speed,avg_speed,MSD_slope,hurst_RS,nongauss,disp_var,disp_skew,rw_linearity,rw_netdist,rw_kurtosis01,rw_kurtosis02,rw_kurtosis03,rw_kurtosis04,rw_kurtosis05,rw_kurtosis06,rw_kurtosis07,rw_kurtosis08,rw_kurtosis09,rw_kurtosis10,avg_moving_speed01,avg_moving_speed02,avg_moving_speed03,avg_moving_speed04,avg_moving_speed05,avg_moving_speed06,avg_moving_speed07,avg_moving_speed08,avg_moving_speed09,avg_moving_speed10,time_moving01,time_moving02,time_moving03,time_moving04,time_moving05,time_moving06,time_moving07,time_moving08,time_moving09,time_moving10,autocorr_1,autocorr_2,autocorr_3,autocorr_4,autocorr_5,autocorr_6,autocorr_7,autocorr_8,autocorr_9,autocorr_10,p_rturn_9_5,p_rturn_9_6,p_rturn_10_5,p_rturn_10_6,p_rturn_11_5,p_rturn_11_6,mean_theta_9_5,min_theta_9_5,max_theta_9_5,mean_theta_9_6,min_theta_9_6,max_theta_9_6,mean_theta_10_5,min_theta_10_5,max_theta_10_5,mean_theta_10_6,min_theta_10_6,max_theta_10_6,mean_theta_11_5,min_theta_11_5,max_theta_11_5,mean_theta_11_6,min_theta_11_6,max_theta_11_6
WellC07_Seq0012/xy02,0,1924.6641918201997,477.61511701368926,0.713028652109,0.513615350352,0.2481550387041791,42.283850345019445,0.5060474286072398,25.3245288397,1.34421472002,0.807487053181,-0.261616641878,223.548681139,0.7028814842280632,0.486443901379,163.345978874,-0.26844396378252444,0.27179829750752127,-0.6529501960705217,-1.2041452868807117,0.43532083154678514,-0.7580616216694049,-0.9830773232505812,-1.3166591086239272,-1.1107155873677366,-0.6268936025860561,19.0629533061,19.5602931307,19.8106177398,20.0444908072,20.5257185351,21.5037279836,22.0008413621,22.769686533,23.2843783057,24.3640316687,1.0,0.9722222222222222,0.9583333333333334,0.9444444444444444,0.9166666666666666,0.8611111111111112,0.8333333333333334,0.7916666666666666,0.7638888888888888,0.7083333333333334,0.356125954169,0.212287767696,0.187086180355,0.139533118063,-0.0106966181528,-0.0948084552051,-0.085468480495,-0.126140165085,-0.0975387838686,0.0296251009537,0.52380952381,0.47619047619,0.428571428571,0.428571428571,0.5,0.5,0.535978174586,0.04207447718376884,1.6386878372509297,0.531885330683,0.03262520894782723,1.7361041264444836,0.488101473037,0.05032417400262736,1.6509288823127874,0.489259735419,0.013133507065666074,1.7483451715063412,0.561336893424,0.038741938428573736,1.60762282308144,0.562046122449,0.004289146155149595,1.597459878263204
