Well/XY,cell_id,total_distance,net_distance,linearity,spearmanrsq,progressivity,max_speed,min_speed,avg_speed,MSD_slope,hurst_RS,nongauss,disp_var,disp_skew,rw_linearity,rw_netdist,rw_kurtosis01,rw_kurtosis02,rw_kurtosis03,rw_kurtosis04,rw_kurtosis05,rw_kurtosis06,rw_kurtosis07,rw_kurtosis08,rw_kurtosis09,rw_kurtosis10,avg_moving_speed01,avg_moving_speed02,avg_moving_speed03,avg_moving_speed04,avg_moving_speed05,avg_moving_speed06,avg_moving_speed07,avg_moving_speed08,avg_moving_speed09,avg_moving_speed10,time_moving01,time_moving02,time_moving03,time_moving04,time_moving05,time_moving06,time_moving07,time_moving08,time_moving09,time_moving10,autocorr_1,autocorr_2,autocorr_3,autocorr_4,autocorr_5,autocorr_6,autocorr_7,autocorr_8,autocorr_9,autocorr_10,p_rturn_9_5,p_rturn_9_6,p_rturn_10_5,p_rturn_10_6,p_rturn_11_5,p_rturn_11_6,mean_theta_9_5,min_theta_9_5,max_theta_9_5,mean_theta_9_6,min_theta_9_6,max_theta_9_6,mean_theta_10_5,min_theta_10_5,max_theta_10_5,mean_theta_10_6,min_theta_10_6,max_theta_10_6,mean_theta_11_5,min_theta_11_5,max_theta_11_5,mean_theta_11_6,min_theta_11_6,max_theta_11_6
WellC07_Seq0012/xy06,0,2726.6853453291346,467.36677246034526,0.0507240954124,0.00486653624209,0.17140473258528113,45.74590692072894,1.831829686406456,35.8774387543,1.14395391452,0.613299793244,-0.215088567485,522.668125985,0.6864973441916352,-0.196245950958,22.1394662651,-0.22499498490059322,-1.011657252177805,-1.2424706324402637,-1.3038531655087522,-0.8886696411961581,-0.5641291223156979,-1.1425354662657559,-0.137542634909809,-0.6743789813678109,-1.1162312549929396,22.9588806012,22.9588806012,23.8616391572,23.8616391572,24.4408815409,24.7354015828,25.3134656418,25.9017527625,26.4851345733,26.4851345733,0.9861111111111112,0.9861111111111112,0.9444444444444444,0.9444444444444444,0.9166666666666666,0.9027777777777778,0.875,0.8472222222222222,0.8194444444444444,0.8194444444444444,0.0866308523021,0.015757310436,0.14223436738,-0.0807869750159,-0.00712651199167,-0.0143786036052,0.0150136725119,0.0527699616781,-0.163841015403,-0.304900985451,0.428571428571,0.47619047619,0.47619047619,0.47619047619,0.5,0.45,0.751988262439,0.02140768101051378,1.8841929256337735,0.724127551203,0.009321834073326854,1.925306717200705,0.847795364631,0.028253417588795782,2.3562230364042653,0.8250030572,0.032485905992583386,2.1329081607997287,0.615509894267,0.011933018226377207,1.8508062187646959,0.67881331304,0.00015282871101292614,2.062271932417462
