Well/XY,cell_id,total_distance,net_distance,linearity,spearmanrsq,progressivity,max_speed,min_speed,avg_speed,MSD_slope,hurst_RS,nongauss,disp_var,disp_skew,rw_linearity,rw_netdist,rw_kurtosis01,rw_kurtosis02,rw_kurtosis03,rw_kurtosis04,rw_kurtosis05,rw_kurtosis06,rw_kurtosis07,rw_kurtosis08,rw_kurtosis09,rw_kurtosis10,avg_moving_speed01,avg_moving_speed02,avg_moving_speed03,avg_moving_speed04,avg_moving_speed05,avg_moving_speed06,avg_moving_speed07,avg_moving_speed08,avg_moving_speed09,avg_moving_speed10,time_moving01,time_moving02,time_moving03,time_moving04,time_moving05,time_moving06,time_moving07,time_moving08,time_moving09,time_moving10,autocorr_1,autocorr_2,autocorr_3,autocorr_4,autocorr_5,autocorr_6,autocorr_7,autocorr_8,autocorr_9,autocorr_10,p_rturn_9_5,p_rturn_9_6,p_rturn_10_5,p_rturn_10_6,p_rturn_11_5,p_rturn_11_6,mean_theta_9_5,min_theta_9_5,max_theta_9_5,mean_theta_9_6,min_theta_9_6,max_theta_9_6,mean_theta_10_5,min_theta_10_5,max_theta_10_5,mean_theta_10_6,min_theta_10_6,max_theta_10_6,mean_theta_11_5,min_theta_11_5,max_theta_11_5,mean_theta_11_6,min_theta_11_6,max_theta_11_6
WellC04_Seq0015/xy13,0,445.21778219762183,12.416154799292787,0.254063068186,0.270559541192,0.027887823208691032,5.312899396751269,0.0961041102138677,5.85812871313,0.239705606871,0.818444089619,0.780438563944,57.1648844978,1.7177997501332565,0.0401181262564,-60.2813107068,1.4417991979325526,2.587670574663549,0.8276522185079918,-0.16965417730887467,-1.0020829679556107,-1.4722330666292414,-1.4031209019174649,-0.2627444905819787,-1.6078154611907252,-1.8874591883160008,3.48816462019,4.10249694511,4.25428209857,4.55545978569,5.06607102134,0.0,0.0,0.0,0.0,0.0,0.375,0.2916666666666667,0.2638888888888889,0.18055555555555555,0.027777777777777776,0.0,0.0,0.0,0.0,0.0,0.462228732917,0.317224194021,0.233573380314,0.147496923934,0.292227520362,0.316367325194,0.340648077548,0.203243130514,0.100145341155,0.0254924513591,0.47619047619,0.47619047619,0.428571428571,0.47619047619,0.45,0.45,0.988994830737,0.08260518303967307,2.9977527694213606,0.941064504222,0.04230976176886546,3.0041730349553584,1.06695176691,0.046074687217753485,2.964224253326643,1.03687896966,0.0565647218160785,2.970644518860641,1.18071901444,0.05318714693353866,2.9602471173292093,1.15296829051,0.01223099721901666,2.966667382863209
