Well/XY,cell_id,total_distance,net_distance,linearity,spearmanrsq,progressivity,max_speed,min_speed,avg_speed,MSD_slope,hurst_RS,nongauss,disp_var,disp_skew,rw_linearity,rw_netdist,rw_kurtosis01,rw_kurtosis02,rw_kurtosis03,rw_kurtosis04,rw_kurtosis05,rw_kurtosis06,rw_kurtosis07,rw_kurtosis08,rw_kurtosis09,rw_kurtosis10,avg_moving_speed01,avg_moving_speed02,avg_moving_speed03,avg_moving_speed04,avg_moving_speed05,avg_moving_speed06,avg_moving_speed07,avg_moving_speed08,avg_moving_speed09,avg_moving_speed10,time_moving01,time_moving02,time_moving03,time_moving04,time_moving05,time_moving06,time_moving07,time_moving08,time_moving09,time_moving10,autocorr_1,autocorr_2,autocorr_3,autocorr_4,autocorr_5,autocorr_6,autocorr_7,autocorr_8,autocorr_9,autocorr_10,p_rturn_9_5,p_rturn_9_6,p_rturn_10_5,p_rturn_10_6,p_rturn_11_5,p_rturn_11_6,mean_theta_9_5,min_theta_9_5,max_theta_9_5,mean_theta_9_6,min_theta_9_6,max_theta_9_6,mean_theta_10_5,min_theta_10_5,max_theta_10_5,mean_theta_10_6,min_theta_10_6,max_theta_10_6,mean_theta_11_5,min_theta_11_5,max_theta_11_5,mean_theta_11_6,min_theta_11_6,max_theta_11_6
WellB11_Seq0009/xy01,0,344.6298433274477,236.47877473464715,0.911986672829,0.548830530658,0.6861819407495666,10.210961952725118,0.22332935319837127,5.55854586012,1.64265030448,0.888822698727,0.189438035073,20.5015122471,1.344599318483091,0.673126807928,174.084252203,1.5449023197295713,0.5490022269107127,0.20632779023148506,-0.07114427684216462,-0.7863914079651759,-1.485069320749482,-1.261331302955716,-1.3425566648339242,-1.1556308394998283,-1.3644560614277854,4.71732098087,5.55761936868,7.09649764373,7.37199529726,7.60614730436,8.92087693002,9.3557901215,9.89858673837,10.9131789111,10.9131789111,0.9137931034482759,0.7241379310344828,0.4827586206896552,0.4482758620689655,0.41379310344827586,0.25862068965517243,0.22413793103448276,0.1724137931034483,0.10344827586206896,0.10344827586206896,0.488294371653,0.29250564454,0.159413982771,0.100001823307,0.0424777868212,0.241932090273,0.373850115975,0.294712813318,0.224395568262,0.190082574756,0.5625,0.5,0.5,0.4375,0.5,0.5,0.537982618569,0.03971321438788479,1.527877815755396,0.538641981285,0.00672893481530949,1.4477626256843075,0.538554415568,0.03653398090963037,1.5128357131786672,0.540377780317,0.009908168293540147,1.3298853295659785,0.577966571976,0.010441606778552015,1.5042914737137718,0.578551415688,0.01657438955823951,1.486856056133623
