Well/XY,cell_id,total_distance,net_distance,linearity,spearmanrsq,progressivity,max_speed,min_speed,avg_speed,MSD_slope,hurst_RS,nongauss,disp_var,disp_skew,rw_linearity,rw_netdist,rw_kurtosis01,rw_kurtosis02,rw_kurtosis03,rw_kurtosis04,rw_kurtosis05,rw_kurtosis06,rw_kurtosis07,rw_kurtosis08,rw_kurtosis09,rw_kurtosis10,avg_moving_speed01,avg_moving_speed02,avg_moving_speed03,avg_moving_speed04,avg_moving_speed05,avg_moving_speed06,avg_moving_speed07,avg_moving_speed08,avg_moving_speed09,avg_moving_speed10,time_moving01,time_moving02,time_moving03,time_moving04,time_moving05,time_moving06,time_moving07,time_moving08,time_moving09,time_moving10,autocorr_1,autocorr_2,autocorr_3,autocorr_4,autocorr_5,autocorr_6,autocorr_7,autocorr_8,autocorr_9,autocorr_10,p_rturn_9_5,p_rturn_9_6,p_rturn_10_5,p_rturn_10_6,p_rturn_11_5,p_rturn_11_6,mean_theta_9_5,min_theta_9_5,max_theta_9_5,mean_theta_9_6,min_theta_9_6,max_theta_9_6,mean_theta_10_5,min_theta_10_5,max_theta_10_5,mean_theta_10_6,min_theta_10_6,max_theta_10_6,mean_theta_11_5,min_theta_11_5,max_theta_11_5,mean_theta_11_6,min_theta_11_6,max_theta_11_6
WellC05_Seq0016/xy07,0,1333.036185147415,103.59193984089691,0.0595188636827,0.0826547761898,0.07771127370367753,13.223811855890904,0.12165525060594347,17.773815802,0.400206201851,0.718886362256,0.541147595124,302.321386816,1.6714661989708708,-0.161630662844,-115.538378191,2.280647045169001,0.8415224528705125,0.32650014168074826,-1.492989368041536,4.32564276733211,0.6063778306974692,-0.6466723520848197,-0.6287854587468975,-1.4305208108181673,-1.2554533855063088,5.10432914827,5.68633563441,6.76424880044,7.44138646042,7.92966240782,8.55124211454,9.73253787784,10.8389195368,11.4549140308,12.4827694326,0.9436619718309859,0.8169014084507042,0.6056338028169014,0.5070422535211268,0.43661971830985913,0.352112676056338,0.22535211267605634,0.15492957746478872,0.1267605633802817,0.08450704225352113,0.41688041542,0.00357207892395,-0.0439936255561,0.0750419337522,0.146355491739,0.10432754638,-0.0769806659693,-0.199662735082,-0.193178219281,-0.200397098863,0.666666666667,0.666666666667,0.65,0.65,0.736842105263,0.684210526316,0.743923773288,0.03086017173545009,2.0236150892911677,0.809034803008,0.0356878163608024,1.9394938432577467,0.970848245949,0.12876098946660375,2.1903643876482013,1.00837105363,0.05978275596264902,2.1920878546413642,0.918770324308,0.11160459157566896,1.8860421915491778,0.977536400801,0.0909450268563922,1.8877656585423408
