Well/XY,cell_id,total_distance,net_distance,linearity,spearmanrsq,progressivity,max_speed,min_speed,avg_speed,MSD_slope,hurst_RS,nongauss,disp_var,disp_skew,rw_linearity,rw_netdist,rw_kurtosis01,rw_kurtosis02,rw_kurtosis03,rw_kurtosis04,rw_kurtosis05,rw_kurtosis06,rw_kurtosis07,rw_kurtosis08,rw_kurtosis09,rw_kurtosis10,avg_moving_speed01,avg_moving_speed02,avg_moving_speed03,avg_moving_speed04,avg_moving_speed05,avg_moving_speed06,avg_moving_speed07,avg_moving_speed08,avg_moving_speed09,avg_moving_speed10,time_moving01,time_moving02,time_moving03,time_moving04,time_moving05,time_moving06,time_moving07,time_moving08,time_moving09,time_moving10,autocorr_1,autocorr_2,autocorr_3,autocorr_4,autocorr_5,autocorr_6,autocorr_7,autocorr_8,autocorr_9,autocorr_10,p_rturn_9_5,p_rturn_9_6,p_rturn_10_5,p_rturn_10_6,p_rturn_11_5,p_rturn_11_6,mean_theta_9_5,min_theta_9_5,max_theta_9_5,mean_theta_9_6,min_theta_9_6,max_theta_9_6,mean_theta_10_5,min_theta_10_5,max_theta_10_5,mean_theta_10_6,min_theta_10_6,max_theta_10_6,mean_theta_11_5,min_theta_11_5,max_theta_11_5,mean_theta_11_6,min_theta_11_6,max_theta_11_6
WellB04_Seq0002/xy12,0,528.1326754361913,14.044514943564261,0.000332538524629,0.000950245946345,0.02659277790749213,10.574720043575617,0.41357466073250737,6.94911415048,0.612246166208,0.679149247335,0.622879277151,34.2715374012,2.091015354958235,-0.259481462138,-72.1917237926,5.175122328684237,3.3789912964030835,7.399691462416703,1.6395777913111411,2.030455570994948,0.5227130730712384,-0.9914446439513704,-1.0880439004676083,1.1892116481772828,0.3510757030209426,4.21044837301,5.17318472248,5.78204309133,6.47384307924,7.46846174883,8.85408053403,9.97560178996,10.3763392861,10.3763392861,10.8264397559,0.9027777777777778,0.6666666666666666,0.5416666666666666,0.4166666666666667,0.2777777777777778,0.16666666666666666,0.1111111111111111,0.09722222222222222,0.09722222222222222,0.06944444444444445,0.484374726951,0.145687615666,-0.107882069416,-0.0531808997859,-0.0333100146004,-0.0183500955177,0.0671630671366,0.188455055452,0.001982608771,-0.230417424054,0.571428571429,0.571428571429,0.52380952381,0.47619047619,0.55,0.65,0.943117991451,0.04378865000770331,2.710203852926036,0.929876832656,0.14021443773774572,2.5195833000441414,0.662643936731,0.03154647433267616,2.481786825423301,0.672471740806,0.029198265336962716,2.4629664814307217,0.891486297357,0.06967854579498424,2.67972314228957,0.82147536497,0.09968662073495156,2.500665805834989
