Well/XY,cell_id,total_distance,net_distance,linearity,spearmanrsq,progressivity,max_speed,min_speed,avg_speed,MSD_slope,hurst_RS,nongauss,disp_var,disp_skew,rw_linearity,rw_netdist,rw_kurtosis01,rw_kurtosis02,rw_kurtosis03,rw_kurtosis04,rw_kurtosis05,rw_kurtosis06,rw_kurtosis07,rw_kurtosis08,rw_kurtosis09,rw_kurtosis10,avg_moving_speed01,avg_moving_speed02,avg_moving_speed03,avg_moving_speed04,avg_moving_speed05,avg_moving_speed06,avg_moving_speed07,avg_moving_speed08,avg_moving_speed09,avg_moving_speed10,time_moving01,time_moving02,time_moving03,time_moving04,time_moving05,time_moving06,time_moving07,time_moving08,time_moving09,time_moving10,autocorr_1,autocorr_2,autocorr_3,autocorr_4,autocorr_5,autocorr_6,autocorr_7,autocorr_8,autocorr_9,autocorr_10,p_rturn_9_5,p_rturn_9_6,p_rturn_10_5,p_rturn_10_6,p_rturn_11_5,p_rturn_11_6,mean_theta_9_5,min_theta_9_5,max_theta_9_5,mean_theta_9_6,min_theta_9_6,max_theta_9_6,mean_theta_10_5,min_theta_10_5,max_theta_10_5,mean_theta_10_6,min_theta_10_6,max_theta_10_6,mean_theta_11_5,min_theta_11_5,max_theta_11_5,mean_theta_11_6,min_theta_11_6,max_theta_11_6
WellB04_Seq0002/xy04,0,2645.965900446185,372.84486331448903,0.00209268417701,0.00038462924884,0.1409106834111569,68.68559747137678,1.6175401076943838,34.8153407953,0.736517616255,0.714209815444,0.421825524457,933.934594335,1.5262432379456092,-0.223608719104,-59.2021538297,2.6869113262526803,-0.08717741492430253,1.064819324292694,4.099575095241404,1.419672463908089,0.28528184580445304,-0.9207672479744864,-1.1556863943793536,-1.1325045231241666,-1.4855634591201337,22.7636710056,22.7636710056,23.0478223161,23.6177612329,25.1034580842,25.4136307868,26.6872372419,26.6872372419,27.005730338,28.2975462884,1.0,1.0,0.9861111111111112,0.9583333333333334,0.8888888888888888,0.875,0.8194444444444444,0.8194444444444444,0.8055555555555556,0.75,0.475349140423,0.192343615039,-0.00300257269866,-0.0206744139952,0.0370998012489,0.0506254152683,0.238093071243,0.154198120259,0.135442039145,0.0789657590374,0.52380952381,0.47619047619,0.619047619048,0.619047619048,0.6,0.55,0.823436259679,0.03746852197381205,2.4657479739340045,0.749361832595,0.004023281921355237,2.5162236995768845,0.733401371976,0.07794962721450034,2.438247329602869,0.670514575187,0.023835346889251947,2.457306678644002,0.841123760587,0.029491623967826237,2.5143610912432517,0.832323849866,0.022170350022880526,2.49692614458547
