Well/XY,cell_id,total_distance,net_distance,linearity,spearmanrsq,progressivity,max_speed,min_speed,avg_speed,MSD_slope,hurst_RS,nongauss,disp_var,disp_skew,rw_linearity,rw_netdist,rw_kurtosis01,rw_kurtosis02,rw_kurtosis03,rw_kurtosis04,rw_kurtosis05,rw_kurtosis06,rw_kurtosis07,rw_kurtosis08,rw_kurtosis09,rw_kurtosis10,avg_moving_speed01,avg_moving_speed02,avg_moving_speed03,avg_moving_speed04,avg_moving_speed05,avg_moving_speed06,avg_moving_speed07,avg_moving_speed08,avg_moving_speed09,avg_moving_speed10,time_moving01,time_moving02,time_moving03,time_moving04,time_moving05,time_moving06,time_moving07,time_moving08,time_moving09,time_moving10,autocorr_1,autocorr_2,autocorr_3,autocorr_4,autocorr_5,autocorr_6,autocorr_7,autocorr_8,autocorr_9,autocorr_10,p_rturn_9_5,p_rturn_9_6,p_rturn_10_5,p_rturn_10_6,p_rturn_11_5,p_rturn_11_6,mean_theta_9_5,min_theta_9_5,max_theta_9_5,mean_theta_9_6,min_theta_9_6,max_theta_9_6,mean_theta_10_5,min_theta_10_5,max_theta_10_5,mean_theta_10_6,min_theta_10_6,max_theta_10_6,mean_theta_11_5,min_theta_11_5,max_theta_11_5,mean_theta_11_6,min_theta_11_6,max_theta_11_6
WellB04_Seq0002/xy07,0,1677.1510632923546,530.7915598424676,0.146122120636,0.110440283923,0.3164840493261769,40.39412333496046,0.3883297567789642,22.0677771486,1.31023233055,0.616463702656,0.106410659986,321.57863362,1.2105840788434543,-0.090285310899,256.937647336,0.753872603025072,1.8957387978894467,4.920723412857442,-1.2467520527667302,-0.004563656230758273,-1.3552147721809102,-1.08518100351504,-0.517977298620675,0.25878401201534285,-0.9929338465233224,15.8872322368,16.0846162744,16.0846162744,16.4571146385,16.6257205381,16.6257205381,17.2582280002,17.8977434448,18.5775441141,19.0811958744,1.0,0.9861111111111112,0.9861111111111112,0.9583333333333334,0.9444444444444444,0.9444444444444444,0.8888888888888888,0.8333333333333334,0.7777777777777778,0.7361111111111112,0.115525784252,-0.104115152909,-0.125018159278,-0.155178118346,0.111641753368,0.113446996523,0.101527870171,0.0288321834275,-0.051299757367,-0.0209297410925,0.285714285714,0.333333333333,0.333333333333,0.333333333333,0.25,0.3,0.527039227007,0.016207195837153885,1.8917198475958372,0.517174906423,0.00045392719926980125,1.896253749961742,0.770599721672,0.034784383661160566,2.5815950156749525,0.768139846776,0.002315678904304735,2.6196283398492284,0.804358352707,0.02358115798122577,2.15510904121657,0.786234231973,0.013287697891013743,2.1709493429205278
