Well/XY,cell_id,total_distance,net_distance,linearity,spearmanrsq,progressivity,max_speed,min_speed,avg_speed,MSD_slope,hurst_RS,nongauss,disp_var,disp_skew,rw_linearity,rw_netdist,rw_kurtosis01,rw_kurtosis02,rw_kurtosis03,rw_kurtosis04,rw_kurtosis05,rw_kurtosis06,rw_kurtosis07,rw_kurtosis08,rw_kurtosis09,rw_kurtosis10,avg_moving_speed01,avg_moving_speed02,avg_moving_speed03,avg_moving_speed04,avg_moving_speed05,avg_moving_speed06,avg_moving_speed07,avg_moving_speed08,avg_moving_speed09,avg_moving_speed10,time_moving01,time_moving02,time_moving03,time_moving04,time_moving05,time_moving06,time_moving07,time_moving08,time_moving09,time_moving10,autocorr_1,autocorr_2,autocorr_3,autocorr_4,autocorr_5,autocorr_6,autocorr_7,autocorr_8,autocorr_9,autocorr_10,p_rturn_9_5,p_rturn_9_6,p_rturn_10_5,p_rturn_10_6,p_rturn_11_5,p_rturn_11_6,mean_theta_9_5,min_theta_9_5,max_theta_9_5,mean_theta_9_6,min_theta_9_6,max_theta_9_6,mean_theta_10_5,min_theta_10_5,max_theta_10_5,mean_theta_10_6,min_theta_10_6,max_theta_10_6,mean_theta_11_5,min_theta_11_5,max_theta_11_5,mean_theta_11_6,min_theta_11_6,max_theta_11_6
WellE10_Seq0027/xy07,0,2735.329903350182,720.0826233148528,0.11718079652,0.193884199075,0.2632525687058474,59.03169081095341,0.16086018774078242,35.9911829388,1.19688965498,0.73758808231,0.33178871096,1118.65390383,1.401884333340716,-0.116892825944,273.443788911,1.3284056937636244,1.2487996453499264,-1.0260373602346387,0.3909547674604199,-0.6645240170922952,-0.5304238264056051,-0.9132155937392534,-1.3513617830269864,-1.4737472210214466,-1.4284774239453804,24.0353056464,24.6831003936,25.0099484171,25.9809203245,27.3778206606,27.3778206606,28.0699532643,28.4192163653,29.8679494885,30.2492669022,1.0,0.9722222222222222,0.9583333333333334,0.9166666666666666,0.8611111111111112,0.8611111111111112,0.8333333333333334,0.8194444444444444,0.7638888888888888,0.75,0.249641729264,0.0298987526678,0.21119046728,-0.00369280104698,-0.138942626959,-0.2449257591,-0.154269252804,-0.0206428476506,0.0201818470636,-0.11490535198,0.52380952381,0.571428571429,0.428571428571,0.428571428571,0.45,0.5,0.88846737804,0.07184204279425711,2.4135455157230084,0.821367630882,0.05216307661914894,2.437393106031067,0.975444298857,0.048542768701904174,2.6572053661098383,0.92280002675,0.08226862779135556,2.544796586705037,1.11303499422,0.06411439023783748,2.3778721992955454,1.03996929642,0.00816631394034298,2.3589353800242274
