Well/XY,cell_id,total_distance,net_distance,linearity,spearmanrsq,progressivity,max_speed,min_speed,avg_speed,MSD_slope,hurst_RS,nongauss,disp_var,disp_skew,rw_linearity,rw_netdist,rw_kurtosis01,rw_kurtosis02,rw_kurtosis03,rw_kurtosis04,rw_kurtosis05,rw_kurtosis06,rw_kurtosis07,rw_kurtosis08,rw_kurtosis09,rw_kurtosis10,avg_moving_speed01,avg_moving_speed02,avg_moving_speed03,avg_moving_speed04,avg_moving_speed05,avg_moving_speed06,avg_moving_speed07,avg_moving_speed08,avg_moving_speed09,avg_moving_speed10,time_moving01,time_moving02,time_moving03,time_moving04,time_moving05,time_moving06,time_moving07,time_moving08,time_moving09,time_moving10,autocorr_1,autocorr_2,autocorr_3,autocorr_4,autocorr_5,autocorr_6,autocorr_7,autocorr_8,autocorr_9,autocorr_10,p_rturn_9_5,p_rturn_9_6,p_rturn_10_5,p_rturn_10_6,p_rturn_11_5,p_rturn_11_6,mean_theta_9_5,min_theta_9_5,max_theta_9_5,mean_theta_9_6,min_theta_9_6,max_theta_9_6,mean_theta_10_5,min_theta_10_5,max_theta_10_5,mean_theta_10_6,min_theta_10_6,max_theta_10_6,mean_theta_11_5,min_theta_11_5,max_theta_11_5,mean_theta_11_6,min_theta_11_6,max_theta_11_6
WellE10_Seq0027/xy25,0,2645.942532006922,268.81717672053617,0.153199830047,0.159848608309,0.10159599971229946,64.3958647740676,3.0235938880742514,34.8150333159,1.10684151192,0.702886989338,0.342837108101,965.894818368,1.5277540861065517,-0.0549003028072,-163.226024704,1.4294174144221197,0.4712031044629974,0.9517163339655128,-1.0620116532328596,0.6848564195055444,-0.36369817447485664,-1.05207455616698,-0.605394079662064,-0.9209847054651705,-1.4532331767555795,25.5506081334,25.5506081334,25.8711168051,25.8711168051,26.8213540154,27.4774162805,28.1398161621,28.4710787056,29.4830494667,31.7060180374,1.0,1.0,0.9861111111111112,0.9861111111111112,0.9444444444444444,0.9166666666666666,0.8888888888888888,0.875,0.8333333333333334,0.75,0.282972593643,0.0496725383519,-0.0244884372784,-0.070078735308,0.0705738991864,0.0188753378085,0.182909248279,0.127056608279,-0.00639133286267,0.0611283240944,0.571428571429,0.52380952381,0.47619047619,0.428571428571,0.45,0.45,0.793122799495,0.05222486287672031,2.0482232560117866,0.798721972043,0.022541358185265994,2.151199136194355,0.901110445076,0.02559123559607181,2.4589489580393376,0.874471881609,0.010066941736907748,2.513033818888521,0.925199056009,0.036909841032275646,2.1791764031442824,0.899764881925,0.010335048202823641,2.2332612639934664
