Well/XY,cell_id,total_distance,net_distance,linearity,spearmanrsq,progressivity,max_speed,min_speed,avg_speed,MSD_slope,hurst_RS,nongauss,disp_var,disp_skew,rw_linearity,rw_netdist,rw_kurtosis01,rw_kurtosis02,rw_kurtosis03,rw_kurtosis04,rw_kurtosis05,rw_kurtosis06,rw_kurtosis07,rw_kurtosis08,rw_kurtosis09,rw_kurtosis10,avg_moving_speed01,avg_moving_speed02,avg_moving_speed03,avg_moving_speed04,avg_moving_speed05,avg_moving_speed06,avg_moving_speed07,avg_moving_speed08,avg_moving_speed09,avg_moving_speed10,time_moving01,time_moving02,time_moving03,time_moving04,time_moving05,time_moving06,time_moving07,time_moving08,time_moving09,time_moving10,autocorr_1,autocorr_2,autocorr_3,autocorr_4,autocorr_5,autocorr_6,autocorr_7,autocorr_8,autocorr_9,autocorr_10,p_rturn_9_5,p_rturn_9_6,p_rturn_10_5,p_rturn_10_6,p_rturn_11_5,p_rturn_11_6,mean_theta_9_5,min_theta_9_5,max_theta_9_5,mean_theta_9_6,min_theta_9_6,max_theta_9_6,mean_theta_10_5,min_theta_10_5,max_theta_10_5,mean_theta_10_6,min_theta_10_6,max_theta_10_6,mean_theta_11_5,min_theta_11_5,max_theta_11_5,mean_theta_11_6,min_theta_11_6,max_theta_11_6
WellB04_Seq0002/xy13,0,1965.4704861126413,371.7265324132783,0.0113223180585,0.0397924776522,0.18912852420821066,58.72115230477003,3.6365439637105865,26.2062731482,1.46988731708,0.730890069411,1.46220323021,554.656709832,2.9372826014272633,-0.228958289469,48.6338980929,11.96804267464842,3.464309265176171,6.449945043814527,2.41210132927064,3.6878474155674974,1.3630985299760132,-0.46982271305959467,-0.7523983338396971,-0.8560091112214812,0.8462626813008973,19.2073886202,19.2073886202,19.2073886202,19.2073886202,19.4171522874,19.6160322353,19.8156078066,19.8156078066,20.8913446156,21.4525796414,1.0,1.0,1.0,1.0,0.9859154929577465,0.971830985915493,0.9577464788732394,0.9577464788732394,0.8732394366197183,0.8309859154929577,0.332210370254,0.436084019564,0.197079055787,0.0805975752143,0.0306926580756,-0.11663925323,-0.0492650981857,-0.161617796383,-0.146413633227,-0.183319564332,0.52380952381,0.428571428571,0.4,0.35,0.4,0.35,0.855964395175,0.00427368811575106,2.7192794472128408,0.87085112823,0.03584176364323246,2.7335294114026945,0.989582383279,0.025344347674022816,2.928749374375374,1.01457760268,0.00225154794745902,2.939694435046807,1.04007149589,0.042453455570112784,2.9239353845287375,1.06370006253,0.059695170793559876,2.934880445200169
