Well/XY,cell_id,total_distance,net_distance,linearity,spearmanrsq,progressivity,max_speed,min_speed,avg_speed,MSD_slope,hurst_RS,nongauss,disp_var,disp_skew,rw_linearity,rw_netdist,rw_kurtosis01,rw_kurtosis02,rw_kurtosis03,rw_kurtosis04,rw_kurtosis05,rw_kurtosis06,rw_kurtosis07,rw_kurtosis08,rw_kurtosis09,rw_kurtosis10,avg_moving_speed01,avg_moving_speed02,avg_moving_speed03,avg_moving_speed04,avg_moving_speed05,avg_moving_speed06,avg_moving_speed07,avg_moving_speed08,avg_moving_speed09,avg_moving_speed10,time_moving01,time_moving02,time_moving03,time_moving04,time_moving05,time_moving06,time_moving07,time_moving08,time_moving09,time_moving10,autocorr_1,autocorr_2,autocorr_3,autocorr_4,autocorr_5,autocorr_6,autocorr_7,autocorr_8,autocorr_9,autocorr_10,p_rturn_9_5,p_rturn_9_6,p_rturn_10_5,p_rturn_10_6,p_rturn_11_5,p_rturn_11_6,mean_theta_9_5,min_theta_9_5,max_theta_9_5,mean_theta_9_6,min_theta_9_6,max_theta_9_6,mean_theta_10_5,min_theta_10_5,max_theta_10_5,mean_theta_10_6,min_theta_10_6,max_theta_10_6,mean_theta_11_5,min_theta_11_5,max_theta_11_5,mean_theta_11_6,min_theta_11_6,max_theta_11_6
WellB04_Seq0002/xy24,0,1227.2855036941075,663.7074656804757,0.641731188593,0.670545565222,0.5407930458583011,39.75268544387911,0.3310589071449216,16.3638067159,1.49535447705,0.658366531779,3.2193359629,536.473986208,3.32918043994162,0.391019046397,461.960907157,12.967213386718534,1.931477940643962,3.199549431554253,-0.14475350709307433,0.1334661922054412,-1.134964147061454,-1.3222849814001767,-1.1922192326116192,-1.5856556310702556,-1.7404933076566234,12.2479025561,12.5719680541,13.5255324194,14.8028053399,15.3849980001,16.1864391737,18.3953265339,20.000796762,20.7190727471,21.460667111,0.9859154929577465,0.9577464788732394,0.8732394366197183,0.7746478873239436,0.7323943661971831,0.676056338028169,0.5492957746478874,0.4788732394366197,0.4507042253521127,0.4225352112676056,0.307174199567,0.052641480862,0.0128570037992,-0.153402816261,-0.239301500011,-0.155706075374,-0.198170883478,-0.129179783019,0.089602522437,0.249431275199,0.428571428571,0.380952380952,0.5,0.45,0.5,0.45,0.567424516522,0.0013690606134482213,2.3534586219841853,0.5150006244,0.0025294324028698927,2.3656289685178877,0.505290677787,0.039522960796024985,1.8862952793439745,0.439646513495,0.03136633088240531,1.7258214204207165,0.492427500388,0.004536384538000433,1.8723230089868708,0.43170893731,0.010758854846307314,1.7118491500636128
