Well/XY,cell_id,total_distance,net_distance,linearity,spearmanrsq,progressivity,max_speed,min_speed,avg_speed,MSD_slope,hurst_RS,nongauss,disp_var,disp_skew,rw_linearity,rw_netdist,rw_kurtosis01,rw_kurtosis02,rw_kurtosis03,rw_kurtosis04,rw_kurtosis05,rw_kurtosis06,rw_kurtosis07,rw_kurtosis08,rw_kurtosis09,rw_kurtosis10,avg_moving_speed01,avg_moving_speed02,avg_moving_speed03,avg_moving_speed04,avg_moving_speed05,avg_moving_speed06,avg_moving_speed07,avg_moving_speed08,avg_moving_speed09,avg_moving_speed10,time_moving01,time_moving02,time_moving03,time_moving04,time_moving05,time_moving06,time_moving07,time_moving08,time_moving09,time_moving10,autocorr_1,autocorr_2,autocorr_3,autocorr_4,autocorr_5,autocorr_6,autocorr_7,autocorr_8,autocorr_9,autocorr_10,p_rturn_9_5,p_rturn_9_6,p_rturn_10_5,p_rturn_10_6,p_rturn_11_5,p_rturn_11_6,mean_theta_9_5,min_theta_9_5,max_theta_9_5,mean_theta_9_6,min_theta_9_6,max_theta_9_6,mean_theta_10_5,min_theta_10_5,max_theta_10_5,mean_theta_10_6,min_theta_10_6,max_theta_10_6,mean_theta_11_5,min_theta_11_5,max_theta_11_5,mean_theta_11_6,min_theta_11_6,max_theta_11_6
WellB04_Seq0002/xy22,0,804.9891471026216,169.81710750098168,0.864408738755,0.467310417949,0.21095577264886164,16.798023693280122,0.24738633753706626,10.733188628,0.979832265488,0.827537342711,2.05226014684,189.737183119,2.8298168405569872,0.638706123261,37.4894709506,7.963617798421074,5.978793469578157,4.193915281100811,1.1666950674850955,0.415500947703618,0.050001084484405656,-0.20002716543057408,0.1784374899693888,0.6653050677296974,0.28819704934342427,5.01415401865,5.70231479526,7.15604244919,8.33608438099,9.59083938104,10.7317651349,11.6201767504,12.7312077764,13.1181231603,13.5648572731,0.9295774647887324,0.7746478873239436,0.5352112676056338,0.4084507042253521,0.30985915492957744,0.23943661971830985,0.19718309859154928,0.15492957746478872,0.14084507042253522,0.1267605633802817,0.255342856232,0.0323977966408,0.42030197334,0.336284592891,0.297145752781,0.246858617507,0.236965926523,0.348736051819,0.220191341282,0.0187896501055,0.428571428571,0.380952380952,0.4,0.4,0.45,0.5,0.808670357287,0.05943701180650952,2.1194673895693135,0.793835016258,0.03596371527580689,2.1273350010042833,0.924116283609,0.05791509625119084,1.9268942147591173,0.895770650297,0.03444179972048777,1.924951618675202,0.76598174154,0.02545109723398851,2.2807868968273275,0.742101434021,0.019020034965856778,2.4179012887066906
