Well/XY,cell_id,total_distance,net_distance,linearity,spearmanrsq,progressivity,max_speed,min_speed,avg_speed,MSD_slope,hurst_RS,nongauss,disp_var,disp_skew,rw_linearity,rw_netdist,rw_kurtosis01,rw_kurtosis02,rw_kurtosis03,rw_kurtosis04,rw_kurtosis05,rw_kurtosis06,rw_kurtosis07,rw_kurtosis08,rw_kurtosis09,rw_kurtosis10,avg_moving_speed01,avg_moving_speed02,avg_moving_speed03,avg_moving_speed04,avg_moving_speed05,avg_moving_speed06,avg_moving_speed07,avg_moving_speed08,avg_moving_speed09,avg_moving_speed10,time_moving01,time_moving02,time_moving03,time_moving04,time_moving05,time_moving06,time_moving07,time_moving08,time_moving09,time_moving10,autocorr_1,autocorr_2,autocorr_3,autocorr_4,autocorr_5,autocorr_6,autocorr_7,autocorr_8,autocorr_9,autocorr_10,p_rturn_9_5,p_rturn_9_6,p_rturn_10_5,p_rturn_10_6,p_rturn_11_5,p_rturn_11_6,mean_theta_9_5,min_theta_9_5,max_theta_9_5,mean_theta_9_6,min_theta_9_6,max_theta_9_6,mean_theta_10_5,min_theta_10_5,max_theta_10_5,mean_theta_10_6,min_theta_10_6,max_theta_10_6,mean_theta_11_5,min_theta_11_5,max_theta_11_5,mean_theta_11_6,min_theta_11_6,max_theta_11_6
WellB04_Seq0002/xy03,0,2484.9515798732964,326.4481130287017,0.102037322312,0.161271140817,0.13137000965038795,53.95550807841588,1.2273744334961443,33.1326877316,1.04337467429,0.713752285045,0.467953234974,787.273629053,1.8580787212942536,-0.138604446969,-82.0390953892,3.408789181509696,-0.39466295564362674,1.488520039351446,-0.24299662060228222,-1.2230609542892363,-0.5751205186995829,-1.619497765107917,-1.2484916065837797,-0.4501411881766595,-1.3773457781076008,21.6898084668,21.6898084668,21.6898084668,21.953617634,22.4567354439,22.7122973108,23.2105629947,23.7114143253,23.9539981125,24.943167168,1.0,1.0,1.0,0.9859154929577465,0.9577464788732394,0.9436619718309859,0.9154929577464789,0.8873239436619719,0.8732394366197183,0.8169014084507042,0.100404483111,-0.0342079359709,0.208256828292,0.0657084036057,0.0719158785151,0.0824986866852,0.240729338641,0.144588812182,-0.0445693613864,-0.104275938302,0.52380952381,0.571428571429,0.5,0.55,0.45,0.55,0.879889800804,0.05653034548336012,1.8995059953679156,0.862050426377,0.17299145301567836,1.927455909953974,0.928559962795,0.09714870685862736,2.7765421832121198,0.888952566307,0.05037721699125472,2.561382016444852,0.997848487635,0.0020619585408379057,2.3761139868043717,0.95774302879,0.0001975242601750522,2.3543425255396713
