Well/XY,cell_id,total_distance,net_distance,linearity,spearmanrsq,progressivity,max_speed,min_speed,avg_speed,MSD_slope,hurst_RS,nongauss,disp_var,disp_skew,rw_linearity,rw_netdist,rw_kurtosis01,rw_kurtosis02,rw_kurtosis03,rw_kurtosis04,rw_kurtosis05,rw_kurtosis06,rw_kurtosis07,rw_kurtosis08,rw_kurtosis09,rw_kurtosis10,avg_moving_speed01,avg_moving_speed02,avg_moving_speed03,avg_moving_speed04,avg_moving_speed05,avg_moving_speed06,avg_moving_speed07,avg_moving_speed08,avg_moving_speed09,avg_moving_speed10,time_moving01,time_moving02,time_moving03,time_moving04,time_moving05,time_moving06,time_moving07,time_moving08,time_moving09,time_moving10,autocorr_1,autocorr_2,autocorr_3,autocorr_4,autocorr_5,autocorr_6,autocorr_7,autocorr_8,autocorr_9,autocorr_10,p_rturn_9_5,p_rturn_9_6,p_rturn_10_5,p_rturn_10_6,p_rturn_11_5,p_rturn_11_6,mean_theta_9_5,min_theta_9_5,max_theta_9_5,mean_theta_9_6,min_theta_9_6,max_theta_9_6,mean_theta_10_5,min_theta_10_5,max_theta_10_5,mean_theta_10_6,min_theta_10_6,max_theta_10_6,mean_theta_11_5,min_theta_11_5,max_theta_11_5,mean_theta_11_6,min_theta_11_6,max_theta_11_6
WellE08_Seq0029/xy02,0,1447.6776678756196,175.93292045549637,0.161449318764,0.0880133688226,0.12152768835183278,24.304024028954558,0.16473008225577856,19.302368905,0.823604362156,0.874096414573,1.19072057348,557.208899738,2.2169591148279815,-0.0584611927487,-62.0426658815,3.5369446929792687,7.351314388105557,0.1528199969342312,0.46729062395811916,1.6187133298163774,-0.11111296296193762,0.4709479393679037,-0.7092603697595203,1.709453248367451,-0.9355750588727516,7.95736948358,7.95736948358,8.37161705245,9.15042516918,9.81166575225,11.6804738531,12.5928051841,13.8508543593,14.6114342147,15.3994566847,1.0,1.0,0.9295774647887324,0.8028169014084507,0.704225352112676,0.49295774647887325,0.4225352112676056,0.3380281690140845,0.29577464788732394,0.2535211267605634,0.65112085379,0.548965015237,0.393303028305,0.282678692737,0.141235688124,0.120614938269,0.0429275216431,0.00438224961424,0.0429417451945,0.0418045510969,0.52380952381,0.47619047619,0.4,0.55,0.5,0.55,0.414623244058,0.01743943344361871,1.3577134851756751,0.369041360289,0.0077201183924588326,1.3366673476051827,0.454778494353,0.003752136965513705,1.3421190874293218,0.431057377472,0.021027512132937548,1.3210729498588294,0.542958161497,0.03594186672454746,1.4698089091604583,0.499760792462,0.026120856110271186,1.4316457327288579
