Well/XY,cell_id,total_distance,net_distance,linearity,spearmanrsq,progressivity,max_speed,min_speed,avg_speed,MSD_slope,hurst_RS,nongauss,disp_var,disp_skew,rw_linearity,rw_netdist,rw_kurtosis01,rw_kurtosis02,rw_kurtosis03,rw_kurtosis04,rw_kurtosis05,rw_kurtosis06,rw_kurtosis07,rw_kurtosis08,rw_kurtosis09,rw_kurtosis10,avg_moving_speed01,avg_moving_speed02,avg_moving_speed03,avg_moving_speed04,avg_moving_speed05,avg_moving_speed06,avg_moving_speed07,avg_moving_speed08,avg_moving_speed09,avg_moving_speed10,time_moving01,time_moving02,time_moving03,time_moving04,time_moving05,time_moving06,time_moving07,time_moving08,time_moving09,time_moving10,autocorr_1,autocorr_2,autocorr_3,autocorr_4,autocorr_5,autocorr_6,autocorr_7,autocorr_8,autocorr_9,autocorr_10,p_rturn_9_5,p_rturn_9_6,p_rturn_10_5,p_rturn_10_6,p_rturn_11_5,p_rturn_11_6,mean_theta_9_5,min_theta_9_5,max_theta_9_5,mean_theta_9_6,min_theta_9_6,max_theta_9_6,mean_theta_10_5,min_theta_10_5,max_theta_10_5,mean_theta_10_6,min_theta_10_6,max_theta_10_6,mean_theta_11_5,min_theta_11_5,max_theta_11_5,mean_theta_11_6,min_theta_11_6,max_theta_11_6
WellE10_Seq0027/xy11,0,442.4511206211093,39.57997094491092,0.000116610370016,0.0221882647739,0.08945614351557948,10.553836079833713,0.23802520874897626,5.89934827495,1.16940117585,0.82207875957,-0.146023642832,15.3487930232,0.8091222443866732,-0.23215250611,-33.1520792841,0.2291908606321713,1.1740849410472416,3.6652214128369938,0.8674778209552771,-0.46879801457315917,-0.36235255859482907,-0.558957179112642,0.11549942769186217,-0.5348713613963252,-0.6208075368261903,3.85287869499,4.34191375528,4.72167371576,5.84331344931,6.55163693776,7.11922174998,8.68093003177,9.37937898508,10.7258008559,10.7258008559,0.8732394366197183,0.7183098591549296,0.5915492957746479,0.30985915492957744,0.19718309859154928,0.1267605633802817,0.04225352112676056,0.028169014084507043,0.014084507042253521,0.014084507042253521,0.326022469009,0.223641953368,0.292542737664,0.108465901664,0.144428445557,0.155447299241,-0.0481527010962,0.0342588799934,0.00894785535791,-0.128550622131,0.47619047619,0.428571428571,0.5,0.45,0.45,0.5,0.615033866108,0.03500429455089707,2.4217403128425428,0.621163611083,0.005427977377804736,2.4189683948956473,0.557621673437,0.0933698159220644,2.3560633813958174,0.563787763558,0.0094687685807194,2.398763596438816,0.647989059448,0.018321511262399733,2.3358568082324367,0.672332551281,0.09884159218219254,2.3785570232754356
