Well/XY,cell_id,total_distance,net_distance,linearity,spearmanrsq,progressivity,max_speed,min_speed,avg_speed,MSD_slope,hurst_RS,nongauss,disp_var,disp_skew,rw_linearity,rw_netdist,rw_kurtosis01,rw_kurtosis02,rw_kurtosis03,rw_kurtosis04,rw_kurtosis05,rw_kurtosis06,rw_kurtosis07,rw_kurtosis08,rw_kurtosis09,rw_kurtosis10,avg_moving_speed01,avg_moving_speed02,avg_moving_speed03,avg_moving_speed04,avg_moving_speed05,avg_moving_speed06,avg_moving_speed07,avg_moving_speed08,avg_moving_speed09,avg_moving_speed10,time_moving01,time_moving02,time_moving03,time_moving04,time_moving05,time_moving06,time_moving07,time_moving08,time_moving09,time_moving10,autocorr_1,autocorr_2,autocorr_3,autocorr_4,autocorr_5,autocorr_6,autocorr_7,autocorr_8,autocorr_9,autocorr_10,p_rturn_9_5,p_rturn_9_6,p_rturn_10_5,p_rturn_10_6,p_rturn_11_5,p_rturn_11_6,mean_theta_9_5,min_theta_9_5,max_theta_9_5,mean_theta_9_6,min_theta_9_6,max_theta_9_6,mean_theta_10_5,min_theta_10_5,max_theta_10_5,mean_theta_10_6,min_theta_10_6,max_theta_10_6,mean_theta_11_5,min_theta_11_5,max_theta_11_5,mean_theta_11_6,min_theta_11_6,max_theta_11_6
WellC04_Seq0015/xy22,0,854.5012685115383,98.10249741979034,0.0147712231631,0.00647925023368,0.11480673117159411,13.87724756570987,0.6449806198638953,11.3933502468,1.37078736931,0.665573661358,0.0613957268233,63.0596971453,1.352285150014839,-0.198364008664,-42.3641581847,2.4843369809742892,-0.2535710259749142,-0.5771843026403607,-1.230764371229688,-1.199537272502694,-1.3307334612757622,-0.37425104597728254,-0.8027025875202258,-0.928248387672765,-0.9105884868840208,8.08374752471,8.37989267821,8.7747280837,9.32647806637,10.124984665,10.430625866,10.6023565628,11.208548147,11.890347143,12.5979553952,0.971830985915493,0.9295774647887324,0.8732394366197183,0.7887323943661971,0.676056338028169,0.6338028169014085,0.6056338028169014,0.5070422535211268,0.4084507042253521,0.30985915492957744,0.0750720949988,0.0557128859452,0.0690110080359,0.0918308297796,0.0534437919368,-0.0694858071545,-0.0245590659834,-0.0957035245428,-0.0473271644472,-0.260625538208,0.285714285714,0.238095238095,0.3,0.25,0.35,0.3,0.948635146377,0.23282534167124558,2.705422520052378,0.900267241987,0.016887239298948677,2.6529454854922174,1.01548209047,0.1459780859631649,2.72771492746285,0.969599611173,0.10661431458699316,2.67523789290269,1.02729050582,0.0011762413430203564,2.6513469512305097,0.993340151054,0.05162043526266316,2.5988699166703495
