Well/XY,cell_id,total_distance,net_distance,linearity,spearmanrsq,progressivity,max_speed,min_speed,avg_speed,MSD_slope,hurst_RS,nongauss,disp_var,disp_skew,rw_linearity,rw_netdist,rw_kurtosis01,rw_kurtosis02,rw_kurtosis03,rw_kurtosis04,rw_kurtosis05,rw_kurtosis06,rw_kurtosis07,rw_kurtosis08,rw_kurtosis09,rw_kurtosis10,avg_moving_speed01,avg_moving_speed02,avg_moving_speed03,avg_moving_speed04,avg_moving_speed05,avg_moving_speed06,avg_moving_speed07,avg_moving_speed08,avg_moving_speed09,avg_moving_speed10,time_moving01,time_moving02,time_moving03,time_moving04,time_moving05,time_moving06,time_moving07,time_moving08,time_moving09,time_moving10,autocorr_1,autocorr_2,autocorr_3,autocorr_4,autocorr_5,autocorr_6,autocorr_7,autocorr_8,autocorr_9,autocorr_10,p_rturn_9_5,p_rturn_9_6,p_rturn_10_5,p_rturn_10_6,p_rturn_11_5,p_rturn_11_6,mean_theta_9_5,min_theta_9_5,max_theta_9_5,mean_theta_9_6,min_theta_9_6,max_theta_9_6,mean_theta_10_5,min_theta_10_5,max_theta_10_5,mean_theta_10_6,min_theta_10_6,max_theta_10_6,mean_theta_11_5,min_theta_11_5,max_theta_11_5,mean_theta_11_6,min_theta_11_6,max_theta_11_6
WellC04_Seq0015/xy23,0,1246.5486787855957,395.4341917437085,0.887204655225,0.876763244325,0.317223224791306,28.497445499553105,0.729931503635773,16.6206490505,1.25421919449,0.688321978373,0.235713554954,171.081923331,1.476768291608229,0.666364695653,190.521068253,2.776121802262277,0.2752261448829758,-0.14760081839535788,-0.4673064973829528,0.21990148344226057,-0.6769352460552409,-0.8633426258028631,-1.6148570314942607,-1.0037860098755584,-1.3616761775270088,11.4802493671,11.4802493671,11.7345216663,11.7345216663,12.5463910407,13.1668124158,14.605434416,15.8171536084,17.1038701123,17.3428436382,1.0,1.0,0.971830985915493,0.971830985915493,0.8732394366197183,0.8028169014084507,0.6619718309859155,0.5633802816901409,0.4788732394366197,0.4647887323943662,0.188189892417,0.131455815623,0.176294736177,0.168299840721,0.0145183026019,0.00129611381999,0.0104032150886,-0.172138200584,-0.26182202329,-0.200841105751,0.52380952381,0.52380952381,0.45,0.45,0.5,0.4,0.374789451024,0.011456837860397097,1.127647970516815,0.334177144377,0.009714316648289882,1.081197046732206,0.387330083682,0.00453356345704231,1.1402390384314016,0.339695689655,0.01003459609635249,1.0937881146467927,0.421415625484,0.012051873364585276,1.0612518436590344,0.360086515952,0.011858171087410616,1.0226697602347823
