Well/XY,cell_id,total_distance,net_distance,linearity,spearmanrsq,progressivity,max_speed,min_speed,avg_speed,MSD_slope,hurst_RS,nongauss,disp_var,disp_skew,rw_linearity,rw_netdist,rw_kurtosis01,rw_kurtosis02,rw_kurtosis03,rw_kurtosis04,rw_kurtosis05,rw_kurtosis06,rw_kurtosis07,rw_kurtosis08,rw_kurtosis09,rw_kurtosis10,avg_moving_speed01,avg_moving_speed02,avg_moving_speed03,avg_moving_speed04,avg_moving_speed05,avg_moving_speed06,avg_moving_speed07,avg_moving_speed08,avg_moving_speed09,avg_moving_speed10,time_moving01,time_moving02,time_moving03,time_moving04,time_moving05,time_moving06,time_moving07,time_moving08,time_moving09,time_moving10,autocorr_1,autocorr_2,autocorr_3,autocorr_4,autocorr_5,autocorr_6,autocorr_7,autocorr_8,autocorr_9,autocorr_10,p_rturn_9_5,p_rturn_9_6,p_rturn_10_5,p_rturn_10_6,p_rturn_11_5,p_rturn_11_6,mean_theta_9_5,min_theta_9_5,max_theta_9_5,mean_theta_9_6,min_theta_9_6,max_theta_9_6,mean_theta_10_5,min_theta_10_5,max_theta_10_5,mean_theta_10_6,min_theta_10_6,max_theta_10_6,mean_theta_11_5,min_theta_11_5,max_theta_11_5,mean_theta_11_6,min_theta_11_6,max_theta_11_6
WellC04_Seq0015/xy01,0,872.8882298197677,170.1447765874699,0.805772584219,0.764276891454,0.19492160711412165,8.325046546416436,0.25678006153125377,11.6385097309,1.28700418605,0.685410220276,-0.365715955388,33.7038660044,0.5898022578738943,0.593864133796,26.6555918694,-0.05493833797058034,-0.5812866411299797,-0.12939998403452213,-0.481861324509135,-1.2017859190442461,-0.37600271566518906,-0.246421843925257,-1.5233012608938756,-1.6233692319459097,-1.4556294464907682,4.38176468084,4.81254540914,5.49825412298,5.8913281401,6.63984716173,7.31845844599,8.18410669046,8.93985435421,9.4264962738,0.0,0.971830985915493,0.8450704225352113,0.647887323943662,0.5492957746478874,0.352112676056338,0.22535211267605634,0.11267605633802817,0.04225352112676056,0.014084507042253521,0.0,0.0396263594037,-0.00180627213774,0.0264078370341,0.134747591266,-0.129549500551,-0.114063883717,0.0547062521849,0.0262557535583,0.0201213562326,-0.0242366433739,0.619047619048,0.619047619048,0.65,0.6,0.8,0.75,0.770139550122,0.18410473663245214,2.1015371278890584,0.777702149041,0.13767188826291812,2.123268272206376,0.645480137427,0.036179865206882184,2.223287545500126,0.668726564015,0.0772497233409695,2.2450186898174436,0.648591137648,0.057141929667389686,2.091793105641347,0.638052603957,0.022359157300902696,1.8649538761248543
