Well/XY,cell_id,total_distance,net_distance,linearity,spearmanrsq,progressivity,max_speed,min_speed,avg_speed,MSD_slope,hurst_RS,nongauss,disp_var,disp_skew,rw_linearity,rw_netdist,rw_kurtosis01,rw_kurtosis02,rw_kurtosis03,rw_kurtosis04,rw_kurtosis05,rw_kurtosis06,rw_kurtosis07,rw_kurtosis08,rw_kurtosis09,rw_kurtosis10,avg_moving_speed01,avg_moving_speed02,avg_moving_speed03,avg_moving_speed04,avg_moving_speed05,avg_moving_speed06,avg_moving_speed07,avg_moving_speed08,avg_moving_speed09,avg_moving_speed10,time_moving01,time_moving02,time_moving03,time_moving04,time_moving05,time_moving06,time_moving07,time_moving08,time_moving09,time_moving10,autocorr_1,autocorr_2,autocorr_3,autocorr_4,autocorr_5,autocorr_6,autocorr_7,autocorr_8,autocorr_9,autocorr_10,p_rturn_9_5,p_rturn_9_6,p_rturn_10_5,p_rturn_10_6,p_rturn_11_5,p_rturn_11_6,mean_theta_9_5,min_theta_9_5,max_theta_9_5,mean_theta_9_6,min_theta_9_6,max_theta_9_6,mean_theta_10_5,min_theta_10_5,max_theta_10_5,mean_theta_10_6,min_theta_10_6,max_theta_10_6,mean_theta_11_5,min_theta_11_5,max_theta_11_5,mean_theta_11_6,min_theta_11_6,max_theta_11_6
WellC09_Seq0012/xy22,0,1151.190413190645,152.78929936353526,0.386899809674,0.431189895504,0.13272287330821642,20.473993259742947,0.6047445741798954,15.3492055092,0.731855415895,0.724452310878,1.35179774785,323.655935158,2.306166833885671,0.144132379213,-36.4484153873,5.481743802475739,5.223980580360269,1.9239776329459275,0.14086134298590292,1.3428708302211811,1.7309457560244867,0.4483201603311193,2.5481279455633876,0.9460754390310893,1.1242557270332485,5.99228781573,6.57709146377,7.80477373155,8.7234168074,9.98870275769,10.6455236043,12.5632690647,14.5546621154,16.4242190801,17.149121896,0.971830985915493,0.8591549295774648,0.6619718309859155,0.5492957746478874,0.4225352112676056,0.36619718309859156,0.2535211267605634,0.18309859154929578,0.14084507042253522,0.1267605633802817,0.207307955236,0.264183510288,0.0893177494328,0.0406491567843,0.0117433941295,-0.0309489374316,-0.172772480269,-0.0795894967259,-0.099561713597,-0.137423851116,0.333333333333,0.333333333333,0.4,0.4,0.45,0.5,1.06803149921,0.10056556971425264,2.8467752146398246,1.06596557162,0.15967755780521276,2.795509849985928,1.21720310906,0.06414425298453755,2.7611245188401115,1.23017064259,0.024432095769165198,2.8101407519509323,0.945135554451,0.037341182718107796,2.8169820690660607,0.957174538478,0.07258341580744855,2.8279690382726206
