Well/XY,cell_id,total_distance,net_distance,linearity,spearmanrsq,progressivity,max_speed,min_speed,avg_speed,MSD_slope,hurst_RS,nongauss,disp_var,disp_skew,rw_linearity,rw_netdist,rw_kurtosis01,rw_kurtosis02,rw_kurtosis03,rw_kurtosis04,rw_kurtosis05,rw_kurtosis06,rw_kurtosis07,rw_kurtosis08,rw_kurtosis09,rw_kurtosis10,avg_moving_speed01,avg_moving_speed02,avg_moving_speed03,avg_moving_speed04,avg_moving_speed05,avg_moving_speed06,avg_moving_speed07,avg_moving_speed08,avg_moving_speed09,avg_moving_speed10,time_moving01,time_moving02,time_moving03,time_moving04,time_moving05,time_moving06,time_moving07,time_moving08,time_moving09,time_moving10,autocorr_1,autocorr_2,autocorr_3,autocorr_4,autocorr_5,autocorr_6,autocorr_7,autocorr_8,autocorr_9,autocorr_10,p_rturn_9_5,p_rturn_9_6,p_rturn_10_5,p_rturn_10_6,p_rturn_11_5,p_rturn_11_6,mean_theta_9_5,min_theta_9_5,max_theta_9_5,mean_theta_9_6,min_theta_9_6,max_theta_9_6,mean_theta_10_5,min_theta_10_5,max_theta_10_5,mean_theta_10_6,min_theta_10_6,max_theta_10_6,mean_theta_11_5,min_theta_11_5,max_theta_11_5,mean_theta_11_6,min_theta_11_6,max_theta_11_6
WellC09_Seq0012/xy04,0,2091.954447284106,568.6497946012114,0.72316825505,0.772016961432,0.27182704448438866,51.32450486853236,1.005783276854404,27.8927259638,0.844100543995,0.704537592156,0.522176459927,705.846334661,1.6944591262933755,0.490732139025,224.765173577,2.319843427407535,0.9671664396303568,1.6699769234563044,-0.789661665353762,-1.0673748622569657,-0.7195891993136554,0.04635319520209258,-0.5950665614061661,0.6342136793863502,-0.4341293921666236,18.8526587957,18.8526587957,18.8526587957,19.2887290628,19.5084906728,19.9268550372,20.1288822461,21.902953773,22.377405505,23.121884729,1.0,1.0,1.0,0.971830985915493,0.9577464788732394,0.9295774647887324,0.9154929577464789,0.8028169014084507,0.7746478873239436,0.7323943661971831,0.226998505245,0.0401208076914,-0.0228828404792,-0.02541544237,0.0280138943094,0.304982908077,-0.0421422673626,-0.00913613262221,0.131332228754,0.0320548977473,0.571428571429,0.52380952381,0.5,0.5,0.45,0.45,0.611486381031,0.02105823721543377,2.5324288629531133,0.605630156071,0.0013188864390966141,2.552328617686911,0.601866427165,0.007067657942686971,2.0673327239372865,0.591736447143,0.0002827863103900338,1.9164570311123026,0.551504067516,0.03228011581564455,2.2325841001955435,0.540301412767,0.04195002142504627,2.08170840737056
