Well/XY,cell_id,total_distance,net_distance,linearity,spearmanrsq,progressivity,max_speed,min_speed,avg_speed,MSD_slope,hurst_RS,nongauss,disp_var,disp_skew,rw_linearity,rw_netdist,rw_kurtosis01,rw_kurtosis02,rw_kurtosis03,rw_kurtosis04,rw_kurtosis05,rw_kurtosis06,rw_kurtosis07,rw_kurtosis08,rw_kurtosis09,rw_kurtosis10,avg_moving_speed01,avg_moving_speed02,avg_moving_speed03,avg_moving_speed04,avg_moving_speed05,avg_moving_speed06,avg_moving_speed07,avg_moving_speed08,avg_moving_speed09,avg_moving_speed10,time_moving01,time_moving02,time_moving03,time_moving04,time_moving05,time_moving06,time_moving07,time_moving08,time_moving09,time_moving10,autocorr_1,autocorr_2,autocorr_3,autocorr_4,autocorr_5,autocorr_6,autocorr_7,autocorr_8,autocorr_9,autocorr_10,p_rturn_9_5,p_rturn_9_6,p_rturn_10_5,p_rturn_10_6,p_rturn_11_5,p_rturn_11_6,mean_theta_9_5,min_theta_9_5,max_theta_9_5,mean_theta_9_6,min_theta_9_6,max_theta_9_6,mean_theta_10_5,min_theta_10_5,max_theta_10_5,mean_theta_10_6,min_theta_10_6,max_theta_10_6,mean_theta_11_5,min_theta_11_5,max_theta_11_5,mean_theta_11_6,min_theta_11_6,max_theta_11_6
WellC09_Seq0012/xy02,0,1308.6833227005552,71.93246832967712,0.574232509451,0.522562572581,0.054965526863473495,14.440304705926405,0.42047592083257757,17.4491109693,0.366561896501,0.847880699672,0.378907439023,211.942648938,1.703745243211615,0.359338466822,-143.194619668,2.9744047506025995,2.6859689948039156,-0.3102650014297028,0.5768693388369193,-0.9942115464996175,-0.2603639722600146,1.9108658617613923,-1.012423195423646,1.2292229947849043,-0.6693030266366096,5.43333858818,6.39249188439,7.16043371265,8.11791980684,8.97745186207,8.97745186207,9.51014089896,10.5656045043,11.1697308709,11.1697308709,0.9295774647887324,0.7464788732394366,0.6197183098591549,0.49295774647887325,0.39436619718309857,0.39436619718309857,0.323943661971831,0.2112676056338028,0.16901408450704225,0.16901408450704225,0.416356299261,0.153984299525,0.226135404407,0.166355678616,0.219110748233,0.292017710255,0.185013014484,0.0932340470903,0.153092003363,0.0384530905403,0.571428571429,0.52380952381,0.45,0.4,0.65,0.6,0.770984997602,0.043589999959723555,1.8253625724080222,0.747059202507,0.0018067294717482917,1.8449701261561802,0.72720384696,0.007637798150914514,2.25057202596387,0.763034316732,0.03775893128060535,2.1819289344762995,0.66412976265,0.018699969824534337,2.29274703563559,0.711095308988,0.0688036242643812,2.335072020671349
