Well/XY,cell_id,total_distance,net_distance,linearity,spearmanrsq,progressivity,max_speed,min_speed,avg_speed,MSD_slope,hurst_RS,nongauss,disp_var,disp_skew,rw_linearity,rw_netdist,rw_kurtosis01,rw_kurtosis02,rw_kurtosis03,rw_kurtosis04,rw_kurtosis05,rw_kurtosis06,rw_kurtosis07,rw_kurtosis08,rw_kurtosis09,rw_kurtosis10,avg_moving_speed01,avg_moving_speed02,avg_moving_speed03,avg_moving_speed04,avg_moving_speed05,avg_moving_speed06,avg_moving_speed07,avg_moving_speed08,avg_moving_speed09,avg_moving_speed10,time_moving01,time_moving02,time_moving03,time_moving04,time_moving05,time_moving06,time_moving07,time_moving08,time_moving09,time_moving10,autocorr_1,autocorr_2,autocorr_3,autocorr_4,autocorr_5,autocorr_6,autocorr_7,autocorr_8,autocorr_9,autocorr_10,p_rturn_9_5,p_rturn_9_6,p_rturn_10_5,p_rturn_10_6,p_rturn_11_5,p_rturn_11_6,mean_theta_9_5,min_theta_9_5,max_theta_9_5,mean_theta_9_6,min_theta_9_6,max_theta_9_6,mean_theta_10_5,min_theta_10_5,max_theta_10_5,mean_theta_10_6,min_theta_10_6,max_theta_10_6,mean_theta_11_5,min_theta_11_5,max_theta_11_5,mean_theta_11_6,min_theta_11_6,max_theta_11_6
WellE09_Seq0028/xy16,0,405.0590838566994,215.40519956584154,0.277429228459,0.219375006261,0.5317871099566476,5.533389557947283,0.531413210223463,5.40078778476,1.78416260903,0.743120571849,-0.221837341661,9.06085331967,1.0429865722327056,0.0204600467598,148.819815871,1.5147318799263658,-0.19505404535878057,-0.6987067013457828,-1.3989953523944727,-1.3671134193932064,-1.1130787058653406,-0.9805722988210501,-0.710491652550167,-1.110465476614529,-1.0908216017875787,3.67692322278,3.99181732466,4.64591104661,5.00584618309,5.64103721164,6.1366782969,0.0,0.0,0.0,0.0,0.9577464788732394,0.8309859154929577,0.5774647887323944,0.43661971830985913,0.19718309859154928,0.056338028169014086,0.0,0.0,0.0,0.0,0.027518873887,0.0786303859697,0.209935556407,0.225412495493,0.0779281382422,0.0433960282126,0.177138340893,-0.135397344254,0.185186678516,-0.0579033083803,0.428571428571,0.380952380952,0.35,0.35,0.45,0.4,0.451945742339,0.040029904887524025,1.785071047978263,0.435268292773,0.04753898866088136,1.680236251558338,0.380522512325,0.012981750975819526,1.3837574957501764,0.377215092556,0.01345710790411121,1.400899615493198,0.327236892753,0.009562865652778127,1.3018298554989516,0.310571040762,0.004849923164640522,1.318971975241973
