Well/XY,cell_id,total_distance,net_distance,linearity,spearmanrsq,progressivity,max_speed,min_speed,avg_speed,MSD_slope,hurst_RS,nongauss,disp_var,disp_skew,rw_linearity,rw_netdist,rw_kurtosis01,rw_kurtosis02,rw_kurtosis03,rw_kurtosis04,rw_kurtosis05,rw_kurtosis06,rw_kurtosis07,rw_kurtosis08,rw_kurtosis09,rw_kurtosis10,avg_moving_speed01,avg_moving_speed02,avg_moving_speed03,avg_moving_speed04,avg_moving_speed05,avg_moving_speed06,avg_moving_speed07,avg_moving_speed08,avg_moving_speed09,avg_moving_speed10,time_moving01,time_moving02,time_moving03,time_moving04,time_moving05,time_moving06,time_moving07,time_moving08,time_moving09,time_moving10,autocorr_1,autocorr_2,autocorr_3,autocorr_4,autocorr_5,autocorr_6,autocorr_7,autocorr_8,autocorr_9,autocorr_10,p_rturn_9_5,p_rturn_9_6,p_rturn_10_5,p_rturn_10_6,p_rturn_11_5,p_rturn_11_6,mean_theta_9_5,min_theta_9_5,max_theta_9_5,mean_theta_9_6,min_theta_9_6,max_theta_9_6,mean_theta_10_5,min_theta_10_5,max_theta_10_5,mean_theta_10_6,min_theta_10_6,max_theta_10_6,mean_theta_11_5,min_theta_11_5,max_theta_11_5,mean_theta_11_6,min_theta_11_6,max_theta_11_6
WellE09_Seq0028/xy05,0,1054.2487253401148,285.0913713180391,0.677014939691,0.487491172578,0.2704213573756656,41.62034598606788,0.8988882021697713,14.0566496712,1.47180130251,0.731834281269,4.60381550961,344.022614365,4.253850171296258,0.451591099705,111.789355182,21.48130578136703,11.22571298645645,4.178173794704029,3.6372521794056887,3.363722298180452,2.965591046759209,1.3137780446586014,0.2761219803996582,0.1621019778753925,-0.14457856625862853,10.8161117651,11.2401458517,11.9417060283,12.8438643382,13.6600946874,14.5548217547,15.563642385,17.2405691297,18.4266572615,20.6607224805,0.9859154929577465,0.9436619718309859,0.8732394366197183,0.7887323943661971,0.7183098591549296,0.647887323943662,0.5774647887323944,0.4788732394366197,0.4225352112676056,0.3380281690140845,0.168322761775,0.346202806381,0.1492458022,0.0771186328459,0.0925917063488,0.00680174481963,-0.0566100178884,0.0121912156701,-0.0742746639297,-0.117786908177,0.428571428571,0.380952380952,0.5,0.55,0.5,0.45,0.419699410657,0.0362418183141444,1.637230351360986,0.396207300791,0.0022228444622290626,1.4918275783980393,0.50383265923,0.007947599636910276,1.867759823843676,0.482441915282,0.001698367769181016,1.8549663156574199,0.549225301655,0.009985999089833948,1.7156332990091079,0.524842929662,0.01534980241181638,1.7028397908228519
