Well/XY,cell_id,total_distance,net_distance,linearity,spearmanrsq,progressivity,max_speed,min_speed,avg_speed,MSD_slope,hurst_RS,nongauss,disp_var,disp_skew,rw_linearity,rw_netdist,rw_kurtosis01,rw_kurtosis02,rw_kurtosis03,rw_kurtosis04,rw_kurtosis05,rw_kurtosis06,rw_kurtosis07,rw_kurtosis08,rw_kurtosis09,rw_kurtosis10,avg_moving_speed01,avg_moving_speed02,avg_moving_speed03,avg_moving_speed04,avg_moving_speed05,avg_moving_speed06,avg_moving_speed07,avg_moving_speed08,avg_moving_speed09,avg_moving_speed10,time_moving01,time_moving02,time_moving03,time_moving04,time_moving05,time_moving06,time_moving07,time_moving08,time_moving09,time_moving10,autocorr_1,autocorr_2,autocorr_3,autocorr_4,autocorr_5,autocorr_6,autocorr_7,autocorr_8,autocorr_9,autocorr_10,p_rturn_9_5,p_rturn_9_6,p_rturn_10_5,p_rturn_10_6,p_rturn_11_5,p_rturn_11_6,mean_theta_9_5,min_theta_9_5,max_theta_9_5,mean_theta_9_6,min_theta_9_6,max_theta_9_6,mean_theta_10_5,min_theta_10_5,max_theta_10_5,mean_theta_10_6,min_theta_10_6,max_theta_10_6,mean_theta_11_5,min_theta_11_5,max_theta_11_5,mean_theta_11_6,min_theta_11_6,max_theta_11_6
WellB11_Seq0009/xy01,0,2606.4291619934547,368.46814475609693,0.454573559798,0.503585708819,0.1413689464993111,57.34368404628361,1.1123039153037384,34.7523888266,1.01669141359,0.761526475116,2.42432568889,1681.75857832,3.1661646964138743,0.240338080813,-59.9880798823,11.963258523737526,3.9664192990013714,-0.2506079532442609,-1.1267514129154295,-1.0965718887497855,-0.7061743250991301,0.2085939718001355,-0.6314178845379836,-1.1867059133890456,-0.6333729565215509,15.0706138478,15.0706138478,15.8240509912,16.2059948021,16.2059948021,17.2920195354,17.4768923757,18.0155057845,18.358387919,18.8879280614,1.0,1.0,0.9436619718309859,0.9154929577464789,0.9154929577464789,0.8309859154929577,0.8169014084507042,0.7746478873239436,0.7464788732394366,0.704225352112676,0.470333967505,0.221407399365,0.158310718604,0.0575932366915,-0.081532400342,-0.0958890038237,-0.152211877895,-0.051742431089,-0.0801819359352,-0.0406162967597,0.380952380952,0.380952380952,0.55,0.6,0.4,0.45,0.619820090511,0.05148146284341716,1.7426685888550408,0.606677711366,0.08197572559297234,1.7990411659466305,0.721578389901,0.03412004472993223,1.6820504559562004,0.709628409058,0.0037875477020133286,1.73842303304779,0.657104077551,0.02057897960605948,1.5835756564925965,0.659785502511,0.01613748958579473,1.6024090796927184
