Well/XY,cell_id,total_distance,net_distance,linearity,spearmanrsq,progressivity,max_speed,min_speed,avg_speed,MSD_slope,hurst_RS,nongauss,disp_var,disp_skew,rw_linearity,rw_netdist,rw_kurtosis01,rw_kurtosis02,rw_kurtosis03,rw_kurtosis04,rw_kurtosis05,rw_kurtosis06,rw_kurtosis07,rw_kurtosis08,rw_kurtosis09,rw_kurtosis10,avg_moving_speed01,avg_moving_speed02,avg_moving_speed03,avg_moving_speed04,avg_moving_speed05,avg_moving_speed06,avg_moving_speed07,avg_moving_speed08,avg_moving_speed09,avg_moving_speed10,time_moving01,time_moving02,time_moving03,time_moving04,time_moving05,time_moving06,time_moving07,time_moving08,time_moving09,time_moving10,autocorr_1,autocorr_2,autocorr_3,autocorr_4,autocorr_5,autocorr_6,autocorr_7,autocorr_8,autocorr_9,autocorr_10,p_rturn_9_5,p_rturn_9_6,p_rturn_10_5,p_rturn_10_6,p_rturn_11_5,p_rturn_11_6,mean_theta_9_5,min_theta_9_5,max_theta_9_5,mean_theta_9_6,min_theta_9_6,max_theta_9_6,mean_theta_10_5,min_theta_10_5,max_theta_10_5,mean_theta_10_6,min_theta_10_6,max_theta_10_6,mean_theta_11_5,min_theta_11_5,max_theta_11_5,mean_theta_11_6,min_theta_11_6,max_theta_11_6
WellB11_Seq0009/xy02,0,1909.2474414161077,884.7001180626122,0.229048460881,0.175196318766,0.46337635388235554,34.328599680150084,0.8065829157625337,25.4566325522,1.77058168779,0.741966747745,1.4980376252,336.40085882,3.9750339691410264,0.00155991663932,570.849673716,23.95204595890899,6.3047897938740505,-0.5506833412653696,-0.29645437316877077,-0.4523739942884699,-0.11125906687384557,0.23773684890118885,0.011687024219175335,-0.3306565970824322,-0.690545001416282,21.284180777,21.5656821699,22.4282101443,22.7105772204,22.7105772204,23.5284328659,23.5284328659,23.788563784,24.03736978,24.2850201322,1.0,0.9859154929577465,0.9436619718309859,0.9295774647887324,0.9295774647887324,0.8873239436619719,0.8873239436619719,0.8732394366197183,0.8591549295774648,0.8450704225352113,0.0848600655175,0.121388649049,0.16125139425,-0.0788086817244,0.00971700115406,0.161025970949,-0.0946371556956,-0.0180893607861,-0.103502364966,-0.0717034064134,0.428571428571,0.428571428571,0.45,0.45,0.45,0.45,0.684856945436,0.021172430547168955,2.3544044290544965,0.7022647326,0.056720313425223184,2.2053517260294657,0.753548331535,0.02099439852431641,2.543618461703034,0.781713360946,0.021675021308886985,2.4957387949143537,0.774991156666,0.020537438898039533,2.6427179528251474,0.807205699027,0.05735530507434777,2.594838286036467
