Well/XY,cell_id,total_distance,net_distance,linearity,spearmanrsq,progressivity,max_speed,min_speed,avg_speed,MSD_slope,hurst_RS,nongauss,disp_var,disp_skew,rw_linearity,rw_netdist,rw_kurtosis01,rw_kurtosis02,rw_kurtosis03,rw_kurtosis04,rw_kurtosis05,rw_kurtosis06,rw_kurtosis07,rw_kurtosis08,rw_kurtosis09,rw_kurtosis10,avg_moving_speed01,avg_moving_speed02,avg_moving_speed03,avg_moving_speed04,avg_moving_speed05,avg_moving_speed06,avg_moving_speed07,avg_moving_speed08,avg_moving_speed09,avg_moving_speed10,time_moving01,time_moving02,time_moving03,time_moving04,time_moving05,time_moving06,time_moving07,time_moving08,time_moving09,time_moving10,autocorr_1,autocorr_2,autocorr_3,autocorr_4,autocorr_5,autocorr_6,autocorr_7,autocorr_8,autocorr_9,autocorr_10,p_rturn_9_5,p_rturn_9_6,p_rturn_10_5,p_rturn_10_6,p_rturn_11_5,p_rturn_11_6,mean_theta_9_5,min_theta_9_5,max_theta_9_5,mean_theta_9_6,min_theta_9_6,max_theta_9_6,mean_theta_10_5,min_theta_10_5,max_theta_10_5,mean_theta_10_6,min_theta_10_6,max_theta_10_6,mean_theta_11_5,min_theta_11_5,max_theta_11_5,mean_theta_11_6,min_theta_11_6,max_theta_11_6
WellB11_Seq0009/xy10,0,1606.0816646464834,256.99826478013426,0.0558027906734,0.0845338364834,0.16001568938694188,30.54947488910406,1.5230548250145164,21.4144221953,0.910738829722,0.694047128013,0.426996371706,251.617912617,2.0066190787387197,-0.194960873322,-7.01646331209,5.662773892465291,0.6195755793351663,0.008356921446806442,1.426844971725215,0.2816977564549923,2.881111619104842,3.0864165279280664,2.0998948846212278,0.8324827012511777,1.1979508532086314,12.3585961252,12.3585961252,12.95702233,13.7327080211,14.0433408082,14.5075754687,14.7947144379,15.5017948184,16.2755519126,17.3232352434,1.0,1.0,0.9436619718309859,0.8732394366197183,0.8450704225352113,0.8028169014084507,0.7746478873239436,0.704225352112676,0.6338028169014085,0.5492957746478874,0.142082923535,0.144367096096,-0.100231345586,0.0362926598657,0.0741309833921,0.129796157038,0.00245261022248,-0.0728563007004,-0.0397869110908,-0.113590106799,0.47619047619,0.47619047619,0.5,0.55,0.5,0.5,0.85072393168,0.01085196120975987,2.3394460434331386,0.813307701802,0.06763450472939748,2.3114045616473193,0.933506506856,0.17565758363258296,2.337860628964437,0.901305742979,0.05177349875329522,2.3098191471786174,0.964540828712,0.13495089438776411,2.1513288316133528,0.921172103579,0.17945740632761356,2.123287349827533
