Well/XY,cell_id,total_distance,net_distance,linearity,spearmanrsq,progressivity,max_speed,min_speed,avg_speed,MSD_slope,hurst_RS,nongauss,disp_var,disp_skew,rw_linearity,rw_netdist,rw_kurtosis01,rw_kurtosis02,rw_kurtosis03,rw_kurtosis04,rw_kurtosis05,rw_kurtosis06,rw_kurtosis07,rw_kurtosis08,rw_kurtosis09,rw_kurtosis10,avg_moving_speed01,avg_moving_speed02,avg_moving_speed03,avg_moving_speed04,avg_moving_speed05,avg_moving_speed06,avg_moving_speed07,avg_moving_speed08,avg_moving_speed09,avg_moving_speed10,time_moving01,time_moving02,time_moving03,time_moving04,time_moving05,time_moving06,time_moving07,time_moving08,time_moving09,time_moving10,autocorr_1,autocorr_2,autocorr_3,autocorr_4,autocorr_5,autocorr_6,autocorr_7,autocorr_8,autocorr_9,autocorr_10,p_rturn_9_5,p_rturn_9_6,p_rturn_10_5,p_rturn_10_6,p_rturn_11_5,p_rturn_11_6,mean_theta_9_5,min_theta_9_5,max_theta_9_5,mean_theta_9_6,min_theta_9_6,max_theta_9_6,mean_theta_10_5,min_theta_10_5,max_theta_10_5,mean_theta_10_6,min_theta_10_6,max_theta_10_6,mean_theta_11_5,min_theta_11_5,max_theta_11_5,mean_theta_11_6,min_theta_11_6,max_theta_11_6
WellB11_Seq0009/xy16,0,468.14414899207463,119.74145230453819,0.663781899973,0.77658816005,0.2557790214025837,12.819389845074506,0.32936909387494523,6.24192198656,1.44562487569,0.675233538666,5.02109510683,64.0091562165,4.719424256430025,0.454073151862,42.7858697057,25.374405988011425,9.578110350769306,4.876405886877391,2.884783621097889,-1.1468701978080313,-0.2033299373478381,-0.8628614534063299,-0.27407386640050513,-0.7335953459472044,-1.0421119988016065,3.98562153212,4.54294733258,5.15725861425,6.15697581291,6.81688420788,8.08158297583,9.76896467558,11.3052829563,12.6774635947,12.6774635947,0.9577464788732394,0.7746478873239436,0.5915492957746479,0.38028169014084506,0.2676056338028169,0.14084507042253522,0.07042253521126761,0.04225352112676056,0.028169014084507043,0.028169014084507043,0.0230485580438,0.471927133025,-0.0354532357279,0.0494828982916,-0.00719143861927,-0.0375690292233,-0.0311152464168,-0.00169753771347,-0.0531924282221,0.0187663963394,0.52380952381,0.52380952381,0.55,0.5,0.7,0.75,0.483779946233,0.0026266637382392176,2.149087045561002,0.47228058985,0.019641179639996776,2.167153852628027,0.490473297734,0.0074963821799751045,1.4951094767819837,0.465464763917,0.005867109246194844,1.5352383786072883,0.459180383058,0.014720579321070237,1.2927742189059839,0.421652001991,0.001481779549520784,1.3108410259730092
