Well/XY,cell_id,total_distance,net_distance,linearity,spearmanrsq,progressivity,max_speed,min_speed,avg_speed,MSD_slope,hurst_RS,nongauss,disp_var,disp_skew,rw_linearity,rw_netdist,rw_kurtosis01,rw_kurtosis02,rw_kurtosis03,rw_kurtosis04,rw_kurtosis05,rw_kurtosis06,rw_kurtosis07,rw_kurtosis08,rw_kurtosis09,rw_kurtosis10,avg_moving_speed01,avg_moving_speed02,avg_moving_speed03,avg_moving_speed04,avg_moving_speed05,avg_moving_speed06,avg_moving_speed07,avg_moving_speed08,avg_moving_speed09,avg_moving_speed10,time_moving01,time_moving02,time_moving03,time_moving04,time_moving05,time_moving06,time_moving07,time_moving08,time_moving09,time_moving10,autocorr_1,autocorr_2,autocorr_3,autocorr_4,autocorr_5,autocorr_6,autocorr_7,autocorr_8,autocorr_9,autocorr_10,p_rturn_9_5,p_rturn_9_6,p_rturn_10_5,p_rturn_10_6,p_rturn_11_5,p_rturn_11_6,mean_theta_9_5,min_theta_9_5,max_theta_9_5,mean_theta_9_6,min_theta_9_6,max_theta_9_6,mean_theta_10_5,min_theta_10_5,max_theta_10_5,mean_theta_10_6,min_theta_10_6,max_theta_10_6,mean_theta_11_5,min_theta_11_5,max_theta_11_5,mean_theta_11_6,min_theta_11_6,max_theta_11_6
WellC08_Seq0013/xy04,0,279.6577356994825,233.2015490943403,0.857629449453,0.746382585606,0.8338819897509877,8.418084342651825,0.5194766597259277,4.51060864031,1.96695625049,1.02053030104,-0.105124728406,8.89455322628,1.0477446310073164,0.630635570623,182.570092681,1.034923515073066,0.8355365910695429,0.14458540534426678,-0.5163397841225903,-0.5387467978092944,-1.2831828775148926,-1.0613303332723705,-1.2207943835799455,-1.5013004500528,-1.4407305424306776,4.38298627574,5.09606294549,6.03157074995,6.81420045159,7.39598851866,8.00014367595,8.48219488142,8.93230513246,9.29115778376,0.0,0.9827586206896551,0.7758620689655172,0.5689655172413793,0.43103448275862066,0.3448275862068966,0.25862068965517243,0.1896551724137931,0.13793103448275862,0.06896551724137931,0.0,0.661497934203,0.515377070205,0.408130608558,0.361210140371,0.385531771705,0.307501215371,0.211154302738,0.148965584505,0.158676170098,0.333702568953,0.3125,0.3125,0.3125,0.3125,0.3125,0.3125,0.114780936435,0.04668047882333866,0.2196477900200934,0.108480623377,0.040598966456647644,0.23396085554962073,0.101820388883,0.02336374053753139,0.203949681740033,0.0955200758253,0.025269323200269728,0.18917075550706855,0.115870419645,0.019278480453006598,0.2943878946655282,0.109570106587,0.02197845838538708,0.30870096019505616
