Well/XY,cell_id,total_distance,net_distance,linearity,spearmanrsq,progressivity,max_speed,min_speed,avg_speed,MSD_slope,hurst_RS,nongauss,disp_var,disp_skew,rw_linearity,rw_netdist,rw_kurtosis01,rw_kurtosis02,rw_kurtosis03,rw_kurtosis04,rw_kurtosis05,rw_kurtosis06,rw_kurtosis07,rw_kurtosis08,rw_kurtosis09,rw_kurtosis10,avg_moving_speed01,avg_moving_speed02,avg_moving_speed03,avg_moving_speed04,avg_moving_speed05,avg_moving_speed06,avg_moving_speed07,avg_moving_speed08,avg_moving_speed09,avg_moving_speed10,time_moving01,time_moving02,time_moving03,time_moving04,time_moving05,time_moving06,time_moving07,time_moving08,time_moving09,time_moving10,autocorr_1,autocorr_2,autocorr_3,autocorr_4,autocorr_5,autocorr_6,autocorr_7,autocorr_8,autocorr_9,autocorr_10,p_rturn_9_5,p_rturn_9_6,p_rturn_10_5,p_rturn_10_6,p_rturn_11_5,p_rturn_11_6,mean_theta_9_5,min_theta_9_5,max_theta_9_5,mean_theta_9_6,min_theta_9_6,max_theta_9_6,mean_theta_10_5,min_theta_10_5,max_theta_10_5,mean_theta_10_6,min_theta_10_6,max_theta_10_6,mean_theta_11_5,min_theta_11_5,max_theta_11_5,mean_theta_11_6,min_theta_11_6,max_theta_11_6
WellE10_Seq0011/xy15,0,1850.0811495661246,192.8735474345821,0.516026958994,0.54433191096,0.10425139863719719,24.782324023384085,0.6706713054842939,24.3431730206,0.890858470513,0.599328660108,-0.443116559119,120.617406605,0.20448929099433472,0.274357642079,-109.217285259,-0.16731316362437854,-0.708223776341995,-0.8826213581569919,-0.3233784349152766,-0.8081893525471773,-0.11291090178787044,0.6534773629835473,-0.8072649746640548,-1.002390323338193,-0.7861585610843385,13.4700422961,13.6368508211,13.7955114144,14.2756101936,14.7538786664,15.0729160855,15.2179679679,15.6363334068,16.3490757428,16.7811034522,0.9722222222222222,0.9583333333333334,0.9444444444444444,0.9027777777777778,0.8611111111111112,0.8333333333333334,0.8194444444444444,0.7777777777777778,0.7083333333333334,0.6666666666666666,-0.153184327428,-0.189464793357,0.0782762214721,0.112663188455,-0.0542710088589,0.0615890248552,0.077503677194,-0.0709724217825,-0.00855598098754,0.0895039365262,0.52380952381,0.52380952381,0.571428571429,0.619047619048,0.5,0.5,0.453389314492,0.04623094746162769,1.4681408622979988,0.444756971344,0.06318967560431188,1.4220976234562452,0.448894570601,0.031109280740078852,1.3366670080088079,0.44540182981,0.03854213276357512,1.2906237691670543,0.49495301246,0.02704116720568043,1.542122022747883,0.485011390862,0.02845166474021275,1.5434803388832155
