Well/XY,cell_id,total_distance,net_distance,linearity,spearmanrsq,progressivity,max_speed,min_speed,avg_speed,MSD_slope,hurst_RS,nongauss,disp_var,disp_skew,rw_linearity,rw_netdist,rw_kurtosis01,rw_kurtosis02,rw_kurtosis03,rw_kurtosis04,rw_kurtosis05,rw_kurtosis06,rw_kurtosis07,rw_kurtosis08,rw_kurtosis09,rw_kurtosis10,avg_moving_speed01,avg_moving_speed02,avg_moving_speed03,avg_moving_speed04,avg_moving_speed05,avg_moving_speed06,avg_moving_speed07,avg_moving_speed08,avg_moving_speed09,avg_moving_speed10,time_moving01,time_moving02,time_moving03,time_moving04,time_moving05,time_moving06,time_moving07,time_moving08,time_moving09,time_moving10,autocorr_1,autocorr_2,autocorr_3,autocorr_4,autocorr_5,autocorr_6,autocorr_7,autocorr_8,autocorr_9,autocorr_10,p_rturn_9_5,p_rturn_9_6,p_rturn_10_5,p_rturn_10_6,p_rturn_11_5,p_rturn_11_6,mean_theta_9_5,min_theta_9_5,max_theta_9_5,mean_theta_9_6,min_theta_9_6,max_theta_9_6,mean_theta_10_5,min_theta_10_5,max_theta_10_5,mean_theta_10_6,min_theta_10_6,max_theta_10_6,mean_theta_11_5,min_theta_11_5,max_theta_11_5,mean_theta_11_6,min_theta_11_6,max_theta_11_6
WellE10_Seq0011/xy06,0,924.7176523472631,85.25778556824001,0.518482313244,0.315780366827,0.09219872179559388,14.031122549532506,0.30066592756745697,12.1673375309,1.0589564359,0.654959849825,0.524855229816,92.8607112306,2.098487803072169,0.301963485543,-65.7349023307,4.953805101551692,-0.06746713896943168,-0.46713865343919636,-0.5931770844662854,-1.2873454477774666,-0.5278642140920602,-0.24130894472506892,-0.5457445286884859,-0.12343985314390427,-0.0737996052274128,6.89424667778,7.29648712461,7.85501382659,8.34827130833,9.01769939029,9.3732195329,10.1143883549,11.3012593546,11.434036277,12.2227289603,0.9861111111111112,0.9166666666666666,0.8194444444444444,0.7361111111111112,0.625,0.5694444444444444,0.4583333333333333,0.3194444444444444,0.3055555555555556,0.2222222222222222,0.12073700935,0.0801429059558,0.0467877366875,-0.174903172233,-0.0204262077107,-0.173822917332,0.0179697271878,-0.0618302758508,0.031725660467,-4.90740112665e-05,0.571428571429,0.619047619048,0.47619047619,0.52380952381,0.55,0.6,0.694531112276,0.023578504952214693,2.610451654036934,0.668322685343,0.007259253913958204,2.5683608354637397,0.845035161522,0.0012055645850107882,2.6165457769364524,0.829000017337,0.024456832091586417,2.605387325727245,0.830603704154,0.0017724470957972151,2.4010357651923133,0.815584821229,0.054621624515543685,2.3589449466191197
