Well/XY,cell_id,total_distance,net_distance,linearity,spearmanrsq,progressivity,max_speed,min_speed,avg_speed,MSD_slope,hurst_RS,nongauss,disp_var,disp_skew,rw_linearity,rw_netdist,rw_kurtosis01,rw_kurtosis02,rw_kurtosis03,rw_kurtosis04,rw_kurtosis05,rw_kurtosis06,rw_kurtosis07,rw_kurtosis08,rw_kurtosis09,rw_kurtosis10,avg_moving_speed01,avg_moving_speed02,avg_moving_speed03,avg_moving_speed04,avg_moving_speed05,avg_moving_speed06,avg_moving_speed07,avg_moving_speed08,avg_moving_speed09,avg_moving_speed10,time_moving01,time_moving02,time_moving03,time_moving04,time_moving05,time_moving06,time_moving07,time_moving08,time_moving09,time_moving10,autocorr_1,autocorr_2,autocorr_3,autocorr_4,autocorr_5,autocorr_6,autocorr_7,autocorr_8,autocorr_9,autocorr_10,p_rturn_9_5,p_rturn_9_6,p_rturn_10_5,p_rturn_10_6,p_rturn_11_5,p_rturn_11_6,mean_theta_9_5,min_theta_9_5,max_theta_9_5,mean_theta_9_6,min_theta_9_6,max_theta_9_6,mean_theta_10_5,min_theta_10_5,max_theta_10_5,mean_theta_10_6,min_theta_10_6,max_theta_10_6,mean_theta_11_5,min_theta_11_5,max_theta_11_5,mean_theta_11_6,min_theta_11_6,max_theta_11_6
WellE10_Seq0011/xy11,0,2862.6751030376417,533.4589259727501,0.230622214671,0.202890885858,0.18634979757454354,43.941017056959424,0.7017834423809179,37.6667776715,1.29065911712,0.698903675876,-0.394994566896,414.419489732,0.1254841052472198,0.000523894858197,66.0265077727,-0.6398860038212177,-0.7203108877794944,-1.0412770979232466,-0.503128503699827,0.06262063161534259,1.2717160450091543,0.19582685440874403,-0.713813233895976,-0.7562417929624767,-1.5511093234148596,31.2565931518,31.6792126196,32.0971212643,32.5129051052,32.5129051052,33.3413121146,33.7529726978,35.0134465975,35.0134465975,35.0134465975,0.9861111111111112,0.9722222222222222,0.9583333333333334,0.9444444444444444,0.9444444444444444,0.9166666666666666,0.9027777777777778,0.8611111111111112,0.8611111111111112,0.8611111111111112,0.419085460206,0.195087163901,-0.0639927848668,0.0458953314776,-0.0282725179549,-0.160180565598,-0.200012714585,-0.168505465939,-0.0985836686457,0.124046001602,0.619047619048,0.666666666667,0.571428571429,0.619047619048,0.65,0.65,0.966496006429,0.12045052641079286,2.258531030431461,0.988177761509,0.08580494395291625,2.203663847335549,1.1324155403,0.10767809266173346,2.484187917324184,1.14091782565,0.13043931979470397,2.4613479367384654,1.07810388958,0.011561387836103615,2.2717801943751312,1.07720907706,0.03343326251877864,2.217294495143644
