Well/XY,cell_id,total_distance,net_distance,linearity,spearmanrsq,progressivity,max_speed,min_speed,avg_speed,MSD_slope,hurst_RS,nongauss,disp_var,disp_skew,rw_linearity,rw_netdist,rw_kurtosis01,rw_kurtosis02,rw_kurtosis03,rw_kurtosis04,rw_kurtosis05,rw_kurtosis06,rw_kurtosis07,rw_kurtosis08,rw_kurtosis09,rw_kurtosis10,avg_moving_speed01,avg_moving_speed02,avg_moving_speed03,avg_moving_speed04,avg_moving_speed05,avg_moving_speed06,avg_moving_speed07,avg_moving_speed08,avg_moving_speed09,avg_moving_speed10,time_moving01,time_moving02,time_moving03,time_moving04,time_moving05,time_moving06,time_moving07,time_moving08,time_moving09,time_moving10,autocorr_1,autocorr_2,autocorr_3,autocorr_4,autocorr_5,autocorr_6,autocorr_7,autocorr_8,autocorr_9,autocorr_10,p_rturn_9_5,p_rturn_9_6,p_rturn_10_5,p_rturn_10_6,p_rturn_11_5,p_rturn_11_6,mean_theta_9_5,min_theta_9_5,max_theta_9_5,mean_theta_9_6,min_theta_9_6,max_theta_9_6,mean_theta_10_5,min_theta_10_5,max_theta_10_5,mean_theta_10_6,min_theta_10_6,max_theta_10_6,mean_theta_11_5,min_theta_11_5,max_theta_11_5,mean_theta_11_6,min_theta_11_6,max_theta_11_6
WellB08_Seq0006/xy09,0,1324.169547506541,290.6507051427882,0.202176606879,0.0803576531266,0.21949659368779018,23.75136113994312,0.22610616975216918,17.6555939668,1.21106933251,0.744487260659,1.91445023114,495.495351584,2.712997434935931,-0.0384126001572,72.977923784,7.2701542445263865,6.386024933694973,-0.7232790055043328,0.714253116644235,0.12738018440178545,0.11263055519262766,-0.7125475763755089,-1.122586046836984,0.03551045881390236,-1.5795073592028566,8.14921003809,8.65701814022,9.27029104022,9.94606087596,10.7846090896,11.1566929087,12.078946874,12.8329594787,14.455159555,17.9225942963,0.971830985915493,0.9014084507042254,0.8169014084507042,0.7323943661971831,0.6338028169014085,0.5915492957746479,0.49295774647887325,0.4225352112676056,0.30985915492957744,0.18309859154929578,0.455580823652,0.0455168526628,0.0154198915565,-0.071212793411,-0.0534394690761,-0.0997874255302,-0.0230474397495,0.180609419723,0.165688866679,0.146729177368,0.333333333333,0.285714285714,0.25,0.2,0.3,0.25,0.317806741137,0.007530538341548679,2.0892567735797414,0.286420176865,0.011562910950135995,1.513241606438713,0.233046164266,0.0008527193437433115,1.326220887073418,0.25284342558,0.0031796532648994185,1.2817621853090293,0.318897559689,0.004324145376054491,1.7779382710568596,0.342825679517,0.008636894516768924,1.7334795692924712
