Well/XY,cell_id,total_distance,net_distance,linearity,spearmanrsq,progressivity,max_speed,min_speed,avg_speed,MSD_slope,hurst_RS,nongauss,disp_var,disp_skew,rw_linearity,rw_netdist,rw_kurtosis01,rw_kurtosis02,rw_kurtosis03,rw_kurtosis04,rw_kurtosis05,rw_kurtosis06,rw_kurtosis07,rw_kurtosis08,rw_kurtosis09,rw_kurtosis10,avg_moving_speed01,avg_moving_speed02,avg_moving_speed03,avg_moving_speed04,avg_moving_speed05,avg_moving_speed06,avg_moving_speed07,avg_moving_speed08,avg_moving_speed09,avg_moving_speed10,time_moving01,time_moving02,time_moving03,time_moving04,time_moving05,time_moving06,time_moving07,time_moving08,time_moving09,time_moving10,autocorr_1,autocorr_2,autocorr_3,autocorr_4,autocorr_5,autocorr_6,autocorr_7,autocorr_8,autocorr_9,autocorr_10,p_rturn_9_5,p_rturn_9_6,p_rturn_10_5,p_rturn_10_6,p_rturn_11_5,p_rturn_11_6,mean_theta_9_5,min_theta_9_5,max_theta_9_5,mean_theta_9_6,min_theta_9_6,max_theta_9_6,mean_theta_10_5,min_theta_10_5,max_theta_10_5,mean_theta_10_6,min_theta_10_6,max_theta_10_6,mean_theta_11_5,min_theta_11_5,max_theta_11_5,mean_theta_11_6,min_theta_11_6,max_theta_11_6
WellB08_Seq0006/xy14,0,1822.3149154078694,516.0323502456023,0.283675021012,0.567710232395,0.2831740803318313,72.29561992264814,1.699276316553607,24.2975322054,0.889026992706,0.760587689592,5.67309133133,1687.16143894,4.242972042546541,0.0378920201513,216.472254716,21.256246021248735,9.8348044241879,12.998251607211234,10.90287566610873,4.834378437524971,5.178217576759513,4.039632605373247,3.3622985822541134,2.793632524640847,-1.1516112665911116,12.199043295,12.3636296043,12.6639658419,14.1107867898,16.1617859057,17.4004424782,18.255529901,19.8517570979,22.7835953054,25.8304599145,0.971830985915493,0.9577464788732394,0.9295774647887324,0.8028169014084507,0.6619718309859155,0.5915492957746479,0.5492957746478874,0.4788732394366197,0.38028169014084506,0.30985915492957744,0.192624959049,0.158256539819,0.114919903103,0.0590714804318,-0.0548934179021,0.137830014113,0.0025388843601,0.0716966538042,0.0048643518543,-0.0328539477066,0.714285714286,0.714285714286,0.75,0.75,0.75,0.7,0.910786717532,0.04020193627152505,2.4710232307093842,0.836369708346,0.001276477016347815,2.590963290862435,0.728886705772,0.024803184563558015,2.5049327303551925,0.721161850814,0.004187054776828472,2.5730458116019848,0.786516458755,0.08420979995423616,2.5181758277804156,0.807304382723,0.023863474728102067,2.5904255755304946
