Well/XY,cell_id,total_distance,net_distance,linearity,spearmanrsq,progressivity,max_speed,min_speed,avg_speed,MSD_slope,hurst_RS,nongauss,disp_var,disp_skew,rw_linearity,rw_netdist,rw_kurtosis01,rw_kurtosis02,rw_kurtosis03,rw_kurtosis04,rw_kurtosis05,rw_kurtosis06,rw_kurtosis07,rw_kurtosis08,rw_kurtosis09,rw_kurtosis10,avg_moving_speed01,avg_moving_speed02,avg_moving_speed03,avg_moving_speed04,avg_moving_speed05,avg_moving_speed06,avg_moving_speed07,avg_moving_speed08,avg_moving_speed09,avg_moving_speed10,time_moving01,time_moving02,time_moving03,time_moving04,time_moving05,time_moving06,time_moving07,time_moving08,time_moving09,time_moving10,autocorr_1,autocorr_2,autocorr_3,autocorr_4,autocorr_5,autocorr_6,autocorr_7,autocorr_8,autocorr_9,autocorr_10,p_rturn_9_5,p_rturn_9_6,p_rturn_10_5,p_rturn_10_6,p_rturn_11_5,p_rturn_11_6,mean_theta_9_5,min_theta_9_5,max_theta_9_5,mean_theta_9_6,min_theta_9_6,max_theta_9_6,mean_theta_10_5,min_theta_10_5,max_theta_10_5,mean_theta_10_6,min_theta_10_6,max_theta_10_6,mean_theta_11_5,min_theta_11_5,max_theta_11_5,mean_theta_11_6,min_theta_11_6,max_theta_11_6
WellB08_Seq0006/xy01,0,1469.8682784213001,32.324858855066914,0.773693489601,0.795836973186,0.021991670498383135,52.845999659387665,0.8485281374238569,19.5982437123,1.25508078781,0.797838839803,1.38620260112,632.762532482,2.2478879551116395,0.555266262745,-209.298517092,4.3877690480083364,5.656114707603509,8.859161414687454,4.896856875025601,6.504505616976644,1.5650536803746293,1.7079001785290462,-1.251626805945719,0.13469908679200682,1.8218717276722352,11.3752196864,11.9645164029,12.2517935267,14.0343689016,14.4051132453,15.3709314884,17.5425594142,19.8296004837,20.6604848934,23.1322573949,0.9859154929577465,0.9295774647887324,0.9014084507042254,0.7464788732394366,0.7183098591549296,0.647887323943662,0.5211267605633803,0.4225352112676056,0.39436619718309857,0.323943661971831,0.445800105193,0.270384863141,0.46474793142,0.243601238111,-0.0404953417214,-0.0227514495742,-0.0585420760518,-0.165276095798,-0.174779856194,-0.209110476026,0.571428571429,0.571428571429,0.45,0.45,0.4,0.45,0.40410270653,0.04992671267972062,1.994285949797633,0.377531601375,0.016649927016981064,1.98881967057045,0.381142258155,0.03216596335111591,1.1952940741164007,0.354421744862,0.03466290616021568,1.1396592136738126,0.323825965405,0.022397582131601423,0.9483761665005064,0.305800015331,0.007876352150444934,0.8927413060579183
