Well/XY,cell_id,total_distance,net_distance,linearity,spearmanrsq,progressivity,max_speed,min_speed,avg_speed,MSD_slope,hurst_RS,nongauss,disp_var,disp_skew,rw_linearity,rw_netdist,rw_kurtosis01,rw_kurtosis02,rw_kurtosis03,rw_kurtosis04,rw_kurtosis05,rw_kurtosis06,rw_kurtosis07,rw_kurtosis08,rw_kurtosis09,rw_kurtosis10,avg_moving_speed01,avg_moving_speed02,avg_moving_speed03,avg_moving_speed04,avg_moving_speed05,avg_moving_speed06,avg_moving_speed07,avg_moving_speed08,avg_moving_speed09,avg_moving_speed10,time_moving01,time_moving02,time_moving03,time_moving04,time_moving05,time_moving06,time_moving07,time_moving08,time_moving09,time_moving10,autocorr_1,autocorr_2,autocorr_3,autocorr_4,autocorr_5,autocorr_6,autocorr_7,autocorr_8,autocorr_9,autocorr_10,p_rturn_9_5,p_rturn_9_6,p_rturn_10_5,p_rturn_10_6,p_rturn_11_5,p_rturn_11_6,mean_theta_9_5,min_theta_9_5,max_theta_9_5,mean_theta_9_6,min_theta_9_6,max_theta_9_6,mean_theta_10_5,min_theta_10_5,max_theta_10_5,mean_theta_10_6,min_theta_10_6,max_theta_10_6,mean_theta_11_5,min_theta_11_5,max_theta_11_5,mean_theta_11_6,min_theta_11_6,max_theta_11_6
WellB08_Seq0006/xy11,0,1585.0886950314825,134.1974370098029,0.409733477057,0.207045651952,0.08466241506260791,33.004431520630675,1.3319174148572546,21.1345159338,0.875741829097,0.717431476858,0.657453174756,344.034783137,1.9113421115125189,0.174316209988,-126.366374926,4.701814235700912,-0.3295233133518196,2.140256100868166,-0.8294232144704443,0.16738215503886256,-1.460603044659264,-0.9710612462936066,-1.3384902682983475,0.6048073184334255,1.7608096324584483,10.2771745376,10.6545528847,11.1691971613,12.3982504415,13.7465723901,15.1641650211,17.0296154669,18.3368503615,19.9251440331,20.3459812665,1.0,0.9577464788732394,0.9014084507042254,0.7746478873239436,0.6619718309859155,0.5633802816901409,0.4647887323943662,0.4084507042253521,0.352112676056338,0.3380281690140845,0.135479534161,0.0942180331749,0.127291239324,0.0226981675982,-0.093926514557,-0.0414785219633,-0.141197210931,-0.0564567153253,-0.218687098943,-0.146325812045,0.380952380952,0.333333333333,0.4,0.4,0.5,0.5,1.01468012806,0.002853276928994383,2.840496924894474,0.923004619156,0.09140107249224386,2.829112509152071,1.03238225639,0.3095737274612354,2.7982803462518984,0.94423768361,0.014599989728508761,2.786895930509496,0.948420658246,0.03522873417902478,2.626174375469335,0.912976592366,0.038928239204152136,2.614789959726932
