Well/XY,cell_id,total_distance,net_distance,linearity,spearmanrsq,progressivity,max_speed,min_speed,avg_speed,MSD_slope,hurst_RS,nongauss,disp_var,disp_skew,rw_linearity,rw_netdist,rw_kurtosis01,rw_kurtosis02,rw_kurtosis03,rw_kurtosis04,rw_kurtosis05,rw_kurtosis06,rw_kurtosis07,rw_kurtosis08,rw_kurtosis09,rw_kurtosis10,avg_moving_speed01,avg_moving_speed02,avg_moving_speed03,avg_moving_speed04,avg_moving_speed05,avg_moving_speed06,avg_moving_speed07,avg_moving_speed08,avg_moving_speed09,avg_moving_speed10,time_moving01,time_moving02,time_moving03,time_moving04,time_moving05,time_moving06,time_moving07,time_moving08,time_moving09,time_moving10,autocorr_1,autocorr_2,autocorr_3,autocorr_4,autocorr_5,autocorr_6,autocorr_7,autocorr_8,autocorr_9,autocorr_10,p_rturn_9_5,p_rturn_9_6,p_rturn_10_5,p_rturn_10_6,p_rturn_11_5,p_rturn_11_6,mean_theta_9_5,min_theta_9_5,max_theta_9_5,mean_theta_9_6,min_theta_9_6,max_theta_9_6,mean_theta_10_5,min_theta_10_5,max_theta_10_5,mean_theta_10_6,min_theta_10_6,max_theta_10_6,mean_theta_11_5,min_theta_11_5,max_theta_11_5,mean_theta_11_6,min_theta_11_6,max_theta_11_6
WellC10_Seq0011/xy16,0,1879.4070844305481,167.82466326496828,0.546310611299,0.541192393877,0.08929660032425513,37.99813684906147,0.18867962264112437,25.0587611257,1.01321348092,0.671972675126,-0.0324023712957,374.673899011,0.9277383779669717,0.320180722086,-141.120492696,-0.0701742998995365,0.6755091902042119,3.6068766962232406,1.882054562038812,1.5552222720060849,1.251493523879125,2.1517686746824536,0.15469931426403338,-1.2098622047220666,-0.8214037114031392,10.4005079359,10.6673821697,11.7662206426,12.999353322,13.6930724142,14.8295269432,16.1620781206,16.6747278013,17.7389926907,18.3099633812,1.0,0.971830985915493,0.8591549295774648,0.7464788732394366,0.6901408450704225,0.6056338028169014,0.5211267605633803,0.49295774647887325,0.43661971830985913,0.4084507042253521,0.264325601726,0.0909212541924,-0.0898419102131,-0.159081897878,-0.0641345176221,-0.164311934328,0.0449044625033,0.164421612357,-0.051913497393,-0.118236797815,0.380952380952,0.380952380952,0.35,0.35,0.3,0.3,0.51132651996,0.011665763523245594,2.017499100121984,0.496859590206,0.005704146592506417,2.0285391197763607,0.506458701583,0.010420380101835713,1.8672516821723621,0.492492537814,0.01113223365773337,1.8782917018267389,0.406114965737,0.009532530247436057,1.2005175715682566,0.391205272007,0.005582919564552103,1.20812165842917
