Well/XY,cell_id,total_distance,net_distance,linearity,spearmanrsq,progressivity,max_speed,min_speed,avg_speed,MSD_slope,hurst_RS,nongauss,disp_var,disp_skew,rw_linearity,rw_netdist,rw_kurtosis01,rw_kurtosis02,rw_kurtosis03,rw_kurtosis04,rw_kurtosis05,rw_kurtosis06,rw_kurtosis07,rw_kurtosis08,rw_kurtosis09,rw_kurtosis10,avg_moving_speed01,avg_moving_speed02,avg_moving_speed03,avg_moving_speed04,avg_moving_speed05,avg_moving_speed06,avg_moving_speed07,avg_moving_speed08,avg_moving_speed09,avg_moving_speed10,time_moving01,time_moving02,time_moving03,time_moving04,time_moving05,time_moving06,time_moving07,time_moving08,time_moving09,time_moving10,autocorr_1,autocorr_2,autocorr_3,autocorr_4,autocorr_5,autocorr_6,autocorr_7,autocorr_8,autocorr_9,autocorr_10,p_rturn_9_5,p_rturn_9_6,p_rturn_10_5,p_rturn_10_6,p_rturn_11_5,p_rturn_11_6,mean_theta_9_5,min_theta_9_5,max_theta_9_5,mean_theta_9_6,min_theta_9_6,max_theta_9_6,mean_theta_10_5,min_theta_10_5,max_theta_10_5,mean_theta_10_6,min_theta_10_6,max_theta_10_6,mean_theta_11_5,min_theta_11_5,max_theta_11_5,mean_theta_11_6,min_theta_11_6,max_theta_11_6
WellC10_Seq0011/xy15,0,158.61810581709003,1.2092973166265137,0.171050331891,0.136413036234,0.0076239550989280576,1.5141413408265698,0.0208806130178522,2.11490807756,0.120260890282,0.865451596428,0.653150658343,3.49193680432,2.0512833220362743,-0.051158236848,-24.86504062,4.3630226756257455,2.614668207808207,2.0151264374919196,3.367260549133582,-0.6600527002101018,1.932348256401454,0.6675451268868757,2.620564116991246,0.8038405971656264,0.5004615109177988,1.60558891628,0.0,0.0,0.0,0.0,0.0,0.0,0.0,0.0,0.0,0.04225352112676056,0.0,0.0,0.0,0.0,0.0,0.0,0.0,0.0,0.0,0.493856696512,0.130993236174,0.262413426786,0.430588604745,0.408487229755,0.218976677589,0.093873063388,0.119633254073,0.243340279749,0.184610834419,0.571428571429,0.52380952381,0.5,0.55,0.4,0.45,0.736102937692,0.01246945035477216,2.1418248022779505,0.705667464019,0.035506479290965044,2.046665519238386,0.634824832702,0.02036130121534092,1.4916157206228362,0.630038588098,0.06804108346168092,1.5068219703554568,0.899708263738,0.0807275179435806,2.123130701557928,0.868259010493,0.08344624031541077,1.891242509710155
