Well/XY,cell_id,total_distance,net_distance,linearity,spearmanrsq,progressivity,max_speed,min_speed,avg_speed,MSD_slope,hurst_RS,nongauss,disp_var,disp_skew,rw_linearity,rw_netdist,rw_kurtosis01,rw_kurtosis02,rw_kurtosis03,rw_kurtosis04,rw_kurtosis05,rw_kurtosis06,rw_kurtosis07,rw_kurtosis08,rw_kurtosis09,rw_kurtosis10,avg_moving_speed01,avg_moving_speed02,avg_moving_speed03,avg_moving_speed04,avg_moving_speed05,avg_moving_speed06,avg_moving_speed07,avg_moving_speed08,avg_moving_speed09,avg_moving_speed10,time_moving01,time_moving02,time_moving03,time_moving04,time_moving05,time_moving06,time_moving07,time_moving08,time_moving09,time_moving10,autocorr_1,autocorr_2,autocorr_3,autocorr_4,autocorr_5,autocorr_6,autocorr_7,autocorr_8,autocorr_9,autocorr_10,p_rturn_9_5,p_rturn_9_6,p_rturn_10_5,p_rturn_10_6,p_rturn_11_5,p_rturn_11_6,mean_theta_9_5,min_theta_9_5,max_theta_9_5,mean_theta_9_6,min_theta_9_6,max_theta_9_6,mean_theta_10_5,min_theta_10_5,max_theta_10_5,mean_theta_10_6,min_theta_10_6,max_theta_10_6,mean_theta_11_5,min_theta_11_5,max_theta_11_5,mean_theta_11_6,min_theta_11_6,max_theta_11_6
WellB02_Seq0000/xy21,0,906.2496264831399,406.11744606702126,0.0406946604376,0.0330144803932,0.448129780359779,20.5673624949822,0.9329523031752573,12.0833283531,1.44642960343,0.821445357628,3.96171063135,218.115762113,4.313558630892397,-0.18880642224,257.144169062,20.07750212516998,2.4609068516309156,5.144813131149927,-0.08499895784781275,0.014215948801907352,-1.2746711771350847,-1.4087497258962272,-1.2556236801966845,-1.6021341245090794,-0.18701502891118826,6.66991814677,6.74910097424,6.88013835313,7.38607002014,7.83355542407,8.48494146612,9.50348366319,10.3990456412,11.2805284944,13.3422477527,1.0,0.9859154929577465,0.9577464788732394,0.8309859154929577,0.7183098591549296,0.5633802816901409,0.38028169014084506,0.2676056338028169,0.18309859154929578,0.08450704225352113,0.491007748377,0.155393272265,0.27150594861,0.196301675048,0.0691727993017,0.195597058697,0.284443782259,0.0819952975839,0.122908948155,0.128534993697,0.47619047619,0.428571428571,0.5,0.5,0.45,0.45,0.360879046793,0.06803540431539319,0.9762746023770474,0.313100430288,0.029452786604389894,0.9048049053525751,0.443095725735,0.012204374743444574,1.7776708305425613,0.410252469919,0.02208897833080375,1.7679688387000827,0.404991227863,0.07352374899284292,0.9526343954499892,0.356286494154,0.03573921521814401,0.8705366040967495
