Well/XY,cell_id,total_distance,net_distance,linearity,spearmanrsq,progressivity,max_speed,min_speed,avg_speed,MSD_slope,hurst_RS,nongauss,disp_var,disp_skew,rw_linearity,rw_netdist,rw_kurtosis01,rw_kurtosis02,rw_kurtosis03,rw_kurtosis04,rw_kurtosis05,rw_kurtosis06,rw_kurtosis07,rw_kurtosis08,rw_kurtosis09,rw_kurtosis10,avg_moving_speed01,avg_moving_speed02,avg_moving_speed03,avg_moving_speed04,avg_moving_speed05,avg_moving_speed06,avg_moving_speed07,avg_moving_speed08,avg_moving_speed09,avg_moving_speed10,time_moving01,time_moving02,time_moving03,time_moving04,time_moving05,time_moving06,time_moving07,time_moving08,time_moving09,time_moving10,autocorr_1,autocorr_2,autocorr_3,autocorr_4,autocorr_5,autocorr_6,autocorr_7,autocorr_8,autocorr_9,autocorr_10,p_rturn_9_5,p_rturn_9_6,p_rturn_10_5,p_rturn_10_6,p_rturn_11_5,p_rturn_11_6,mean_theta_9_5,min_theta_9_5,max_theta_9_5,mean_theta_9_6,min_theta_9_6,max_theta_9_6,mean_theta_10_5,min_theta_10_5,max_theta_10_5,mean_theta_10_6,min_theta_10_6,max_theta_10_6,mean_theta_11_5,min_theta_11_5,max_theta_11_5,mean_theta_11_6,min_theta_11_6,max_theta_11_6
WellB02_Seq0000/xy07,0,2276.783218063935,626.1197021824182,0.930014175211,0.648171427962,0.275001896190556,55.32429574789003,2.5418804063133926,30.3571095742,1.28603029794,0.739647309235,5.60222018461,1730.77298302,4.609658041766772,0.671407782512,251.852119485,26.877519827090886,8.804982205527988,3.913796414436656,2.7522887828071907,1.9727636704632765,0.07655383137931082,-0.5275637024551671,-0.5735477808106237,0.9740558131990289,1.5687924519775693,14.1503237947,14.1503237947,14.3134052319,14.9669872549,15.9938948387,17.8293053114,19.07692652,20.1781297674,20.4519729656,22.6949067069,1.0,1.0,0.9859154929577465,0.9295774647887324,0.8450704225352113,0.7183098591549296,0.647887323943662,0.5915492957746479,0.5774647887323944,0.4788732394366197,0.197747931871,0.216251859122,0.113403451601,0.130834735473,0.0678989691012,0.355666914435,-0.110500256844,-0.0469563829583,-0.0588613908891,-0.10742015565,0.571428571429,0.571428571429,0.55,0.6,0.6,0.6,0.465127865569,0.0308102835231238,2.1006488224303115,0.462507574346,0.0600748575981477,2.045064089500285,0.448352202127,0.00285680285570405,1.2930128704297386,0.470160622671,0.06068983470907492,1.2374281374997118,0.458761313764,0.11297133785697709,1.7296561392382965,0.424993040715,0.04428314760847892,1.67407140630827
