Well/XY,cell_id,total_distance,net_distance,linearity,spearmanrsq,progressivity,max_speed,min_speed,avg_speed,MSD_slope,hurst_RS,nongauss,disp_var,disp_skew,rw_linearity,rw_netdist,rw_kurtosis01,rw_kurtosis02,rw_kurtosis03,rw_kurtosis04,rw_kurtosis05,rw_kurtosis06,rw_kurtosis07,rw_kurtosis08,rw_kurtosis09,rw_kurtosis10,avg_moving_speed01,avg_moving_speed02,avg_moving_speed03,avg_moving_speed04,avg_moving_speed05,avg_moving_speed06,avg_moving_speed07,avg_moving_speed08,avg_moving_speed09,avg_moving_speed10,time_moving01,time_moving02,time_moving03,time_moving04,time_moving05,time_moving06,time_moving07,time_moving08,time_moving09,time_moving10,autocorr_1,autocorr_2,autocorr_3,autocorr_4,autocorr_5,autocorr_6,autocorr_7,autocorr_8,autocorr_9,autocorr_10,p_rturn_9_5,p_rturn_9_6,p_rturn_10_5,p_rturn_10_6,p_rturn_11_5,p_rturn_11_6,mean_theta_9_5,min_theta_9_5,max_theta_9_5,mean_theta_9_6,min_theta_9_6,max_theta_9_6,mean_theta_10_5,min_theta_10_5,max_theta_10_5,mean_theta_10_6,min_theta_10_6,max_theta_10_6,mean_theta_11_5,min_theta_11_5,max_theta_11_5,mean_theta_11_6,min_theta_11_6,max_theta_11_6
WellD08_Seq0024/xy03,0,769.4739759396302,154.75919520338692,0.120571030482,0.063127854833,0.20112336484727159,20.679502701951012,0.2447529366524384,10.2596530125,1.09090792618,0.72010465642,0.475292786173,74.1210690055,1.8821646385543966,-0.099275342214,28.2696978113,3.626906809058566,0.2306675802735012,4.080685815204972,0.6174407878552461,-0.10039171630679178,2.0709041845847853,2.8163721831165107,1.4118522817341512,1.3671376290467823,-1.4733058255694478,5.87092455993,6.82143422916,7.25250880359,8.20720381453,8.9953467581,9.63736966391,11.3930441725,13.0015497444,15.0649158188,15.7917251623,0.9436619718309859,0.7746478873239436,0.704225352112676,0.5633802816901409,0.4647887323943662,0.39436619718309857,0.2535211267605634,0.18309859154929578,0.1267605633802817,0.11267605633802817,0.132482325405,0.0971106768318,0.220739611177,-0.0468992359069,0.0386597818928,0.0864224112477,-0.0239477528066,0.00374135287642,-0.0125468280489,0.0190211223335,0.52380952381,0.47619047619,0.45,0.4,0.45,0.4,0.915141748466,0.045077618860225425,2.639628139727015,0.881772020521,0.0019886204257440893,2.5887426133126143,0.753786095222,0.035081506711403566,2.519295619992095,0.741225233807,0.0021104106755545173,2.401825313645114,0.878514806295,0.020761925111349656,2.7355694177312007,0.872375322434,0.056184998072576695,2.6180991113842196
