Well/XY,cell_id,total_distance,net_distance,linearity,spearmanrsq,progressivity,max_speed,min_speed,avg_speed,MSD_slope,hurst_RS,nongauss,disp_var,disp_skew,rw_linearity,rw_netdist,rw_kurtosis01,rw_kurtosis02,rw_kurtosis03,rw_kurtosis04,rw_kurtosis05,rw_kurtosis06,rw_kurtosis07,rw_kurtosis08,rw_kurtosis09,rw_kurtosis10,avg_moving_speed01,avg_moving_speed02,avg_moving_speed03,avg_moving_speed04,avg_moving_speed05,avg_moving_speed06,avg_moving_speed07,avg_moving_speed08,avg_moving_speed09,avg_moving_speed10,time_moving01,time_moving02,time_moving03,time_moving04,time_moving05,time_moving06,time_moving07,time_moving08,time_moving09,time_moving10,autocorr_1,autocorr_2,autocorr_3,autocorr_4,autocorr_5,autocorr_6,autocorr_7,autocorr_8,autocorr_9,autocorr_10,p_rturn_9_5,p_rturn_9_6,p_rturn_10_5,p_rturn_10_6,p_rturn_11_5,p_rturn_11_6,mean_theta_9_5,min_theta_9_5,max_theta_9_5,mean_theta_9_6,min_theta_9_6,max_theta_9_6,mean_theta_10_5,min_theta_10_5,max_theta_10_5,mean_theta_10_6,min_theta_10_6,max_theta_10_6,mean_theta_11_5,min_theta_11_5,max_theta_11_5,mean_theta_11_6,min_theta_11_6,max_theta_11_6
WellB05_Seq0003/xy06,0,562.1147489064927,137.1086264390392,0.135718363526,0.171119023509,0.24391572486892193,7.509307557957671,0.20834586628967927,7.49486331875,1.40238142109,0.67976124313,-0.195727950291,21.854342745,0.8722273259740555,-0.104446878158,44.7057456541,0.09716077044668259,-0.45419748794144343,1.2386415536580087,-0.7499748192591427,-1.033286495453228,-0.9487594642905202,0.2884213816175949,-1.1000527048634292,-0.438042452152958,-0.3346291962211936,3.35333361164,3.60351644085,4.48795759718,5.26039282869,5.92855915711,6.88512015592,7.87118796625,0.0,0.0,0.0,0.9014084507042254,0.7887323943661971,0.4507042253521127,0.2535211267605634,0.1267605633802817,0.04225352112676056,0.014084507042253521,0.0,0.0,0.0,0.0627525657619,0.0976891280202,-0.134096847408,-0.17642258532,0.0865202857233,-0.0771628746806,0.187828182507,0.221156578156,0.0671323105388,-0.0173512037177,0.761904761905,0.761904761905,0.75,0.75,0.65,0.6,0.833633394152,0.13309490216371492,2.2715319912211256,0.751844427196,0.043336027041697506,2.394640441120286,0.938062235021,0.10751006202934266,2.296592977732612,0.861031468226,0.053787564319118804,2.4167800674889106,0.757088645169,0.13167408292555258,2.2116424733622493,0.705625331411,0.0026455233154355127,1.9107686902822552
