Well/XY,cell_id,total_distance,net_distance,linearity,spearmanrsq,progressivity,max_speed,min_speed,avg_speed,MSD_slope,hurst_RS,nongauss,disp_var,disp_skew,rw_linearity,rw_netdist,rw_kurtosis01,rw_kurtosis02,rw_kurtosis03,rw_kurtosis04,rw_kurtosis05,rw_kurtosis06,rw_kurtosis07,rw_kurtosis08,rw_kurtosis09,rw_kurtosis10,avg_moving_speed01,avg_moving_speed02,avg_moving_speed03,avg_moving_speed04,avg_moving_speed05,avg_moving_speed06,avg_moving_speed07,avg_moving_speed08,avg_moving_speed09,avg_moving_speed10,time_moving01,time_moving02,time_moving03,time_moving04,time_moving05,time_moving06,time_moving07,time_moving08,time_moving09,time_moving10,autocorr_1,autocorr_2,autocorr_3,autocorr_4,autocorr_5,autocorr_6,autocorr_7,autocorr_8,autocorr_9,autocorr_10,p_rturn_9_5,p_rturn_9_6,p_rturn_10_5,p_rturn_10_6,p_rturn_11_5,p_rturn_11_6,mean_theta_9_5,min_theta_9_5,max_theta_9_5,mean_theta_9_6,min_theta_9_6,max_theta_9_6,mean_theta_10_5,min_theta_10_5,max_theta_10_5,mean_theta_10_6,min_theta_10_6,max_theta_10_6,mean_theta_11_5,min_theta_11_5,max_theta_11_5,mean_theta_11_6,min_theta_11_6,max_theta_11_6
WellB05_Seq0003/xy19,0,1297.4235080093795,71.75592240365943,0.845664423716,0.87415220683,0.05530647622822376,19.25558879909933,0.35392654605158436,17.2989801068,0.954948894891,0.764658117949,0.787973015095,328.183031948,1.8436756713066518,0.613209319439,-141.520228011,3.3129279083750367,5.832223661820445,2.318514602504208,2.1803889194188724,4.0226444957335845,1.9415446509835173,2.1188299291193218,-1.0846845990303395,-0.866832683548711,-0.3674499217651288,5.82294605729,6.47766801097,6.91751842535,7.37147907457,7.79692382676,8.94437260311,9.88905690772,10.4711979508,11.4322858833,12.943251122,0.9577464788732394,0.8309859154929577,0.7464788732394366,0.6619718309859155,0.5774647887323944,0.39436619718309857,0.28169014084507044,0.22535211267605634,0.15492957746478872,0.08450704225352113,0.448685015365,0.0817550003383,0.0336291508389,0.0875675201501,0.0739360960129,0.187035861501,0.185096225748,-0.00967835640284,0.0194486259304,0.0822791492796,0.52380952381,0.571428571429,0.35,0.4,0.3,0.35,0.347657218947,0.0072961654239342925,1.5467685586910453,0.354809502793,0.00873735379611935,1.5720376603979664,0.325310713066,0.0036404610786641995,0.9060506040275816,0.329956175263,0.013001185146050224,0.922111297532661,0.384916216528,0.004097120052383267,1.2230568023644885,0.382125758026,0.0005835091175098747,1.152904533178969
