Well/XY,cell_id,total_distance,net_distance,linearity,spearmanrsq,progressivity,max_speed,min_speed,avg_speed,MSD_slope,hurst_RS,nongauss,disp_var,disp_skew,rw_linearity,rw_netdist,rw_kurtosis01,rw_kurtosis02,rw_kurtosis03,rw_kurtosis04,rw_kurtosis05,rw_kurtosis06,rw_kurtosis07,rw_kurtosis08,rw_kurtosis09,rw_kurtosis10,avg_moving_speed01,avg_moving_speed02,avg_moving_speed03,avg_moving_speed04,avg_moving_speed05,avg_moving_speed06,avg_moving_speed07,avg_moving_speed08,avg_moving_speed09,avg_moving_speed10,time_moving01,time_moving02,time_moving03,time_moving04,time_moving05,time_moving06,time_moving07,time_moving08,time_moving09,time_moving10,autocorr_1,autocorr_2,autocorr_3,autocorr_4,autocorr_5,autocorr_6,autocorr_7,autocorr_8,autocorr_9,autocorr_10,p_rturn_9_5,p_rturn_9_6,p_rturn_10_5,p_rturn_10_6,p_rturn_11_5,p_rturn_11_6,mean_theta_9_5,min_theta_9_5,max_theta_9_5,mean_theta_9_6,min_theta_9_6,max_theta_9_6,mean_theta_10_5,min_theta_10_5,max_theta_10_5,mean_theta_10_6,min_theta_10_6,max_theta_10_6,mean_theta_11_5,min_theta_11_5,max_theta_11_5,mean_theta_11_6,min_theta_11_6,max_theta_11_6
WellB05_Seq0003/xy12,0,1814.4280025246546,80.76799427991266,0.415440938898,0.377766936449,0.04451430101802299,34.277855008737035,2.902430016382818,24.192373367,1.70286546615,0.695084653708,-0.295415332381,167.806832593,0.8478396029836103,0.208392897259,-217.495616017,0.5214137702779014,-0.5552108196815713,-0.7331963062569602,-0.8949535435609177,-0.8562060429603258,-1.2145589895321174,-1.0505528908294983,-1.099385715308518,-0.8780426144740443,-1.1727687327264154,22.8671060211,22.8671060211,22.8671060211,22.8671060211,23.4000784834,23.4000784834,23.4000784834,23.6353721654,23.8570941075,24.0712211243,1.0,1.0,1.0,1.0,0.971830985915493,0.971830985915493,0.971830985915493,0.9577464788732394,0.9436619718309859,0.9295774647887324,0.633353924794,0.340096301397,0.05954433027,-0.163396198788,-0.304319773557,-0.23315951031,-0.125722031036,0.0487835859755,0.145611031135,0.174369175377,0.52380952381,0.52380952381,0.6,0.6,0.6,0.75,0.61625363879,0.034233921811239465,1.7983837454511047,0.532749590756,0.003180692060944075,1.796096280976554,0.578475761111,0.003997409297629708,1.7533876920401488,0.499318132743,0.00946489688282776,1.751100227565598,0.573964425027,0.01921920041821884,1.7768386863439716,0.514041955378,0.018339687817355278,1.7250469278723721
