Well/XY,cell_id,total_distance,net_distance,linearity,spearmanrsq,progressivity,max_speed,min_speed,avg_speed,MSD_slope,hurst_RS,nongauss,disp_var,disp_skew,rw_linearity,rw_netdist,rw_kurtosis01,rw_kurtosis02,rw_kurtosis03,rw_kurtosis04,rw_kurtosis05,rw_kurtosis06,rw_kurtosis07,rw_kurtosis08,rw_kurtosis09,rw_kurtosis10,avg_moving_speed01,avg_moving_speed02,avg_moving_speed03,avg_moving_speed04,avg_moving_speed05,avg_moving_speed06,avg_moving_speed07,avg_moving_speed08,avg_moving_speed09,avg_moving_speed10,time_moving01,time_moving02,time_moving03,time_moving04,time_moving05,time_moving06,time_moving07,time_moving08,time_moving09,time_moving10,autocorr_1,autocorr_2,autocorr_3,autocorr_4,autocorr_5,autocorr_6,autocorr_7,autocorr_8,autocorr_9,autocorr_10,p_rturn_9_5,p_rturn_9_6,p_rturn_10_5,p_rturn_10_6,p_rturn_11_5,p_rturn_11_6,mean_theta_9_5,min_theta_9_5,max_theta_9_5,mean_theta_9_6,min_theta_9_6,max_theta_9_6,mean_theta_10_5,min_theta_10_5,max_theta_10_5,mean_theta_10_6,min_theta_10_6,max_theta_10_6,mean_theta_11_5,min_theta_11_5,max_theta_11_5,mean_theta_11_6,min_theta_11_6,max_theta_11_6
WellB05_Seq0003/xy07,0,2002.956676361594,578.2488543871056,0.138429201978,0.164275961308,0.288697634457828,28.649621288945518,1.9138442987870916,26.7060890182,1.23546643776,0.74549731245,-0.345207273258,182.970251564,0.7248337627797469,-0.0962241403473,248.994076171,0.1350944361585169,2.224823236453873,-0.7299518561019185,-0.8242298064538689,-1.300657400339336,-1.2222273680205071,-1.0345513415836682,-0.9394975076229142,-0.8839274895811999,-0.6124087338234858,18.6175057075,18.8656799146,18.8656799146,18.8656799146,19.0713785717,19.2681099392,20.0646676075,20.6843896663,21.0900887476,21.2870044783,1.0,0.9859154929577465,0.9859154929577465,0.9859154929577465,0.971830985915493,0.9577464788732394,0.9014084507042254,0.8591549295774648,0.8309859154929577,0.8169014084507042,0.355399027568,0.0296921912073,0.171844489228,0.118417892426,0.101327409767,0.191376332197,0.0120794728735,-0.0354190924995,-0.0885151062196,-0.15792252565,0.619047619048,0.619047619048,0.65,0.55,0.7,0.7,0.701869505751,0.08841823968669894,2.451443558391122,0.683003725958,0.06398203272057904,2.4857554223242926,0.61869833218,0.08296065642531526,2.0622744812029623,0.563184324697,0.0037695043179826622,2.0965863451361333,0.655972451931,0.11853815866922239,1.711615941380324,0.597677759571,0.03849762503481696,1.745927805313495
