Well/XY,cell_id,total_distance,net_distance,linearity,spearmanrsq,progressivity,max_speed,min_speed,avg_speed,MSD_slope,hurst_RS,nongauss,disp_var,disp_skew,rw_linearity,rw_netdist,rw_kurtosis01,rw_kurtosis02,rw_kurtosis03,rw_kurtosis04,rw_kurtosis05,rw_kurtosis06,rw_kurtosis07,rw_kurtosis08,rw_kurtosis09,rw_kurtosis10,avg_moving_speed01,avg_moving_speed02,avg_moving_speed03,avg_moving_speed04,avg_moving_speed05,avg_moving_speed06,avg_moving_speed07,avg_moving_speed08,avg_moving_speed09,avg_moving_speed10,time_moving01,time_moving02,time_moving03,time_moving04,time_moving05,time_moving06,time_moving07,time_moving08,time_moving09,time_moving10,autocorr_1,autocorr_2,autocorr_3,autocorr_4,autocorr_5,autocorr_6,autocorr_7,autocorr_8,autocorr_9,autocorr_10,p_rturn_9_5,p_rturn_9_6,p_rturn_10_5,p_rturn_10_6,p_rturn_11_5,p_rturn_11_6,mean_theta_9_5,min_theta_9_5,max_theta_9_5,mean_theta_9_6,min_theta_9_6,max_theta_9_6,mean_theta_10_5,min_theta_10_5,max_theta_10_5,mean_theta_10_6,min_theta_10_6,max_theta_10_6,mean_theta_11_5,min_theta_11_5,max_theta_11_5,mean_theta_11_6,min_theta_11_6,max_theta_11_6
WellB05_Seq0003/xy10,0,1708.9725902829143,409.68110329865124,0.122078117034,0.176060484239,0.23972362437412176,24.958205063665954,1.425622670975754,22.7863012038,1.46239344632,0.631696565951,0.02690583298,174.75055059,1.795427252483688,-0.0963444690814,128.752714866,6.53402934832434,2.60554186507136,0.13493763115660595,-0.6288175194710677,-0.40823644938928405,-0.942673009272283,-1.0826451841572795,-1.34166186233277,-1.2690646182147765,-1.647479695397932,18.2473127047,18.2473127047,18.4730238953,18.4730238953,18.4730238953,18.4730238953,18.8263326338,18.8263326338,19.3080227384,19.6192173742,1.0,1.0,0.9859154929577465,0.9859154929577465,0.9859154929577465,0.9859154929577465,0.9577464788732394,0.9577464788732394,0.9154929577464789,0.8873239436619719,0.115288782191,-0.113703767873,0.0879822546207,0.263677311484,0.137924798092,-0.226337793087,-0.218348054146,-0.157711012047,-0.159399858869,-0.134924664299,0.380952380952,0.380952380952,0.45,0.4,0.5,0.4,0.865787964645,0.07364327170174444,2.3767454098042915,0.838043081539,0.08510286519115585,2.375717766024408,0.876063041496,0.004342294282569957,2.447607359832829,0.846125731447,0.027996796237169056,2.446579716052945,0.923519717503,0.0028168198576548763,2.3439653734553785,0.882637965609,0.0023968325535074692,2.342937729675495
