Well/XY,cell_id,total_distance,net_distance,linearity,spearmanrsq,progressivity,max_speed,min_speed,avg_speed,MSD_slope,hurst_RS,nongauss,disp_var,disp_skew,rw_linearity,rw_netdist,rw_kurtosis01,rw_kurtosis02,rw_kurtosis03,rw_kurtosis04,rw_kurtosis05,rw_kurtosis06,rw_kurtosis07,rw_kurtosis08,rw_kurtosis09,rw_kurtosis10,avg_moving_speed01,avg_moving_speed02,avg_moving_speed03,avg_moving_speed04,avg_moving_speed05,avg_moving_speed06,avg_moving_speed07,avg_moving_speed08,avg_moving_speed09,avg_moving_speed10,time_moving01,time_moving02,time_moving03,time_moving04,time_moving05,time_moving06,time_moving07,time_moving08,time_moving09,time_moving10,autocorr_1,autocorr_2,autocorr_3,autocorr_4,autocorr_5,autocorr_6,autocorr_7,autocorr_8,autocorr_9,autocorr_10,p_rturn_9_5,p_rturn_9_6,p_rturn_10_5,p_rturn_10_6,p_rturn_11_5,p_rturn_11_6,mean_theta_9_5,min_theta_9_5,max_theta_9_5,mean_theta_9_6,min_theta_9_6,max_theta_9_6,mean_theta_10_5,min_theta_10_5,max_theta_10_5,mean_theta_10_6,min_theta_10_6,max_theta_10_6,mean_theta_11_5,min_theta_11_5,max_theta_11_5,mean_theta_11_6,min_theta_11_6,max_theta_11_6
WellB05_Seq0003/xy25,0,999.5844332353589,760.9535182913605,0.164872471963,0.189617300476,0.7612698767510607,20.09275929283981,2.4259637260272284,13.3277924431,1.78457247356,0.863857835678,-0.163641714986,58.8855568446,1.2028099085525679,-0.0934743469222,596.637457561,2.1203484484196746,-0.167273243051707,-0.33753963775103424,-0.5601447380726317,-0.9307461605729124,-0.6729811258022664,0.006645885625659265,-0.5040254730605414,-1.0528018642632695,-0.5914845006587788,11.748323999,11.748323999,11.748323999,11.9777652362,12.2000255222,12.4096906189,13.3515427256,14.190605755,14.9699413848,16.0588602295,1.0,1.0,1.0,0.971830985915493,0.9436619718309859,0.9154929577464789,0.7887323943661971,0.6901408450704225,0.6056338028169014,0.5070422535211268,0.626618598653,0.567709540068,0.477933534308,0.421450362389,0.320902839764,0.180496670917,0.187472461212,0.106286145306,0.0993904238945,-0.0311613538477,0.52380952381,0.52380952381,0.6,0.6,0.6,0.6,0.363013661314,0.021268066039707267,1.053814476321592,0.350509298619,0.027209880650717604,0.9573458655140096,0.377918448787,0.019176734238551714,1.0393620094374962,0.369127561958,0.05278111808604967,0.9428933986299137,0.397572599737,0.09922813582602702,0.9919415193504726,0.388781712908,0.05023152786703269,0.8954729085428902
