Well/XY,cell_id,total_distance,net_distance,linearity,spearmanrsq,progressivity,max_speed,min_speed,avg_speed,MSD_slope,hurst_RS,nongauss,disp_var,disp_skew,rw_linearity,rw_netdist,rw_kurtosis01,rw_kurtosis02,rw_kurtosis03,rw_kurtosis04,rw_kurtosis05,rw_kurtosis06,rw_kurtosis07,rw_kurtosis08,rw_kurtosis09,rw_kurtosis10,avg_moving_speed01,avg_moving_speed02,avg_moving_speed03,avg_moving_speed04,avg_moving_speed05,avg_moving_speed06,avg_moving_speed07,avg_moving_speed08,avg_moving_speed09,avg_moving_speed10,time_moving01,time_moving02,time_moving03,time_moving04,time_moving05,time_moving06,time_moving07,time_moving08,time_moving09,time_moving10,autocorr_1,autocorr_2,autocorr_3,autocorr_4,autocorr_5,autocorr_6,autocorr_7,autocorr_8,autocorr_9,autocorr_10,p_rturn_9_5,p_rturn_9_6,p_rturn_10_5,p_rturn_10_6,p_rturn_11_5,p_rturn_11_6,mean_theta_9_5,min_theta_9_5,max_theta_9_5,mean_theta_9_6,min_theta_9_6,max_theta_9_6,mean_theta_10_5,min_theta_10_5,max_theta_10_5,mean_theta_10_6,min_theta_10_6,max_theta_10_6,mean_theta_11_5,min_theta_11_5,max_theta_11_5,mean_theta_11_6,min_theta_11_6,max_theta_11_6
WellB10_Seq0008/xy08,0,1860.9967882819162,454.7341540944555,0.081951287966,0.0572200408434,0.2443497790849327,41.85094503114595,0.17987773625439976,24.8132905104,1.2642952335,0.706802735971,0.792776669694,516.44257722,2.1478193113296036,-0.145966330233,148.81536313,5.105176194406502,1.463942102913256,0.40743967489871613,3.048196933906011,1.5173798128257427,-0.09090912753840286,-0.8280655228996312,0.4987946757875683,0.49601584633785833,0.5299164904729965,15.4642729617,15.4642729617,16.0329619679,17.0384908368,17.2344221597,17.4315256116,17.8079552686,17.8079552686,18.1371688503,18.6117666673,1.0,1.0,0.9577464788732394,0.8873239436619719,0.8732394366197183,0.8591549295774648,0.8309859154929577,0.8309859154929577,0.8028169014084507,0.7605633802816901,0.163922809303,0.241795540809,0.248874031936,0.0940907537575,0.0967892245193,0.215231673249,0.0558103628976,0.00247645297418,-0.0218366200629,-0.149272817188,0.571428571429,0.666666666667,0.5,0.55,0.6,0.55,0.72026376451,0.11384955413065098,2.366372112314938,0.664012727893,0.0670877662558722,2.325016116796463,0.754803862071,0.07453238262367042,2.4441320197890732,0.711295540418,0.023646286088070727,2.402776024270598,0.723535037449,0.008900822794514922,2.3162262972317333,0.701532527482,0.01917716705610956,2.2071763832063036
