Well/XY,cell_id,total_distance,net_distance,linearity,spearmanrsq,progressivity,max_speed,min_speed,avg_speed,MSD_slope,hurst_RS,nongauss,disp_var,disp_skew,rw_linearity,rw_netdist,rw_kurtosis01,rw_kurtosis02,rw_kurtosis03,rw_kurtosis04,rw_kurtosis05,rw_kurtosis06,rw_kurtosis07,rw_kurtosis08,rw_kurtosis09,rw_kurtosis10,avg_moving_speed01,avg_moving_speed02,avg_moving_speed03,avg_moving_speed04,avg_moving_speed05,avg_moving_speed06,avg_moving_speed07,avg_moving_speed08,avg_moving_speed09,avg_moving_speed10,time_moving01,time_moving02,time_moving03,time_moving04,time_moving05,time_moving06,time_moving07,time_moving08,time_moving09,time_moving10,autocorr_1,autocorr_2,autocorr_3,autocorr_4,autocorr_5,autocorr_6,autocorr_7,autocorr_8,autocorr_9,autocorr_10,p_rturn_9_5,p_rturn_9_6,p_rturn_10_5,p_rturn_10_6,p_rturn_11_5,p_rturn_11_6,mean_theta_9_5,min_theta_9_5,max_theta_9_5,mean_theta_9_6,min_theta_9_6,max_theta_9_6,mean_theta_10_5,min_theta_10_5,max_theta_10_5,mean_theta_10_6,min_theta_10_6,max_theta_10_6,mean_theta_11_5,min_theta_11_5,max_theta_11_5,mean_theta_11_6,min_theta_11_6,max_theta_11_6
WellB10_Seq0008/xy13,0,3278.9324562736188,524.9497237831449,0.094167144899,0.0733779255063,0.16009775461484504,56.55351999654842,1.0509519494249113,43.719099417,0.992985576036,0.586227796567,0.81777848833,2227.7876435,1.7688568957673878,-0.146351876848,-14.0555335033,3.5390619164049504,-0.3188720162692733,-0.9667515533475943,-1.2271920484951024,-1.037768737427232,-1.2611840038272872,-1.2670087182255902,-0.7993030835947641,-1.6295307778884656,-0.830106329568693,25.8604162689,25.8604162689,26.5467392384,26.8970012523,27.5826719738,29.0295855963,29.4124443933,29.4124443933,30.1394083657,32.078250165,0.9859154929577465,0.9859154929577465,0.9577464788732394,0.9436619718309859,0.9154929577464789,0.8591549295774648,0.8450704225352113,0.8450704225352113,0.8169014084507042,0.7464788732394366,0.364687840674,0.109139687277,0.00626718385871,-0.0997137602901,-0.326637176792,-0.340070829621,-0.310967386168,-0.257211140057,-0.12047319091,0.0338630851201,0.47619047619,0.52380952381,0.4,0.5,0.65,0.65,0.563335532962,0.03285461304982724,1.385279159256531,0.594669780756,0.06759461911823346,1.3944838189997033,0.667134596102,0.03508983732305171,1.4026855607806168,0.660543123225,0.013399292940828146,1.3686602040928002,0.728360525126,0.004221376777468156,1.8260529523868918,0.695504328152,0.039688591681806766,1.647857142114194
