Well/XY,cell_id,total_distance,net_distance,linearity,spearmanrsq,progressivity,max_speed,min_speed,avg_speed,MSD_slope,hurst_RS,nongauss,disp_var,disp_skew,rw_linearity,rw_netdist,rw_kurtosis01,rw_kurtosis02,rw_kurtosis03,rw_kurtosis04,rw_kurtosis05,rw_kurtosis06,rw_kurtosis07,rw_kurtosis08,rw_kurtosis09,rw_kurtosis10,avg_moving_speed01,avg_moving_speed02,avg_moving_speed03,avg_moving_speed04,avg_moving_speed05,avg_moving_speed06,avg_moving_speed07,avg_moving_speed08,avg_moving_speed09,avg_moving_speed10,time_moving01,time_moving02,time_moving03,time_moving04,time_moving05,time_moving06,time_moving07,time_moving08,time_moving09,time_moving10,autocorr_1,autocorr_2,autocorr_3,autocorr_4,autocorr_5,autocorr_6,autocorr_7,autocorr_8,autocorr_9,autocorr_10,p_rturn_9_5,p_rturn_9_6,p_rturn_10_5,p_rturn_10_6,p_rturn_11_5,p_rturn_11_6,mean_theta_9_5,min_theta_9_5,max_theta_9_5,mean_theta_9_6,min_theta_9_6,max_theta_9_6,mean_theta_10_5,min_theta_10_5,max_theta_10_5,mean_theta_10_6,min_theta_10_6,max_theta_10_6,mean_theta_11_5,min_theta_11_5,max_theta_11_5,mean_theta_11_6,min_theta_11_6,max_theta_11_6
WellB10_Seq0008/xy10,0,809.4921949143836,99.71338927145149,0.212839880562,0.00155185145307,0.12318017381501464,14.708310575997512,0.11661903789692474,10.7932292655,0.768982963476,0.687052626323,0.852402432405,111.157801194,1.9720086885811166,0.00823939134545,-33.3544779719,4.926316866124493,3.7877440935256708,-0.15838397656246306,1.6397053274037505,1.0185473703056145,-0.21526727475883112,-0.20641308742007247,1.0803253760782674,-0.6667796011745701,0.7449295151688289,4.94093221878,5.56224864098,6.70551275941,7.37169491461,9.14913583349,10.1220890869,10.9546734956,11.9583908797,12.8512956938,14.0387465713,0.8732394366197183,0.7464788732394366,0.5492957746478874,0.4507042253521127,0.28169014084507044,0.22535211267605634,0.18309859154929578,0.14084507042253522,0.11267605633802817,0.08450704225352113,0.10451126496,0.0980775218142,-0.0603439941308,-0.110593641174,0.151126014529,0.268366280774,0.0780428812956,0.0620612671569,0.0131595774953,-0.207925597313,0.619047619048,0.619047619048,0.526315789474,0.473684210526,0.55,0.55,0.718235239168,0.009380174126525523,2.283876180415792,0.730747806414,0.00915875954605173,2.1872470793194148,1.03055539428,0.056107131927523195,2.365616066798209,0.9890903629,0.08155057122518522,2.3222306481119226,0.709966357283,0.06258630098202357,2.467166239195633,0.745300363556,0.08404932008761068,2.351020079264651
