Well/XY,cell_id,total_distance,net_distance,linearity,spearmanrsq,progressivity,max_speed,min_speed,avg_speed,MSD_slope,hurst_RS,nongauss,disp_var,disp_skew,rw_linearity,rw_netdist,rw_kurtosis01,rw_kurtosis02,rw_kurtosis03,rw_kurtosis04,rw_kurtosis05,rw_kurtosis06,rw_kurtosis07,rw_kurtosis08,rw_kurtosis09,rw_kurtosis10,avg_moving_speed01,avg_moving_speed02,avg_moving_speed03,avg_moving_speed04,avg_moving_speed05,avg_moving_speed06,avg_moving_speed07,avg_moving_speed08,avg_moving_speed09,avg_moving_speed10,time_moving01,time_moving02,time_moving03,time_moving04,time_moving05,time_moving06,time_moving07,time_moving08,time_moving09,time_moving10,autocorr_1,autocorr_2,autocorr_3,autocorr_4,autocorr_5,autocorr_6,autocorr_7,autocorr_8,autocorr_9,autocorr_10,p_rturn_9_5,p_rturn_9_6,p_rturn_10_5,p_rturn_10_6,p_rturn_11_5,p_rturn_11_6,mean_theta_9_5,min_theta_9_5,max_theta_9_5,mean_theta_9_6,min_theta_9_6,max_theta_9_6,mean_theta_10_5,min_theta_10_5,max_theta_10_5,mean_theta_10_6,min_theta_10_6,max_theta_10_6,mean_theta_11_5,min_theta_11_5,max_theta_11_5,mean_theta_11_6,min_theta_11_6,max_theta_11_6
WellB10_Seq0008/xy20,0,2616.4897222927084,512.0868376554898,0.00930213656964,0.00882325940327,0.195715210838578,34.37808464705388,4.472504890997876,34.8865296306,1.19132338067,0.762705739419,0.461535638176,1183.16423768,1.481922990226744,-0.225160720216,81.9768141161,1.7023207671689828,-0.16667263552424938,0.2042825392231853,-0.9318334394980621,-0.33164674962719687,-0.5060371862464419,-0.8575989512483555,0.2781425238730253,-1.3714915791153914,-1.334751533598353,13.82542887,13.82542887,13.82542887,13.82542887,13.9636136649,14.0812360126,14.1923412708,14.9630819096,15.6706199987,17.0874307107,1.0,1.0,1.0,1.0,0.9859154929577465,0.971830985915493,0.9577464788732394,0.8591549295774648,0.7746478873239436,0.6338028169014085,0.252657071777,0.00252146239353,-0.0205958398919,0.112315460909,-0.0193378632908,0.0517244793183,0.196531019953,-0.0413445241722,-0.0235963247468,0.0994215389769,0.380952380952,0.380952380952,0.35,0.35,0.3,0.35,1.06327608329,0.1596820949231375,2.310676577482218,1.05027654665,0.1726458909321594,2.3544873653920475,1.333735683,0.22788067355367475,2.323415447156567,1.33296465334,0.24084446956269703,2.3672262350663966,1.14064984931,0.2476113379807278,2.284530891779175,1.13089944926,0.2590622397738397,2.344785579267169
