Well/XY,cell_id,total_distance,net_distance,linearity,spearmanrsq,progressivity,max_speed,min_speed,avg_speed,MSD_slope,hurst_RS,nongauss,disp_var,disp_skew,rw_linearity,rw_netdist,rw_kurtosis01,rw_kurtosis02,rw_kurtosis03,rw_kurtosis04,rw_kurtosis05,rw_kurtosis06,rw_kurtosis07,rw_kurtosis08,rw_kurtosis09,rw_kurtosis10,avg_moving_speed01,avg_moving_speed02,avg_moving_speed03,avg_moving_speed04,avg_moving_speed05,avg_moving_speed06,avg_moving_speed07,avg_moving_speed08,avg_moving_speed09,avg_moving_speed10,time_moving01,time_moving02,time_moving03,time_moving04,time_moving05,time_moving06,time_moving07,time_moving08,time_moving09,time_moving10,autocorr_1,autocorr_2,autocorr_3,autocorr_4,autocorr_5,autocorr_6,autocorr_7,autocorr_8,autocorr_9,autocorr_10,p_rturn_9_5,p_rturn_9_6,p_rturn_10_5,p_rturn_10_6,p_rturn_11_5,p_rturn_11_6,mean_theta_9_5,min_theta_9_5,max_theta_9_5,mean_theta_9_6,min_theta_9_6,max_theta_9_6,mean_theta_10_5,min_theta_10_5,max_theta_10_5,mean_theta_10_6,min_theta_10_6,max_theta_10_6,mean_theta_11_5,min_theta_11_5,max_theta_11_5,mean_theta_11_6,min_theta_11_6,max_theta_11_6
WellB10_Seq0008/xy19,0,586.9316858709484,255.5130125844866,0.102210410423,0.114045232421,0.43533688627720046,10.643394947102198,1.0780797744137494,7.82575581161,1.48267155782,0.739848289433,-0.2000311556,17.5851787889,1.2746914420101645,-0.116020177619,159.030615167,2.200414823177436,1.4528509515849555,0.426376811552982,-0.20263236370002646,2.0289482870305777,-0.22852219451121814,-0.6774121601043834,0.45612092861051856,-1.0000274785153787,-0.6111681097823478,5.57349156956,6.01797771988,6.19815340266,6.44101215972,6.95342057662,8.09613401715,8.91555858749,10.507560139,11.269923646,11.6106908131,1.0,0.9014084507042254,0.8591549295774648,0.7887323943661971,0.6197183098591549,0.352112676056338,0.22535211267605634,0.11267605633802817,0.08450704225352113,0.07042253521126761,0.314898535389,0.0469408548419,0.0591661439923,0.114434421164,0.0554595545832,-0.0484104771246,-0.161526912172,-0.147815701885,0.016677499561,-0.0796486348478,0.380952380952,0.428571428571,0.45,0.5,0.45,0.45,0.552227560296,0.006450667903383838,0.9578111683998336,0.524129827534,0.0488556694601177,0.9570062790843343,0.664566141257,0.17929517631300715,2.244383688961697,0.663694017872,0.21422482522487896,2.3305360606542624,0.628118350479,0.06663125199805815,1.0498126636103275,0.626310148646,0.15159166074652025,1.0515514383323963
