Well/XY,cell_id,total_distance,net_distance,linearity,spearmanrsq,progressivity,max_speed,min_speed,avg_speed,MSD_slope,hurst_RS,nongauss,disp_var,disp_skew,rw_linearity,rw_netdist,rw_kurtosis01,rw_kurtosis02,rw_kurtosis03,rw_kurtosis04,rw_kurtosis05,rw_kurtosis06,rw_kurtosis07,rw_kurtosis08,rw_kurtosis09,rw_kurtosis10,avg_moving_speed01,avg_moving_speed02,avg_moving_speed03,avg_moving_speed04,avg_moving_speed05,avg_moving_speed06,avg_moving_speed07,avg_moving_speed08,avg_moving_speed09,avg_moving_speed10,time_moving01,time_moving02,time_moving03,time_moving04,time_moving05,time_moving06,time_moving07,time_moving08,time_moving09,time_moving10,autocorr_1,autocorr_2,autocorr_3,autocorr_4,autocorr_5,autocorr_6,autocorr_7,autocorr_8,autocorr_9,autocorr_10,p_rturn_9_5,p_rturn_9_6,p_rturn_10_5,p_rturn_10_6,p_rturn_11_5,p_rturn_11_6,mean_theta_9_5,min_theta_9_5,max_theta_9_5,mean_theta_9_6,min_theta_9_6,max_theta_9_6,mean_theta_10_5,min_theta_10_5,max_theta_10_5,mean_theta_10_6,min_theta_10_6,max_theta_10_6,mean_theta_11_5,min_theta_11_5,max_theta_11_5,mean_theta_11_6,min_theta_11_6,max_theta_11_6
WellB10_Seq0008/xy03,0,2306.810848833295,688.1206713941966,0.000169967038072,0.0155916958244,0.2982995644147522,34.653359086818696,4.600391287705862,30.7574779844,1.57655027821,0.776804263592,0.243658169277,402.23380935,2.075403036139399,-0.250197185847,308.917015428,7.012384369001493,-0.5711495691299127,-1.1843360021273894,-1.2277551950495877,-1.087194219032781,-0.831708935354389,-0.7108489120195132,-1.3173944024452624,-0.6287259003294525,-1.0149133024727797,25.2119157482,25.2119157482,25.2119157482,25.2119157482,25.2119157482,25.2119157482,25.2119157482,25.7206134673,25.9737280924,26.4752687154,1.0,1.0,1.0,1.0,1.0,1.0,1.0,0.971830985915493,0.9577464788732394,0.9295774647887324,0.155026037806,0.266164713329,0.0865243564405,0.0293184902783,0.206290846073,0.0929760525121,0.0365724571741,0.00742440454688,-0.108720098953,0.0676074539594,0.47619047619,0.52380952381,0.55,0.55,0.55,0.55,0.627809863697,0.03573249178939965,2.8718181702065553,0.600054689625,0.030168861598387026,2.902761764558572,0.834490125708,0.036321297451720934,2.9395956068462032,0.805289140322,0.062065940596889496,2.908568018700489,0.824081002409,0.1006488211350948,2.920984224481577,0.788673422963,0.07832465099492933,2.8503372149580506
