Well/XY,cell_id,total_distance,net_distance,linearity,spearmanrsq,progressivity,max_speed,min_speed,avg_speed,MSD_slope,hurst_RS,nongauss,disp_var,disp_skew,rw_linearity,rw_netdist,rw_kurtosis01,rw_kurtosis02,rw_kurtosis03,rw_kurtosis04,rw_kurtosis05,rw_kurtosis06,rw_kurtosis07,rw_kurtosis08,rw_kurtosis09,rw_kurtosis10,avg_moving_speed01,avg_moving_speed02,avg_moving_speed03,avg_moving_speed04,avg_moving_speed05,avg_moving_speed06,avg_moving_speed07,avg_moving_speed08,avg_moving_speed09,avg_moving_speed10,time_moving01,time_moving02,time_moving03,time_moving04,time_moving05,time_moving06,time_moving07,time_moving08,time_moving09,time_moving10,autocorr_1,autocorr_2,autocorr_3,autocorr_4,autocorr_5,autocorr_6,autocorr_7,autocorr_8,autocorr_9,autocorr_10,p_rturn_9_5,p_rturn_9_6,p_rturn_10_5,p_rturn_10_6,p_rturn_11_5,p_rturn_11_6,mean_theta_9_5,min_theta_9_5,max_theta_9_5,mean_theta_9_6,min_theta_9_6,max_theta_9_6,mean_theta_10_5,min_theta_10_5,max_theta_10_5,mean_theta_10_6,min_theta_10_6,max_theta_10_6,mean_theta_11_5,min_theta_11_5,max_theta_11_5,mean_theta_11_6,min_theta_11_6,max_theta_11_6
WellB09_Seq0007/xy15,0,1633.9002284902,159.3113031143741,0.493784234381,0.494700212907,0.09750369106783538,26.960845684065635,1.6842256380901126,21.7853363799,1.25391875784,0.677858834717,0.231724350529,277.477552092,1.5525708140649463,0.295827842396,-109.276362165,2.7128041958721747,0.6422800453041986,-0.818368428685079,0.3620610319426736,1.4319174902462173,-0.0625212129560726,-1.4664017677909218,0.7138799538684051,0.6523374573497716,-1.3962626559699725,10.3357829833,10.7219083054,10.7219083054,11.0449789464,11.8376408968,13.1626846173,13.9369779422,14.9523358106,15.9358492535,17.4098758462,1.0,0.9577464788732394,0.9577464788732394,0.9154929577464789,0.8169014084507042,0.676056338028169,0.6056338028169014,0.5211267605633803,0.4507042253521127,0.36619718309859156,0.337719725526,0.0301246916298,0.134118077465,0.135894985232,0.0167297356369,-0.167203798116,-0.109590053322,-0.0218779301073,-0.0694880842378,-0.103691813113,0.333333333333,0.333333333333,0.35,0.35,0.55,0.55,0.624098728312,0.015021452126350839,2.4643650697379993,0.594860789096,0.006843296085729304,2.387038901344331,0.644791508298,0.00632986099891089,2.315055990020004,0.640349625779,0.03794949574374183,2.2524857111911354,0.524358383033,0.0013404719031065802,2.2082475404246105,0.520134720613,0.0016140676579607903,2.167114633624641
