Well/XY,cell_id,total_distance,net_distance,linearity,spearmanrsq,progressivity,max_speed,min_speed,avg_speed,MSD_slope,hurst_RS,nongauss,disp_var,disp_skew,rw_linearity,rw_netdist,rw_kurtosis01,rw_kurtosis02,rw_kurtosis03,rw_kurtosis04,rw_kurtosis05,rw_kurtosis06,rw_kurtosis07,rw_kurtosis08,rw_kurtosis09,rw_kurtosis10,avg_moving_speed01,avg_moving_speed02,avg_moving_speed03,avg_moving_speed04,avg_moving_speed05,avg_moving_speed06,avg_moving_speed07,avg_moving_speed08,avg_moving_speed09,avg_moving_speed10,time_moving01,time_moving02,time_moving03,time_moving04,time_moving05,time_moving06,time_moving07,time_moving08,time_moving09,time_moving10,autocorr_1,autocorr_2,autocorr_3,autocorr_4,autocorr_5,autocorr_6,autocorr_7,autocorr_8,autocorr_9,autocorr_10,p_rturn_9_5,p_rturn_9_6,p_rturn_10_5,p_rturn_10_6,p_rturn_11_5,p_rturn_11_6,mean_theta_9_5,min_theta_9_5,max_theta_9_5,mean_theta_9_6,min_theta_9_6,max_theta_9_6,mean_theta_10_5,min_theta_10_5,max_theta_10_5,mean_theta_10_6,min_theta_10_6,max_theta_10_6,mean_theta_11_5,min_theta_11_5,max_theta_11_5,mean_theta_11_6,min_theta_11_6,max_theta_11_6
WellC04_Seq0017/xy18,0,960.5513462684123,390.92491990150745,0.95549998286,0.962786169301,0.40697972203171434,19.527495794392074,0.12280065146407386,12.8073512836,1.48989503192,0.815934497944,1.66548838447,165.427514617,2.8755915159987855,0.715735785667,233.025288715,10.404024414334247,7.643512883036175,3.6557568127253823,-0.859931967839453,3.2653011101953,-0.766057335573787,-0.8516284933438771,-1.523716815631533,-0.3346022066633978,-0.35217374965506565,6.41037304543,6.63204005318,7.02969666225,7.70443280516,9.12473544819,10.6515984996,11.4121502675,11.5875022939,12.9440801451,13.8268270026,1.0,0.9577464788732394,0.8732394366197183,0.7323943661971831,0.5070422535211268,0.352112676056338,0.29577464788732394,0.28169014084507044,0.19718309859154928,0.15492957746478872,0.180593853863,0.237466995053,0.232258496685,0.276933384392,0.061536409629,-0.000107918719505,0.221239688804,0.33234678243,0.0629503016352,0.0309560365968,0.52380952381,0.47619047619,0.5,0.5,0.55,0.55,0.338249568939,0.019355386004044742,0.9404292674729696,0.293443887272,0.08435901068907165,0.9477552897524996,0.236122894724,0.005160503595713728,0.6905383930835063,0.193826486217,0.015111396056991149,0.43436679341766987,0.252025776528,0.010816253736740361,0.7836296908227671,0.219752065827,0.016019087739694276,0.494011765930069
