Well/XY,cell_id,total_distance,net_distance,linearity,spearmanrsq,progressivity,max_speed,min_speed,avg_speed,MSD_slope,hurst_RS,nongauss,disp_var,disp_skew,rw_linearity,rw_netdist,rw_kurtosis01,rw_kurtosis02,rw_kurtosis03,rw_kurtosis04,rw_kurtosis05,rw_kurtosis06,rw_kurtosis07,rw_kurtosis08,rw_kurtosis09,rw_kurtosis10,avg_moving_speed01,avg_moving_speed02,avg_moving_speed03,avg_moving_speed04,avg_moving_speed05,avg_moving_speed06,avg_moving_speed07,avg_moving_speed08,avg_moving_speed09,avg_moving_speed10,time_moving01,time_moving02,time_moving03,time_moving04,time_moving05,time_moving06,time_moving07,time_moving08,time_moving09,time_moving10,autocorr_1,autocorr_2,autocorr_3,autocorr_4,autocorr_5,autocorr_6,autocorr_7,autocorr_8,autocorr_9,autocorr_10,p_rturn_9_5,p_rturn_9_6,p_rturn_10_5,p_rturn_10_6,p_rturn_11_5,p_rturn_11_6,mean_theta_9_5,min_theta_9_5,max_theta_9_5,mean_theta_9_6,min_theta_9_6,max_theta_9_6,mean_theta_10_5,min_theta_10_5,max_theta_10_5,mean_theta_10_6,min_theta_10_6,max_theta_10_6,mean_theta_11_5,min_theta_11_5,max_theta_11_5,mean_theta_11_6,min_theta_11_6,max_theta_11_6
WellC04_Seq0017/xy16,0,1785.699024055723,357.0402223839773,0.00426406578621,0.00964503896291,0.19994423336417516,36.45253626292688,1.813422179195997,23.8093203207,1.56804310449,0.79318280577,0.186633724275,258.432664342,1.816630241379547,-0.220322239424,63.4992072113,4.878706664805795,-0.24435502303391443,-0.1720318974637034,-0.43320377985682956,-0.6509236600918173,-0.2685304066297216,-0.43068918166186654,-0.7823364356949156,-0.09798093751284531,0.13517838869965892,17.295680976,17.295680976,17.5046722284,17.7020418432,17.7020418432,17.8835061796,18.2310444371,18.2310444371,18.8554566567,19.1635974643,1.0,1.0,0.9859154929577465,0.971830985915493,0.971830985915493,0.9577464788732394,0.9295774647887324,0.9295774647887324,0.8732394366197183,0.8450704225352113,0.169816167447,0.0503205343108,0.00452334532054,0.0164944601709,0.0355021481293,0.399236593223,0.258688075305,0.17520722107,0.00496262049097,-0.111365356002,0.714285714286,0.666666666667,0.75,0.7,0.8,0.75,0.815125681319,0.0028545503441454803,2.754599523168444,0.839997060401,0.033186868338710054,2.7875660600186567,0.809526670597,0.015758471282915222,2.7355812055839324,0.835118327279,0.06315234641954039,2.768547742434145,0.811232146873,0.039869776372265346,2.70941373605495,0.830065771462,0.058198198342441,2.7423802729051623
