Well/XY,cell_id,total_distance,net_distance,linearity,spearmanrsq,progressivity,max_speed,min_speed,avg_speed,MSD_slope,hurst_RS,nongauss,disp_var,disp_skew,rw_linearity,rw_netdist,rw_kurtosis01,rw_kurtosis02,rw_kurtosis03,rw_kurtosis04,rw_kurtosis05,rw_kurtosis06,rw_kurtosis07,rw_kurtosis08,rw_kurtosis09,rw_kurtosis10,avg_moving_speed01,avg_moving_speed02,avg_moving_speed03,avg_moving_speed04,avg_moving_speed05,avg_moving_speed06,avg_moving_speed07,avg_moving_speed08,avg_moving_speed09,avg_moving_speed10,time_moving01,time_moving02,time_moving03,time_moving04,time_moving05,time_moving06,time_moving07,time_moving08,time_moving09,time_moving10,autocorr_1,autocorr_2,autocorr_3,autocorr_4,autocorr_5,autocorr_6,autocorr_7,autocorr_8,autocorr_9,autocorr_10,p_rturn_9_5,p_rturn_9_6,p_rturn_10_5,p_rturn_10_6,p_rturn_11_5,p_rturn_11_6,mean_theta_9_5,min_theta_9_5,max_theta_9_5,mean_theta_9_6,min_theta_9_6,max_theta_9_6,mean_theta_10_5,min_theta_10_5,max_theta_10_5,mean_theta_10_6,min_theta_10_6,max_theta_10_6,mean_theta_11_5,min_theta_11_5,max_theta_11_5,mean_theta_11_6,min_theta_11_6,max_theta_11_6
WellC04_Seq0017/xy07,0,2459.0129234182286,1098.0803022092691,0.682799973139,0.50996975643,0.4465532863824269,56.29003510391516,5.528672896817119,32.7868389789,1.55534280351,0.761136087895,0.166615944999,516.487795813,1.7130661151576854,0.446002731887,693.85700358,3.8049364070121126,3.0316589686314313,1.4094144440297418,-0.7907560077914808,-0.008196826224952325,-0.9110531885325921,-0.3314600050803813,-0.7059087587163577,-0.8951992768984605,-0.11921159861282948,24.469703459,24.469703459,24.469703459,24.469703459,24.469703459,24.469703459,24.7278138476,24.7278138476,25.2074217024,25.2074217024,1.0,1.0,1.0,1.0,1.0,1.0,0.9859154929577465,0.9859154929577465,0.9577464788732394,0.9577464788732394,0.307822424042,0.154304352383,0.200662076975,-0.115429206128,-0.117583314126,-0.146584036901,0.0276633196446,-0.130218725488,-0.129074282585,-0.0394923654721,0.47619047619,0.380952380952,0.5,0.55,0.45,0.4,0.463175790238,0.0019697736649956126,2.1271614872984927,0.438390596948,0.014901528264914535,1.9317518722711953,0.491242707568,0.01255897543432596,2.0217184259005516,0.436601848409,0.00015355491395094918,1.8184845755026657,0.430028086348,0.004094546409196718,1.8981610033675176,0.363117621828,0.00285623619794369,1.7981903403063815
