Well/XY,cell_id,total_distance,net_distance,linearity,spearmanrsq,progressivity,max_speed,min_speed,avg_speed,MSD_slope,hurst_RS,nongauss,disp_var,disp_skew,rw_linearity,rw_netdist,rw_kurtosis01,rw_kurtosis02,rw_kurtosis03,rw_kurtosis04,rw_kurtosis05,rw_kurtosis06,rw_kurtosis07,rw_kurtosis08,rw_kurtosis09,rw_kurtosis10,avg_moving_speed01,avg_moving_speed02,avg_moving_speed03,avg_moving_speed04,avg_moving_speed05,avg_moving_speed06,avg_moving_speed07,avg_moving_speed08,avg_moving_speed09,avg_moving_speed10,time_moving01,time_moving02,time_moving03,time_moving04,time_moving05,time_moving06,time_moving07,time_moving08,time_moving09,time_moving10,autocorr_1,autocorr_2,autocorr_3,autocorr_4,autocorr_5,autocorr_6,autocorr_7,autocorr_8,autocorr_9,autocorr_10,p_rturn_9_5,p_rturn_9_6,p_rturn_10_5,p_rturn_10_6,p_rturn_11_5,p_rturn_11_6,mean_theta_9_5,min_theta_9_5,max_theta_9_5,mean_theta_9_6,min_theta_9_6,max_theta_9_6,mean_theta_10_5,min_theta_10_5,max_theta_10_5,mean_theta_10_6,min_theta_10_6,max_theta_10_6,mean_theta_11_5,min_theta_11_5,max_theta_11_5,mean_theta_11_6,min_theta_11_6,max_theta_11_6
WellC04_Seq0017/xy15,0,1249.7231662758722,612.8839062171561,0.00108095638163,0.0004784418001,0.49041573586534926,24.563373058275197,1.3375559801368897,16.6629755503,1.89419689588,0.946062954595,-0.372645095721,79.3825070564,0.35907474739368656,-0.246701587735,407.44894659,-0.8732053904851131,-0.7937143525299337,-0.8164190601475272,-1.0214016829173305,-1.1059098637452902,-1.295630025223717,-1.5482140414779864,-1.2457683902163343,-1.6366631677681032,-1.5881599938068918,15.1463562029,15.1463562029,15.515981245,15.6880512241,16.2094366885,16.5523171232,17.2499464417,17.4118918466,17.8894987805,18.5495577285,1.0,1.0,0.971830985915493,0.9577464788732394,0.9154929577464789,0.8873239436619719,0.8309859154929577,0.8169014084507042,0.7746478873239436,0.7183098591549296,0.636556686862,0.560169169978,0.49927668188,0.386366142628,0.384209108794,0.299273357626,0.263164010182,0.162748874826,0.225293991744,0.0691128456329,0.380952380952,0.333333333333,0.35,0.35,0.35,0.35,0.410403985087,0.01538161951174237,2.3392947901773784,0.430442425743,0.0015342364732241843,2.3101800254563645,0.428589298164,0.1121306051236111,1.9360777584258233,0.450322030004,0.06785808250041085,1.9069629937048092,0.445135563536,0.1214539225632392,1.8944997773590455,0.466868295377,0.090394649573159,1.8653850126380314
