Well/XY,cell_id,total_distance,net_distance,linearity,spearmanrsq,progressivity,max_speed,min_speed,avg_speed,MSD_slope,hurst_RS,nongauss,disp_var,disp_skew,rw_linearity,rw_netdist,rw_kurtosis01,rw_kurtosis02,rw_kurtosis03,rw_kurtosis04,rw_kurtosis05,rw_kurtosis06,rw_kurtosis07,rw_kurtosis08,rw_kurtosis09,rw_kurtosis10,avg_moving_speed01,avg_moving_speed02,avg_moving_speed03,avg_moving_speed04,avg_moving_speed05,avg_moving_speed06,avg_moving_speed07,avg_moving_speed08,avg_moving_speed09,avg_moving_speed10,time_moving01,time_moving02,time_moving03,time_moving04,time_moving05,time_moving06,time_moving07,time_moving08,time_moving09,time_moving10,autocorr_1,autocorr_2,autocorr_3,autocorr_4,autocorr_5,autocorr_6,autocorr_7,autocorr_8,autocorr_9,autocorr_10,p_rturn_9_5,p_rturn_9_6,p_rturn_10_5,p_rturn_10_6,p_rturn_11_5,p_rturn_11_6,mean_theta_9_5,min_theta_9_5,max_theta_9_5,mean_theta_9_6,min_theta_9_6,max_theta_9_6,mean_theta_10_5,min_theta_10_5,max_theta_10_5,mean_theta_10_6,min_theta_10_6,max_theta_10_6,mean_theta_11_5,min_theta_11_5,max_theta_11_5,mean_theta_11_6,min_theta_11_6,max_theta_11_6
WellC04_Seq0017/xy02,0,1911.4469146489873,463.00542988176716,0.479635098712,0.423830823045,0.24222772096539869,35.21022629861958,1.3317191896191851,25.485958862,1.24539278853,0.69729954117,0.385903489457,493.63831905,1.567554096825956,0.242136806725,148.793426506,2.0478559938772607,2.939412843295379,1.2968954406375701,-0.5263828183435337,0.7945683554407266,0.11975963801397382,0.8610052935989443,-1.22890707745053,-1.164234566181609,-1.346889506890605,11.9989498677,12.3084376011,12.3084376011,12.5719418287,12.8222882458,12.9344889571,13.4827278788,13.9308030866,14.1361187237,15.4654757652,1.0,0.971830985915493,0.971830985915493,0.9436619718309859,0.9154929577464789,0.9014084507042254,0.8309859154929577,0.7746478873239436,0.7464788732394366,0.5774647887323944,0.0741499508729,0.110501382461,0.145070631685,0.0174508130258,0.118237454145,-0.0919994446321,-0.00812446900794,-0.0919425131437,-0.196250083085,0.127998162548,0.619047619048,0.571428571429,0.55,0.6,0.4,0.4,0.618097977294,0.0015725888554493155,2.1703336867283722,0.540307149847,0.018286933453174746,2.200193689972603,0.769653299583,0.029323974123387844,2.0832917706346272,0.686580315622,0.06140591944317646,2.1131517738788586,0.814502754927,0.014547722959596698,2.6842190353463677,0.738005053959,0.003748959440433328,2.426761344255617
