Well/XY,cell_id,total_distance,net_distance,linearity,spearmanrsq,progressivity,max_speed,min_speed,avg_speed,MSD_slope,hurst_RS,nongauss,disp_var,disp_skew,rw_linearity,rw_netdist,rw_kurtosis01,rw_kurtosis02,rw_kurtosis03,rw_kurtosis04,rw_kurtosis05,rw_kurtosis06,rw_kurtosis07,rw_kurtosis08,rw_kurtosis09,rw_kurtosis10,avg_moving_speed01,avg_moving_speed02,avg_moving_speed03,avg_moving_speed04,avg_moving_speed05,avg_moving_speed06,avg_moving_speed07,avg_moving_speed08,avg_moving_speed09,avg_moving_speed10,time_moving01,time_moving02,time_moving03,time_moving04,time_moving05,time_moving06,time_moving07,time_moving08,time_moving09,time_moving10,autocorr_1,autocorr_2,autocorr_3,autocorr_4,autocorr_5,autocorr_6,autocorr_7,autocorr_8,autocorr_9,autocorr_10,p_rturn_9_5,p_rturn_9_6,p_rturn_10_5,p_rturn_10_6,p_rturn_11_5,p_rturn_11_6,mean_theta_9_5,min_theta_9_5,max_theta_9_5,mean_theta_9_6,min_theta_9_6,max_theta_9_6,mean_theta_10_5,min_theta_10_5,max_theta_10_5,mean_theta_10_6,min_theta_10_6,max_theta_10_6,mean_theta_11_5,min_theta_11_5,max_theta_11_5,mean_theta_11_6,min_theta_11_6,max_theta_11_6
WellD08_Seq0006/xy12,0,1686.4586098932828,488.1031458616099,0.244061982177,0.393488224881,0.2894249185827908,31.735935719622336,2.3863520276773875,22.4861147986,1.53020686376,0.703139065818,-0.208252055207,152.475795861,1.261296133242174,-0.00709697273875,210.875703988,1.37658124155341,4.662276409163858,-0.8912295943680939,0.2776037023416862,-0.16716573402642432,-0.577926507743515,1.5933450048603435,-0.7259512715198717,-1.116967379545323,0.5394107382163051,15.1570181608,15.3496532131,15.3496532131,15.5225985575,16.2083173921,16.3762118451,16.5353922914,17.1611448132,17.4679794247,17.9019182164,1.0,0.9859154929577465,0.9859154929577465,0.971830985915493,0.9154929577464789,0.9014084507042254,0.8873239436619719,0.8309859154929577,0.8028169014084507,0.7605633802816901,0.36151473419,0.223814872195,0.0697959448501,0.0347238016112,0.239493888519,0.0185437325987,-0.0185377960383,-0.150720603336,-0.15524169488,-0.0955142462865,0.666666666667,0.666666666667,0.55,0.6,0.65,0.7,1.15789538789,0.07321064318078624,2.915476674261925,1.08891501078,0.03239807912285725,2.869016124461989,1.18345954289,0.037573919808856895,2.895378993699963,1.10755596151,0.0032386442490817753,2.8173547241040584,1.01348967864,0.0163235208292541,2.8787470553831445,0.936032548449,0.05319079038542912,2.80072278578724
