Well/XY,cell_id,total_distance,net_distance,linearity,spearmanrsq,progressivity,max_speed,min_speed,avg_speed,MSD_slope,hurst_RS,nongauss,disp_var,disp_skew,rw_linearity,rw_netdist,rw_kurtosis01,rw_kurtosis02,rw_kurtosis03,rw_kurtosis04,rw_kurtosis05,rw_kurtosis06,rw_kurtosis07,rw_kurtosis08,rw_kurtosis09,rw_kurtosis10,avg_moving_speed01,avg_moving_speed02,avg_moving_speed03,avg_moving_speed04,avg_moving_speed05,avg_moving_speed06,avg_moving_speed07,avg_moving_speed08,avg_moving_speed09,avg_moving_speed10,time_moving01,time_moving02,time_moving03,time_moving04,time_moving05,time_moving06,time_moving07,time_moving08,time_moving09,time_moving10,autocorr_1,autocorr_2,autocorr_3,autocorr_4,autocorr_5,autocorr_6,autocorr_7,autocorr_8,autocorr_9,autocorr_10,p_rturn_9_5,p_rturn_9_6,p_rturn_10_5,p_rturn_10_6,p_rturn_11_5,p_rturn_11_6,mean_theta_9_5,min_theta_9_5,max_theta_9_5,mean_theta_9_6,min_theta_9_6,max_theta_9_6,mean_theta_10_5,min_theta_10_5,max_theta_10_5,mean_theta_10_6,min_theta_10_6,max_theta_10_6,mean_theta_11_5,min_theta_11_5,max_theta_11_5,mean_theta_11_6,min_theta_11_6,max_theta_11_6
WellC10_Seq0011/xy06,0,227.61330088354248,9.006808535768858,0.00928833417111,0.000797469456278,0.039570659978158125,2.178462760755854,0.12925942905645038,3.67118227232,0.227893643714,0.793001908872,-0.000638266879864,7.52614910192,1.1544789075486535,-0.223565342917,-32.2021102664,0.4863856098962862,0.513006033393979,-0.14851165747174422,-0.6238759210740152,0.24435423764179953,-1.4158739148519275,-1.6032292381286333,-1.0524560748540344,-1.8076140148011854,-0.11652766121880909,1.52797996502,2.17865734119,0.0,0.0,0.0,0.0,0.0,0.0,0.0,0.0,0.25862068965517243,0.034482758620689655,0.0,0.0,0.0,0.0,0.0,0.0,0.0,0.0,0.490537935178,0.134356000001,0.0284469440944,0.103592525805,0.229079776357,0.236275348489,0.0705885877481,-0.072678912593,0.0995168070748,0.129793399342,0.3125,0.375,0.5,0.5625,0.375,0.375,0.743877782643,0.15922731473216062,1.583088989824004,0.775501591537,0.08025624108337442,1.6688128255922825,0.656708500159,0.09166188170934648,1.32816593118628,0.701001721243,0.04938044127669186,1.5053303214461558,0.70176483123,0.033200147799962366,1.532347574265278,0.701828115487,0.02706902654574476,1.579778710632976
