Well/XY,cell_id,total_distance,net_distance,linearity,spearmanrsq,progressivity,max_speed,min_speed,avg_speed,MSD_slope,hurst_RS,nongauss,disp_var,disp_skew,rw_linearity,rw_netdist,rw_kurtosis01,rw_kurtosis02,rw_kurtosis03,rw_kurtosis04,rw_kurtosis05,rw_kurtosis06,rw_kurtosis07,rw_kurtosis08,rw_kurtosis09,rw_kurtosis10,avg_moving_speed01,avg_moving_speed02,avg_moving_speed03,avg_moving_speed04,avg_moving_speed05,avg_moving_speed06,avg_moving_speed07,avg_moving_speed08,avg_moving_speed09,avg_moving_speed10,time_moving01,time_moving02,time_moving03,time_moving04,time_moving05,time_moving06,time_moving07,time_moving08,time_moving09,time_moving10,autocorr_1,autocorr_2,autocorr_3,autocorr_4,autocorr_5,autocorr_6,autocorr_7,autocorr_8,autocorr_9,autocorr_10,p_rturn_9_5,p_rturn_9_6,p_rturn_10_5,p_rturn_10_6,p_rturn_11_5,p_rturn_11_6,mean_theta_9_5,min_theta_9_5,max_theta_9_5,mean_theta_9_6,min_theta_9_6,max_theta_9_6,mean_theta_10_5,min_theta_10_5,max_theta_10_5,mean_theta_10_6,min_theta_10_6,max_theta_10_6,mean_theta_11_5,min_theta_11_5,max_theta_11_5,mean_theta_11_6,min_theta_11_6,max_theta_11_6
WellC10_Seq0011/xy16,0,343.8486319338019,250.51213802927793,0.669033861695,0.950909938139,0.728553540028354,9.568270899175051,0.7284064799272479,5.54594567635,1.81751553336,0.927860254137,0.211997589252,17.1170755382,1.5675296043905276,0.451533798181,188.25905221,3.045516762831963,0.007319001200172703,-0.5557047505075721,-0.1890710801766673,-0.3310633398536864,-0.9947034689591372,-0.6705283271415752,0.2406254190792665,-1.2657956024855797,0.005705504821205132,5.07995671286,5.49145495933,6.0154755675,7.32816309945,8.08292213997,8.45430253526,8.97582895638,10.0403782616,10.8255434901,11.3367068002,1.0,0.896551724137931,0.7586206896551724,0.5,0.39655172413793105,0.3448275862068966,0.27586206896551724,0.15517241379310345,0.10344827586206896,0.06896551724137931,0.308133735563,0.337416410406,0.34228690531,0.396156477317,0.488938023493,0.110290269218,0.138212551647,0.264140818093,0.130078933122,0.439534281091,0.6875,0.6875,0.6875,0.6875,0.625,0.6875,0.750624291317,0.007589994749405208,3.0463122630190314,0.439035209078,0.002071581735596526,3.0524973877562283,0.580907557768,0.007795448052809895,2.81450080829074,0.268286387221,0.004810769814358166,1.2138609020101805,0.586948570737,0.0008469418946792799,2.7664854614797583,0.280121625303,0.005231488738300559,1.2255985113066241
