Well/XY,cell_id,total_distance,net_distance,linearity,spearmanrsq,progressivity,max_speed,min_speed,avg_speed,MSD_slope,hurst_RS,nongauss,disp_var,disp_skew,rw_linearity,rw_netdist,rw_kurtosis01,rw_kurtosis02,rw_kurtosis03,rw_kurtosis04,rw_kurtosis05,rw_kurtosis06,rw_kurtosis07,rw_kurtosis08,rw_kurtosis09,rw_kurtosis10,avg_moving_speed01,avg_moving_speed02,avg_moving_speed03,avg_moving_speed04,avg_moving_speed05,avg_moving_speed06,avg_moving_speed07,avg_moving_speed08,avg_moving_speed09,avg_moving_speed10,time_moving01,time_moving02,time_moving03,time_moving04,time_moving05,time_moving06,time_moving07,time_moving08,time_moving09,time_moving10,autocorr_1,autocorr_2,autocorr_3,autocorr_4,autocorr_5,autocorr_6,autocorr_7,autocorr_8,autocorr_9,autocorr_10,p_rturn_9_5,p_rturn_9_6,p_rturn_10_5,p_rturn_10_6,p_rturn_11_5,p_rturn_11_6,mean_theta_9_5,min_theta_9_5,max_theta_9_5,mean_theta_9_6,min_theta_9_6,max_theta_9_6,mean_theta_10_5,min_theta_10_5,max_theta_10_5,mean_theta_10_6,min_theta_10_6,max_theta_10_6,mean_theta_11_5,min_theta_11_5,max_theta_11_5,mean_theta_11_6,min_theta_11_6,max_theta_11_6
WellD05_Seq0003/xy03,0,3013.4722370846107,46.31133770471326,0.122380592162,0.106235071821,0.01536809834674875,64.53137221538066,8.43938386376638,39.650950488,1.09879317363,0.650081420114,0.708028117864,918.852562412,2.382755984676683,-0.10843693137,-445.744017604,9.347067381301068,8.200507841382109,-0.7654793590150355,1.4173869659558074,2.0328566730374646,-0.2763189688437211,0.17964544257994364,0.2619784721429306,-1.3843738656816933,-0.6145011720553679,30.9224951728,30.9224951728,30.9224951728,31.3072486748,31.3072486748,31.3072486748,31.3072486748,31.3072486748,31.3072486748,31.3072486748,1.0,1.0,1.0,0.9861111111111112,0.9861111111111112,0.9861111111111112,0.9861111111111112,0.9861111111111112,0.9861111111111112,0.9861111111111112,0.304708398509,-0.0570480178864,-0.0355527640396,-0.104255083314,-0.0528452389714,0.0161079638417,-0.0503794146816,0.0884584540151,-0.152790692717,-0.1727346341,0.571428571429,0.52380952381,0.571428571429,0.619047619048,0.6,0.6,0.813967262386,0.033044488525432,2.2618382716565204,0.69578601313,0.045762682043078366,2.3606070924663918,0.902824707272,0.011009731386085686,2.738084189523847,0.801248920606,0.03962362081685242,2.634701069533719,0.881096608428,0.025004847776216064,2.1547927992215725,0.793031811926,0.03184577575544611,2.201700149904957
