Well/XY,cell_id,total_distance,net_distance,linearity,spearmanrsq,progressivity,max_speed,min_speed,avg_speed,MSD_slope,hurst_RS,nongauss,disp_var,disp_skew,rw_linearity,rw_netdist,rw_kurtosis01,rw_kurtosis02,rw_kurtosis03,rw_kurtosis04,rw_kurtosis05,rw_kurtosis06,rw_kurtosis07,rw_kurtosis08,rw_kurtosis09,rw_kurtosis10,avg_moving_speed01,avg_moving_speed02,avg_moving_speed03,avg_moving_speed04,avg_moving_speed05,avg_moving_speed06,avg_moving_speed07,avg_moving_speed08,avg_moving_speed09,avg_moving_speed10,time_moving01,time_moving02,time_moving03,time_moving04,time_moving05,time_moving06,time_moving07,time_moving08,time_moving09,time_moving10,autocorr_1,autocorr_2,autocorr_3,autocorr_4,autocorr_5,autocorr_6,autocorr_7,autocorr_8,autocorr_9,autocorr_10,p_rturn_9_5,p_rturn_9_6,p_rturn_10_5,p_rturn_10_6,p_rturn_11_5,p_rturn_11_6,mean_theta_9_5,min_theta_9_5,max_theta_9_5,mean_theta_9_6,min_theta_9_6,max_theta_9_6,mean_theta_10_5,min_theta_10_5,max_theta_10_5,mean_theta_10_6,min_theta_10_6,max_theta_10_6,mean_theta_11_5,min_theta_11_5,max_theta_11_5,mean_theta_11_6,min_theta_11_6,max_theta_11_6
WellD05_Seq0003/xy24,0,4616.038181982288,1230.1431146415446,0.0407415518113,0.00340927292023,0.2664932711005606,88.16074239705564,0.265096208950638,60.7373444998,0.805555391602,0.707948764204,-0.230052489609,2140.97677529,0.40932510735433797,-0.182402431882,476.412491275,-1.381625026480191,-1.052432612126902,-1.2783810958349817,-1.2023088668803474,-0.875363271721441,-0.9508963298138209,-1.39377148136281,-1.185208797026118,-1.0981727012062477,-1.1080645594315794,42.9603866306,43.5585674432,44.150976331,44.7456545705,46.615151878,47.9322060947,49.2921808624,49.9825684015,49.9825684015,51.3861858033,0.9861111111111112,0.9722222222222222,0.9583333333333334,0.9444444444444444,0.9027777777777778,0.875,0.8472222222222222,0.8333333333333334,0.8333333333333334,0.8055555555555556,0.507070597426,0.183204418536,0.0498529107721,0.010004206194,-0.0814032685363,-0.108414409049,-0.158788638395,-0.204948678793,-0.190174024633,-0.0894367386554,0.428571428571,0.428571428571,0.428571428571,0.428571428571,0.45,0.45,1.18653100448,0.06611558543042168,2.5751877563481194,1.16498828171,0.05398106434169895,2.515595555028093,1.0748184345,0.015359196385341056,2.184049913270818,1.05154571422,0.023993422389932254,2.0584759848299594,1.13289049765,0.11066787973606405,2.048021235357533,1.10956965274,0.007131195132789937,1.9468797473177513
