Well/XY,cell_id,total_distance,net_distance,linearity,spearmanrsq,progressivity,max_speed,min_speed,avg_speed,MSD_slope,hurst_RS,nongauss,disp_var,disp_skew,rw_linearity,rw_netdist,rw_kurtosis01,rw_kurtosis02,rw_kurtosis03,rw_kurtosis04,rw_kurtosis05,rw_kurtosis06,rw_kurtosis07,rw_kurtosis08,rw_kurtosis09,rw_kurtosis10,avg_moving_speed01,avg_moving_speed02,avg_moving_speed03,avg_moving_speed04,avg_moving_speed05,avg_moving_speed06,avg_moving_speed07,avg_moving_speed08,avg_moving_speed09,avg_moving_speed10,time_moving01,time_moving02,time_moving03,time_moving04,time_moving05,time_moving06,time_moving07,time_moving08,time_moving09,time_moving10,autocorr_1,autocorr_2,autocorr_3,autocorr_4,autocorr_5,autocorr_6,autocorr_7,autocorr_8,autocorr_9,autocorr_10,p_rturn_9_5,p_rturn_9_6,p_rturn_10_5,p_rturn_10_6,p_rturn_11_5,p_rturn_11_6,mean_theta_9_5,min_theta_9_5,max_theta_9_5,mean_theta_9_6,min_theta_9_6,max_theta_9_6,mean_theta_10_5,min_theta_10_5,max_theta_10_5,mean_theta_10_6,min_theta_10_6,max_theta_10_6,mean_theta_11_5,min_theta_11_5,max_theta_11_5,mean_theta_11_6,min_theta_11_6,max_theta_11_6
WellD05_Seq0003/xy10,0,3027.7486349171777,353.9478882547542,0.150838876504,0.167828917411,0.11690134516877959,45.17039959973788,2.1815590755237375,39.8387978279,1.15637117639,0.588826064716,-0.460157986371,335.493254921,-0.01735256600580876,-0.106445287617,-140.438591238,-0.42720540649705985,-0.5298750474735265,-0.36832849405925794,-1.2463264570713435,-0.508515505988917,-0.5032312120115194,-1.6061946941041685,-0.2626791319598958,-0.6049297333681554,-1.6015239913330714,31.0814446738,31.0814446738,31.0814446738,31.0814446738,31.0814446738,31.0814446738,31.4261009045,31.4261009045,32.4352243526,32.7717341443,1.0,1.0,1.0,1.0,1.0,1.0,0.9861111111111112,0.9861111111111112,0.9444444444444444,0.9305555555555556,0.378761286866,-0.00208162461543,-0.268663051788,-0.229431349173,-0.0470017965341,0.00833390242917,0.00895877735151,-0.0232274798125,-0.0746887919138,-0.0328334707016,0.428571428571,0.380952380952,0.333333333333,0.285714285714,0.3,0.25,0.858360603098,0.004427075507058718,2.421827543628101,0.831041751815,0.007871503819341909,2.418398634989299,0.781469969428,0.0010512141261911209,2.415233822249603,0.773898038827,0.039731140267709325,2.4118049136108004,0.851424252146,0.019544909114023585,2.2795930243413225,0.848528937832,0.010090659943627827,2.27616411570252
