Well/XY,cell_id,total_distance,net_distance,linearity,spearmanrsq,progressivity,max_speed,min_speed,avg_speed,MSD_slope,hurst_RS,nongauss,disp_var,disp_skew,rw_linearity,rw_netdist,rw_kurtosis01,rw_kurtosis02,rw_kurtosis03,rw_kurtosis04,rw_kurtosis05,rw_kurtosis06,rw_kurtosis07,rw_kurtosis08,rw_kurtosis09,rw_kurtosis10,avg_moving_speed01,avg_moving_speed02,avg_moving_speed03,avg_moving_speed04,avg_moving_speed05,avg_moving_speed06,avg_moving_speed07,avg_moving_speed08,avg_moving_speed09,avg_moving_speed10,time_moving01,time_moving02,time_moving03,time_moving04,time_moving05,time_moving06,time_moving07,time_moving08,time_moving09,time_moving10,autocorr_1,autocorr_2,autocorr_3,autocorr_4,autocorr_5,autocorr_6,autocorr_7,autocorr_8,autocorr_9,autocorr_10,p_rturn_9_5,p_rturn_9_6,p_rturn_10_5,p_rturn_10_6,p_rturn_11_5,p_rturn_11_6,mean_theta_9_5,min_theta_9_5,max_theta_9_5,mean_theta_9_6,min_theta_9_6,max_theta_9_6,mean_theta_10_5,min_theta_10_5,max_theta_10_5,mean_theta_10_6,min_theta_10_6,max_theta_10_6,mean_theta_11_5,min_theta_11_5,max_theta_11_5,mean_theta_11_6,min_theta_11_6,max_theta_11_6
WellD05_Seq0003/xy15,0,1769.1978717730626,160.86071614909602,0.0808668397573,0.0512296568911,0.09092296498632112,44.6473201883383,1.5248606493709453,23.2789193654,0.657602627277,0.740770460612,0.0362931391154,281.134632113,1.2642019744511037,-0.145616734804,-128.023076007,1.5951335773364095,2.8424273032652385,3.867024428091172,2.3127983516162116,5.004307683288596,2.25837622233451,0.12440527917314048,0.742591128452919,-0.9891522415437151,0.9367535004543099,10.6538559643,10.9101384175,11.1652746994,11.6656262042,12.5617755192,13.4191361103,14.9804719238,16.2975431332,17.9473874341,19.3765307481,0.9722222222222222,0.9444444444444444,0.9166666666666666,0.8611111111111112,0.7638888888888888,0.6805555555555556,0.5555555555555556,0.4722222222222222,0.3888888888888889,0.3333333333333333,0.143650655567,0.245376194308,0.082327959058,0.289231818987,-0.0657763595916,0.0855250799874,-0.0834284012648,-0.0170445437334,-0.16425983103,0.0642241085712,0.47619047619,0.52380952381,0.619047619048,0.619047619048,0.5,0.55,0.751299229842,0.09653432964230672,1.9953786908418585,0.743109905581,0.002435163077085653,2.2185387100456606,0.654137467085,0.02032307708804262,1.7454812127505221,0.645915074692,0.06573072274144871,1.815436101096952,0.861787329686,0.049304006054620854,2.5514283314613486,0.879834225261,0.05787469376101315,2.544803061037749
