Well/XY,cell_id,total_distance,net_distance,linearity,spearmanrsq,progressivity,max_speed,min_speed,avg_speed,MSD_slope,hurst_RS,nongauss,disp_var,disp_skew,rw_linearity,rw_netdist,rw_kurtosis01,rw_kurtosis02,rw_kurtosis03,rw_kurtosis04,rw_kurtosis05,rw_kurtosis06,rw_kurtosis07,rw_kurtosis08,rw_kurtosis09,rw_kurtosis10,avg_moving_speed01,avg_moving_speed02,avg_moving_speed03,avg_moving_speed04,avg_moving_speed05,avg_moving_speed06,avg_moving_speed07,avg_moving_speed08,avg_moving_speed09,avg_moving_speed10,time_moving01,time_moving02,time_moving03,time_moving04,time_moving05,time_moving06,time_moving07,time_moving08,time_moving09,time_moving10,autocorr_1,autocorr_2,autocorr_3,autocorr_4,autocorr_5,autocorr_6,autocorr_7,autocorr_8,autocorr_9,autocorr_10,p_rturn_9_5,p_rturn_9_6,p_rturn_10_5,p_rturn_10_6,p_rturn_11_5,p_rturn_11_6,mean_theta_9_5,min_theta_9_5,max_theta_9_5,mean_theta_9_6,min_theta_9_6,max_theta_9_6,mean_theta_10_5,min_theta_10_5,max_theta_10_5,mean_theta_10_6,min_theta_10_6,max_theta_10_6,mean_theta_11_5,min_theta_11_5,max_theta_11_5,mean_theta_11_6,min_theta_11_6,max_theta_11_6
WellD05_Seq0003/xy09,0,2356.1382184629065,322.13278706148503,0.539427624711,0.556262050762,0.1367206662738307,38.94917077422832,1.8713246645090547,31.001818664,0.925394612424,0.828792412621,-0.367078673264,301.148985951,0.24410739373344192,0.309281856765,-62.5896649908,-0.9037320762212988,-1.2205845706746818,-1.070652416485027,-0.9760898989441613,-0.9378989223735181,-0.14267583933743078,-1.1685208276270236,-0.9079557420366506,-1.1601851671080508,-1.042461774894487,22.3839777316,22.9727419947,23.2684582319,23.56568052,24.4392869473,24.7383331409,25.0263070679,25.6029506875,25.8913238619,26.1699376496,1.0,0.9722222222222222,0.9583333333333334,0.9444444444444444,0.9027777777777778,0.8888888888888888,0.875,0.8472222222222222,0.8333333333333334,0.8194444444444444,0.490736618921,0.346556462289,0.277881337714,0.288741956323,0.0876322272065,0.00821308479515,-0.12678264222,-0.242437632155,-0.209187268583,-0.268363331299,0.52380952381,0.47619047619,0.571428571429,0.571428571429,0.6,0.55,0.757178953172,0.0018711217227767587,2.1456735860609464,0.717071224239,0.10087701292247384,2.017629902496035,0.677504489975,0.12176898328945106,1.5980301285597274,0.654377615419,0.03784203705327516,1.6482854159467948,0.686179041025,0.01601660063485805,1.3033186684409155,0.676389793763,0.005746297865070317,1.3581520058636019
