Well/XY,cell_id,total_distance,net_distance,linearity,spearmanrsq,progressivity,max_speed,min_speed,avg_speed,MSD_slope,hurst_RS,nongauss,disp_var,disp_skew,rw_linearity,rw_netdist,rw_kurtosis01,rw_kurtosis02,rw_kurtosis03,rw_kurtosis04,rw_kurtosis05,rw_kurtosis06,rw_kurtosis07,rw_kurtosis08,rw_kurtosis09,rw_kurtosis10,avg_moving_speed01,avg_moving_speed02,avg_moving_speed03,avg_moving_speed04,avg_moving_speed05,avg_moving_speed06,avg_moving_speed07,avg_moving_speed08,avg_moving_speed09,avg_moving_speed10,time_moving01,time_moving02,time_moving03,time_moving04,time_moving05,time_moving06,time_moving07,time_moving08,time_moving09,time_moving10,autocorr_1,autocorr_2,autocorr_3,autocorr_4,autocorr_5,autocorr_6,autocorr_7,autocorr_8,autocorr_9,autocorr_10,p_rturn_9_5,p_rturn_9_6,p_rturn_10_5,p_rturn_10_6,p_rturn_11_5,p_rturn_11_6,mean_theta_9_5,min_theta_9_5,max_theta_9_5,mean_theta_9_6,min_theta_9_6,max_theta_9_6,mean_theta_10_5,min_theta_10_5,max_theta_10_5,mean_theta_10_6,min_theta_10_6,max_theta_10_6,mean_theta_11_5,min_theta_11_5,max_theta_11_5,mean_theta_11_6,min_theta_11_6,max_theta_11_6
WellD05_Seq0003/xy12,0,2726.0447681668375,386.5153295795653,0.157062527022,0.130572310004,0.141786126953257,46.16179701874702,3.6935451804465584,35.8690101075,1.09315591068,0.60160221442,-0.144054617936,369.120654504,1.4485833338068852,-0.0489923963139,-58.6073798587,4.458434156852891,0.8726132400668631,0.034534319312680584,-0.9758233183187159,-0.45501410570531897,-1.4339330363205651,-0.845904909380828,-1.2352022071910056,-1.0302314562193746,-0.3750167996926925,29.3322626971,29.7280240421,29.7280240421,30.1085678345,30.1085678345,30.8318012341,30.8318012341,31.5461013771,32.2691543095,32.2691543095,1.0,0.9861111111111112,0.9861111111111112,0.9722222222222222,0.9722222222222222,0.9444444444444444,0.9444444444444444,0.9166666666666666,0.8888888888888888,0.8888888888888888,0.244486816536,-0.255167487007,-0.0983929611839,0.0674776465796,-0.25307427537,-0.242780163562,-0.0571037141312,0.11768522329,0.0616768915843,0.107824117847,0.380952380952,0.333333333333,0.380952380952,0.380952380952,0.45,0.45,0.96033340297,0.014674890003781995,2.721952694135421,1.00558124506,0.01960510145657099,2.7379591981329443,0.946552295126,0.024834464126935157,2.587497113349794,1.00160033567,0.02335982478850644,2.6048567693223643,1.25541244597,0.04081181954118575,3.0106013672358105,1.30702050727,0.08656997875158548,3.012076006574233
