Well/XY,cell_id,total_distance,net_distance,linearity,spearmanrsq,progressivity,max_speed,min_speed,avg_speed,MSD_slope,hurst_RS,nongauss,disp_var,disp_skew,rw_linearity,rw_netdist,rw_kurtosis01,rw_kurtosis02,rw_kurtosis03,rw_kurtosis04,rw_kurtosis05,rw_kurtosis06,rw_kurtosis07,rw_kurtosis08,rw_kurtosis09,rw_kurtosis10,avg_moving_speed01,avg_moving_speed02,avg_moving_speed03,avg_moving_speed04,avg_moving_speed05,avg_moving_speed06,avg_moving_speed07,avg_moving_speed08,avg_moving_speed09,avg_moving_speed10,time_moving01,time_moving02,time_moving03,time_moving04,time_moving05,time_moving06,time_moving07,time_moving08,time_moving09,time_moving10,autocorr_1,autocorr_2,autocorr_3,autocorr_4,autocorr_5,autocorr_6,autocorr_7,autocorr_8,autocorr_9,autocorr_10,p_rturn_9_5,p_rturn_9_6,p_rturn_10_5,p_rturn_10_6,p_rturn_11_5,p_rturn_11_6,mean_theta_9_5,min_theta_9_5,max_theta_9_5,mean_theta_9_6,min_theta_9_6,max_theta_9_6,mean_theta_10_5,min_theta_10_5,max_theta_10_5,mean_theta_10_6,min_theta_10_6,max_theta_10_6,mean_theta_11_5,min_theta_11_5,max_theta_11_5,mean_theta_11_6,min_theta_11_6,max_theta_11_6
WellB03_Seq0001/xy23,0,1887.2756729570501,823.6585569882706,0.541638133138,0.538031776016,0.4364272632718957,34.821349772804616,1.422313608175074,25.1636756394,1.66144061106,0.703131959358,-0.356422492806,176.69082226,0.4622899564195059,0.316193045089,513.419928033,-0.3107508054459678,-1.1084872819548497,-0.18030233668768414,-0.7826045312331043,-0.3012841767640073,-1.405805338042085,-0.7936154770055528,-1.530554851040044,-1.3057054732692628,-1.1536473341365123,21.343440561,21.343440561,21.616953468,21.616953468,22.1298327284,22.3808934598,22.3808934598,22.3808934598,22.602016765,23.0219291918,0.9859154929577465,0.9859154929577465,0.971830985915493,0.971830985915493,0.9436619718309859,0.9295774647887324,0.9295774647887324,0.9295774647887324,0.9154929577464789,0.8873239436619719,0.485135937966,0.210845992288,0.0881084729382,0.0615352589209,0.0746595909198,-0.218024944888,-0.214965252944,-0.101244709438,-0.0895822182211,-0.114506584967,0.52380952381,0.52380952381,0.55,0.55,0.55,0.55,0.888181643197,0.06720572290552072,2.836810814133662,0.871741150432,0.06081143675893703,2.8408698362307416,1.02165361235,0.12792803798862168,2.798448132000948,0.998475982762,0.12153375184203993,2.8025071540980284,1.04848063535,0.16238363638298575,2.69675470312251,1.02530300576,0.22273086765324973,2.7008137252195903
