Well/XY,cell_id,total_distance,net_distance,linearity,spearmanrsq,progressivity,max_speed,min_speed,avg_speed,MSD_slope,hurst_RS,nongauss,disp_var,disp_skew,rw_linearity,rw_netdist,rw_kurtosis01,rw_kurtosis02,rw_kurtosis03,rw_kurtosis04,rw_kurtosis05,rw_kurtosis06,rw_kurtosis07,rw_kurtosis08,rw_kurtosis09,rw_kurtosis10,avg_moving_speed01,avg_moving_speed02,avg_moving_speed03,avg_moving_speed04,avg_moving_speed05,avg_moving_speed06,avg_moving_speed07,avg_moving_speed08,avg_moving_speed09,avg_moving_speed10,time_moving01,time_moving02,time_moving03,time_moving04,time_moving05,time_moving06,time_moving07,time_moving08,time_moving09,time_moving10,autocorr_1,autocorr_2,autocorr_3,autocorr_4,autocorr_5,autocorr_6,autocorr_7,autocorr_8,autocorr_9,autocorr_10,p_rturn_9_5,p_rturn_9_6,p_rturn_10_5,p_rturn_10_6,p_rturn_11_5,p_rturn_11_6,mean_theta_9_5,min_theta_9_5,max_theta_9_5,mean_theta_9_6,min_theta_9_6,max_theta_9_6,mean_theta_10_5,min_theta_10_5,max_theta_10_5,mean_theta_10_6,min_theta_10_6,max_theta_10_6,mean_theta_11_5,min_theta_11_5,max_theta_11_5,mean_theta_11_6,min_theta_11_6,max_theta_11_6
WellB03_Seq0001/xy24,0,1983.5310000177112,585.2003075870688,0.752549088661,0.590050799652,0.2950295748248167,28.13442730890394,1.1485643212289085,26.4470800002,1.47623579956,0.833861288797,-0.266282631381,232.555866503,0.7960078863941532,0.544852973309,259.138807005,0.03457572768310513,1.5425221234708646,0.31855608771116284,-0.7273152937820222,-0.3708365971053813,-0.4353286207878089,-0.12339269564439626,-0.5227522029830536,-0.12932041277144846,-0.07004017413646979,18.9273093244,18.9273093244,19.4074753181,19.4074753181,19.6307703729,19.6307703729,20.0411446788,20.0411446788,20.0411446788,20.3671463207,0.9859154929577465,0.9859154929577465,0.9577464788732394,0.9577464788732394,0.9436619718309859,0.9436619718309859,0.9154929577464789,0.9154929577464789,0.9154929577464789,0.8873239436619719,0.435712962703,0.228968706208,0.256503058517,0.116591102181,0.00218672387482,-0.0730547202312,-0.148021946474,-0.235511396325,-0.125905027444,-0.165721544058,0.714285714286,0.666666666667,0.8,0.8,0.75,0.75,0.821269157987,0.028065091486879037,2.3237215972537686,0.756588761785,0.01591146902742713,2.296556361648427,0.855520468821,0.006689603292948401,2.5567200998683237,0.792681601686,0.02525869517330517,2.588043243681367,0.866751203024,0.20329095984407666,2.443337881642701,0.800183640166,0.15931439932977143,2.4746610254557444
