Well/XY,cell_id,total_distance,net_distance,linearity,spearmanrsq,progressivity,max_speed,min_speed,avg_speed,MSD_slope,hurst_RS,nongauss,disp_var,disp_skew,rw_linearity,rw_netdist,rw_kurtosis01,rw_kurtosis02,rw_kurtosis03,rw_kurtosis04,rw_kurtosis05,rw_kurtosis06,rw_kurtosis07,rw_kurtosis08,rw_kurtosis09,rw_kurtosis10,avg_moving_speed01,avg_moving_speed02,avg_moving_speed03,avg_moving_speed04,avg_moving_speed05,avg_moving_speed06,avg_moving_speed07,avg_moving_speed08,avg_moving_speed09,avg_moving_speed10,time_moving01,time_moving02,time_moving03,time_moving04,time_moving05,time_moving06,time_moving07,time_moving08,time_moving09,time_moving10,autocorr_1,autocorr_2,autocorr_3,autocorr_4,autocorr_5,autocorr_6,autocorr_7,autocorr_8,autocorr_9,autocorr_10,p_rturn_9_5,p_rturn_9_6,p_rturn_10_5,p_rturn_10_6,p_rturn_11_5,p_rturn_11_6,mean_theta_9_5,min_theta_9_5,max_theta_9_5,mean_theta_9_6,min_theta_9_6,max_theta_9_6,mean_theta_10_5,min_theta_10_5,max_theta_10_5,mean_theta_10_6,min_theta_10_6,max_theta_10_6,mean_theta_11_5,min_theta_11_5,max_theta_11_5,mean_theta_11_6,min_theta_11_6,max_theta_11_6
WellB03_Seq0001/xy22,0,1087.46495860592,283.1685010731242,0.0433050335594,0.0869608489537,0.26039321895588546,26.725216556653017,2.486201922612069,14.4995327814,1.45731696076,0.932321135014,0.00975885311802,103.704205916,1.2234025760310019,-0.201125766684,104.406255245,1.4064212208415148,-0.2325121179622065,0.8236819814749325,-0.23204109542614537,-0.9936206491945465,-0.5667794381004017,-0.2349425002672496,-0.7846973935278321,-1.2887518871265693,-1.0261929918916266,12.3111119873,12.3111119873,12.5878776776,12.8582756913,13.6680204178,14.5490694339,15.9265550869,17.6293766381,18.3905940781,19.2131824095,1.0,1.0,0.971830985915493,0.9436619718309859,0.8591549295774648,0.7746478873239436,0.6619718309859155,0.5492957746478874,0.5070422535211268,0.4647887323943662,0.433159494547,0.480120288369,0.30993269948,0.392025497978,0.357428564873,0.221392290767,0.1161799433,-0.000334389508724,0.0919134812289,0.0594804652717,0.238095238095,0.238095238095,0.25,0.2,0.25,0.2,0.684001099134,0.05035565008909107,2.7547411061468483,0.71703739558,0.022306860290298634,2.8604804335671172,0.725021928386,0.04509436536408651,2.7557215232841483,0.768540875405,0.11228203915803014,2.7634038791193483,0.724690817716,0.02444095203387119,2.7682386573212283,0.770275106068,0.1329354524882452,2.7566068074387733
