Well/XY,cell_id,total_distance,net_distance,linearity,spearmanrsq,progressivity,max_speed,min_speed,avg_speed,MSD_slope,hurst_RS,nongauss,disp_var,disp_skew,rw_linearity,rw_netdist,rw_kurtosis01,rw_kurtosis02,rw_kurtosis03,rw_kurtosis04,rw_kurtosis05,rw_kurtosis06,rw_kurtosis07,rw_kurtosis08,rw_kurtosis09,rw_kurtosis10,avg_moving_speed01,avg_moving_speed02,avg_moving_speed03,avg_moving_speed04,avg_moving_speed05,avg_moving_speed06,avg_moving_speed07,avg_moving_speed08,avg_moving_speed09,avg_moving_speed10,time_moving01,time_moving02,time_moving03,time_moving04,time_moving05,time_moving06,time_moving07,time_moving08,time_moving09,time_moving10,autocorr_1,autocorr_2,autocorr_3,autocorr_4,autocorr_5,autocorr_6,autocorr_7,autocorr_8,autocorr_9,autocorr_10,p_rturn_9_5,p_rturn_9_6,p_rturn_10_5,p_rturn_10_6,p_rturn_11_5,p_rturn_11_6,mean_theta_9_5,min_theta_9_5,max_theta_9_5,mean_theta_9_6,min_theta_9_6,max_theta_9_6,mean_theta_10_5,min_theta_10_5,max_theta_10_5,mean_theta_10_6,min_theta_10_6,max_theta_10_6,mean_theta_11_5,min_theta_11_5,max_theta_11_5,mean_theta_11_6,min_theta_11_6,max_theta_11_6
WellB03_Seq0001/xy09,0,1631.300278645811,614.9298120997222,0.530033625648,0.00954861596295,0.376956848563891,54.688740080202955,0.7694153624668456,21.7506703819,1.21877056182,0.826162423549,0.671095943202,493.844091128,1.779147269359954,0.307170536569,346.769537947,2.7089465650964035,1.7720425070839978,2.7287150918798906,2.9370484709890814,5.188035105634354,3.4918086317563004,0.3967613281039939,2.6342274540440362,0.9601065175469161,-0.42029656774303836,13.7829241237,14.1472646163,14.668970965,15.3924138889,17.2975035468,18.8772080741,19.4454138748,21.7114128259,22.893735351,26.3558208698,0.9859154929577465,0.9577464788732394,0.9154929577464789,0.8591549295774648,0.7323943661971831,0.647887323943662,0.6197183098591549,0.5211267605633803,0.4788732394366197,0.38028169014084506,0.446456348935,0.511844401886,0.261021165335,0.175681254191,0.231753974695,0.237659461454,0.160773144653,0.201269160045,-0.0538165612701,-0.0515092517559,0.571428571429,0.52380952381,0.5,0.5,0.55,0.55,0.355869006477,0.020270769206140356,0.9157330163131103,0.293848545263,0.011983156518986203,0.8471228949164186,0.430741350893,0.005675430639475246,1.245183145327345,0.393922723306,0.00890372629332148,1.1364411681519166,0.411580963134,0.041080186509767434,1.201440334655848,0.360389569988,0.022401041498868506,1.022248214967891
