Well/XY,cell_id,total_distance,net_distance,linearity,spearmanrsq,progressivity,max_speed,min_speed,avg_speed,MSD_slope,hurst_RS,nongauss,disp_var,disp_skew,rw_linearity,rw_netdist,rw_kurtosis01,rw_kurtosis02,rw_kurtosis03,rw_kurtosis04,rw_kurtosis05,rw_kurtosis06,rw_kurtosis07,rw_kurtosis08,rw_kurtosis09,rw_kurtosis10,avg_moving_speed01,avg_moving_speed02,avg_moving_speed03,avg_moving_speed04,avg_moving_speed05,avg_moving_speed06,avg_moving_speed07,avg_moving_speed08,avg_moving_speed09,avg_moving_speed10,time_moving01,time_moving02,time_moving03,time_moving04,time_moving05,time_moving06,time_moving07,time_moving08,time_moving09,time_moving10,autocorr_1,autocorr_2,autocorr_3,autocorr_4,autocorr_5,autocorr_6,autocorr_7,autocorr_8,autocorr_9,autocorr_10,p_rturn_9_5,p_rturn_9_6,p_rturn_10_5,p_rturn_10_6,p_rturn_11_5,p_rturn_11_6,mean_theta_9_5,min_theta_9_5,max_theta_9_5,mean_theta_9_6,min_theta_9_6,max_theta_9_6,mean_theta_10_5,min_theta_10_5,max_theta_10_5,mean_theta_10_6,min_theta_10_6,max_theta_10_6,mean_theta_11_5,min_theta_11_5,max_theta_11_5,mean_theta_11_6,min_theta_11_6,max_theta_11_6
WellB03_Seq0001/xy21,0,2247.527607761109,637.3480639336719,0.508522005002,0.542641557457,0.28357741267906866,45.78283713358094,1.4098070790005286,29.9670347701,1.23812146503,0.850251701865,-0.387383394769,254.465829341,0.26459784480870246,0.266490165432,267.889646405,-0.8618645992033818,0.25567453613821645,-0.06583459541479142,-0.2837675339368446,0.20505486642139914,-0.997576402368241,-0.893322706254001,-1.4571314939679942,-0.9305461636451366,-0.2057847469906533,22.7671000945,22.7671000945,22.7671000945,22.7671000945,23.2964581931,23.5610436294,24.6317343578,25.1834179558,25.1834179558,25.4465385645,1.0,1.0,1.0,1.0,0.971830985915493,0.9577464788732394,0.9014084507042254,0.8732394366197183,0.8732394366197183,0.8591549295774648,0.465482630586,0.271679716401,0.261762795093,0.168015839143,0.0326670785235,0.0167269336575,0.0346118078336,0.149955298583,0.240578673808,0.189562339199,0.571428571429,0.52380952381,0.65,0.6,0.6,0.55,0.896293505708,0.0262467343302248,2.265418534506277,0.841295953411,0.02638601530760277,2.2596089837696867,0.93822649644,0.058063020203161786,2.1720788605944428,0.884443931009,0.022338354330408063,2.166269309857853,0.913569143367,0.06050183170926966,1.966760254693284,0.861304127421,0.004117153165164392,1.9609507039566938
