Well/XY,cell_id,total_distance,net_distance,linearity,spearmanrsq,progressivity,max_speed,min_speed,avg_speed,MSD_slope,hurst_RS,nongauss,disp_var,disp_skew,rw_linearity,rw_netdist,rw_kurtosis01,rw_kurtosis02,rw_kurtosis03,rw_kurtosis04,rw_kurtosis05,rw_kurtosis06,rw_kurtosis07,rw_kurtosis08,rw_kurtosis09,rw_kurtosis10,avg_moving_speed01,avg_moving_speed02,avg_moving_speed03,avg_moving_speed04,avg_moving_speed05,avg_moving_speed06,avg_moving_speed07,avg_moving_speed08,avg_moving_speed09,avg_moving_speed10,time_moving01,time_moving02,time_moving03,time_moving04,time_moving05,time_moving06,time_moving07,time_moving08,time_moving09,time_moving10,autocorr_1,autocorr_2,autocorr_3,autocorr_4,autocorr_5,autocorr_6,autocorr_7,autocorr_8,autocorr_9,autocorr_10,p_rturn_9_5,p_rturn_9_6,p_rturn_10_5,p_rturn_10_6,p_rturn_11_5,p_rturn_11_6,mean_theta_9_5,min_theta_9_5,max_theta_9_5,mean_theta_9_6,min_theta_9_6,max_theta_9_6,mean_theta_10_5,min_theta_10_5,max_theta_10_5,mean_theta_10_6,min_theta_10_6,max_theta_10_6,mean_theta_11_5,min_theta_11_5,max_theta_11_5,mean_theta_11_6,min_theta_11_6,max_theta_11_6
WellB03_Seq0001/xy08,0,1050.389465173111,779.9187142260404,0.913417385918,0.908248775309,0.7425043187171577,20.509812383344705,0.2154065922853869,14.005192869,1.96194686309,0.907416752321,-0.184277678699,71.9430948247,0.9002724568114807,0.683878098157,607.251100154,1.3615122813196363,-1.122063452173704,-1.1879432275804436,-1.0221694292283863,-1.215610640182797,-1.2824831956363194,-1.2003517678890439,-1.0991544375568416,-1.5514498704749977,-1.1889178051781237,11.921553411,12.2309887035,13.0350306589,13.0350306589,13.65075019,14.2703016515,15.0634756366,15.3800467594,15.8658935348,16.1697984573,0.9577464788732394,0.9295774647887324,0.8591549295774648,0.8591549295774648,0.8028169014084507,0.7464788732394366,0.676056338028169,0.647887323943662,0.6056338028169014,0.5774647887323944,0.470221079687,0.475062264341,0.289791349908,0.358027510954,0.340540649204,0.305578678333,0.200107992361,0.204115677873,0.249883483926,0.0776445841976,0.619047619048,0.571428571429,0.6,0.5,0.6,0.6,0.341755378813,0.007592685888833876,1.7223906934666002,0.362343052929,0.014732363900357079,1.5099234977950782,0.292677764164,0.006669950371027167,1.5381187824013183,0.317839539789,0.0012931545763145164,1.325651586729796,0.30624866997,0.01867254730648597,1.325243848414716,0.330906997342,0.014931219347472052,1.112776652743194
