Well/XY,cell_id,total_distance,net_distance,linearity,spearmanrsq,progressivity,max_speed,min_speed,avg_speed,MSD_slope,hurst_RS,nongauss,disp_var,disp_skew,rw_linearity,rw_netdist,rw_kurtosis01,rw_kurtosis02,rw_kurtosis03,rw_kurtosis04,rw_kurtosis05,rw_kurtosis06,rw_kurtosis07,rw_kurtosis08,rw_kurtosis09,rw_kurtosis10,avg_moving_speed01,avg_moving_speed02,avg_moving_speed03,avg_moving_speed04,avg_moving_speed05,avg_moving_speed06,avg_moving_speed07,avg_moving_speed08,avg_moving_speed09,avg_moving_speed10,time_moving01,time_moving02,time_moving03,time_moving04,time_moving05,time_moving06,time_moving07,time_moving08,time_moving09,time_moving10,autocorr_1,autocorr_2,autocorr_3,autocorr_4,autocorr_5,autocorr_6,autocorr_7,autocorr_8,autocorr_9,autocorr_10,p_rturn_9_5,p_rturn_9_6,p_rturn_10_5,p_rturn_10_6,p_rturn_11_5,p_rturn_11_6,mean_theta_9_5,min_theta_9_5,max_theta_9_5,mean_theta_9_6,min_theta_9_6,max_theta_9_6,mean_theta_10_5,min_theta_10_5,max_theta_10_5,mean_theta_10_6,min_theta_10_6,max_theta_10_6,mean_theta_11_5,min_theta_11_5,max_theta_11_5,mean_theta_11_6,min_theta_11_6,max_theta_11_6
WellB02_Seq0000/xy10,0,271.9231473323207,129.8174984353035,0.20183643119,0.264008712738,0.4774051040114356,4.21357852662083,0.9247702417357463,3.62564196443,1.58264581293,0.804065169443,1.8738523298,9.01105878857,3.6829086230574393,-0.0176635881518,85.1175822447,20.034408280899246,5.573716278192187,1.6192452070212617,-0.5017033790181817,0.21819433866763704,-0.7412003002241674,-0.7873792284187413,-0.6589694404799706,-0.27301793297231036,-1.0780084779315735,2.35103906327,2.86940568187,3.664479198,4.51433814978,0.0,0.0,0.0,0.0,0.0,0.0,0.9859154929577465,0.5915492957746479,0.18309859154929578,0.028169014084507043,0.0,0.0,0.0,0.0,0.0,0.0,0.175981152524,0.380164617823,0.024993677302,0.143963087168,0.0511833506207,0.215077846673,0.225091711308,0.39199737691,0.159072520286,0.368127272392,0.47619047619,0.47619047619,0.45,0.45,0.4,0.4,1.60054078678,0.08831494958968042,2.7283674445763317,1.42679028956,0.06445956827028254,2.7863861011915456,1.5171920842,0.0889105692462144,2.6682071062376935,1.6231451988,0.04399162493121471,2.7804156594059704,1.46358906172,0.10881448206405864,2.62287104285257,1.3788208523,0.06389553774905685,2.7530121535055243
