Well/XY,cell_id,total_distance,net_distance,linearity,spearmanrsq,progressivity,max_speed,min_speed,avg_speed,MSD_slope,hurst_RS,nongauss,disp_var,disp_skew,rw_linearity,rw_netdist,rw_kurtosis01,rw_kurtosis02,rw_kurtosis03,rw_kurtosis04,rw_kurtosis05,rw_kurtosis06,rw_kurtosis07,rw_kurtosis08,rw_kurtosis09,rw_kurtosis10,avg_moving_speed01,avg_moving_speed02,avg_moving_speed03,avg_moving_speed04,avg_moving_speed05,avg_moving_speed06,avg_moving_speed07,avg_moving_speed08,avg_moving_speed09,avg_moving_speed10,time_moving01,time_moving02,time_moving03,time_moving04,time_moving05,time_moving06,time_moving07,time_moving08,time_moving09,time_moving10,autocorr_1,autocorr_2,autocorr_3,autocorr_4,autocorr_5,autocorr_6,autocorr_7,autocorr_8,autocorr_9,autocorr_10,p_rturn_9_5,p_rturn_9_6,p_rturn_10_5,p_rturn_10_6,p_rturn_11_5,p_rturn_11_6,mean_theta_9_5,min_theta_9_5,max_theta_9_5,mean_theta_9_6,min_theta_9_6,max_theta_9_6,mean_theta_10_5,min_theta_10_5,max_theta_10_5,mean_theta_10_6,min_theta_10_6,max_theta_10_6,mean_theta_11_5,min_theta_11_5,max_theta_11_5,mean_theta_11_6,min_theta_11_6,max_theta_11_6
WellB09_Seq0007/xy01,0,1068.6372928104156,241.21117905271302,0.417462011507,0.228513198528,0.22571847405619758,14.215864518206411,0.7340190733216643,14.2484972375,1.27912163684,0.641879224631,1.85983644866,185.133994569,3.057680679942915,0.182364182222,65.5439072688,14.291039467852631,8.741185702503799,3.603848101726486,0.10846578262008677,-1.2307783911836034,-0.13901981572850852,-0.636731737800921,-1.2088601048329033,-1.0150644643389173,-0.29591956791112173,6.12510318492,6.34733655937,6.92951373412,7.47917737361,8.19730557526,8.8044043463,9.97201748723,10.5509037848,10.8283301368,11.5640527584,0.9577464788732394,0.9154929577464789,0.7887323943661971,0.676056338028169,0.5492957746478874,0.4507042253521127,0.29577464788732394,0.23943661971830985,0.2112676056338028,0.14084507042253522,0.0805065019419,0.101721599688,-0.00161707945919,-0.150871979589,-0.0707979590169,-0.060879181325,-0.0806148408621,0.0698981151593,-0.0926279739046,0.175826610202,0.380952380952,0.47619047619,0.5,0.5,0.45,0.55,0.633807040961,0.006008401693004105,2.618092478646801,0.644830717713,0.044722675670963274,2.445486704357694,0.662107133331,0.04254820951677495,2.627523414841042,0.642496359434,0.04978007779454199,2.4650238730573006,0.607565141756,0.034272757661402815,2.6363508390934456,0.559285601412,0.06386214857492728,2.5386112376499135
