Well/XY,cell_id,total_distance,net_distance,linearity,spearmanrsq,progressivity,max_speed,min_speed,avg_speed,MSD_slope,hurst_RS,nongauss,disp_var,disp_skew,rw_linearity,rw_netdist,rw_kurtosis01,rw_kurtosis02,rw_kurtosis03,rw_kurtosis04,rw_kurtosis05,rw_kurtosis06,rw_kurtosis07,rw_kurtosis08,rw_kurtosis09,rw_kurtosis10,avg_moving_speed01,avg_moving_speed02,avg_moving_speed03,avg_moving_speed04,avg_moving_speed05,avg_moving_speed06,avg_moving_speed07,avg_moving_speed08,avg_moving_speed09,avg_moving_speed10,time_moving01,time_moving02,time_moving03,time_moving04,time_moving05,time_moving06,time_moving07,time_moving08,time_moving09,time_moving10,autocorr_1,autocorr_2,autocorr_3,autocorr_4,autocorr_5,autocorr_6,autocorr_7,autocorr_8,autocorr_9,autocorr_10,p_rturn_9_5,p_rturn_9_6,p_rturn_10_5,p_rturn_10_6,p_rturn_11_5,p_rturn_11_6,mean_theta_9_5,min_theta_9_5,max_theta_9_5,mean_theta_9_6,min_theta_9_6,max_theta_9_6,mean_theta_10_5,min_theta_10_5,max_theta_10_5,mean_theta_10_6,min_theta_10_6,max_theta_10_6,mean_theta_11_5,min_theta_11_5,max_theta_11_5,mean_theta_11_6,min_theta_11_6,max_theta_11_6
WellB09_Seq0007/xy11,0,518.6168274793558,162.76516826397472,0.805330131217,0.495413064644,0.31384474941753365,7.743856661896581,0.191635069859368,6.91489103306,1.3905438643,0.773262231911,-0.0197808351545,23.7342131386,1.1358117972867008,0.577998418045,77.5126660376,1.046735535518188,-0.2879370097636009,-0.21457979926445425,0.1744530616507851,1.011560767704811,0.9751938858629194,2.511943041329438,2.948684041901556,0.22297523583624868,-1.2876517775596092,3.71087478266,4.25195039184,5.35036777694,6.49986396875,7.57467060799,8.56397143587,8.84882079923,8.84882079923,9.33199215928,0.0,0.9295774647887324,0.7464788732394366,0.4647887323943662,0.28169014084507044,0.18309859154929578,0.1267605633802817,0.11267605633802817,0.11267605633802817,0.04225352112676056,0.0,0.247148790413,0.388465007616,0.245310630894,0.233276157697,0.132393880707,0.101092030795,-0.0177153594156,-0.0529053310564,-0.121839237271,-0.00286409041506,0.714285714286,0.714285714286,0.65,0.7,0.7,0.75,0.87825261296,0.022113424143253752,2.284246018311288,0.83630515024,0.01628782559619398,2.3425472682309345,0.824719416312,0.06657181783318086,1.9034014157108725,0.758849847938,0.018094818555294108,1.9332683812855325,0.79405613616,0.0019669216283555806,2.1417370099657562,0.744535933954,0.0038586769186300923,2.2000382598854022
