Well/XY,cell_id,total_distance,net_distance,linearity,spearmanrsq,progressivity,max_speed,min_speed,avg_speed,MSD_slope,hurst_RS,nongauss,disp_var,disp_skew,rw_linearity,rw_netdist,rw_kurtosis01,rw_kurtosis02,rw_kurtosis03,rw_kurtosis04,rw_kurtosis05,rw_kurtosis06,rw_kurtosis07,rw_kurtosis08,rw_kurtosis09,rw_kurtosis10,avg_moving_speed01,avg_moving_speed02,avg_moving_speed03,avg_moving_speed04,avg_moving_speed05,avg_moving_speed06,avg_moving_speed07,avg_moving_speed08,avg_moving_speed09,avg_moving_speed10,time_moving01,time_moving02,time_moving03,time_moving04,time_moving05,time_moving06,time_moving07,time_moving08,time_moving09,time_moving10,autocorr_1,autocorr_2,autocorr_3,autocorr_4,autocorr_5,autocorr_6,autocorr_7,autocorr_8,autocorr_9,autocorr_10,p_rturn_9_5,p_rturn_9_6,p_rturn_10_5,p_rturn_10_6,p_rturn_11_5,p_rturn_11_6,mean_theta_9_5,min_theta_9_5,max_theta_9_5,mean_theta_9_6,min_theta_9_6,max_theta_9_6,mean_theta_10_5,min_theta_10_5,max_theta_10_5,mean_theta_10_6,min_theta_10_6,max_theta_10_6,mean_theta_11_5,min_theta_11_5,max_theta_11_5,mean_theta_11_6,min_theta_11_6,max_theta_11_6
WellB09_Seq0007/xy22,0,1326.7327141853125,232.61334291050457,0.0766910914549,0.160941915343,0.17532796201029993,38.47936184502024,0.3742138426087365,17.6897695225,1.07412909783,0.769885096692,0.517906658036,277.399378427,1.5678258863670573,-0.174757623445,14.5192170033,2.9367821725971544,3.6356248043480193,0.6098061508573447,1.1721359386345824,2.0352859027543433,-0.6648208588863964,-0.38820054946017546,-1.2229874878999016,-1.1264348015655181,0.059437311979857466,11.8662324683,12.1907300479,12.6715362533,13.5043144984,14.624195008,15.9227369684,17.4880406998,18.7261378003,19.7529682838,20.1207642522,0.9014084507042254,0.8732394366197183,0.8309859154929577,0.7605633802816901,0.676056338028169,0.5915492957746479,0.5070422535211268,0.4507042253521127,0.4084507042253521,0.39436619718309857,0.50192892092,0.301720561645,0.239551916332,0.170580959364,0.110584065639,0.00482349152331,-0.0957998898027,0.025945239566,-0.0481219213426,-0.0246399048472,0.666666666667,0.619047619048,0.5,0.5,0.55,0.55,0.60749290094,0.02471044576341958,2.4278329189001915,0.58322821726,0.03804724834948436,2.5575918203877217,0.604510359696,0.05770403333838152,1.5153913845081277,0.591373541967,0.041706297022277204,1.5674693658997603,0.570773052478,0.0020196062318645186,1.5766423853269547,0.555284258961,0.09739072412880001,1.6287203667185872
