Well/XY,cell_id,total_distance,net_distance,linearity,spearmanrsq,progressivity,max_speed,min_speed,avg_speed,MSD_slope,hurst_RS,nongauss,disp_var,disp_skew,rw_linearity,rw_netdist,rw_kurtosis01,rw_kurtosis02,rw_kurtosis03,rw_kurtosis04,rw_kurtosis05,rw_kurtosis06,rw_kurtosis07,rw_kurtosis08,rw_kurtosis09,rw_kurtosis10,avg_moving_speed01,avg_moving_speed02,avg_moving_speed03,avg_moving_speed04,avg_moving_speed05,avg_moving_speed06,avg_moving_speed07,avg_moving_speed08,avg_moving_speed09,avg_moving_speed10,time_moving01,time_moving02,time_moving03,time_moving04,time_moving05,time_moving06,time_moving07,time_moving08,time_moving09,time_moving10,autocorr_1,autocorr_2,autocorr_3,autocorr_4,autocorr_5,autocorr_6,autocorr_7,autocorr_8,autocorr_9,autocorr_10,p_rturn_9_5,p_rturn_9_6,p_rturn_10_5,p_rturn_10_6,p_rturn_11_5,p_rturn_11_6,mean_theta_9_5,min_theta_9_5,max_theta_9_5,mean_theta_9_6,min_theta_9_6,max_theta_9_6,mean_theta_10_5,min_theta_10_5,max_theta_10_5,mean_theta_10_6,min_theta_10_6,max_theta_10_6,mean_theta_11_5,min_theta_11_5,max_theta_11_5,mean_theta_11_6,min_theta_11_6,max_theta_11_6
WellB09_Seq0007/xy20,0,2876.265139045937,511.09533171415296,0.321926790293,0.318302666503,0.17769409529598665,45.813471424898594,2.176000000000014,38.3502018539,0.789855486539,0.620926924478,0.115315360972,896.543414463,1.2566479394510586,0.0482004437349,38.2822890639,1.2535364463242216,0.10819050163212074,0.2159085639398275,0.3333796325163174,-1.0277081314730312,-0.7687457632910957,-0.893123704775526,-0.6453333832176158,-1.4239103891299631,-1.702918705556622,19.4788057876,19.7396101357,19.9914903588,20.4793012629,20.9776630689,21.2269761462,21.2269761462,21.9267493573,21.9267493573,22.1447443322,0.9859154929577465,0.971830985915493,0.9577464788732394,0.9295774647887324,0.9014084507042254,0.8873239436619719,0.8873239436619719,0.8450704225352113,0.8450704225352113,0.8309859154929577,0.165706366746,-0.262756390195,-0.01333444117,0.0963215992567,-0.00216185724409,0.0341993482341,0.195656446185,-0.143982137867,-0.275232571574,-0.0196925219697,0.571428571429,0.571428571429,0.4,0.4,0.5,0.5,0.890322465516,0.15177287730192732,2.3521555828076686,0.876081438254,0.10795100192083996,2.337986684508214,0.862345930076,0.10008678272835096,2.4653097540174382,0.863155840406,0.016458480246042153,2.451140855717984,0.8585905757,0.01785802247920196,2.412575972796938,0.872429857,0.014879745234529115,2.398407074497484
