Well/XY,cell_id,total_distance,net_distance,linearity,spearmanrsq,progressivity,max_speed,min_speed,avg_speed,MSD_slope,hurst_RS,nongauss,disp_var,disp_skew,rw_linearity,rw_netdist,rw_kurtosis01,rw_kurtosis02,rw_kurtosis03,rw_kurtosis04,rw_kurtosis05,rw_kurtosis06,rw_kurtosis07,rw_kurtosis08,rw_kurtosis09,rw_kurtosis10,avg_moving_speed01,avg_moving_speed02,avg_moving_speed03,avg_moving_speed04,avg_moving_speed05,avg_moving_speed06,avg_moving_speed07,avg_moving_speed08,avg_moving_speed09,avg_moving_speed10,time_moving01,time_moving02,time_moving03,time_moving04,time_moving05,time_moving06,time_moving07,time_moving08,time_moving09,time_moving10,autocorr_1,autocorr_2,autocorr_3,autocorr_4,autocorr_5,autocorr_6,autocorr_7,autocorr_8,autocorr_9,autocorr_10,p_rturn_9_5,p_rturn_9_6,p_rturn_10_5,p_rturn_10_6,p_rturn_11_5,p_rturn_11_6,mean_theta_9_5,min_theta_9_5,max_theta_9_5,mean_theta_9_6,min_theta_9_6,max_theta_9_6,mean_theta_10_5,min_theta_10_5,max_theta_10_5,mean_theta_10_6,min_theta_10_6,max_theta_10_6,mean_theta_11_5,min_theta_11_5,max_theta_11_5,mean_theta_11_6,min_theta_11_6,max_theta_11_6
WellB09_Seq0007/xy03,0,1004.3270955322439,378.7472370856321,0.845377499724,0.637701011678,0.3771154226252501,15.16093519542908,1.3438288581512439,13.3910279404,1.53378552776,0.771233473806,0.17073518144,100.378856601,1.4859617730167676,0.598375707679,213.651556785,1.6989631123957762,0.04112663830136665,1.0895309128206323,-1.043046241082993,1.1010684551554721,0.33806610027232065,-1.6114484975653882,-1.0909584105831422,0.5849801425836758,-0.018089747344402607,7.28880569366,7.28880569366,7.66835102111,8.23601580294,9.07158424293,10.0363910204,10.6200461605,11.0749759822,11.9884268285,13.0403493733,0.971830985915493,0.971830985915493,0.9014084507042254,0.7887323943661971,0.647887323943662,0.5070422535211268,0.43661971830985913,0.38028169014084506,0.28169014084507044,0.19718309859154928,0.0492486532012,0.290413971006,0.313555145047,-0.00842894163243,0.0729638135841,-0.0183922407456,-0.033874412274,0.0505140593528,-0.0995218941116,0.0508251751866,0.571428571429,0.571428571429,0.684210526316,0.631578947368,0.65,0.65,0.71662282757,0.027413407864869843,2.690749554869333,0.728792388781,0.01771094217626342,2.726836418600894,0.539404001775,0.010585231671141804,2.112674402805026,0.537935152536,0.022823080682324595,2.5591959435752116,0.692321167206,0.02563918696032835,2.842778363689559,0.696402038222,0.011597652772249344,2.8721102308782616
