Well/XY,cell_id,total_distance,net_distance,linearity,spearmanrsq,progressivity,max_speed,min_speed,avg_speed,MSD_slope,hurst_RS,nongauss,disp_var,disp_skew,rw_linearity,rw_netdist,rw_kurtosis01,rw_kurtosis02,rw_kurtosis03,rw_kurtosis04,rw_kurtosis05,rw_kurtosis06,rw_kurtosis07,rw_kurtosis08,rw_kurtosis09,rw_kurtosis10,avg_moving_speed01,avg_moving_speed02,avg_moving_speed03,avg_moving_speed04,avg_moving_speed05,avg_moving_speed06,avg_moving_speed07,avg_moving_speed08,avg_moving_speed09,avg_moving_speed10,time_moving01,time_moving02,time_moving03,time_moving04,time_moving05,time_moving06,time_moving07,time_moving08,time_moving09,time_moving10,autocorr_1,autocorr_2,autocorr_3,autocorr_4,autocorr_5,autocorr_6,autocorr_7,autocorr_8,autocorr_9,autocorr_10,p_rturn_9_5,p_rturn_9_6,p_rturn_10_5,p_rturn_10_6,p_rturn_11_5,p_rturn_11_6,mean_theta_9_5,min_theta_9_5,max_theta_9_5,mean_theta_9_6,min_theta_9_6,max_theta_9_6,mean_theta_10_5,min_theta_10_5,max_theta_10_5,mean_theta_10_6,min_theta_10_6,max_theta_10_6,mean_theta_11_5,min_theta_11_5,max_theta_11_5,mean_theta_11_6,min_theta_11_6,max_theta_11_6
WellB09_Seq0007/xy24,0,1124.2782261980503,20.78416705090682,0.349671532953,0.495452629553,0.018486675777038067,17.590930504097845,0.3363093813737575,14.9903763493,0.191517525872,0.775903911487,0.594643375711,199.428813212,1.7695423751452188,0.115741558041,-164.029604704,2.786354696171088,0.720258314424767,-0.09274593585247048,0.4778784512168719,1.5003589800329555,0.20996872484113283,-1.6080179813933964,-1.6296261248960602,-0.9820523507884609,-1.232839650924997,5.24141206996,5.94101665491,6.91150279161,7.96520115613,8.87299234868,10.3094276789,11.6688545942,12.8337408533,13.2402080108,13.6897332153,0.9436619718309859,0.7887323943661971,0.6197183098591549,0.4788732394366197,0.38028169014084506,0.2676056338028169,0.19718309859154928,0.15492957746478872,0.14084507042253522,0.1267605633802817,0.273607372265,0.095169048261,0.0462222929548,0.184227325677,0.0976443172649,0.0331475684453,0.106783588586,0.0498304813393,0.194558544261,0.0194158774404,0.52380952381,0.52380952381,0.5,0.5,0.4,0.45,0.738478812841,0.009392987211007607,2.213782684955722,0.754466792559,0.013267396816324708,2.1627192667952766,0.726548116762,0.042952055119530944,1.9949947663064276,0.749543357626,0.046826464724838965,1.984820845860681,0.727803042477,0.01749658026928657,2.403104428599475,0.722631789577,0.08107491458430596,2.4061857888370906
