Well/XY,cell_id,total_distance,net_distance,linearity,spearmanrsq,progressivity,max_speed,min_speed,avg_speed,MSD_slope,hurst_RS,nongauss,disp_var,disp_skew,rw_linearity,rw_netdist,rw_kurtosis01,rw_kurtosis02,rw_kurtosis03,rw_kurtosis04,rw_kurtosis05,rw_kurtosis06,rw_kurtosis07,rw_kurtosis08,rw_kurtosis09,rw_kurtosis10,avg_moving_speed01,avg_moving_speed02,avg_moving_speed03,avg_moving_speed04,avg_moving_speed05,avg_moving_speed06,avg_moving_speed07,avg_moving_speed08,avg_moving_speed09,avg_moving_speed10,time_moving01,time_moving02,time_moving03,time_moving04,time_moving05,time_moving06,time_moving07,time_moving08,time_moving09,time_moving10,autocorr_1,autocorr_2,autocorr_3,autocorr_4,autocorr_5,autocorr_6,autocorr_7,autocorr_8,autocorr_9,autocorr_10,p_rturn_9_5,p_rturn_9_6,p_rturn_10_5,p_rturn_10_6,p_rturn_11_5,p_rturn_11_6,mean_theta_9_5,min_theta_9_5,max_theta_9_5,mean_theta_9_6,min_theta_9_6,max_theta_9_6,mean_theta_10_5,min_theta_10_5,max_theta_10_5,mean_theta_10_6,min_theta_10_6,max_theta_10_6,mean_theta_11_5,min_theta_11_5,max_theta_11_5,mean_theta_11_6,min_theta_11_6,max_theta_11_6
WellB09_Seq0007/xy05,0,978.503623527513,101.8315560128589,0.553910885074,0.350812021273,0.10406865499971821,23.140661529005605,0.24804031930314382,13.0467149804,0.761705144747,0.779857170655,1.26727448758,180.705609389,2.405006240431714,0.310459418488,-59.0191490226,7.068129556806076,8.568090720787891,13.326168148896407,5.145818293219515,4.382067839357309,3.4497187740072217,3.212977197363726,-1.15164202168442,1.5621838323782251,-0.26617341706641007,4.54017346322,5.94812167249,6.93896921452,8.11045802281,9.91646947109,11.3389937567,12.9418300391,14.4668366053,15.5112357976,16.7747224616,0.8591549295774648,0.5774647887323944,0.4507042253521127,0.3380281690140845,0.22535211267605634,0.16901408450704225,0.1267605633802817,0.09859154929577464,0.08450704225352113,0.07042253521126761,0.449028225909,0.39616203035,0.256272757114,-0.0681722123756,0.0415757904402,-0.0315851935065,-0.0839415439206,-0.0363671109272,-0.0663249949325,-0.02052729146,0.52380952381,0.52380952381,0.55,0.55,0.45,0.45,0.986065924125,0.07905410819642351,2.1593617447701763,1.00091060031,0.003973786999321614,2.0551820313633202,0.69956742915,0.02254981613822799,1.901182333494665,0.731568784811,0.007750613680679893,1.8955798186718984,0.853290338649,0.08538095695955981,2.057234695043092,0.863203521575,0.13813130418623157,2.2028445854566785
