Well/XY,cell_id,total_distance,net_distance,linearity,spearmanrsq,progressivity,max_speed,min_speed,avg_speed,MSD_slope,hurst_RS,nongauss,disp_var,disp_skew,rw_linearity,rw_netdist,rw_kurtosis01,rw_kurtosis02,rw_kurtosis03,rw_kurtosis04,rw_kurtosis05,rw_kurtosis06,rw_kurtosis07,rw_kurtosis08,rw_kurtosis09,rw_kurtosis10,avg_moving_speed01,avg_moving_speed02,avg_moving_speed03,avg_moving_speed04,avg_moving_speed05,avg_moving_speed06,avg_moving_speed07,avg_moving_speed08,avg_moving_speed09,avg_moving_speed10,time_moving01,time_moving02,time_moving03,time_moving04,time_moving05,time_moving06,time_moving07,time_moving08,time_moving09,time_moving10,autocorr_1,autocorr_2,autocorr_3,autocorr_4,autocorr_5,autocorr_6,autocorr_7,autocorr_8,autocorr_9,autocorr_10,p_rturn_9_5,p_rturn_9_6,p_rturn_10_5,p_rturn_10_6,p_rturn_11_5,p_rturn_11_6,mean_theta_9_5,min_theta_9_5,max_theta_9_5,mean_theta_9_6,min_theta_9_6,max_theta_9_6,mean_theta_10_5,min_theta_10_5,max_theta_10_5,mean_theta_10_6,min_theta_10_6,max_theta_10_6,mean_theta_11_5,min_theta_11_5,max_theta_11_5,mean_theta_11_6,min_theta_11_6,max_theta_11_6
WellC02_Seq0017/xy13,0,1530.8859604124787,140.6292377139262,0.120161738855,0.0485089943711,0.0918613413085553,34.59228237627578,1.1377679904093043,20.4118128055,1.08813208581,0.743268603411,0.235290406978,243.306458502,1.533469561435189,-0.11866065586,-111.024491654,2.696285588807531,0.26699895679228947,0.15863880804380903,-0.19086903161517288,-1.118386135924236,-0.8812723017230137,-0.7735884714997776,-1.1360333829090328,-0.7263818669266788,-1.6334399563993276,15.9071096461,15.9071096461,16.1027211109,16.863577098,17.6487513318,18.47739149,18.6834710893,19.0965736638,19.7106044885,20.5849514616,1.0,1.0,0.9859154929577465,0.9295774647887324,0.8732394366197183,0.8169014084507042,0.8028169014084507,0.7746478873239436,0.7323943661971831,0.676056338028169,0.317747503193,0.21413606264,0.14244499252,0.0643298368544,0.0268857092627,-0.0313675847773,0.00171886791877,0.182951329054,0.0428982552152,0.0872047502171,0.47619047619,0.47619047619,0.55,0.55,0.55,0.55,0.875068821871,0.14394545586625163,2.313736509001682,0.844352808863,0.12747906633123787,2.3147623085944526,0.921905088753,0.1514602306289039,2.4956745286016937,0.89459380474,0.1349938410938887,2.545592724851085,0.981197687112,0.1504801172618381,2.2696272541988227,0.953886403099,0.1689782679422574,2.319545450448214
