Well/XY,cell_id,total_distance,net_distance,linearity,spearmanrsq,progressivity,max_speed,min_speed,avg_speed,MSD_slope,hurst_RS,nongauss,disp_var,disp_skew,rw_linearity,rw_netdist,rw_kurtosis01,rw_kurtosis02,rw_kurtosis03,rw_kurtosis04,rw_kurtosis05,rw_kurtosis06,rw_kurtosis07,rw_kurtosis08,rw_kurtosis09,rw_kurtosis10,avg_moving_speed01,avg_moving_speed02,avg_moving_speed03,avg_moving_speed04,avg_moving_speed05,avg_moving_speed06,avg_moving_speed07,avg_moving_speed08,avg_moving_speed09,avg_moving_speed10,time_moving01,time_moving02,time_moving03,time_moving04,time_moving05,time_moving06,time_moving07,time_moving08,time_moving09,time_moving10,autocorr_1,autocorr_2,autocorr_3,autocorr_4,autocorr_5,autocorr_6,autocorr_7,autocorr_8,autocorr_9,autocorr_10,p_rturn_9_5,p_rturn_9_6,p_rturn_10_5,p_rturn_10_6,p_rturn_11_5,p_rturn_11_6,mean_theta_9_5,min_theta_9_5,max_theta_9_5,mean_theta_9_6,min_theta_9_6,max_theta_9_6,mean_theta_10_5,min_theta_10_5,max_theta_10_5,mean_theta_10_6,min_theta_10_6,max_theta_10_6,mean_theta_11_5,min_theta_11_5,max_theta_11_5,mean_theta_11_6,min_theta_11_6,max_theta_11_6
WellB08_Seq0006/xy05,0,1011.1850142852144,41.251855715834026,0.365538768068,0.421093143611,0.04079555682991812,9.78984392112561,0.29206163733018425,13.4824668571,0.2965356999,0.622341630278,-0.0385007640122,91.3651288534,1.0669371904004876,0.135553004363,-124.971159262,1.0477454675213878,-0.0011336206775491853,0.39320052253327553,-0.2834905032293933,0.11130719001505884,-0.39169897802003817,-0.40962854604174215,-0.4222666668066184,-1.1369207954418523,0.6093056248290538,3.92659737045,4.53259976007,5.09015857548,6.06444197011,6.86493585877,7.50792579523,7.89039355944,8.58960626121,9.02602215818,0.0,0.8450704225352113,0.676056338028169,0.5352112676056338,0.3380281690140845,0.22535211267605634,0.15492957746478872,0.11267605633802817,0.056338028169014086,0.014084507042253521,0.0,0.285863894833,-0.0685014250022,-0.201572086634,-0.0913246908677,0.190358974518,-0.0677432827511,-0.0358288741414,-0.0730015287567,0.0165716799513,-0.00171922922651,0.571428571429,0.619047619048,0.55,0.55,0.6,0.65,0.914460079005,0.11126631242181793,2.4618721512711628,0.883236159814,0.058095252681320694,2.2367863133898607,0.813288692954,0.008944059096213642,2.576800026878609,0.789146073416,0.03173574309854772,2.3720207516652048,0.839581988112,0.0008250337765329958,2.0042339249511176,0.816371181727,0.028932198916569753,1.9409926682092373
