Well/XY,cell_id,total_distance,net_distance,linearity,spearmanrsq,progressivity,max_speed,min_speed,avg_speed,MSD_slope,hurst_RS,nongauss,disp_var,disp_skew,rw_linearity,rw_netdist,rw_kurtosis01,rw_kurtosis02,rw_kurtosis03,rw_kurtosis04,rw_kurtosis05,rw_kurtosis06,rw_kurtosis07,rw_kurtosis08,rw_kurtosis09,rw_kurtosis10,avg_moving_speed01,avg_moving_speed02,avg_moving_speed03,avg_moving_speed04,avg_moving_speed05,avg_moving_speed06,avg_moving_speed07,avg_moving_speed08,avg_moving_speed09,avg_moving_speed10,time_moving01,time_moving02,time_moving03,time_moving04,time_moving05,time_moving06,time_moving07,time_moving08,time_moving09,time_moving10,autocorr_1,autocorr_2,autocorr_3,autocorr_4,autocorr_5,autocorr_6,autocorr_7,autocorr_8,autocorr_9,autocorr_10,p_rturn_9_5,p_rturn_9_6,p_rturn_10_5,p_rturn_10_6,p_rturn_11_5,p_rturn_11_6,mean_theta_9_5,min_theta_9_5,max_theta_9_5,mean_theta_9_6,min_theta_9_6,max_theta_9_6,mean_theta_10_5,min_theta_10_5,max_theta_10_5,mean_theta_10_6,min_theta_10_6,max_theta_10_6,mean_theta_11_5,min_theta_11_5,max_theta_11_5,mean_theta_11_6,min_theta_11_6,max_theta_11_6
WellB08_Seq0006/xy23,0,1728.0720724996636,940.6683167301853,0.152969626656,0.114145139646,0.5443455349460654,35.91929843412869,3.136369876146605,23.0409609667,1.67545998636,0.753200768976,-0.366352378955,141.68741081,0.4957778868004531,-0.0711612745368,656.600271881,-0.5477260945357036,0.2753078795938748,2.3136627955678044,-0.3401333463236629,-0.6301998720168918,-0.9577649945033482,-0.686692834909524,0.4419375450726304,-0.5907401604764075,-1.303894184016474,17.29391175,17.29391175,17.29391175,17.4930542323,17.4930542323,17.6711429842,17.8384609809,18.4782460276,18.966444144,19.2853631532,1.0,1.0,1.0,0.9859154929577465,0.9859154929577465,0.971830985915493,0.9577464788732394,0.9014084507042254,0.8591549295774648,0.8309859154929577,0.437255888302,0.399560965951,0.167810094702,0.0825924948416,0.145357118458,0.113441745408,0.0528960535133,-0.148002414894,-0.0639599173805,-0.0841400495893,0.571428571429,0.571428571429,0.55,0.65,0.45,0.6,0.593375375593,0.019526228222333002,2.4238820252238056,0.542341109342,0.01116540484289804,2.3421926751312414,0.653466058997,0.033207693028182585,2.7667572096248403,0.600788382442,0.03190495907555453,2.7108341099551945,0.511091318598,0.002364645647775347,2.3412100585990525,0.446783995515,0.01740612837072165,2.319330531739402
