Well/XY,cell_id,total_distance,net_distance,linearity,spearmanrsq,progressivity,max_speed,min_speed,avg_speed,MSD_slope,hurst_RS,nongauss,disp_var,disp_skew,rw_linearity,rw_netdist,rw_kurtosis01,rw_kurtosis02,rw_kurtosis03,rw_kurtosis04,rw_kurtosis05,rw_kurtosis06,rw_kurtosis07,rw_kurtosis08,rw_kurtosis09,rw_kurtosis10,avg_moving_speed01,avg_moving_speed02,avg_moving_speed03,avg_moving_speed04,avg_moving_speed05,avg_moving_speed06,avg_moving_speed07,avg_moving_speed08,avg_moving_speed09,avg_moving_speed10,time_moving01,time_moving02,time_moving03,time_moving04,time_moving05,time_moving06,time_moving07,time_moving08,time_moving09,time_moving10,autocorr_1,autocorr_2,autocorr_3,autocorr_4,autocorr_5,autocorr_6,autocorr_7,autocorr_8,autocorr_9,autocorr_10,p_rturn_9_5,p_rturn_9_6,p_rturn_10_5,p_rturn_10_6,p_rturn_11_5,p_rturn_11_6,mean_theta_9_5,min_theta_9_5,max_theta_9_5,mean_theta_9_6,min_theta_9_6,max_theta_9_6,mean_theta_10_5,min_theta_10_5,max_theta_10_5,mean_theta_10_6,min_theta_10_6,max_theta_10_6,mean_theta_11_5,min_theta_11_5,max_theta_11_5,mean_theta_11_6,min_theta_11_6,max_theta_11_6
WellB08_Seq0006/xy07,0,1684.79355886424,478.4341542992097,0.0670516376771,0.139509007855,0.28397197495326,34.21673911991031,1.5032019159114955,22.4639141182,1.48785631226,0.706147315376,0.462573362189,279.75154084,2.143197590845069,-0.150462641356,201.480420796,6.052126428834983,1.7005241338454269,-0.02387646166244428,3.10521870145622,-0.9955345715089625,2.089896559554516,-1.0808562700674962,-0.4919596170833427,-1.3844186464163881,-0.7331054787690134,15.0266943045,15.0266943045,15.0266943045,15.0266943045,15.1772388748,15.3125628202,16.3174733125,17.4035450581,17.7491619898,18.4295368082,1.0,1.0,1.0,1.0,0.9859154929577465,0.971830985915493,0.8732394366197183,0.7746478873239436,0.7464788732394366,0.6901408450704225,0.0302980410936,0.0365611332537,0.288159822432,-0.130991042619,0.0488091010546,-0.126806210987,-0.0734122391009,0.0144765978334,0.0586265354158,0.0437892068349,0.619047619048,0.571428571429,0.5,0.5,0.65,0.65,0.442626287663,0.027476802513165494,1.8462726900067932,0.410278423913,0.011368917736283589,1.848003513920682,0.624082883151,0.0390397099709192,2.3932976802321373,0.596188307164,0.07788543022035564,2.3950285041460266,0.401519555345,0.004314720867926597,1.2494205859875929,0.373554909717,0.018036852501254485,1.212970353706444
