Well/XY,cell_id,total_distance,net_distance,linearity,spearmanrsq,progressivity,max_speed,min_speed,avg_speed,MSD_slope,hurst_RS,nongauss,disp_var,disp_skew,rw_linearity,rw_netdist,rw_kurtosis01,rw_kurtosis02,rw_kurtosis03,rw_kurtosis04,rw_kurtosis05,rw_kurtosis06,rw_kurtosis07,rw_kurtosis08,rw_kurtosis09,rw_kurtosis10,avg_moving_speed01,avg_moving_speed02,avg_moving_speed03,avg_moving_speed04,avg_moving_speed05,avg_moving_speed06,avg_moving_speed07,avg_moving_speed08,avg_moving_speed09,avg_moving_speed10,time_moving01,time_moving02,time_moving03,time_moving04,time_moving05,time_moving06,time_moving07,time_moving08,time_moving09,time_moving10,autocorr_1,autocorr_2,autocorr_3,autocorr_4,autocorr_5,autocorr_6,autocorr_7,autocorr_8,autocorr_9,autocorr_10,p_rturn_9_5,p_rturn_9_6,p_rturn_10_5,p_rturn_10_6,p_rturn_11_5,p_rturn_11_6,mean_theta_9_5,min_theta_9_5,max_theta_9_5,mean_theta_9_6,min_theta_9_6,max_theta_9_6,mean_theta_10_5,min_theta_10_5,max_theta_10_5,mean_theta_10_6,min_theta_10_6,max_theta_10_6,mean_theta_11_5,min_theta_11_5,max_theta_11_5,mean_theta_11_6,min_theta_11_6,max_theta_11_6
WellB08_Seq0006/xy14,0,1454.9535823630745,174.98028460372336,0.00243711606703,0.0143458471113,0.12026520070800316,35.30376750433303,0.2683281572999544,19.3993810982,0.938693057508,0.862251384989,0.320726145425,336.01391435,1.3704541686725613,-0.230091814066,-64.1913483773,1.035166922485371,-0.6247707703320331,1.9250977581429511,0.8583106946078218,2.1848901387276642,0.14137770121770954,-0.7325624004916214,-1.523714306223065,0.25859617633209275,-0.8819075601020399,11.1873801594,12.3265004862,13.203076245,13.9733962456,14.5610499071,15.5530381527,16.2305381678,17.1511029992,18.1882906422,19.7266704844,0.9577464788732394,0.8591549295774648,0.7887323943661971,0.7323943661971831,0.6901408450704225,0.6197183098591549,0.5774647887323944,0.5211267605633803,0.4647887323943662,0.39436619718309857,0.328263560395,0.477859332815,0.214762378005,0.481465717008,0.19778444685,0.193075218902,0.0375775619755,0.202232802154,0.0879928817933,0.208226667856,0.4,0.4,0.4,0.4,0.35,0.4,0.776807560789,0.00468503031527436,2.07982362005997,0.805872313108,0.01802304684921956,2.0265604621112234,0.809951506004,0.02295746048756209,2.0318023589692484,0.867910850212,0.045665537652019306,1.9899182164236093,0.911995234242,0.001982642287745648,2.091733717017217,0.963794631999,0.024640593674862012,2.0384705590684713
