Well/XY,cell_id,total_distance,net_distance,linearity,spearmanrsq,progressivity,max_speed,min_speed,avg_speed,MSD_slope,hurst_RS,nongauss,disp_var,disp_skew,rw_linearity,rw_netdist,rw_kurtosis01,rw_kurtosis02,rw_kurtosis03,rw_kurtosis04,rw_kurtosis05,rw_kurtosis06,rw_kurtosis07,rw_kurtosis08,rw_kurtosis09,rw_kurtosis10,avg_moving_speed01,avg_moving_speed02,avg_moving_speed03,avg_moving_speed04,avg_moving_speed05,avg_moving_speed06,avg_moving_speed07,avg_moving_speed08,avg_moving_speed09,avg_moving_speed10,time_moving01,time_moving02,time_moving03,time_moving04,time_moving05,time_moving06,time_moving07,time_moving08,time_moving09,time_moving10,autocorr_1,autocorr_2,autocorr_3,autocorr_4,autocorr_5,autocorr_6,autocorr_7,autocorr_8,autocorr_9,autocorr_10,p_rturn_9_5,p_rturn_9_6,p_rturn_10_5,p_rturn_10_6,p_rturn_11_5,p_rturn_11_6,mean_theta_9_5,min_theta_9_5,max_theta_9_5,mean_theta_9_6,min_theta_9_6,max_theta_9_6,mean_theta_10_5,min_theta_10_5,max_theta_10_5,mean_theta_10_6,min_theta_10_6,max_theta_10_6,mean_theta_11_5,min_theta_11_5,max_theta_11_5,mean_theta_11_6,min_theta_11_6,max_theta_11_6
WellC04_Seq0017/xy17,0,204.38696319456773,21.964446931347947,0.58986441763,0.725915124467,0.10746500945091456,5.927171656026178,0.09248221450637359,3.29656392249,0.886077875571,0.723686069632,0.0277490337379,5.74868222834,1.242102612226525,0.370199090425,-15.0393913234,1.0321893986168256,0.836706475688223,-1.0333141249938482,0.6441949745417506,-1.0324246346474977,-0.49053753644044296,-1.1062530688146281,-1.0969199742526807,-0.15324246853436208,0.23786007267843967,2.91006233075,3.31871535195,4.13320892737,4.87644934359,5.66349134012,0.0,0.0,0.0,0.0,0.0,0.7068965517241379,0.5517241379310345,0.27586206896551724,0.1206896551724138,0.05172413793103448,0.0,0.0,0.0,0.0,0.0,0.222536287469,0.106629129563,-0.125760220382,0.13032207736,0.0983892680417,0.0826287244371,-0.0679966676311,0.0255475380031,0.025061247752,0.0367300048902,0.5625,0.625,0.75,0.8125,0.6875,0.6875,0.784174404916,0.006317152736738088,2.4482250709020272,0.757328277936,0.0020037816269683983,2.3147309493863046,0.736010542692,0.02400891698285517,2.448423748986247,0.707636127705,0.023656077299078294,2.3122227895542395,0.904854814779,0.05093821392698234,2.5664773233501004,0.893770468263,0.03835701900367811,2.430276363918093
