Well/XY,cell_id,total_distance,net_distance,linearity,spearmanrsq,progressivity,max_speed,min_speed,avg_speed,MSD_slope,hurst_RS,nongauss,disp_var,disp_skew,rw_linearity,rw_netdist,rw_kurtosis01,rw_kurtosis02,rw_kurtosis03,rw_kurtosis04,rw_kurtosis05,rw_kurtosis06,rw_kurtosis07,rw_kurtosis08,rw_kurtosis09,rw_kurtosis10,avg_moving_speed01,avg_moving_speed02,avg_moving_speed03,avg_moving_speed04,avg_moving_speed05,avg_moving_speed06,avg_moving_speed07,avg_moving_speed08,avg_moving_speed09,avg_moving_speed10,time_moving01,time_moving02,time_moving03,time_moving04,time_moving05,time_moving06,time_moving07,time_moving08,time_moving09,time_moving10,autocorr_1,autocorr_2,autocorr_3,autocorr_4,autocorr_5,autocorr_6,autocorr_7,autocorr_8,autocorr_9,autocorr_10,p_rturn_9_5,p_rturn_9_6,p_rturn_10_5,p_rturn_10_6,p_rturn_11_5,p_rturn_11_6,mean_theta_9_5,min_theta_9_5,max_theta_9_5,mean_theta_9_6,min_theta_9_6,max_theta_9_6,mean_theta_10_5,min_theta_10_5,max_theta_10_5,mean_theta_10_6,min_theta_10_6,max_theta_10_6,mean_theta_11_5,min_theta_11_5,max_theta_11_5,mean_theta_11_6,min_theta_11_6,max_theta_11_6
WellC04_Seq0017/xy22,0,336.4254379055546,73.09836933885725,0.921199461507,0.959212489765,0.21727955470293037,15.782064377007185,0.20080836635957136,5.42621674041,1.06908476143,0.835882654206,0.751109320896,26.6806828581,2.050860093780909,0.67339185343,12.1892374919,3.940161899666694,5.259456639632287,3.9337302319945753,4.572716277446607,4.7407203272253176,2.893328870013523,-1.5424160280891068,0.4593752972776204,0.5878758479157167,-0.21254814404195965,4.41897905278,6.1278298412,7.04039974742,8.26262036226,9.19400625792,11.1452842934,13.9163457013,13.9163457013,15.2945275,15.2945275,0.6896551724137931,0.43103448275862066,0.3448275862068966,0.25862068965517243,0.20689655172413793,0.13793103448275862,0.08620689655172414,0.08620689655172414,0.06896551724137931,0.06896551724137931,0.629886840613,0.493777421728,0.358686299203,0.354184532465,0.288967113965,0.161422791936,0.0109428418088,0.0586200056273,0.136995388243,0.0245742038626,0.4375,0.5,0.5,0.5,0.5,0.4375,0.345416513881,0.026438135071849417,2.413039450338329,0.339423249688,0.011472078332193178,2.4309611588529223,0.343398857815,0.00426550452335829,1.5890265530747298,0.345391832915,0.011080179507176784,1.6069482615893231,0.204423743383,0.014104137829526684,0.6987796312375565,0.209327752996,0.0035390996882452698,0.7228107395647382
