Well/XY,cell_id,total_distance,net_distance,linearity,spearmanrsq,progressivity,max_speed,min_speed,avg_speed,MSD_slope,hurst_RS,nongauss,disp_var,disp_skew,rw_linearity,rw_netdist,rw_kurtosis01,rw_kurtosis02,rw_kurtosis03,rw_kurtosis04,rw_kurtosis05,rw_kurtosis06,rw_kurtosis07,rw_kurtosis08,rw_kurtosis09,rw_kurtosis10,avg_moving_speed01,avg_moving_speed02,avg_moving_speed03,avg_moving_speed04,avg_moving_speed05,avg_moving_speed06,avg_moving_speed07,avg_moving_speed08,avg_moving_speed09,avg_moving_speed10,time_moving01,time_moving02,time_moving03,time_moving04,time_moving05,time_moving06,time_moving07,time_moving08,time_moving09,time_moving10,autocorr_1,autocorr_2,autocorr_3,autocorr_4,autocorr_5,autocorr_6,autocorr_7,autocorr_8,autocorr_9,autocorr_10,p_rturn_9_5,p_rturn_9_6,p_rturn_10_5,p_rturn_10_6,p_rturn_11_5,p_rturn_11_6,mean_theta_9_5,min_theta_9_5,max_theta_9_5,mean_theta_9_6,min_theta_9_6,max_theta_9_6,mean_theta_10_5,min_theta_10_5,max_theta_10_5,mean_theta_10_6,min_theta_10_6,max_theta_10_6,mean_theta_11_5,min_theta_11_5,max_theta_11_5,mean_theta_11_6,min_theta_11_6,max_theta_11_6
WellC04_Seq0017/xy03,0,198.91255040876362,50.246202841607776,0.865207271369,0.538785106294,0.25260448744110037,5.806034447021473,0.10787029248129684,3.20826694208,1.34240079672,0.656144001293,0.0829669234448,4.79995765005,1.5369748824422997,0.645698296945,14.2334957339,2.946693082490178,4.5046243671084545,1.1862328859053806,1.1446313048024424,0.7347909003428721,-1.215264174819256,-0.5356191507182961,-1.2914677325822295,-0.6605313415348135,0.9557491362827455,2.65968195181,3.4379173672,4.25435346461,5.02506186687,5.99209926274,6.21554309775,0.0,0.0,0.0,0.0,0.6724137931034483,0.41379310344827586,0.22413793103448276,0.1206896551724138,0.05172413793103448,0.017241379310344827,0.0,0.0,0.0,0.0,0.400421127594,0.0776818833428,0.0269277863083,-0.0819628280756,-0.088842395404,-0.0958443682106,-0.0347967686296,0.208944939821,0.231556898947,-0.0644900178363,0.375,0.4375,0.4375,0.4375,0.375,0.4375,0.667195925404,0.023554781098415817,2.4247628425444057,0.578206084634,0.07742401181420698,2.000813902617285,0.756674300601,0.005954988272329864,2.503502592585923,0.706757593838,0.014523994513113281,2.294382837847781,0.710918897458,0.003997521366603542,1.9096582919341922,0.724085867324,0.057866752082412425,1.7735323059255754
