Well/XY,cell_id,total_distance,net_distance,linearity,spearmanrsq,progressivity,max_speed,min_speed,avg_speed,MSD_slope,hurst_RS,nongauss,disp_var,disp_skew,rw_linearity,rw_netdist,rw_kurtosis01,rw_kurtosis02,rw_kurtosis03,rw_kurtosis04,rw_kurtosis05,rw_kurtosis06,rw_kurtosis07,rw_kurtosis08,rw_kurtosis09,rw_kurtosis10,avg_moving_speed01,avg_moving_speed02,avg_moving_speed03,avg_moving_speed04,avg_moving_speed05,avg_moving_speed06,avg_moving_speed07,avg_moving_speed08,avg_moving_speed09,avg_moving_speed10,time_moving01,time_moving02,time_moving03,time_moving04,time_moving05,time_moving06,time_moving07,time_moving08,time_moving09,time_moving10,autocorr_1,autocorr_2,autocorr_3,autocorr_4,autocorr_5,autocorr_6,autocorr_7,autocorr_8,autocorr_9,autocorr_10,p_rturn_9_5,p_rturn_9_6,p_rturn_10_5,p_rturn_10_6,p_rturn_11_5,p_rturn_11_6,mean_theta_9_5,min_theta_9_5,max_theta_9_5,mean_theta_9_6,min_theta_9_6,max_theta_9_6,mean_theta_10_5,min_theta_10_5,max_theta_10_5,mean_theta_10_6,min_theta_10_6,max_theta_10_6,mean_theta_11_5,min_theta_11_5,max_theta_11_5,mean_theta_11_6,min_theta_11_6,max_theta_11_6
WellC04_Seq0017/xy18,0,347.71446794371104,51.406030774608716,0.0774724394571,0.0559301922712,0.14783978095191155,8.95605359519472,0.44837930371503437,5.60829787006,1.39386596374,0.839451436369,-0.317826838847,11.1835442146,0.4311798787820494,-0.1710721293,-11.5469566836,-0.7975106740862024,-0.7656458990745403,-0.4590636830019359,-0.8866440180209754,-0.3579873039982937,-0.13561753666763732,-0.6857402950907119,0.29490644513607656,-0.8387529165787422,-1.5683144493194465,4.91682778811,5.2972434191,5.98904760793,6.67036575488,7.81693014298,8.71667243021,9.03980025337,9.35106322656,10.055244667,10.4140974523,0.8793103448275862,0.7931034482758621,0.6379310344827587,0.5,0.3275862068965517,0.2413793103448276,0.20689655172413793,0.1724137931034483,0.08620689655172414,0.05172413793103448,0.597461510133,0.367032956241,0.448138616738,0.378481897783,0.223345494355,0.10060325235,-0.0427777965395,-0.239406725097,-0.249051108266,-0.258421510141,0.5,0.5,0.4375,0.4375,0.5,0.5,0.707847586685,0.04875773728005714,2.414895450679215,0.671484678818,0.016876950728414452,2.452896549524408,0.702675566845,0.029750795724329898,2.375323536214045,0.659887380451,0.012535022102784848,2.413324635059238,0.748808562012,0.051896485634105254,2.3303615797014445,0.695501680543,0.033831805693410585,2.3683626785466374
