Well/XY,cell_id,total_distance,net_distance,linearity,spearmanrsq,progressivity,max_speed,min_speed,avg_speed,MSD_slope,hurst_RS,nongauss,disp_var,disp_skew,rw_linearity,rw_netdist,rw_kurtosis01,rw_kurtosis02,rw_kurtosis03,rw_kurtosis04,rw_kurtosis05,rw_kurtosis06,rw_kurtosis07,rw_kurtosis08,rw_kurtosis09,rw_kurtosis10,avg_moving_speed01,avg_moving_speed02,avg_moving_speed03,avg_moving_speed04,avg_moving_speed05,avg_moving_speed06,avg_moving_speed07,avg_moving_speed08,avg_moving_speed09,avg_moving_speed10,time_moving01,time_moving02,time_moving03,time_moving04,time_moving05,time_moving06,time_moving07,time_moving08,time_moving09,time_moving10,autocorr_1,autocorr_2,autocorr_3,autocorr_4,autocorr_5,autocorr_6,autocorr_7,autocorr_8,autocorr_9,autocorr_10,p_rturn_9_5,p_rturn_9_6,p_rturn_10_5,p_rturn_10_6,p_rturn_11_5,p_rturn_11_6,mean_theta_9_5,min_theta_9_5,max_theta_9_5,mean_theta_9_6,min_theta_9_6,max_theta_9_6,mean_theta_10_5,min_theta_10_5,max_theta_10_5,mean_theta_10_6,min_theta_10_6,max_theta_10_6,mean_theta_11_5,min_theta_11_5,max_theta_11_5,mean_theta_11_6,min_theta_11_6,max_theta_11_6
WellD06_Seq0004/xy19,0,727.297957669349,78.47802240117926,0.898767176412,0.853773625094,0.10790353743418275,9.690345711067247,0.3720215047547547,9.69730610226,1.09823586378,0.701696569188,0.6012145042,104.277844763,1.6325448092537738,0.664601975922,-41.0783966545,2.0963443881356145,0.507672171295126,1.5093495576996236,-0.8165833012255614,-0.6949149919509621,0.7491051005214433,0.6457602487072842,0.1801594485855147,2.423079776232055,-1.1512315736748484,4.03698075007,4.62614043135,5.4129662956,6.11961348624,7.2312929307,8.0220516238,9.12492843176,9.40779090644,9.55101728349,10.08400714,0.8873239436619719,0.7183098591549296,0.5211267605633803,0.38028169014084506,0.22535211267605634,0.15492957746478872,0.08450704225352113,0.07042253521126761,0.056338028169014086,0.014084507042253521,0.381342964184,-0.0673015221253,-0.0467749061512,0.13826956826,-0.0324315017115,-0.275117897804,-0.129077090463,0.118912061384,-0.0125383108824,-0.168604577936,0.380952380952,0.380952380952,0.6,0.55,0.45,0.4,0.353546726211,0.009069828043618514,1.716271292368749,0.334108629038,0.06116604477348348,0.7601129375783584,0.522346913941,0.0032550926458867297,1.7835293387046491,0.533944144804,0.0006577713655584104,1.9612932393200555,0.50653747926,0.023509061351105354,1.55281278297646,0.517216499035,0.04022874532755188,1.584125792943419
