Well/XY,cell_id,total_distance,net_distance,linearity,spearmanrsq,progressivity,max_speed,min_speed,avg_speed,MSD_slope,hurst_RS,nongauss,disp_var,disp_skew,rw_linearity,rw_netdist,rw_kurtosis01,rw_kurtosis02,rw_kurtosis03,rw_kurtosis04,rw_kurtosis05,rw_kurtosis06,rw_kurtosis07,rw_kurtosis08,rw_kurtosis09,rw_kurtosis10,avg_moving_speed01,avg_moving_speed02,avg_moving_speed03,avg_moving_speed04,avg_moving_speed05,avg_moving_speed06,avg_moving_speed07,avg_moving_speed08,avg_moving_speed09,avg_moving_speed10,time_moving01,time_moving02,time_moving03,time_moving04,time_moving05,time_moving06,time_moving07,time_moving08,time_moving09,time_moving10,autocorr_1,autocorr_2,autocorr_3,autocorr_4,autocorr_5,autocorr_6,autocorr_7,autocorr_8,autocorr_9,autocorr_10,p_rturn_9_5,p_rturn_9_6,p_rturn_10_5,p_rturn_10_6,p_rturn_11_5,p_rturn_11_6,mean_theta_9_5,min_theta_9_5,max_theta_9_5,mean_theta_9_6,min_theta_9_6,max_theta_9_6,mean_theta_10_5,min_theta_10_5,max_theta_10_5,mean_theta_10_6,min_theta_10_6,max_theta_10_6,mean_theta_11_5,min_theta_11_5,max_theta_11_5,mean_theta_11_6,min_theta_11_6,max_theta_11_6
WellD06_Seq0004/xy21,0,1631.2050848451488,581.2432837461436,0.389312075241,0.383834360518,0.3563275330283324,61.16478375666834,1.1490587452345236,21.7494011313,1.36787266932,0.631182335933,0.644815050022,424.402582551,1.8920501373204528,0.159808359807,313.098657967,3.375918963872169,8.578079365965309,7.953776900234079,3.8764375120824566,2.4542216278229443,5.041788432310797,0.9788178841289858,2.3890164943641388,1.2598902799811258,-0.14856874922795305,13.7131196784,13.8861501603,14.7660699333,15.3007733661,15.482361895,15.9875738197,17.0903270721,17.0903270721,18.0255536458,19.530534352,1.0,0.9859154929577465,0.9154929577464789,0.8732394366197183,0.8591549295774648,0.8169014084507042,0.7323943661971831,0.7323943661971831,0.6619718309859155,0.5633802816901409,0.321652786777,0.213587026914,0.00473487528725,-0.135757634473,-0.111855112691,-0.180413683357,-0.210900256718,-0.311930054661,-0.243530764196,-0.121581331276,0.428571428571,0.428571428571,0.45,0.45,0.35,0.4,0.921706048856,0.003480846217490584,2.804575426720683,0.882183912926,0.0021617743556123317,2.804591285023141,0.874924624929,0.0026988557353541534,2.8819757301359448,0.837646796192,0.012571299176078287,2.881991588438402,1.06167285538,0.00142247958073496,2.967959371772414,1.02494697389,0.018595582929065994,2.967975230074872
