Well/XY,cell_id,total_distance,net_distance,linearity,spearmanrsq,progressivity,max_speed,min_speed,avg_speed,MSD_slope,hurst_RS,nongauss,disp_var,disp_skew,rw_linearity,rw_netdist,rw_kurtosis01,rw_kurtosis02,rw_kurtosis03,rw_kurtosis04,rw_kurtosis05,rw_kurtosis06,rw_kurtosis07,rw_kurtosis08,rw_kurtosis09,rw_kurtosis10,avg_moving_speed01,avg_moving_speed02,avg_moving_speed03,avg_moving_speed04,avg_moving_speed05,avg_moving_speed06,avg_moving_speed07,avg_moving_speed08,avg_moving_speed09,avg_moving_speed10,time_moving01,time_moving02,time_moving03,time_moving04,time_moving05,time_moving06,time_moving07,time_moving08,time_moving09,time_moving10,autocorr_1,autocorr_2,autocorr_3,autocorr_4,autocorr_5,autocorr_6,autocorr_7,autocorr_8,autocorr_9,autocorr_10,p_rturn_9_5,p_rturn_9_6,p_rturn_10_5,p_rturn_10_6,p_rturn_11_5,p_rturn_11_6,mean_theta_9_5,min_theta_9_5,max_theta_9_5,mean_theta_9_6,min_theta_9_6,max_theta_9_6,mean_theta_10_5,min_theta_10_5,max_theta_10_5,mean_theta_10_6,min_theta_10_6,max_theta_10_6,mean_theta_11_5,min_theta_11_5,max_theta_11_5,mean_theta_11_6,min_theta_11_6,max_theta_11_6
WellD06_Seq0004/xy17,0,883.3403732840112,125.36554550593249,0.0582003096266,0.0641001787875,0.141922127978662,21.891520184765632,0.32249030993192507,11.7778716438,1.58803804469,0.744763287586,0.366019259184,89.3278498288,1.7115608401633566,-0.179097941022,-19.8418082663,3.6234517749064405,3.0094369705717545,0.3528668184862416,1.3925641295004896,0.548033775826192,2.1247258881538285,1.0569135661978422,-0.7048609663332202,0.5703768689373865,-0.6413676987933727,9.09365206732,9.20382070421,9.30253278645,9.3895638465,9.87910932107,10.1019300796,10.8862745525,12.3671783861,13.2393284125,14.2720225629,0.971830985915493,0.9577464788732394,0.9436619718309859,0.9295774647887324,0.8450704225352113,0.8028169014084507,0.6619718309859155,0.4647887323943662,0.38028169014084506,0.29577464788732394,0.343499204158,0.321997555377,0.167987291209,0.0791558208272,-0.00589197584974,-0.0768043673037,-0.0826500390191,0.0237459118877,-0.230392821291,-0.329881610206,0.238095238095,0.285714285714,0.3,0.3,0.25,0.25,0.357845885254,0.012306401726430034,0.8949471719875898,0.365035555923,0.057171621531208756,1.0742979045685632,0.389631677873,0.04022476024491028,1.1349628810913654,0.403890955313,0.0033742880301031574,1.1499793234716347,0.386775474289,0.05621580470561893,1.4743680752039192,0.402142705983,0.10846358303724535,1.4893845175841887
