Well/XY,cell_id,total_distance,net_distance,linearity,spearmanrsq,progressivity,max_speed,min_speed,avg_speed,MSD_slope,hurst_RS,nongauss,disp_var,disp_skew,rw_linearity,rw_netdist,rw_kurtosis01,rw_kurtosis02,rw_kurtosis03,rw_kurtosis04,rw_kurtosis05,rw_kurtosis06,rw_kurtosis07,rw_kurtosis08,rw_kurtosis09,rw_kurtosis10,avg_moving_speed01,avg_moving_speed02,avg_moving_speed03,avg_moving_speed04,avg_moving_speed05,avg_moving_speed06,avg_moving_speed07,avg_moving_speed08,avg_moving_speed09,avg_moving_speed10,time_moving01,time_moving02,time_moving03,time_moving04,time_moving05,time_moving06,time_moving07,time_moving08,time_moving09,time_moving10,autocorr_1,autocorr_2,autocorr_3,autocorr_4,autocorr_5,autocorr_6,autocorr_7,autocorr_8,autocorr_9,autocorr_10,p_rturn_9_5,p_rturn_9_6,p_rturn_10_5,p_rturn_10_6,p_rturn_11_5,p_rturn_11_6,mean_theta_9_5,min_theta_9_5,max_theta_9_5,mean_theta_9_6,min_theta_9_6,max_theta_9_6,mean_theta_10_5,min_theta_10_5,max_theta_10_5,mean_theta_10_6,min_theta_10_6,max_theta_10_6,mean_theta_11_5,min_theta_11_5,max_theta_11_5,mean_theta_11_6,min_theta_11_6,max_theta_11_6
WellD06_Seq0004/xy01,0,758.652963285839,349.67144350089575,0.000100558038151,0.0101565901869,0.4609109308509343,24.162542995305763,1.0411071030398262,10.1153728438,1.37501210304,0.699305068392,6.07533107079,166.350068719,5.132978700316865,-0.250897350202,224.960751494,32.46986010659495,8.28202490376852,5.439230089153426,0.35069421426952063,-1.4881751715106095,1.8945985581398679,-0.7768703239292525,-1.2800658633167337,-1.162666842722188,-0.19308903073534367,6.46465758524,6.75023021586,7.51449931953,8.18584211834,9.12687527372,10.2843243406,11.2921183684,11.4738660903,12.1429858845,14.2110465342,0.9859154929577465,0.9295774647887324,0.7887323943661971,0.676056338028169,0.5352112676056338,0.4084507042253521,0.323943661971831,0.30985915492957744,0.2535211267605634,0.14084507042253522,0.35275328313,0.214953286896,0.0583025191958,-0.0174433253818,-0.155267996402,-0.129906775687,0.00555666079581,-0.00699673321512,-0.0379819386737,0.142275170922,0.571428571429,0.619047619048,0.65,0.65,0.65,0.65,0.873991250672,0.005322801213622665,2.5951254215916473,0.833188649404,0.03481567643181163,2.5655515641299185,1.08323248044,0.010304351768201648,2.5408439843944524,1.0448308678,0.04169830724052187,2.511270126932724,1.26737407691,0.034630718381619956,2.5580852368822824,1.23497570164,0.06602467385392437,2.556171028138149
