Well/XY,cell_id,total_distance,net_distance,linearity,spearmanrsq,progressivity,max_speed,min_speed,avg_speed,MSD_slope,hurst_RS,nongauss,disp_var,disp_skew,rw_linearity,rw_netdist,rw_kurtosis01,rw_kurtosis02,rw_kurtosis03,rw_kurtosis04,rw_kurtosis05,rw_kurtosis06,rw_kurtosis07,rw_kurtosis08,rw_kurtosis09,rw_kurtosis10,avg_moving_speed01,avg_moving_speed02,avg_moving_speed03,avg_moving_speed04,avg_moving_speed05,avg_moving_speed06,avg_moving_speed07,avg_moving_speed08,avg_moving_speed09,avg_moving_speed10,time_moving01,time_moving02,time_moving03,time_moving04,time_moving05,time_moving06,time_moving07,time_moving08,time_moving09,time_moving10,autocorr_1,autocorr_2,autocorr_3,autocorr_4,autocorr_5,autocorr_6,autocorr_7,autocorr_8,autocorr_9,autocorr_10,p_rturn_9_5,p_rturn_9_6,p_rturn_10_5,p_rturn_10_6,p_rturn_11_5,p_rturn_11_6,mean_theta_9_5,min_theta_9_5,max_theta_9_5,mean_theta_9_6,min_theta_9_6,max_theta_9_6,mean_theta_10_5,min_theta_10_5,max_theta_10_5,mean_theta_10_6,min_theta_10_6,max_theta_10_6,mean_theta_11_5,min_theta_11_5,max_theta_11_5,mean_theta_11_6,min_theta_11_6,max_theta_11_6
WellF07_Seq0005/xy16,0,160.5321668488763,17.052788628256693,0.660115788853,0.650976264756,0.10622661465916704,1.5824285133932572,0.0456070170039709,2.58922849756,0.891517964539,0.493328495665,-0.370581606626,1.63176219483,0.5653445213987031,0.417498582086,-12.0112291736,0.31451888098915726,-0.3992589541036282,-0.7729146644488596,-0.7243846198872679,-0.9024280732368215,-0.7675876938454325,-0.9737135624101261,-1.3954131715120053,-1.4055831553678113,-0.6156469436683554,1.237026968,0.0,0.0,0.0,0.0,0.0,0.0,0.0,0.0,0.0,0.2413793103448276,0.0,0.0,0.0,0.0,0.0,0.0,0.0,0.0,0.0,-0.2297931167,0.0478372411509,-0.0606015553288,-0.074951094098,0.101579040891,-0.0463733762079,0.136317905879,0.0303480626158,-0.140926334255,-0.189968450747,0.6875,0.6875,0.625,0.4375,0.6875,0.5625,0.64691520025,0.0194584862899117,1.876927005962369,0.615414366867,0.005190663381284558,1.782090004762311,0.792034635516,0.0710218947967448,1.7412206756154767,0.78355360115,0.018775836182967732,1.6784883502561045,0.655034813411,0.03209715348901261,1.6776887489191301,0.665825652563,0.037203158164678035,1.7319933721601712
