Well/XY,cell_id,total_distance,net_distance,linearity,spearmanrsq,progressivity,max_speed,min_speed,avg_speed,MSD_slope,hurst_RS,nongauss,disp_var,disp_skew,rw_linearity,rw_netdist,rw_kurtosis01,rw_kurtosis02,rw_kurtosis03,rw_kurtosis04,rw_kurtosis05,rw_kurtosis06,rw_kurtosis07,rw_kurtosis08,rw_kurtosis09,rw_kurtosis10,avg_moving_speed01,avg_moving_speed02,avg_moving_speed03,avg_moving_speed04,avg_moving_speed05,avg_moving_speed06,avg_moving_speed07,avg_moving_speed08,avg_moving_speed09,avg_moving_speed10,time_moving01,time_moving02,time_moving03,time_moving04,time_moving05,time_moving06,time_moving07,time_moving08,time_moving09,time_moving10,autocorr_1,autocorr_2,autocorr_3,autocorr_4,autocorr_5,autocorr_6,autocorr_7,autocorr_8,autocorr_9,autocorr_10,p_rturn_9_5,p_rturn_9_6,p_rturn_10_5,p_rturn_10_6,p_rturn_11_5,p_rturn_11_6,mean_theta_9_5,min_theta_9_5,max_theta_9_5,mean_theta_9_6,min_theta_9_6,max_theta_9_6,mean_theta_10_5,min_theta_10_5,max_theta_10_5,mean_theta_10_6,min_theta_10_6,max_theta_10_6,mean_theta_11_5,min_theta_11_5,max_theta_11_5,mean_theta_11_6,min_theta_11_6,max_theta_11_6
WellC06_Seq0015/xy17,0,1477.831696551855,201.15008053689658,0.019483876455,0.111112630143,0.13611162963024087,30.457488011981553,0.6241666444148023,19.7044226207,0.968212331125,0.7154821533,2.77744534452,808.103795476,3.124615373228219,-0.204783324572,-41.7823569099,10.250505945791389,6.744645069635245,4.749166656606157,1.9807356356332786,0.6098577963104157,1.4823161506502167,3.504752651518169,1.882113895766178,0.849819217293589,-0.38392950774411005,7.68538684685,8.15756481187,8.51829584489,8.96548172938,9.59143885977,10.7252516286,12.3512528478,14.2650914431,16.747271753,18.7595435536,1.0,0.9295774647887324,0.8732394366197183,0.8028169014084507,0.704225352112676,0.5492957746478874,0.39436619718309857,0.28169014084507044,0.19718309859154928,0.15492957746478872,0.480003691954,0.0709411966242,-0.0222002530109,-0.0322645972355,0.025505037677,0.0095692798595,0.0299331715704,0.0305342218084,-0.0594801485623,-0.168930138355,0.47619047619,0.52380952381,0.5,0.55,0.6,0.6,0.528883493386,0.017665153457705043,1.7619350517665502,0.471281584629,0.01823900875201496,1.8110286594653169,0.335915050786,0.01889582601587059,1.5701143491913934,0.283862037042,0.01979282569608132,0.5919739471806321,0.289078861563,0.01691161581637921,0.7329529362298138,0.35346197635,0.0239948250785442,1.8090253795711166
