Well/XY,cell_id,total_distance,net_distance,linearity,spearmanrsq,progressivity,max_speed,min_speed,avg_speed,MSD_slope,hurst_RS,nongauss,disp_var,disp_skew,rw_linearity,rw_netdist,rw_kurtosis01,rw_kurtosis02,rw_kurtosis03,rw_kurtosis04,rw_kurtosis05,rw_kurtosis06,rw_kurtosis07,rw_kurtosis08,rw_kurtosis09,rw_kurtosis10,avg_moving_speed01,avg_moving_speed02,avg_moving_speed03,avg_moving_speed04,avg_moving_speed05,avg_moving_speed06,avg_moving_speed07,avg_moving_speed08,avg_moving_speed09,avg_moving_speed10,time_moving01,time_moving02,time_moving03,time_moving04,time_moving05,time_moving06,time_moving07,time_moving08,time_moving09,time_moving10,autocorr_1,autocorr_2,autocorr_3,autocorr_4,autocorr_5,autocorr_6,autocorr_7,autocorr_8,autocorr_9,autocorr_10,p_rturn_9_5,p_rturn_9_6,p_rturn_10_5,p_rturn_10_6,p_rturn_11_5,p_rturn_11_6,mean_theta_9_5,min_theta_9_5,max_theta_9_5,mean_theta_9_6,min_theta_9_6,max_theta_9_6,mean_theta_10_5,min_theta_10_5,max_theta_10_5,mean_theta_10_6,min_theta_10_6,max_theta_10_6,mean_theta_11_5,min_theta_11_5,max_theta_11_5,mean_theta_11_6,min_theta_11_6,max_theta_11_6
WellC06_Seq0015/xy04,0,2534.8280836528693,290.30408608905253,0.403451744349,0.457030303797,0.11452614398634225,50.79669788480349,1.7449401135855696,33.797707782,1.20463173668,0.534268910905,0.946316075124,983.930104572,2.304266024035993,0.167115647891,-126.382040151,6.333636973875425,2.709636796190426,0.9872302502897354,-0.14804869020250688,-1.0743938343581136,-1.2795475988496166,-1.1801423240751467,-1.42309822595909,-0.7677827389084446,-1.397999827719865,22.8072267337,22.8072267337,23.0923682965,23.0923682965,23.3661997211,23.63065852,23.8895985165,24.3933473389,24.6346829027,25.1266239315,1.0,1.0,0.9859154929577465,0.9859154929577465,0.971830985915493,0.9577464788732394,0.9436619718309859,0.9154929577464789,0.9014084507042254,0.8732394366197183,-0.0431243527448,0.0468381371502,-0.0299466360325,0.119552012156,-0.113082004827,-0.220649590958,0.0585252208409,0.0515609218583,-0.106325224026,-0.0245932191995,0.666666666667,0.761904761905,0.6,0.65,0.55,0.65,0.657895533022,0.0015629162493125091,2.7990605202454413,0.652680771666,0.0040609745286808,2.7462982880274738,0.642277915414,0.03455005658716703,2.6004593321936795,0.633365673993,0.009344782923230679,2.5476970999757116,0.740109230365,0.014823647857304258,2.5148588529674374,0.701068225914,0.021152725725089725,2.46209662074947
