Well/XY,cell_id,total_distance,net_distance,linearity,spearmanrsq,progressivity,max_speed,min_speed,avg_speed,MSD_slope,hurst_RS,nongauss,disp_var,disp_skew,rw_linearity,rw_netdist,rw_kurtosis01,rw_kurtosis02,rw_kurtosis03,rw_kurtosis04,rw_kurtosis05,rw_kurtosis06,rw_kurtosis07,rw_kurtosis08,rw_kurtosis09,rw_kurtosis10,avg_moving_speed01,avg_moving_speed02,avg_moving_speed03,avg_moving_speed04,avg_moving_speed05,avg_moving_speed06,avg_moving_speed07,avg_moving_speed08,avg_moving_speed09,avg_moving_speed10,time_moving01,time_moving02,time_moving03,time_moving04,time_moving05,time_moving06,time_moving07,time_moving08,time_moving09,time_moving10,autocorr_1,autocorr_2,autocorr_3,autocorr_4,autocorr_5,autocorr_6,autocorr_7,autocorr_8,autocorr_9,autocorr_10,p_rturn_9_5,p_rturn_9_6,p_rturn_10_5,p_rturn_10_6,p_rturn_11_5,p_rturn_11_6,mean_theta_9_5,min_theta_9_5,max_theta_9_5,mean_theta_9_6,min_theta_9_6,max_theta_9_6,mean_theta_10_5,min_theta_10_5,max_theta_10_5,mean_theta_10_6,min_theta_10_6,max_theta_10_6,mean_theta_11_5,min_theta_11_5,max_theta_11_5,mean_theta_11_6,min_theta_11_6,max_theta_11_6
WellC09_Seq0012/xy17,0,1631.774000085666,522.9510879613887,0.874771869713,0.805980501208,0.32048009585514564,30.49971567080584,0.7539230729988373,21.7569866678,1.37701535002,0.940221305932,-0.245927567039,201.641217222,0.5660950597016938,0.636845786207,254.712941406,-0.5685144497023908,-1.1883702741267588,-1.2737739374202717,-1.3185295776096078,-1.1452153644973249,-1.5267038802079453,-1.4101946878819265,-0.6463225037997797,-1.6046643137070735,-1.1891495808844958,15.6320492982,16.4854926119,17.3718408951,17.840978699,18.5574627254,19.2856659793,20.5871599884,20.5871599884,21.0893057263,21.6037083267,0.9859154929577465,0.9295774647887324,0.8732394366197183,0.8450704225352113,0.8028169014084507,0.7605633802816901,0.6901408450704225,0.6901408450704225,0.6619718309859155,0.6338028169014085,0.616648776254,0.550093667316,0.521410678731,0.431136995938,0.43012958349,0.483182166459,0.3434787655,0.260818299562,0.272427924092,0.194205755115,0.380952380952,0.47619047619,0.35,0.4,0.4,0.45,0.508930149422,0.005621672626090184,2.071219228292203,0.507384908928,0.024856175656484483,2.0076971690726,0.58494879213,0.014118473231455379,2.1399023172135005,0.555729332801,0.032453903864350674,2.0763802579938972,0.613042608752,0.00012245535018124302,1.8512512960860654,0.555528293009,0.013433839374547616,1.7448111881472417
