Well/XY,cell_id,total_distance,net_distance,linearity,spearmanrsq,progressivity,max_speed,min_speed,avg_speed,MSD_slope,hurst_RS,nongauss,disp_var,disp_skew,rw_linearity,rw_netdist,rw_kurtosis01,rw_kurtosis02,rw_kurtosis03,rw_kurtosis04,rw_kurtosis05,rw_kurtosis06,rw_kurtosis07,rw_kurtosis08,rw_kurtosis09,rw_kurtosis10,avg_moving_speed01,avg_moving_speed02,avg_moving_speed03,avg_moving_speed04,avg_moving_speed05,avg_moving_speed06,avg_moving_speed07,avg_moving_speed08,avg_moving_speed09,avg_moving_speed10,time_moving01,time_moving02,time_moving03,time_moving04,time_moving05,time_moving06,time_moving07,time_moving08,time_moving09,time_moving10,autocorr_1,autocorr_2,autocorr_3,autocorr_4,autocorr_5,autocorr_6,autocorr_7,autocorr_8,autocorr_9,autocorr_10,p_rturn_9_5,p_rturn_9_6,p_rturn_10_5,p_rturn_10_6,p_rturn_11_5,p_rturn_11_6,mean_theta_9_5,min_theta_9_5,max_theta_9_5,mean_theta_9_6,min_theta_9_6,max_theta_9_6,mean_theta_10_5,min_theta_10_5,max_theta_10_5,mean_theta_10_6,min_theta_10_6,max_theta_10_6,mean_theta_11_5,min_theta_11_5,max_theta_11_5,mean_theta_11_6,min_theta_11_6,max_theta_11_6
WellC09_Seq0012/xy09,0,489.97534522687147,20.327815918096142,0.187641857381,0.20599504933,0.04148742608402843,5.377953514116674,0.24621941434417494,6.53300460302,0.325646429615,0.793209187695,-0.00969326854026,19.7923851958,1.290407303986719,-0.0470133723032,-60.2164741946,1.5432288524983608,-0.09969341701974255,-0.3940620116247602,0.9517395377953606,0.7847249935640463,-0.16855604402081603,-0.8726627688231336,-1.428645240040039,-0.14305408019769006,-0.6222900231421078,2.7045845617,3.18037260894,3.88526641069,5.06595902706,6.46638229615,6.46638229615,0.0,0.0,0.0,0.0,0.7605633802816901,0.5352112676056338,0.2676056338028169,0.07042253521126761,0.014084507042253521,0.014084507042253521,0.0,0.0,0.0,0.0,0.427207196359,0.293436092432,0.173109841872,0.195184226499,0.193708038253,0.194147169445,0.0827318919623,-0.132655979553,-0.184948682513,-0.173863203556,0.619047619048,0.666666666667,0.5,0.5,0.55,0.55,0.771322989202,0.05705675931305185,1.56792730234901,0.771633157603,0.07114128350702388,1.5985252242955739,0.8115916582,0.021080217651221086,1.9420246723395764,0.890440914843,0.01416988429004982,1.9726225942861406,0.866027706312,0.2112034662926858,1.7770821640355388,0.875906906447,0.19177265394655435,1.7288728023867639
