Well/XY,cell_id,total_distance,net_distance,linearity,spearmanrsq,progressivity,max_speed,min_speed,avg_speed,MSD_slope,hurst_RS,nongauss,disp_var,disp_skew,rw_linearity,rw_netdist,rw_kurtosis01,rw_kurtosis02,rw_kurtosis03,rw_kurtosis04,rw_kurtosis05,rw_kurtosis06,rw_kurtosis07,rw_kurtosis08,rw_kurtosis09,rw_kurtosis10,avg_moving_speed01,avg_moving_speed02,avg_moving_speed03,avg_moving_speed04,avg_moving_speed05,avg_moving_speed06,avg_moving_speed07,avg_moving_speed08,avg_moving_speed09,avg_moving_speed10,time_moving01,time_moving02,time_moving03,time_moving04,time_moving05,time_moving06,time_moving07,time_moving08,time_moving09,time_moving10,autocorr_1,autocorr_2,autocorr_3,autocorr_4,autocorr_5,autocorr_6,autocorr_7,autocorr_8,autocorr_9,autocorr_10,p_rturn_9_5,p_rturn_9_6,p_rturn_10_5,p_rturn_10_6,p_rturn_11_5,p_rturn_11_6,mean_theta_9_5,min_theta_9_5,max_theta_9_5,mean_theta_9_6,min_theta_9_6,max_theta_9_6,mean_theta_10_5,min_theta_10_5,max_theta_10_5,mean_theta_10_6,min_theta_10_6,max_theta_10_6,mean_theta_11_5,min_theta_11_5,max_theta_11_5,mean_theta_11_6,min_theta_11_6,max_theta_11_6
WellC07_Seq0012/xy02,0,1261.9704688500485,61.08944262309166,0.17365900947,0.079749207146,0.04840798111445388,15.277079432928256,0.7353910524339837,16.826272918,0.542440512251,0.676615865604,0.492130670492,186.026903491,1.9563092004794964,-0.0696966303288,-146.358782164,4.01497519829919,5.68890707592964,0.8384617443456848,3.136347177323599,-1.1967820477959439,-0.3780780720470047,-1.1455564891385956,-0.5960336786252314,-1.430780713764123,-0.4995524461868741,4.81412484132,5.54861539994,6.07298373683,7.10847875969,8.13319593663,10.0364082264,11.8795801738,12.4372669447,13.0500711233,13.0500711233,0.9295774647887324,0.7605633802816901,0.647887323943662,0.4647887323943662,0.3380281690140845,0.19718309859154928,0.1267605633802817,0.11267605633802817,0.09859154929577464,0.09859154929577464,0.413950397461,0.000629606476754,-0.0647363016395,-0.130251627551,-0.176277529751,0.0658623604217,0.208934803185,0.141835472534,0.118041017862,0.184108335391,0.47619047619,0.333333333333,0.5,0.45,0.4,0.4,0.652036786241,0.020707313628033335,2.3230192593120336,0.662845156618,0.12336192347209533,2.31748846803123,0.783240604327,0.0280394357301362,2.4538751441971036,0.777111544317,0.014645993894457698,2.4483443529163003,0.643129162725,0.08577903113739081,2.2298732647883304,0.624663973793,0.013405357307008368,2.2353051871232603
