Well/XY,cell_id,total_distance,net_distance,linearity,spearmanrsq,progressivity,max_speed,min_speed,avg_speed,MSD_slope,hurst_RS,nongauss,disp_var,disp_skew,rw_linearity,rw_netdist,rw_kurtosis01,rw_kurtosis02,rw_kurtosis03,rw_kurtosis04,rw_kurtosis05,rw_kurtosis06,rw_kurtosis07,rw_kurtosis08,rw_kurtosis09,rw_kurtosis10,avg_moving_speed01,avg_moving_speed02,avg_moving_speed03,avg_moving_speed04,avg_moving_speed05,avg_moving_speed06,avg_moving_speed07,avg_moving_speed08,avg_moving_speed09,avg_moving_speed10,time_moving01,time_moving02,time_moving03,time_moving04,time_moving05,time_moving06,time_moving07,time_moving08,time_moving09,time_moving10,autocorr_1,autocorr_2,autocorr_3,autocorr_4,autocorr_5,autocorr_6,autocorr_7,autocorr_8,autocorr_9,autocorr_10,p_rturn_9_5,p_rturn_9_6,p_rturn_10_5,p_rturn_10_6,p_rturn_11_5,p_rturn_11_6,mean_theta_9_5,min_theta_9_5,max_theta_9_5,mean_theta_9_6,min_theta_9_6,max_theta_9_6,mean_theta_10_5,min_theta_10_5,max_theta_10_5,mean_theta_10_6,min_theta_10_6,max_theta_10_6,mean_theta_11_5,min_theta_11_5,max_theta_11_5,mean_theta_11_6,min_theta_11_6,max_theta_11_6
WellB06_Seq0004/xy07,0,840.5570805994485,210.6848891116779,0.977631047315,0.955208342296,0.2506491158951712,10.129090975995824,0.2003596765818918,11.2074277413,1.30607343031,0.744377166631,-0.0177350592093,75.6128811366,0.969379653374629,0.747056015383,72.5104400999,0.22135491421532283,0.39635058369844645,-0.9182902544514957,-0.005904592562795852,1.11489245233322,-1.129007002493326,-0.09523888026042782,-1.1910068053933809,-0.9017673171564504,-1.1491784056235008,3.90112865398,4.41552626103,5.2630770595,6.39480458078,7.59578930581,8.61072629658,8.61072629658,9.76425152535,10.0344490838,12.4927859183,0.8732394366197183,0.7183098591549296,0.49295774647887325,0.29577464788732394,0.18309859154929578,0.1267605633802817,0.1267605633802817,0.07042253521126761,0.056338028169014086,0.014084507042253521,0.157875065259,-0.0316786619038,0.0727816559468,0.0923615745403,0.171946373531,-0.172676129733,-0.0827371568167,-0.0927403807853,-0.0706902279009,0.196881416747,0.47619047619,0.428571428571,0.6,0.45,0.6,0.55,0.377155749,0.010357839835454996,1.2838026645460008,0.354608733507,0.0262166088206866,1.4577348157588415,0.399023556073,0.02756299446515639,2.2377953448234895,0.383770076078,0.01799143320752475,2.2640904517499583,0.238704486213,0.00025489894263323724,1.286567814814673,0.232640520848,0.007137139572241006,1.215689165717721
