Well/XY,cell_id,total_distance,net_distance,linearity,spearmanrsq,progressivity,max_speed,min_speed,avg_speed,MSD_slope,hurst_RS,nongauss,disp_var,disp_skew,rw_linearity,rw_netdist,rw_kurtosis01,rw_kurtosis02,rw_kurtosis03,rw_kurtosis04,rw_kurtosis05,rw_kurtosis06,rw_kurtosis07,rw_kurtosis08,rw_kurtosis09,rw_kurtosis10,avg_moving_speed01,avg_moving_speed02,avg_moving_speed03,avg_moving_speed04,avg_moving_speed05,avg_moving_speed06,avg_moving_speed07,avg_moving_speed08,avg_moving_speed09,avg_moving_speed10,time_moving01,time_moving02,time_moving03,time_moving04,time_moving05,time_moving06,time_moving07,time_moving08,time_moving09,time_moving10,autocorr_1,autocorr_2,autocorr_3,autocorr_4,autocorr_5,autocorr_6,autocorr_7,autocorr_8,autocorr_9,autocorr_10,p_rturn_9_5,p_rturn_9_6,p_rturn_10_5,p_rturn_10_6,p_rturn_11_5,p_rturn_11_6,mean_theta_9_5,min_theta_9_5,max_theta_9_5,mean_theta_9_6,min_theta_9_6,max_theta_9_6,mean_theta_10_5,min_theta_10_5,max_theta_10_5,mean_theta_10_6,min_theta_10_6,max_theta_10_6,mean_theta_11_5,min_theta_11_5,max_theta_11_5,mean_theta_11_6,min_theta_11_6,max_theta_11_6
WellB06_Seq0004/xy15,0,967.4582728061868,69.45530145352483,0.00312764955471,0.000474892676393,0.07179152156305864,11.04920341020113,0.5,12.8994436374,0.712387178141,0.602905691769,-0.130672282113,70.8248750911,0.9817560238927358,-0.229840845918,-89.5797205245,0.7665625585975722,2.017692254425251,0.44985931845345917,-1.1199919380953753,-0.49321321487739755,-1.3011747201390413,-0.786618872966113,-1.3352812339258373,-0.7264487732919873,-1.083236424726086,3.81415077386,4.79506875417,5.30744590058,5.99563239968,6.82686137633,7.6795545704,8.81418814446,9.80699261805,10.665068677,11.9532798846,0.8450704225352113,0.5915492957746479,0.4788732394366197,0.352112676056338,0.22535211267605634,0.14084507042253522,0.07042253521126761,0.04225352112676056,0.028169014084507043,0.014084507042253521,0.390659332373,0.0740353242329,-0.127008840594,-0.169312762299,-0.0295955441023,-0.0931785126734,-0.127307265266,-0.180894399814,-0.196073928195,-0.132578820869,0.619047619048,0.52380952381,0.4,0.35,0.6,0.6,0.681606940764,0.017481872462670415,1.4846335395209238,0.658726764831,0.04522382710853584,1.516476393646852,0.733716713422,0.12525996008816065,1.853962968126628,0.731444876,0.16317558778063504,1.8807221644662793,0.750210672941,0.12488409087640691,1.4985241773483475,0.724051167041,0.04170718677744664,1.4576482702124123
