Well/XY,cell_id,total_distance,net_distance,linearity,spearmanrsq,progressivity,max_speed,min_speed,avg_speed,MSD_slope,hurst_RS,nongauss,disp_var,disp_skew,rw_linearity,rw_netdist,rw_kurtosis01,rw_kurtosis02,rw_kurtosis03,rw_kurtosis04,rw_kurtosis05,rw_kurtosis06,rw_kurtosis07,rw_kurtosis08,rw_kurtosis09,rw_kurtosis10,avg_moving_speed01,avg_moving_speed02,avg_moving_speed03,avg_moving_speed04,avg_moving_speed05,avg_moving_speed06,avg_moving_speed07,avg_moving_speed08,avg_moving_speed09,avg_moving_speed10,time_moving01,time_moving02,time_moving03,time_moving04,time_moving05,time_moving06,time_moving07,time_moving08,time_moving09,time_moving10,autocorr_1,autocorr_2,autocorr_3,autocorr_4,autocorr_5,autocorr_6,autocorr_7,autocorr_8,autocorr_9,autocorr_10,p_rturn_9_5,p_rturn_9_6,p_rturn_10_5,p_rturn_10_6,p_rturn_11_5,p_rturn_11_6,mean_theta_9_5,min_theta_9_5,max_theta_9_5,mean_theta_9_6,min_theta_9_6,max_theta_9_6,mean_theta_10_5,min_theta_10_5,max_theta_10_5,mean_theta_10_6,min_theta_10_6,max_theta_10_6,mean_theta_11_5,min_theta_11_5,max_theta_11_5,mean_theta_11_6,min_theta_11_6,max_theta_11_6
WellB02_Seq0000/xy24,0,2164.388949671885,689.8478114048054,0.724011711121,0.632371583581,0.3187263599314644,52.838166849352376,0.2683281572999951,28.858519329,1.17839006371,0.715352564971,1.07390185351,1190.2680149,2.071241309508369,0.517870752254,334.056090092,3.505899883338638,0.36238654154380967,-0.24944423344938782,-0.31981306650806207,-0.3088013214106473,-1.663863723728038,-0.9535495813331001,-0.6768003589669802,-1.148482316084644,-1.0058740160066724,15.7642725914,16.6751592301,18.1626995899,19.8926135347,19.8926135347,21.4707126673,22.8943125957,24.103393971,24.103393971,24.4790584633,0.9436619718309859,0.8873239436619719,0.8028169014084507,0.7183098591549296,0.7183098591549296,0.647887323943662,0.5915492957746479,0.5492957746478874,0.5492957746478874,0.5352112676056338,0.2307951591,-0.13299148009,0.0219815032519,0.418022345806,0.192509240794,-0.0640664789699,-0.0296137594737,0.00854170518177,0.112428902357,-0.128396239971,0.571428571429,0.619047619048,0.55,0.65,0.45,0.35,0.525160038801,0.03754852229721827,2.508437021853941,0.507520108417,0.06164071750673296,2.5565420514849446,0.587711652957,0.05913964978872234,2.5203923796028267,0.601606970263,0.022552867389107646,2.5684974092338306,0.631311359664,0.008215492767451734,2.5775803102439223,0.642752170866,0.10670616326748425,2.6256853398749262
