Well/XY,cell_id,total_distance,net_distance,linearity,spearmanrsq,progressivity,max_speed,min_speed,avg_speed,MSD_slope,hurst_RS,nongauss,disp_var,disp_skew,rw_linearity,rw_netdist,rw_kurtosis01,rw_kurtosis02,rw_kurtosis03,rw_kurtosis04,rw_kurtosis05,rw_kurtosis06,rw_kurtosis07,rw_kurtosis08,rw_kurtosis09,rw_kurtosis10,avg_moving_speed01,avg_moving_speed02,avg_moving_speed03,avg_moving_speed04,avg_moving_speed05,avg_moving_speed06,avg_moving_speed07,avg_moving_speed08,avg_moving_speed09,avg_moving_speed10,time_moving01,time_moving02,time_moving03,time_moving04,time_moving05,time_moving06,time_moving07,time_moving08,time_moving09,time_moving10,autocorr_1,autocorr_2,autocorr_3,autocorr_4,autocorr_5,autocorr_6,autocorr_7,autocorr_8,autocorr_9,autocorr_10,p_rturn_9_5,p_rturn_9_6,p_rturn_10_5,p_rturn_10_6,p_rturn_11_5,p_rturn_11_6,mean_theta_9_5,min_theta_9_5,max_theta_9_5,mean_theta_9_6,min_theta_9_6,max_theta_9_6,mean_theta_10_5,min_theta_10_5,max_theta_10_5,mean_theta_10_6,min_theta_10_6,max_theta_10_6,mean_theta_11_5,min_theta_11_5,max_theta_11_5,mean_theta_11_6,min_theta_11_6,max_theta_11_6
WellB02_Seq0000/xy25,0,1933.2562321431803,150.5720096830749,0.000661978047727,0.0833061706363,0.07788518002921574,47.948853416948346,2.9024513777150363,25.7767497619,1.1974688631,0.724375364725,1.15292282519,527.228825696,2.639575547031352,-0.242044697113,-167.225104684,9.214071707478203,1.8219727874498668,1.3871429576544676,-0.2861352604182259,-1.0268987434986305,-1.1312438175897175,-1.471598514120451,-0.8732710096681613,-0.8437096264711723,-1.3582801978167194,22.6121119936,22.6121119936,22.8956945091,22.8956945091,22.8956945091,23.4040413779,24.1850042157,25.2655668798,25.8341205741,27.0434559386,1.0,1.0,0.9859154929577465,0.9859154929577465,0.9859154929577465,0.9577464788732394,0.9154929577464789,0.8591549295774648,0.8309859154929577,0.7746478873239436,0.257206862777,0.0250949430697,-0.00258741241988,0.152726165842,0.112047324968,-0.0151755991718,-0.0585462465222,0.0304100811387,0.272988889499,-0.036027110883,0.47619047619,0.47619047619,0.45,0.5,0.5,0.45,0.674514333923,0.02950247318130293,2.563290746715428,0.654239022746,0.020880714663938663,2.4733434861339063,0.696175903442,0.013926155949427504,2.4123885687616466,0.67351312664,0.0033346111827531268,2.322441308180125,0.701650115347,0.04325494564699538,2.424069330520897,0.680046493022,0.010432677488191893,2.3341220699393754
