Well/XY,cell_id,total_distance,net_distance,linearity,spearmanrsq,progressivity,max_speed,min_speed,avg_speed,MSD_slope,hurst_RS,nongauss,disp_var,disp_skew,rw_linearity,rw_netdist,rw_kurtosis01,rw_kurtosis02,rw_kurtosis03,rw_kurtosis04,rw_kurtosis05,rw_kurtosis06,rw_kurtosis07,rw_kurtosis08,rw_kurtosis09,rw_kurtosis10,avg_moving_speed01,avg_moving_speed02,avg_moving_speed03,avg_moving_speed04,avg_moving_speed05,avg_moving_speed06,avg_moving_speed07,avg_moving_speed08,avg_moving_speed09,avg_moving_speed10,time_moving01,time_moving02,time_moving03,time_moving04,time_moving05,time_moving06,time_moving07,time_moving08,time_moving09,time_moving10,autocorr_1,autocorr_2,autocorr_3,autocorr_4,autocorr_5,autocorr_6,autocorr_7,autocorr_8,autocorr_9,autocorr_10,p_rturn_9_5,p_rturn_9_6,p_rturn_10_5,p_rturn_10_6,p_rturn_11_5,p_rturn_11_6,mean_theta_9_5,min_theta_9_5,max_theta_9_5,mean_theta_9_6,min_theta_9_6,max_theta_9_6,mean_theta_10_5,min_theta_10_5,max_theta_10_5,mean_theta_10_6,min_theta_10_6,max_theta_10_6,mean_theta_11_5,min_theta_11_5,max_theta_11_5,mean_theta_11_6,min_theta_11_6,max_theta_11_6
WellB02_Seq0000/xy19,0,1212.2893287586746,205.77912454862857,0.363829847411,0.246716254253,0.169744234867873,28.04923706627331,1.0168756069451292,16.1638577168,0.779562173846,0.646438279138,-0.130785010894,114.825486937,0.9460443772271191,0.149555082978,6.49770284597,0.46224492554465213,-0.653999287989754,0.8963223342430182,0.330099762126034,-0.567732115872253,-0.9174632056903085,1.6587458474596746,0.5585353016097576,-1.2792901208336345,0.20213251351224315,12.146243493,12.2991015732,12.2991015732,12.4244465056,12.7992374403,13.1478517137,13.6057787885,13.7119071741,14.5190879771,14.7401785707,0.9859154929577465,0.971830985915493,0.971830985915493,0.9577464788732394,0.9154929577464789,0.8732394366197183,0.8169014084507042,0.8028169014084507,0.6901408450704225,0.6619718309859155,0.387189228408,0.13370297169,-0.0754967285143,-0.180442680316,-0.215517277808,-0.198799209707,-0.0531699882585,0.0133473872792,-0.0263091358308,-0.0475408690899,0.47619047619,0.52380952381,0.55,0.55,0.6,0.5,0.870242495462,0.06138772732716592,2.7151601029302386,0.799466067437,0.02858334438184044,2.4145263325227657,0.922686812267,0.07466700434091712,2.021379893044725,0.865136586316,0.024084873083304707,1.8613378412201727,0.942743165059,0.005501953020788282,2.6246596701478495,0.917169004797,0.04135934523531025,2.6072475232604866
