Well/XY,cell_id,total_distance,net_distance,linearity,spearmanrsq,progressivity,max_speed,min_speed,avg_speed,MSD_slope,hurst_RS,nongauss,disp_var,disp_skew,rw_linearity,rw_netdist,rw_kurtosis01,rw_kurtosis02,rw_kurtosis03,rw_kurtosis04,rw_kurtosis05,rw_kurtosis06,rw_kurtosis07,rw_kurtosis08,rw_kurtosis09,rw_kurtosis10,avg_moving_speed01,avg_moving_speed02,avg_moving_speed03,avg_moving_speed04,avg_moving_speed05,avg_moving_speed06,avg_moving_speed07,avg_moving_speed08,avg_moving_speed09,avg_moving_speed10,time_moving01,time_moving02,time_moving03,time_moving04,time_moving05,time_moving06,time_moving07,time_moving08,time_moving09,time_moving10,autocorr_1,autocorr_2,autocorr_3,autocorr_4,autocorr_5,autocorr_6,autocorr_7,autocorr_8,autocorr_9,autocorr_10,p_rturn_9_5,p_rturn_9_6,p_rturn_10_5,p_rturn_10_6,p_rturn_11_5,p_rturn_11_6,mean_theta_9_5,min_theta_9_5,max_theta_9_5,mean_theta_9_6,min_theta_9_6,max_theta_9_6,mean_theta_10_5,min_theta_10_5,max_theta_10_5,mean_theta_10_6,min_theta_10_6,max_theta_10_6,mean_theta_11_5,min_theta_11_5,max_theta_11_5,mean_theta_11_6,min_theta_11_6,max_theta_11_6
WellB02_Seq0000/xy14,0,110.20552394967876,4.412357646429041,0.167218481636,0.125821781517,0.04003753612608184,0.7983382741670493,0.02236067977497756,1.469406986,0.259603972209,0.592339920435,-0.417868163402,0.510215935669,0.2655514634878243,-0.0569074352716,-13.7037083546,-0.6377670455938387,-1.195967266418454,-0.01399957988070577,-0.7622337842643141,-1.0711638899848261,-0.775535979636174,-0.5013326745459392,-0.6578617522791421,0.9489197792865212,-1.2558678284843086,0.0,0.0,0.0,0.0,0.0,0.0,0.0,0.0,0.0,0.0,0.0,0.0,0.0,0.0,0.0,0.0,0.0,0.0,0.0,0.0,0.0449986573807,-0.136154128272,-0.0958500255115,0.1201401337,0.0831061951839,0.0125402515491,0.128354505787,-0.0205349078283,-0.0572345647334,-0.183016959726,0.45,0.55,0.368421052632,0.368421052632,0.421052631579,0.421052631579,0.677300970467,0.08274582176174224,1.591445976292474,0.711535819828,0.07683516588648887,1.6411886735241799,0.68508971186,0.03518833041618526,1.759910005130273,0.667691012624,0.014724661758489497,1.6003290174820388,0.706619412939,0.015059613731618196,1.470913488287177,0.718318525587,0.17660836839396116,1.5268789464337458
