Well/XY,cell_id,total_distance,net_distance,linearity,spearmanrsq,progressivity,max_speed,min_speed,avg_speed,MSD_slope,hurst_RS,nongauss,disp_var,disp_skew,rw_linearity,rw_netdist,rw_kurtosis01,rw_kurtosis02,rw_kurtosis03,rw_kurtosis04,rw_kurtosis05,rw_kurtosis06,rw_kurtosis07,rw_kurtosis08,rw_kurtosis09,rw_kurtosis10,avg_moving_speed01,avg_moving_speed02,avg_moving_speed03,avg_moving_speed04,avg_moving_speed05,avg_moving_speed06,avg_moving_speed07,avg_moving_speed08,avg_moving_speed09,avg_moving_speed10,time_moving01,time_moving02,time_moving03,time_moving04,time_moving05,time_moving06,time_moving07,time_moving08,time_moving09,time_moving10,autocorr_1,autocorr_2,autocorr_3,autocorr_4,autocorr_5,autocorr_6,autocorr_7,autocorr_8,autocorr_9,autocorr_10,p_rturn_9_5,p_rturn_9_6,p_rturn_10_5,p_rturn_10_6,p_rturn_11_5,p_rturn_11_6,mean_theta_9_5,min_theta_9_5,max_theta_9_5,mean_theta_9_6,min_theta_9_6,max_theta_9_6,mean_theta_10_5,min_theta_10_5,max_theta_10_5,mean_theta_10_6,min_theta_10_6,max_theta_10_6,mean_theta_11_5,min_theta_11_5,max_theta_11_5,mean_theta_11_6,min_theta_11_6,max_theta_11_6
WellD09_Seq0025/xy09,0,2610.7868856219875,1003.8489888424455,0.268038253387,0.138870751897,0.3845005482334844,47.112790789763224,4.683097265699277,34.3524590213,1.44554285779,0.710025111002,-0.336427764252,302.747539176,0.775210128327836,0.0250597828202,577.54618345,0.20934811719959612,0.2926056516098967,-0.5920426678173891,-0.03368931245737716,-0.8156932572700857,-1.0474891102954809,1.5761327613709515,-0.16422271679742506,-1.0577151985601703,-0.15658049527030427,29.4304480755,29.4304480755,29.4304480755,29.4304480755,29.4304480755,29.4304480755,29.7487315866,30.0604584391,30.0604584391,30.0604584391,1.0,1.0,1.0,1.0,1.0,1.0,0.9861111111111112,0.9722222222222222,0.9722222222222222,0.9722222222222222,0.117220873261,0.0564816913138,0.211376874622,0.166570229231,0.0818735572029,-0.0802788938053,0.00450524389099,0.0793432272123,-0.060063896426,0.0905176879563,0.47619047619,0.47619047619,0.47619047619,0.47619047619,0.55,0.55,0.618389448382,0.09816832353762187,1.7502869336647946,0.597865452478,0.08214452574692405,1.6989870816122419,0.78399544521,0.07673933541200895,2.13494371481674,0.762743349127,0.0747227100223765,2.0740305548824933,0.73108114435,0.059339846081175825,1.8284085223843611,0.711331436064,0.12450970590386858,1.9130213222042312
