Well/XY,cell_id,total_distance,net_distance,linearity,spearmanrsq,progressivity,max_speed,min_speed,avg_speed,MSD_slope,hurst_RS,nongauss,disp_var,disp_skew,rw_linearity,rw_netdist,rw_kurtosis01,rw_kurtosis02,rw_kurtosis03,rw_kurtosis04,rw_kurtosis05,rw_kurtosis06,rw_kurtosis07,rw_kurtosis08,rw_kurtosis09,rw_kurtosis10,avg_moving_speed01,avg_moving_speed02,avg_moving_speed03,avg_moving_speed04,avg_moving_speed05,avg_moving_speed06,avg_moving_speed07,avg_moving_speed08,avg_moving_speed09,avg_moving_speed10,time_moving01,time_moving02,time_moving03,time_moving04,time_moving05,time_moving06,time_moving07,time_moving08,time_moving09,time_moving10,autocorr_1,autocorr_2,autocorr_3,autocorr_4,autocorr_5,autocorr_6,autocorr_7,autocorr_8,autocorr_9,autocorr_10,p_rturn_9_5,p_rturn_9_6,p_rturn_10_5,p_rturn_10_6,p_rturn_11_5,p_rturn_11_6,mean_theta_9_5,min_theta_9_5,max_theta_9_5,mean_theta_9_6,min_theta_9_6,max_theta_9_6,mean_theta_10_5,min_theta_10_5,max_theta_10_5,mean_theta_10_6,min_theta_10_6,max_theta_10_6,mean_theta_11_5,min_theta_11_5,max_theta_11_5,mean_theta_11_6,min_theta_11_6,max_theta_11_6
WellD09_Seq0025/xy18,0,436.083634468676,242.47489045259923,0.370530060449,0.0763399016186,0.5560284112657208,20.23573235640362,0.04741307836450637,5.7379425588,1.17414328232,0.92004560838,1.1956868727,77.0447336479,1.9341571304597176,0.153255760719,171.268895898,2.441723460407392,0.8631371336309548,1.3911988609498138,1.9930619589227243,2.637025853872811,2.169582193782764,1.0345301548157764,-0.13177129831992662,0.9033614069121092,1.2241959715179087,11.7736636493,12.183148607,12.6078070981,13.9592477391,15.6407849157,15.6407849157,17.5541055405,17.5541055405,18.2747361289,18.2747361289,0.3472222222222222,0.3333333333333333,0.3194444444444444,0.2777777777777778,0.2361111111111111,0.2361111111111111,0.19444444444444445,0.19444444444444445,0.18055555555555555,0.18055555555555555,0.733747725318,0.637427341073,0.629645989331,0.555898628687,0.521541994037,0.40829300948,0.312760651392,0.262630527731,0.308188618481,0.248409138399,0.619047619048,0.619047619048,0.571428571429,0.52380952381,0.6,0.6,0.709740472499,0.028860920438228792,2.372626081061724,0.782930274561,0.044040179121134726,2.413432761376593,0.68533109694,0.005698066643560337,2.622254493506223,0.690229294885,0.04359794158632998,2.663061173821092,0.85867669645,0.006715893915382486,2.619915738885174,0.841506665716,0.06125699600665006,2.6607224192000434
