Well/XY,cell_id,total_distance,net_distance,linearity,spearmanrsq,progressivity,max_speed,min_speed,avg_speed,MSD_slope,hurst_RS,nongauss,disp_var,disp_skew,rw_linearity,rw_netdist,rw_kurtosis01,rw_kurtosis02,rw_kurtosis03,rw_kurtosis04,rw_kurtosis05,rw_kurtosis06,rw_kurtosis07,rw_kurtosis08,rw_kurtosis09,rw_kurtosis10,avg_moving_speed01,avg_moving_speed02,avg_moving_speed03,avg_moving_speed04,avg_moving_speed05,avg_moving_speed06,avg_moving_speed07,avg_moving_speed08,avg_moving_speed09,avg_moving_speed10,time_moving01,time_moving02,time_moving03,time_moving04,time_moving05,time_moving06,time_moving07,time_moving08,time_moving09,time_moving10,autocorr_1,autocorr_2,autocorr_3,autocorr_4,autocorr_5,autocorr_6,autocorr_7,autocorr_8,autocorr_9,autocorr_10,p_rturn_9_5,p_rturn_9_6,p_rturn_10_5,p_rturn_10_6,p_rturn_11_5,p_rturn_11_6,mean_theta_9_5,min_theta_9_5,max_theta_9_5,mean_theta_9_6,min_theta_9_6,max_theta_9_6,mean_theta_10_5,min_theta_10_5,max_theta_10_5,mean_theta_10_6,min_theta_10_6,max_theta_10_6,mean_theta_11_5,min_theta_11_5,max_theta_11_5,mean_theta_11_6,min_theta_11_6,max_theta_11_6
WellE02_Seq0019/xy23,0,2990.3845539434783,1174.6264088636865,0.110264435329,0.148739007595,0.39280112228866476,46.044017374681786,2.8347620711446244,39.3471651835,1.54432081939,0.578630482252,-0.362429495266,409.83890625,0.4803733043934237,-0.134751749013,686.340930042,0.2888825437807627,0.395517643306984,0.30963880448382497,0.17238151400647306,-1.0556736290295698,-1.1916914064460449,-0.5122631193425877,-1.4342805909652865,-1.0143608203057537,-0.7367315272901882,33.654065636,33.654065636,33.654065636,33.654065636,33.654065636,33.654065636,33.654065636,33.654065636,33.654065636,33.654065636,1.0,1.0,1.0,1.0,1.0,1.0,1.0,1.0,1.0,1.0,0.127748341241,-0.225198175371,-0.114244955982,-0.0497157746996,0.131045037494,0.0138703082889,-0.0275602116331,-0.0403654859062,0.152873483947,-0.153101033175,0.380952380952,0.428571428571,0.333333333333,0.380952380952,0.4,0.45,0.622662889932,0.01528477651708614,1.9474090906096766,0.583092354153,0.04373166563802446,1.9127692273678194,0.676850603457,0.0748253815676215,1.6692314232880803,0.642950699198,0.10283698620156877,1.728773054248812,0.743342653006,0.0022432112278422916,2.0078765928415807,0.730073554659,0.025768393406105386,1.9732367295997233
