Well/XY,cell_id,total_distance,net_distance,linearity,spearmanrsq,progressivity,max_speed,min_speed,avg_speed,MSD_slope,hurst_RS,nongauss,disp_var,disp_skew,rw_linearity,rw_netdist,rw_kurtosis01,rw_kurtosis02,rw_kurtosis03,rw_kurtosis04,rw_kurtosis05,rw_kurtosis06,rw_kurtosis07,rw_kurtosis08,rw_kurtosis09,rw_kurtosis10,avg_moving_speed01,avg_moving_speed02,avg_moving_speed03,avg_moving_speed04,avg_moving_speed05,avg_moving_speed06,avg_moving_speed07,avg_moving_speed08,avg_moving_speed09,avg_moving_speed10,time_moving01,time_moving02,time_moving03,time_moving04,time_moving05,time_moving06,time_moving07,time_moving08,time_moving09,time_moving10,autocorr_1,autocorr_2,autocorr_3,autocorr_4,autocorr_5,autocorr_6,autocorr_7,autocorr_8,autocorr_9,autocorr_10,p_rturn_9_5,p_rturn_9_6,p_rturn_10_5,p_rturn_10_6,p_rturn_11_5,p_rturn_11_6,mean_theta_9_5,min_theta_9_5,max_theta_9_5,mean_theta_9_6,min_theta_9_6,max_theta_9_6,mean_theta_10_5,min_theta_10_5,max_theta_10_5,mean_theta_10_6,min_theta_10_6,max_theta_10_6,mean_theta_11_5,min_theta_11_5,max_theta_11_5,mean_theta_11_6,min_theta_11_6,max_theta_11_6
WellE02_Seq0019/xy22,0,2524.846377043412,1318.541622399536,0.346305873735,0.0318714932817,0.5222264746037913,73.99919188747941,0.3162277660168408,33.2216628558,1.20335613353,0.937710786526,0.258515772618,1139.58247785,1.1333891385438157,0.105813584371,906.271628381,0.27014745223629166,0.15144195261922233,1.0440438247774955,-0.8751795881354143,-0.3607742365569826,-0.2343828071875267,-0.3405875513105485,-0.2283201030391937,-0.294921779937956,-1.5114208299024312,26.3752626832,27.1026480946,29.0535138704,30.3323167778,35.5222647515,39.6034001729,39.6034001729,39.6034001729,41.0816550156,41.8614425106,0.9722222222222222,0.9444444444444444,0.875,0.8333333333333334,0.6944444444444444,0.6111111111111112,0.6111111111111112,0.6111111111111112,0.5833333333333334,0.5694444444444444,0.676067196538,0.441617457854,0.364775629838,0.404783818073,0.539592561821,0.344192587992,0.218238379433,0.0567960997311,0.0412398356457,0.165790693254,0.52380952381,0.52380952381,0.55,0.55,0.45,0.45,0.984108659878,0.010585088613274196,2.8541830252987523,0.904724273713,0.009381238474280088,2.873790043581251,0.977650729438,0.003234507294502008,2.7305040195797683,0.957290270013,0.00148007699393063,2.708346482641909,1.16391312998,0.017098278893913667,2.868506688440342,1.13879450712,0.0007990343852250617,2.88811370672284
