Well/XY,cell_id,total_distance,net_distance,linearity,spearmanrsq,progressivity,max_speed,min_speed,avg_speed,MSD_slope,hurst_RS,nongauss,disp_var,disp_skew,rw_linearity,rw_netdist,rw_kurtosis01,rw_kurtosis02,rw_kurtosis03,rw_kurtosis04,rw_kurtosis05,rw_kurtosis06,rw_kurtosis07,rw_kurtosis08,rw_kurtosis09,rw_kurtosis10,avg_moving_speed01,avg_moving_speed02,avg_moving_speed03,avg_moving_speed04,avg_moving_speed05,avg_moving_speed06,avg_moving_speed07,avg_moving_speed08,avg_moving_speed09,avg_moving_speed10,time_moving01,time_moving02,time_moving03,time_moving04,time_moving05,time_moving06,time_moving07,time_moving08,time_moving09,time_moving10,autocorr_1,autocorr_2,autocorr_3,autocorr_4,autocorr_5,autocorr_6,autocorr_7,autocorr_8,autocorr_9,autocorr_10,p_rturn_9_5,p_rturn_9_6,p_rturn_10_5,p_rturn_10_6,p_rturn_11_5,p_rturn_11_6,mean_theta_9_5,min_theta_9_5,max_theta_9_5,mean_theta_9_6,min_theta_9_6,max_theta_9_6,mean_theta_10_5,min_theta_10_5,max_theta_10_5,mean_theta_10_6,min_theta_10_6,max_theta_10_6,mean_theta_11_5,min_theta_11_5,max_theta_11_5,mean_theta_11_6,min_theta_11_6,max_theta_11_6
WellB09_Seq0007/xy15,0,308.6388179630426,112.6619651879018,0.512605702574,0.113178605145,0.36502850137727105,17.341863798334938,0.035383612025908215,4.06103707846,0.663229358096,0.852020015453,2.20329046996,23.275120267,2.9266906609660346,0.311090664345,62.2658203799,8.219589753374521,10.2185661801408,8.982546599126541,4.031552698931341,4.99051752591936,5.024455694276659,4.715459743078107,4.088222314807356,3.096576795653264,2.150257905370636,6.45489111058,9.35162512079,10.2673649121,10.2673649121,10.2673649121,10.9039818456,10.9039818456,12.1830124333,12.983591996,12.983591996,0.19444444444444445,0.125,0.1111111111111111,0.1111111111111111,0.1111111111111111,0.09722222222222222,0.09722222222222222,0.06944444444444445,0.05555555555555555,0.05555555555555555,0.678780041449,0.413964770375,0.389710757205,0.370201009905,0.372676996445,0.356894691226,0.121204809971,-0.0444306479165,0.0122843925511,-0.0124242926828,0.619047619048,0.619047619048,0.52380952381,0.52380952381,0.45,0.5,1.03006040682,0.02040238764374271,2.62637420529837,1.09227897351,0.21514073831954686,2.642824881373634,0.914394117916,0.049425290425200476,1.8152457719032562,0.938487104545,0.021637766880046497,1.948665678387789,0.959551848004,0.07446898283457057,1.704916137966342,0.997560447443,0.019026026902407834,1.933385055595273
