Well/XY,cell_id,total_distance,net_distance,linearity,spearmanrsq,progressivity,max_speed,min_speed,avg_speed,MSD_slope,hurst_RS,nongauss,disp_var,disp_skew,rw_linearity,rw_netdist,rw_kurtosis01,rw_kurtosis02,rw_kurtosis03,rw_kurtosis04,rw_kurtosis05,rw_kurtosis06,rw_kurtosis07,rw_kurtosis08,rw_kurtosis09,rw_kurtosis10,avg_moving_speed01,avg_moving_speed02,avg_moving_speed03,avg_moving_speed04,avg_moving_speed05,avg_moving_speed06,avg_moving_speed07,avg_moving_speed08,avg_moving_speed09,avg_moving_speed10,time_moving01,time_moving02,time_moving03,time_moving04,time_moving05,time_moving06,time_moving07,time_moving08,time_moving09,time_moving10,autocorr_1,autocorr_2,autocorr_3,autocorr_4,autocorr_5,autocorr_6,autocorr_7,autocorr_8,autocorr_9,autocorr_10,p_rturn_9_5,p_rturn_9_6,p_rturn_10_5,p_rturn_10_6,p_rturn_11_5,p_rturn_11_6,mean_theta_9_5,min_theta_9_5,max_theta_9_5,mean_theta_9_6,min_theta_9_6,max_theta_9_6,mean_theta_10_5,min_theta_10_5,max_theta_10_5,mean_theta_10_6,min_theta_10_6,max_theta_10_6,mean_theta_11_5,min_theta_11_5,max_theta_11_5,mean_theta_11_6,min_theta_11_6,max_theta_11_6
WellB09_Seq0007/xy21,0,2231.145119940604,435.48466666462554,0.548896764218,0.411194576909,0.19518437540101322,31.924205487372753,2.278719816037036,29.3571726308,1.47783800968,0.584571065182,-0.339973816069,201.627563805,0.872235965821765,0.298012718783,71.1717351474,1.1511788982870916,-0.7319264243948287,-1.0373004764324434,-1.0540120025221835,-0.7968652934219209,0.4176349877888783,-1.3283058888732477,-1.5377686060195421,-0.9042356938953096,-0.3409628640412401,23.3243123397,23.9426265987,23.9426265987,24.2449225275,24.2449225275,24.5150057026,24.5150057026,24.5150057026,24.9927165478,24.9927165478,1.0,0.9722222222222222,0.9722222222222222,0.9583333333333334,0.9583333333333334,0.9444444444444444,0.9444444444444444,0.9444444444444444,0.9166666666666666,0.9166666666666666,0.0658991300155,0.275698218857,-0.0383879440392,0.0945280622804,-0.0913665493953,-0.141770026357,0.0485485900018,-0.0366425787064,-0.107456360745,-0.0764358058318,0.619047619048,0.619047619048,0.619047619048,0.714285714286,0.55,0.55,0.577906278791,0.012223749491432824,1.8992699486281053,0.538771341468,0.009383724202478544,1.9060502786324884,0.584810106921,0.004743923653307135,1.7993568069681665,0.542699357892,0.008467672432724489,1.7506040238926621,0.73718154557,0.02724239811491098,2.4198517843136798,0.686920349828,0.0006910762746874912,2.4172776947487553
