Well/XY,cell_id,total_distance,net_distance,linearity,spearmanrsq,progressivity,max_speed,min_speed,avg_speed,MSD_slope,hurst_RS,nongauss,disp_var,disp_skew,rw_linearity,rw_netdist,rw_kurtosis01,rw_kurtosis02,rw_kurtosis03,rw_kurtosis04,rw_kurtosis05,rw_kurtosis06,rw_kurtosis07,rw_kurtosis08,rw_kurtosis09,rw_kurtosis10,avg_moving_speed01,avg_moving_speed02,avg_moving_speed03,avg_moving_speed04,avg_moving_speed05,avg_moving_speed06,avg_moving_speed07,avg_moving_speed08,avg_moving_speed09,avg_moving_speed10,time_moving01,time_moving02,time_moving03,time_moving04,time_moving05,time_moving06,time_moving07,time_moving08,time_moving09,time_moving10,autocorr_1,autocorr_2,autocorr_3,autocorr_4,autocorr_5,autocorr_6,autocorr_7,autocorr_8,autocorr_9,autocorr_10,p_rturn_9_5,p_rturn_9_6,p_rturn_10_5,p_rturn_10_6,p_rturn_11_5,p_rturn_11_6,mean_theta_9_5,min_theta_9_5,max_theta_9_5,mean_theta_9_6,min_theta_9_6,max_theta_9_6,mean_theta_10_5,min_theta_10_5,max_theta_10_5,mean_theta_10_6,min_theta_10_6,max_theta_10_6,mean_theta_11_5,min_theta_11_5,max_theta_11_5,mean_theta_11_6,min_theta_11_6,max_theta_11_6
WellC09_Seq0012/xy16,0,85.11647824001099,2.356459208218927,0.0062239722427,0.00959240172591,0.027685111707443956,0.90448880590088,0.001999999999998181,1.37284642323,0.45342503064,0.387965597088,-0.17213536696,0.870805173349,0.7583635128259488,-0.235504842524,-13.0537036729,-0.08340332246254478,1.430254020418336,0.9677773359454944,1.087646671700682,-1.210817713747609,-0.41959628688851014,-1.1431555567277016,-1.1046203804984198,-1.1806821780975818,-1.4450698976589997,0.0,0.0,0.0,0.0,0.0,0.0,0.0,0.0,0.0,0.0,0.0,0.0,0.0,0.0,0.0,0.0,0.0,0.0,0.0,0.0,0.179731370427,-0.212453211743,-0.113706364173,-0.0766294728879,-0.0178175703963,0.059441687628,0.0236537792513,-0.00709259098224,-0.173364321869,-0.177122364745,0.5,0.4375,0.5,0.4375,0.6,0.6,1.30297200626,0.10008015984265872,2.371708681579453,1.1956393697,0.13706148512301822,2.370319839458365,1.4209063057,0.05820300778177833,2.127005849247953,1.29881163088,0.34094499269610123,2.236880109827653,1.11128179476,0.015379203316603954,2.4192397383590314,1.07857288472,0.021602121963750456,2.463081737740781
