Well/XY,cell_id,total_distance,net_distance,linearity,spearmanrsq,progressivity,max_speed,min_speed,avg_speed,MSD_slope,hurst_RS,nongauss,disp_var,disp_skew,rw_linearity,rw_netdist,rw_kurtosis01,rw_kurtosis02,rw_kurtosis03,rw_kurtosis04,rw_kurtosis05,rw_kurtosis06,rw_kurtosis07,rw_kurtosis08,rw_kurtosis09,rw_kurtosis10,avg_moving_speed01,avg_moving_speed02,avg_moving_speed03,avg_moving_speed04,avg_moving_speed05,avg_moving_speed06,avg_moving_speed07,avg_moving_speed08,avg_moving_speed09,avg_moving_speed10,time_moving01,time_moving02,time_moving03,time_moving04,time_moving05,time_moving06,time_moving07,time_moving08,time_moving09,time_moving10,autocorr_1,autocorr_2,autocorr_3,autocorr_4,autocorr_5,autocorr_6,autocorr_7,autocorr_8,autocorr_9,autocorr_10,p_rturn_9_5,p_rturn_9_6,p_rturn_10_5,p_rturn_10_6,p_rturn_11_5,p_rturn_11_6,mean_theta_9_5,min_theta_9_5,max_theta_9_5,mean_theta_9_6,min_theta_9_6,max_theta_9_6,mean_theta_10_5,min_theta_10_5,max_theta_10_5,mean_theta_10_6,min_theta_10_6,max_theta_10_6,mean_theta_11_5,min_theta_11_5,max_theta_11_5,mean_theta_11_6,min_theta_11_6,max_theta_11_6
WellC09_Seq0012/xy21,0,124.67952997635719,1.74928556845352,0.0524199450392,0.0373465291619,0.014030254756215672,1.1738824472663043,0.07211102550927725,2.01096016091,0.324718359489,0.687257334349,-0.37341803226,1.03252777713,0.5335529789226131,-0.190454464079,-20.8236862533,-0.578755345296837,0.07744223630330094,-0.19996954869373829,-1.0656014380053005,-0.12668591616003866,0.3006816528369396,0.6648346520155899,-0.3154939182616405,-0.9887782933256881,-0.8034716864890572,1.1211459851,0.0,0.0,0.0,0.0,0.0,0.0,0.0,0.0,0.0,0.05172413793103448,0.0,0.0,0.0,0.0,0.0,0.0,0.0,0.0,0.0,0.320822858698,0.119424355166,-0.0391016229905,-0.0910985151539,-0.0327470665111,-0.179299984739,0.0192374718854,0.0436629294651,-0.0515286877845,0.00996721186917,0.5,0.5,0.5625,0.625,0.3125,0.4375,1.1538931541,0.10668780667398778,2.7028465913723494,1.1783822078,0.16943762600924261,2.65701810723277,0.866862614996,0.07953844619737153,2.0642744110591495,0.778550645386,0.015062225399281964,2.0710124368401495,0.980264856106,0.02490154678339539,1.8907360132479032,0.950478754248,0.020926937356182933,1.767507382194237
