Well/XY,cell_id,total_distance,net_distance,linearity,spearmanrsq,progressivity,max_speed,min_speed,avg_speed,MSD_slope,hurst_RS,nongauss,disp_var,disp_skew,rw_linearity,rw_netdist,rw_kurtosis01,rw_kurtosis02,rw_kurtosis03,rw_kurtosis04,rw_kurtosis05,rw_kurtosis06,rw_kurtosis07,rw_kurtosis08,rw_kurtosis09,rw_kurtosis10,avg_moving_speed01,avg_moving_speed02,avg_moving_speed03,avg_moving_speed04,avg_moving_speed05,avg_moving_speed06,avg_moving_speed07,avg_moving_speed08,avg_moving_speed09,avg_moving_speed10,time_moving01,time_moving02,time_moving03,time_moving04,time_moving05,time_moving06,time_moving07,time_moving08,time_moving09,time_moving10,autocorr_1,autocorr_2,autocorr_3,autocorr_4,autocorr_5,autocorr_6,autocorr_7,autocorr_8,autocorr_9,autocorr_10,p_rturn_9_5,p_rturn_9_6,p_rturn_10_5,p_rturn_10_6,p_rturn_11_5,p_rturn_11_6,mean_theta_9_5,min_theta_9_5,max_theta_9_5,mean_theta_9_6,min_theta_9_6,max_theta_9_6,mean_theta_10_5,min_theta_10_5,max_theta_10_5,mean_theta_10_6,min_theta_10_6,max_theta_10_6,mean_theta_11_5,min_theta_11_5,max_theta_11_5,mean_theta_11_6,min_theta_11_6,max_theta_11_6
WellC09_Seq0012/xy13,0,256.286990227333,112.80843275216614,0.0927968841428,0.0877893882705,0.44016449158071674,5.869526727087978,0.2980000000000018,4.1336611327,1.24905713328,0.712073708078,-0.228091677299,6.97482547467,0.6474762788397523,-0.117994201452,66.4082016174,-0.05117748488145013,-1.0865306849989305,-0.7301280841495665,-0.4650042220195725,-0.719323671511336,-0.07797628553130576,-1.1570461638763936,-0.8580977311921432,-0.8601287595237421,-1.7162192070576592,3.32414857879,3.90958688763,4.25106259428,5.2405418611,5.99041977172,6.45080250069,0.0,0.0,0.0,0.0,0.9827586206896551,0.7413793103448276,0.603448275862069,0.25862068965517243,0.13793103448275862,0.06896551724137931,0.0,0.0,0.0,0.0,0.43264289873,0.0526154878269,-0.0622077316013,-0.00563307482977,-0.0357751542415,0.0382266536928,0.204258427029,0.14025169705,0.000693125679595,0.0112888306189,0.5625,0.625,0.5,0.5,0.5,0.5625,0.718485037127,0.0544079568319518,1.8047683810657462,0.677588316562,0.0807432401385077,1.857625466064345,0.745281348629,0.10150938191861615,1.6667660605643682,0.704384628063,0.12784466522517127,1.719623145562967,0.745770084997,0.17961727111936196,1.608212410113807,0.704873364432,0.17225820511567386,1.6610694951124056
