Well/XY,cell_id,total_distance,net_distance,linearity,spearmanrsq,progressivity,max_speed,min_speed,avg_speed,MSD_slope,hurst_RS,nongauss,disp_var,disp_skew,rw_linearity,rw_netdist,rw_kurtosis01,rw_kurtosis02,rw_kurtosis03,rw_kurtosis04,rw_kurtosis05,rw_kurtosis06,rw_kurtosis07,rw_kurtosis08,rw_kurtosis09,rw_kurtosis10,avg_moving_speed01,avg_moving_speed02,avg_moving_speed03,avg_moving_speed04,avg_moving_speed05,avg_moving_speed06,avg_moving_speed07,avg_moving_speed08,avg_moving_speed09,avg_moving_speed10,time_moving01,time_moving02,time_moving03,time_moving04,time_moving05,time_moving06,time_moving07,time_moving08,time_moving09,time_moving10,autocorr_1,autocorr_2,autocorr_3,autocorr_4,autocorr_5,autocorr_6,autocorr_7,autocorr_8,autocorr_9,autocorr_10,p_rturn_9_5,p_rturn_9_6,p_rturn_10_5,p_rturn_10_6,p_rturn_11_5,p_rturn_11_6,mean_theta_9_5,min_theta_9_5,max_theta_9_5,mean_theta_9_6,min_theta_9_6,max_theta_9_6,mean_theta_10_5,min_theta_10_5,max_theta_10_5,mean_theta_10_6,min_theta_10_6,max_theta_10_6,mean_theta_11_5,min_theta_11_5,max_theta_11_5,mean_theta_11_6,min_theta_11_6,max_theta_11_6
WellE04_Seq0033/xy12,0,538.0125295543795,139.02900452783211,0.376394411048,0.516647011395,0.2584122058328007,7.8401438762308455,0.05,7.17350039406,1.48461752818,0.686575372092,0.384385580072,27.0945802217,2.1585815700280504,0.124843429002,50.588151969,5.502884536025624,0.3103868522043891,-0.54308283345752,-0.6012558200782059,-1.2701177950603062,-1.156306298590818,-0.9485927153692222,1.0799394327927763,0.0034072252139147885,-0.6579108048381594,4.64312840802,4.82360353897,5.34254678636,5.82890238126,6.49684091321,7.05849603966,7.91392510695,8.34628416596,0.0,0.0,1.0,0.9436619718309859,0.7605633802816901,0.6056338028169014,0.38028169014084506,0.23943661971830985,0.09859154929577464,0.056338028169014086,0.0,0.0,0.0575481604285,-0.040078650217,0.0467519061117,-0.012326327336,0.0488485046935,0.0331664175985,-0.0737692518444,0.0947408001654,-0.123621927858,-0.0802415724289,0.52380952381,0.52380952381,0.55,0.5,0.6,0.6,0.922889083668,0.028095706992173144,2.6996060178819916,0.913355712427,0.11388921069097827,2.805239605160024,1.01717721525,0.1309546982007784,2.7210328956932353,0.989637112974,0.011030219482390788,2.7181039537157337,1.01474841628,0.1976119727182915,2.6998548612689057,0.980306785442,0.08271399087553945,2.6969259192914037
