Well/XY,cell_id,total_distance,net_distance,linearity,spearmanrsq,progressivity,max_speed,min_speed,avg_speed,MSD_slope,hurst_RS,nongauss,disp_var,disp_skew,rw_linearity,rw_netdist,rw_kurtosis01,rw_kurtosis02,rw_kurtosis03,rw_kurtosis04,rw_kurtosis05,rw_kurtosis06,rw_kurtosis07,rw_kurtosis08,rw_kurtosis09,rw_kurtosis10,avg_moving_speed01,avg_moving_speed02,avg_moving_speed03,avg_moving_speed04,avg_moving_speed05,avg_moving_speed06,avg_moving_speed07,avg_moving_speed08,avg_moving_speed09,avg_moving_speed10,time_moving01,time_moving02,time_moving03,time_moving04,time_moving05,time_moving06,time_moving07,time_moving08,time_moving09,time_moving10,autocorr_1,autocorr_2,autocorr_3,autocorr_4,autocorr_5,autocorr_6,autocorr_7,autocorr_8,autocorr_9,autocorr_10,p_rturn_9_5,p_rturn_9_6,p_rturn_10_5,p_rturn_10_6,p_rturn_11_5,p_rturn_11_6,mean_theta_9_5,min_theta_9_5,max_theta_9_5,mean_theta_9_6,min_theta_9_6,max_theta_9_6,mean_theta_10_5,min_theta_10_5,max_theta_10_5,mean_theta_10_6,min_theta_10_6,max_theta_10_6,mean_theta_11_5,min_theta_11_5,max_theta_11_5,mean_theta_11_6,min_theta_11_6,max_theta_11_6
WellC07_Seq0014/xy13,0,686.391166857564,123.17841369330915,0.266724825774,0.565939001365,0.1794580403143073,14.237390912663713,1.2816302118785985,11.0708252719,1.32556058828,0.964469368392,-0.427249417732,27.621699607,0.29673935278702535,0.047530324674,-1.09129177551,-0.9233898111796184,-1.0700437856686675,-1.3839884048583988,-1.2999822037103486,-1.0422244555411146,-1.2632227514501686,-1.3550111373070517,-1.0347579329584684,-1.4155622578339155,-0.9927293502810146,10.1872249863,10.4976322916,10.7897404148,10.7897404148,11.2879130807,11.7841763519,12.7371650322,13.7188751715,14.0458734881,14.0458734881,1.0,0.9655172413793104,0.9310344827586207,0.9310344827586207,0.8620689655172413,0.7931034482758621,0.6724137931034483,0.5689655172413793,0.5344827586206896,0.5344827586206896,0.709195376453,0.507897206342,0.439122061018,0.461628982696,0.406757257171,0.383605437449,0.305286372694,0.261326577105,0.187807985651,0.133746888434,0.4375,0.4375,0.4375,0.375,0.375,0.375,0.359639742356,0.02580471510274947,2.0036329876886936,0.349054861818,0.0362003163280306,1.9699875671987492,0.386114367732,0.03378648252369415,1.9808551057033275,0.37423003704,0.014485179618841167,1.9472096852133827,0.393851646373,0.032276615568826814,2.0164722064273133,0.381967315681,0.039510935699191944,1.9828267859373687
